cart_dwell_time_seconds,cart_pdp_bounce_count,reviews_expanded_count,idle_time_before_checkout,delivery_pincode_checked,cart_value_to_aov_ratio,delivery_fee_percentage,est_delivery_days,has_price_dropped_recently,hist_abandonment_rate,discount_sensitivity_score,past_return_rate,wishlist_item_count,payment_method_saved,is_abandoned
382.94,4,2,72.91,2,1.3677,4.4143,2,0,0.1379,0.388,0.0925,0,1,1
313.76,2,3,92.19,1,1.9463,0.0,2,0,0.538,0.6997,0.0492,1,1,1
312.44,2,1,76.98,0,0.6285,0.0,3,0,0.4047,0.3254,0.0656,4,1,0
305.48,5,4,168.49,1,3.4404,9.1285,5,1,0.6426,0.7804,0.1321,2,0,1
324.08,8,3,17.0,1,1.285,0.0,6,1,0.6544,0.6066,0.0434,1,1,1
466.07,3,6,64.1,3,1.2472,0.0,5,1,0.6583,0.5089,0.0876,1,0,1
508.11,3,3,34.76,1,2.4394,0.0,6,0,0.4911,0.7438,0.1707,2,1,1
143.13,1,0,101.99,1,1.3129,12.3836,7,0,0.3398,0.8791,0.1278,0,1,0
183.75,5,5,113.66,1,1.8746,8.7945,8,0,0.4687,0.4289,0.1982,3,0,1
378.53,6,4,57.76,0,1.2811,0.0,6,0,0.5846,0.661,0.1117,1,1,1
174.19,3,3,34.92,0,0.6448,4.004,3,0,0.8061,0.3409,0.1314,1,0,0
284.34,3,0,67.26,2,0.5118,9.2554,2,0,0.8008,0.1022,0.1342,1,0,1
173.25,5,3,62.76,2,1.6046,0.0,2,0,0.6778,0.5164,0.0347,1,1,1
259.52,4,2,21.07,1,0.4551,11.2442,2,0,0.3976,0.2957,0.104,1,0,1
578.94,4,3,133.53,0,1.3525,0.0,3,1,0.3575,0.2553,0.1698,2,1,1
141.24,4,2,83.68,2,1.0378,0.0,2,0,0.3434,0.759,0.0995,1,0,1
329.96,1,0,180.11,1,1.8855,0.0,6,0,0.7684,0.5484,0.0727,0,0,1
330.61,2,1,51.72,1,1.5185,4.3515,4,0,0.675,0.4301,0.1511,3,0,1
310.04,3,2,77.46,0,0.9059,0.0,4,0,0.587,0.5833,0.1731,2,1,1
235.17,1,0,52.89,2,1.1782,0.0,5,0,0.5508,0.5944,0.0513,1,0,1
400.63,4,2,106.15,1,1.1853,0.0,6,0,0.5512,0.4425,0.0714,1,0,1
447.39,2,2,183.08,0,1.0655,0.0,5,0,0.3521,0.2996,0.1519,0,0,1
448.83,5,0,142.92,1,3.2269,0.0,6,0,0.7411,0.5623,0.1914,2,1,1
247.67,1,0,81.49,1,1.9741,10.8615,3,0,0.607,0.2731,0.01,0,1,1
310.71,7,4,151.63,0,2.3672,0.0,3,1,0.5639,0.1461,0.0345,1,1,1
443.85,3,2,120.23,1,1.5722,3.9816,5,0,0.628,0.3588,0.0839,2,1,1
90.36,0,3,9.73,1,1.0886,0.0,3,1,0.3586,0.702,0.1805,1,1,1
294.13,3,4,199.04,1,0.8494,0.0,1,0,0.5641,0.3055,0.382,2,0,1
125.43,2,4,112.06,1,2.1639,0.0,4,1,0.5341,0.6751,0.2029,1,0,0
356.07,3,3,50.2,0,0.9421,0.0,3,1,0.5804,0.5878,0.1538,0,0,0
84.39,1,0,10.44,0,0.6853,6.0779,1,0,0.0924,0.4327,0.2025,0,0,0
229.84,6,5,46.14,0,1.5883,1.7399,3,1,0.3086,0.6036,0.2099,2,0,1
212.48,2,2,8.43,0,0.9876,10.9863,5,0,0.2755,0.3892,0.0995,1,0,0
212.97,5,2,132.41,1,1.0552,0.0,2,1,0.6343,0.3857,0.0898,0,1,0
294.11,6,4,89.68,2,0.627,0.0,4,0,0.4825,0.544,0.1052,1,1,1
197.19,2,0,194.81,1,0.9992,2.3559,4,0,0.5091,0.5505,0.2,0,0,1
61.35,0,1,29.23,1,0.8438,0.0,3,0,0.4077,0.1941,0.1094,0,0,0
600.0,5,4,83.41,3,0.6346,5.2495,9,0,0.5885,0.6033,0.1003,3,0,1
330.69,2,0,137.25,0,0.5309,0.0,4,1,0.4319,0.8307,0.2734,3,1,0
438.09,6,5,101.2,1,0.7332,0.0,3,0,0.2704,0.3817,0.161,1,1,1
302.65,4,3,202.24,1,2.0643,13.1256,2,0,0.3937,0.687,0.1328,1,1,1
528.72,5,2,98.01,0,0.6469,0.0,3,0,0.4926,0.3058,0.0962,1,1,0
151.47,1,2,52.31,0,0.9129,4.3768,2,1,0.4844,0.3289,0.1569,0,0,1
213.69,1,1,111.43,0,0.9264,0.0,3,1,0.5064,0.3814,0.0158,0,1,0
148.72,2,1,58.29,2,1.5054,8.8504,6,0,0.5111,0.358,0.0535,1,0,0
103.55,0,1,77.17,3,0.962,0.0,8,1,0.6399,0.72,0.042,1,0,1
389.59,4,4,150.67,0,2.2274,0.0,3,0,0.1624,0.9119,0.1545,0,1,1
361.87,3,4,34.09,0,1.3636,6.9947,1,1,0.4224,0.311,0.234,0,0,1
109.78,2,2,75.97,0,1.0111,0.0,3,1,0.4347,0.415,0.1503,0,0,0
251.09,1,1,139.47,2,0.9938,0.0,4,0,0.5077,0.6555,0.1508,4,0,0
389.59,5,6,39.87,2,0.7662,5.6959,3,0,0.4087,0.3626,0.2247,3,0,1
150.67,4,3,64.08,2,0.9036,0.0,6,0,0.2946,0.4529,0.0275,0,0,1
179.0,2,2,132.16,1,1.1197,0.0,8,0,0.2484,0.4769,0.1582,2,0,1
256.43,3,4,100.27,0,1.4531,9.5892,1,1,0.2733,0.5759,0.1764,2,1,0
89.26,1,6,82.03,0,0.9413,9.3064,3,0,0.1652,0.5458,0.2641,1,1,0
430.91,1,3,82.16,1,0.7108,9.0823,4,0,0.3083,0.4626,0.2343,3,0,0
125.1,3,3,12.31,0,2.8129,0.0,7,0,0.4726,0.752,0.1219,0,1,1
173.75,3,2,191.9,1,1.166,0.0,2,0,0.5535,0.1505,0.0802,2,1,0
333.12,4,4,39.16,0,1.1038,0.0,1,0,0.7895,0.3559,0.0526,0,0,1
291.29,4,2,164.97,0,2.1034,9.0945,5,0,0.0981,0.3274,0.0691,0,0,1
272.26,6,2,163.26,2,1.6024,0.0,4,0,0.4615,0.4742,0.2469,1,0,1
136.5,1,1,37.91,1,0.8637,10.1622,4,1,0.8838,0.7214,0.04,0,0,0
110.94,1,2,133.8,2,2.2445,0.0,5,1,0.5702,0.7171,0.1466,0,0,1
203.78,2,2,169.41,2,1.2266,8.3188,4,0,0.7164,0.4902,0.0457,1,1,1
234.0,3,3,40.39,1,1.0764,0.0,2,0,0.5267,0.5534,0.3186,5,0,1
176.34,2,4,70.1,1,1.0689,0.0,3,1,0.2386,0.2003,0.0373,0,0,1
134.53,2,1,174.07,1,0.9198,5.4907,4,0,0.7894,0.6273,0.05,1,0,0
232.78,4,1,206.41,1,2.1222,0.0,7,0,0.6142,0.5543,0.1561,0,1,1
97.73,1,2,174.99,2,1.0227,0.0,6,0,0.524,0.4197,0.0866,2,1,0
289.88,6,2,132.62,2,1.6505,0.0,3,1,0.3236,0.5684,0.1866,2,0,0
536.83,3,4,68.73,1,1.0837,0.0,1,1,0.431,0.312,0.052,2,1,0
477.0,5,1,223.28,3,0.8819,0.0,2,0,0.1932,0.6932,0.074,1,0,1
154.0,2,1,85.36,2,1.0274,0.0,8,0,0.1976,0.4804,0.123,1,0,1
341.05,5,0,135.64,1,1.9969,0.0,4,1,0.4598,0.7172,0.058,1,0,1
312.65,4,3,210.82,1,1.4519,0.0,7,0,0.2574,0.6404,0.0553,5,0,1
250.27,0,4,95.34,1,1.2613,10.0212,2,1,0.4548,0.5841,0.105,3,0,0
184.84,2,4,188.92,0,1.2257,0.0,1,0,0.3255,0.3225,0.226,1,0,1
335.12,5,3,71.96,2,2.0255,0.0,3,0,0.7749,0.6113,0.154,2,0,1
278.49,2,3,1.29,0,0.941,0.0,3,0,0.2845,0.1549,0.038,0,0,0
278.98,4,6,150.38,5,0.9501,0.0,7,0,0.663,0.4825,0.3563,0,1,1
382.6,3,1,63.87,1,1.4721,0.0,3,0,0.5645,0.5052,0.1757,0,0,1
174.74,2,3,40.25,2,0.9407,0.0,5,1,0.8366,0.4194,0.1741,2,0,0
531.18,5,4,95.05,0,0.9417,0.0,2,1,0.7215,0.4553,0.0588,1,0,1
380.67,1,2,88.1,4,0.7472,6.9482,10,1,0.7348,0.6176,0.0643,0,0,0
169.8,2,7,168.21,2,1.0739,0.0,5,0,0.3388,0.5169,0.2211,3,1,0
373.84,4,1,4.03,0,1.441,0.0,4,0,0.5853,0.6334,0.0213,0,0,0
256.41,1,2,83.72,1,1.6183,1.9797,3,1,0.2049,0.571,0.1533,2,0,0
201.44,3,3,105.59,1,0.8537,11.3882,6,0,0.6495,0.2712,0.1113,1,0,1
415.4,2,0,112.32,2,0.9893,8.2547,2,0,0.5319,0.3251,0.0243,3,1,0
430.77,2,3,164.2,0,1.9233,0.0,3,0,0.4714,0.613,0.0878,3,0,1
184.7,2,2,139.55,3,1.8028,2.9667,5,0,0.5185,0.5955,0.1127,1,1,0
268.58,3,5,104.29,1,0.8402,0.0,1,1,0.6562,0.3324,0.2122,1,1,1
264.32,4,7,197.84,0,1.6811,14.3593,3,0,0.5067,0.4955,0.0869,4,0,1
221.22,5,3,111.33,0,1.578,8.1649,3,1,0.8171,0.8206,0.0961,2,0,0
151.01,3,1,126.99,1,1.4147,4.483,3,1,0.2154,0.4194,0.0424,2,1,0
52.33,1,0,22.57,0,0.7995,11.9785,7,0,0.3697,0.5219,0.1586,1,1,0
470.09,6,4,150.38,1,1.0445,0.0,5,0,0.5529,0.5314,0.2049,3,0,1
386.71,2,1,95.69,1,1.7411,5.0102,5,1,0.0674,0.7507,0.259,1,0,1
447.9,5,1,156.18,1,0.7859,0.0,2,1,0.8676,0.4267,0.2814,1,1,0
190.4,0,3,135.42,2,0.8418,0.0,8,0,0.7322,0.4308,0.1147,1,0,0
215.53,3,1,27.0,0,0.7678,0.0,3,0,0.3839,0.2999,0.0685,0,1,0
161.41,0,3,90.93,0,1.1143,0.0,5,0,0.7291,0.4115,0.2528,1,0,1
246.05,6,6,130.61,0,1.0846,0.0,4,1,0.3335,0.4505,0.1798,1,0,1
157.8,1,1,21.07,0,1.8604,3.182,2,0,0.5948,0.3933,0.2115,3,0,0
161.08,2,3,64.61,0,1.653,9.1556,4,0,0.2437,0.5466,0.0574,2,1,0
205.87,5,0,185.91,0,1.8316,0.0,2,0,0.3819,0.6027,0.0878,0,0,0
91.64,0,2,51.63,1,1.2119,0.0,3,1,0.5027,0.6822,0.2533,1,1,0
215.72,2,1,170.43,2,1.6892,8.9109,5,0,0.7245,0.6136,0.2888,0,0,1
410.16,2,1,87.16,1,0.5499,11.4774,3,0,0.2623,0.4089,0.0845,2,1,1
317.51,1,0,51.83,1,1.8899,2.4454,5,0,0.7989,0.8794,0.315,0,1,1
220.75,1,1,129.83,0,0.8155,0.0,9,0,0.4434,0.2107,0.082,4,0,0
551.92,0,3,26.5,0,1.7116,0.0,4,0,0.8156,0.7001,0.0469,2,0,1
207.39,1,1,193.24,0,1.9251,0.0,3,0,0.3225,0.3513,0.0383,0,1,0
237.66,5,2,116.81,2,1.5036,0.0,5,0,0.3064,0.6126,0.1079,3,0,1
557.46,5,2,162.03,0,1.8875,8.6836,8,0,0.5024,0.6954,0.117,2,1,1
127.96,3,1,92.36,1,1.0379,0.0,2,0,0.6294,0.2502,0.1094,1,0,1
348.27,2,6,32.69,2,1.4799,0.0,5,0,0.5799,0.3847,0.0849,2,1,1
224.22,1,0,51.77,1,0.9553,4.8373,8,0,0.324,0.3825,0.1419,0,0,0
444.72,5,2,62.62,0,1.6656,0.0,2,1,0.8327,0.5817,0.1606,0,0,1
269.4,3,1,43.69,0,1.2747,0.0,2,0,0.4779,0.4562,0.0529,1,0,0
257.63,2,4,170.89,1,0.7282,0.9742,4,0,0.1894,0.2639,0.1111,3,1,0
482.06,3,1,178.84,1,0.9332,0.0,6,0,0.3983,0.3883,0.1397,1,1,0
179.26,1,3,30.47,0,1.4472,5.3473,2,0,0.4181,0.4504,0.083,1,1,0
248.23,1,2,153.97,0,0.4811,3.3695,5,0,0.1083,0.1781,0.2466,0,1,0
476.11,2,3,69.72,2,1.2258,0.0,4,0,0.4405,0.575,0.0621,0,0,1
284.93,3,4,199.82,1,1.4268,6.6012,4,0,0.7739,0.4737,0.0428,1,0,1
332.04,1,0,17.96,2,1.4586,0.0,9,0,0.3585,0.1817,0.052,2,1,0
89.65,3,1,22.22,2,0.6561,0.0,4,1,0.2436,0.3963,0.0201,1,1,0
346.1,6,5,116.53,1,0.5512,4.4797,3,0,0.4499,0.5157,0.2539,1,1,1
107.47,2,2,115.53,1,0.9202,4.5915,4,0,0.7261,0.2432,0.1067,2,1,0
214.96,2,2,61.2,3,1.4972,0.0,6,0,0.3418,0.4675,0.1478,2,0,1
181.02,1,1,100.71,0,0.471,0.8804,7,0,0.3773,0.3732,0.1823,2,0,0
314.1,2,1,112.02,0,0.6221,5.2023,3,0,0.6456,0.5024,0.0616,1,1,0
73.95,1,5,36.15,3,0.6111,0.0,6,1,0.4481,0.3663,0.2149,3,1,0
348.59,5,5,130.69,4,1.4626,0.0,2,1,0.5298,0.351,0.164,0,1,0
300.02,3,4,65.22,2,0.7257,4.3376,6,0,0.9376,0.3336,0.0693,0,0,1
326.11,3,0,58.0,1,1.4421,0.0,7,0,0.7207,0.4845,0.0922,1,0,1
376.65,6,0,178.65,0,1.8451,0.0,6,0,0.3213,0.5682,0.2285,1,1,1
243.6,1,4,44.22,3,0.8758,5.8346,5,0,0.6436,0.5436,0.1225,1,0,0
121.69,1,3,41.42,1,1.0534,0.0,4,0,0.8852,0.414,0.0502,0,1,0
218.84,4,4,49.81,1,1.2564,0.0,4,0,0.4229,0.5864,0.1526,1,1,0
254.4,3,1,99.69,1,1.0045,0.0,7,1,0.6252,0.6003,0.075,3,0,1
235.25,2,3,12.72,0,1.732,0.0,3,0,0.1923,0.4151,0.2209,2,1,0
191.29,4,4,33.5,1,1.0692,7.9339,5,1,0.2587,0.7757,0.2192,2,1,1
324.82,1,0,34.29,1,1.7138,0.0,3,1,0.5839,0.6128,0.1941,0,1,1
193.43,0,1,135.91,1,0.7784,2.126,2,0,0.4034,0.2775,0.0443,2,0,0
133.95,1,2,171.33,3,1.2701,0.0,7,1,0.7636,0.7315,0.3431,0,0,1
364.68,3,4,190.46,2,2.5221,0.0,5,0,0.1713,0.64,0.2763,1,0,0
244.98,5,5,150.86,2,1.4977,7.6736,8,0,0.5706,0.5043,0.0714,0,1,1
249.92,3,3,96.87,2,0.8542,10.1815,3,1,0.6046,0.785,0.1377,2,1,0
137.75,4,2,36.81,1,1.5749,0.0,5,1,0.3084,0.5376,0.0148,0,0,1
109.29,3,4,128.82,0,3.3391,9.4091,1,1,0.3676,0.3946,0.0336,0,1,1
303.72,7,2,87.01,0,1.0146,0.0,4,1,0.3204,0.2164,0.1936,1,1,1
159.28,2,3,128.75,2,0.8918,0.0,6,0,0.5253,0.5716,0.0322,1,1,0
327.91,3,3,79.35,2,1.415,0.0,2,0,0.5877,0.4036,0.0655,1,0,0
144.93,2,2,26.73,0,2.1287,0.0,9,1,0.04,0.7009,0.0546,1,1,0
188.76,1,4,9.75,2,1.4171,0.0,2,0,0.3111,0.7009,0.2786,1,1,0
411.28,6,2,122.15,1,0.9417,0.0,7,0,0.5313,0.3756,0.0465,4,0,1
309.75,5,4,79.19,0,1.0395,6.1495,2,0,0.2714,0.39,0.0137,1,1,1
140.02,3,2,128.51,1,1.4955,7.1913,10,0,0.2477,0.4127,0.0235,1,0,1
250.97,4,2,18.05,2,2.0148,8.0883,7,1,0.4988,0.5488,0.1319,1,1,1
300.29,3,7,93.71,0,0.4803,0.0,5,0,0.4679,0.5803,0.0925,5,0,1
374.23,4,4,58.84,0,1.9775,0.0,4,0,0.8341,0.4288,0.2517,2,0,1
454.01,6,3,133.13,2,0.7752,0.0,3,0,0.5418,0.3326,0.1452,3,0,1
315.7,2,1,29.63,0,1.7601,0.0,1,0,0.3525,0.5359,0.068,1,1,0
328.34,2,3,125.54,1,1.2131,0.0,4,0,0.7841,0.4302,0.0405,2,0,0
149.85,1,2,145.53,1,1.7978,0.0,9,0,0.2542,0.5083,0.0307,0,0,0
165.66,2,1,51.46,1,1.1049,0.0,3,1,0.8021,0.4504,0.1712,0,1,0
279.35,4,5,48.85,1,2.4488,0.0,6,1,0.5559,0.5251,0.1862,5,1,1
241.96,1,1,28.02,2,1.2371,0.0,6,1,0.13,0.5379,0.1176,1,1,1
132.68,0,3,131.7,0,0.8386,0.0,3,0,0.2172,0.2603,0.0311,0,1,0
182.48,5,3,112.02,2,0.98,8.156,5,0,0.6583,0.2015,0.2021,0,0,1
258.97,5,2,91.73,1,1.7118,0.0,3,0,0.53,0.7244,0.0526,2,0,1
217.08,3,2,135.15,0,1.6508,0.0,2,0,0.4039,0.5618,0.135,1,1,0
200.86,0,2,99.31,3,2.321,0.0,3,0,0.4436,0.6085,0.0791,2,0,1
409.53,3,3,71.35,0,1.797,0.0,3,0,0.7874,0.3406,0.1063,2,0,1
243.6,1,2,128.43,3,1.6103,0.0,5,0,0.8758,0.6594,0.1865,2,0,1
440.67,7,2,132.19,1,1.5884,0.0,2,0,0.3291,0.5682,0.1489,3,0,1
345.73,6,4,195.63,0,0.9436,10.6442,10,0,0.8575,0.4448,0.2553,3,0,1
355.67,7,1,123.02,0,0.801,0.0,1,0,0.6451,0.4824,0.1134,0,0,1
463.35,4,0,57.51,1,0.7003,0.0,2,0,0.3615,0.6925,0.1388,1,0,1
139.79,2,2,2.84,1,0.9697,0.0,1,0,0.2828,0.6594,0.2138,0,1,0
222.13,1,4,150.93,1,0.725,0.0,4,0,0.3504,0.2132,0.0579,3,0,0
317.24,2,2,114.0,0,1.1523,0.0,2,0,0.3713,0.4225,0.3039,1,0,1
76.25,1,1,2.24,0,1.2773,0.0,2,0,0.4402,0.7055,0.0919,2,1,0
351.2,4,2,112.83,1,0.7972,10.7925,7,0,0.4907,0.4026,0.0261,1,0,1
442.98,3,2,128.77,2,1.2536,0.0,7,0,0.7422,0.4565,0.0281,3,0,1
406.81,3,4,21.83,2,0.8911,0.0,5,0,0.5775,0.7365,0.3381,4,0,0
135.38,3,1,64.4,0,0.7281,0.0,4,0,0.1895,0.5539,0.0335,3,1,0
289.75,0,1,103.01,2,1.157,0.0,3,0,0.1932,0.4362,0.1374,1,0,0
258.25,2,1,15.51,1,4.0,0.0,4,1,0.8314,0.3286,0.1404,1,1,1
106.84,2,1,75.98,0,1.1993,3.7835,3,1,0.3538,0.6885,0.2377,0,1,1
291.97,3,2,169.68,1,0.9085,0.0,5,1,0.3064,0.1824,0.1792,1,0,1
279.58,6,2,100.93,0,1.6069,6.1503,3,1,0.4493,0.7047,0.1711,0,0,1
48.06,1,1,121.02,0,1.7773,5.755,5,1,0.8946,0.8469,0.0378,1,1,0
140.53,1,4,195.25,1,1.7502,0.0,4,1,0.6449,0.3597,0.0595,0,1,1
195.41,2,0,67.01,1,1.0729,0.0,3,0,0.1772,0.3667,0.2312,0,0,1
233.47,0,1,94.98,1,0.8766,2.2799,6,1,0.5288,0.2868,0.1126,1,0,1
159.18,1,2,71.78,1,0.7117,0.0,5,0,0.8337,0.2942,0.1433,1,0,0
253.77,3,2,89.04,3,0.4219,12.0765,3,0,0.2153,0.2411,0.0162,1,0,0
363.4,2,6,128.97,1,1.2326,11.926,3,0,0.4542,0.8268,0.0952,3,0,1
171.69,2,4,32.49,0,1.7592,0.0,6,0,0.3038,0.5954,0.1773,1,0,0
152.26,1,1,90.42,1,1.7019,0.0,9,0,0.2775,0.5426,0.0332,0,0,1
170.24,3,2,90.89,0,1.1592,0.0,3,0,0.4726,0.6141,0.1811,1,0,1
238.89,5,3,80.88,1,0.9029,1.4495,3,1,0.6204,0.3648,0.2547,3,0,1
528.69,8,2,174.12,2,0.8371,7.0649,5,0,0.7202,0.3801,0.0508,0,0,1
209.18,3,1,6.9,2,1.8176,0.0,6,0,0.5435,0.5884,0.0711,1,0,0
399.5,1,4,81.93,2,0.8089,0.0,3,0,0.6401,0.4371,0.0682,4,0,1
299.65,1,1,27.67,0,1.5045,11.4538,3,0,0.688,0.2105,0.1141,1,1,1
215.05,5,4,147.27,1,0.8396,6.9307,3,0,0.9146,0.5577,0.2252,3,0,1
242.59,6,1,57.16,1,2.3876,10.2525,8,0,0.3664,0.4232,0.0118,0,1,1
180.15,2,3,86.53,1,0.7431,6.4935,5,0,0.2865,0.2173,0.0637,1,1,0
321.09,2,1,2.81,1,1.0777,0.0,5,0,0.4186,0.4398,0.0878,2,0,1
245.9,1,1,25.84,2,1.4361,0.0,7,0,0.3495,0.8147,0.2381,1,1,1
600.0,3,1,137.06,2,0.8428,8.1332,8,0,0.5798,0.44,0.1189,4,1,1
197.67,3,3,142.91,1,2.0914,0.0,6,0,0.6387,0.7039,0.0942,0,1,1
102.76,2,5,224.36,0,1.4691,0.0,3,1,0.6144,0.8566,0.0477,3,1,0
329.95,4,3,139.01,0,1.1606,0.0,1,0,0.3818,0.4798,0.0312,1,0,0
521.5,0,1,161.04,1,0.9512,8.6511,3,1,0.522,0.326,0.0323,0,1,0
258.83,1,2,168.48,1,1.4792,6.5296,4,1,0.6598,0.548,0.2717,1,1,1
200.35,0,0,47.84,1,1.7932,0.0,6,0,0.469,0.2424,0.0717,0,1,1
212.74,5,2,25.55,1,1.102,7.769,9,0,0.7829,0.8401,0.2602,1,0,1
233.11,2,2,82.85,0,2.2379,0.0,3,0,0.3821,0.6158,0.0925,0,0,1
282.4,4,5,156.77,2,1.033,10.0828,4,0,0.3735,0.711,0.0773,4,1,1
258.98,1,1,213.26,2,1.8651,0.0,6,0,0.7302,0.7886,0.1567,1,0,1
39.71,0,1,49.57,1,0.8445,0.0,6,0,0.4512,0.3903,0.0211,0,0,1
188.74,2,1,122.55,1,0.7741,0.0,7,1,0.3955,0.6236,0.2364,2,0,0
177.23,4,2,162.55,2,1.0625,0.0,3,1,0.2609,0.4905,0.0746,0,0,0
311.95,2,3,122.04,1,1.0669,0.0,3,1,0.315,0.8341,0.1999,3,1,0
191.74,1,1,200.35,0,1.1932,2.3736,3,0,0.8417,0.3885,0.1579,1,0,0
10.0,0,5,63.81,0,1.2587,7.1027,6,1,0.351,0.66,0.1001,3,0,0
422.57,2,2,89.71,0,1.9629,0.0,4,0,0.4422,0.5766,0.061,1,1,1
102.02,1,1,99.67,2,1.0998,3.9709,6,0,0.353,0.52,0.1837,0,1,1
232.51,1,2,217.46,2,1.1498,9.0689,4,0,0.4631,0.5517,0.1216,1,1,1
311.8,2,3,85.52,1,0.9051,1.7824,3,1,0.4946,0.363,0.1421,1,1,0
494.24,1,0,37.27,1,0.9863,0.0,6,0,0.4003,0.8206,0.0358,1,0,1
189.51,2,3,32.82,2,0.8973,3.2139,8,0,0.6093,0.2833,0.39,0,0,1
311.0,1,1,165.87,1,1.0817,5.9004,4,1,0.4795,0.7271,0.1226,1,0,1
600.0,3,2,117.84,0,0.8904,0.0,7,1,0.6312,0.2789,0.2172,0,0,1
265.32,1,3,99.54,0,0.8996,3.5367,3,0,0.328,0.1519,0.214,3,1,0
116.94,1,2,59.76,0,0.4525,0.0,2,0,0.0769,0.2802,0.1243,2,1,0
600.0,4,3,154.08,0,1.6666,7.6555,6,1,0.4826,0.3429,0.1241,2,1,1
280.09,2,1,101.49,0,2.0833,0.0,3,0,0.814,0.4885,0.0341,2,0,1
194.34,5,4,123.09,0,1.7793,0.0,4,1,0.5863,0.7087,0.1539,3,0,1
339.27,4,2,47.61,0,0.9144,0.0,4,0,0.7087,0.6164,0.0465,1,0,1
238.66,7,4,86.38,1,2.7465,9.9941,3,0,0.6852,0.6391,0.2607,2,1,1
295.52,0,3,67.84,2,0.7253,5.2824,8,0,0.3345,0.1137,0.2514,1,1,0
490.32,5,2,211.78,0,1.7565,5.1796,7,1,0.32,0.3163,0.2205,1,1,1
134.39,1,2,37.89,0,0.61,0.0,2,0,0.7843,0.4401,0.0319,3,0,0
459.05,3,1,88.68,1,0.9944,0.0,4,1,0.4348,0.6617,0.0457,3,1,0
404.2,3,0,178.57,2,1.3466,0.0,5,0,0.4393,0.4303,0.0928,0,1,1
280.04,2,5,119.49,0,0.8141,0.0,2,1,0.6015,0.3231,0.0999,0,1,0
273.45,2,1,125.01,2,0.7096,6.4657,8,0,0.4581,0.5259,0.0727,1,0,0
394.86,6,5,127.87,0,0.9439,7.2394,2,0,0.7721,0.2071,0.0723,2,0,1
148.37,4,3,85.9,2,1.2556,0.0,1,0,0.4447,0.646,0.1449,1,1,1
178.57,2,4,65.07,0,1.1768,0.0,4,0,0.7218,0.6741,0.0363,0,0,1
422.87,5,1,93.63,2,0.9431,0.0,6,1,0.6287,0.6245,0.078,0,0,0
203.01,1,1,20.05,2,1.5281,0.0,3,1,0.486,0.4485,0.0443,0,0,1
128.44,2,4,162.53,0,1.7626,0.0,3,0,0.3298,0.3689,0.1686,1,0,1
124.32,2,1,77.72,0,0.9855,0.0,3,1,0.2061,0.3621,0.0349,1,1,0
319.03,4,1,134.24,2,0.4534,6.7578,2,0,0.7561,0.2738,0.1519,3,0,0
235.83,3,5,198.43,3,0.5901,1.7056,9,0,0.2466,0.3845,0.1192,3,1,0
277.79,1,3,167.41,4,1.5937,12.6593,7,0,0.451,0.6984,0.0859,1,0,1
151.55,3,1,126.32,0,0.8939,0.0,2,0,0.4236,0.745,0.1053,1,1,0
243.27,1,0,76.82,3,1.7396,10.6489,3,0,0.4607,0.546,0.1416,0,0,1
336.56,2,0,58.7,0,1.6421,0.0,4,1,0.8789,0.4797,0.2113,2,0,0
439.21,0,2,14.84,1,0.4823,0.0,5,0,0.6671,0.1142,0.1228,1,1,0
144.23,3,2,68.1,0,2.26,9.4759,5,0,0.2543,0.3951,0.094,0,1,1
270.01,3,1,41.37,0,1.6019,1.9745,6,0,0.5441,0.1989,0.1875,1,1,1
201.12,1,1,48.38,3,0.8565,0.0,8,0,0.3378,0.2423,0.0432,0,0,1
342.56,1,1,52.99,0,1.4356,0.0,8,0,0.3262,0.3447,0.2147,2,0,1
17.87,0,4,103.68,0,1.3521,0.0,5,0,0.9398,0.5578,0.1867,0,0,1
111.44,2,0,50.0,0,1.3809,0.0,3,0,0.5427,0.4268,0.0162,0,1,0
131.65,2,2,75.33,2,2.4101,7.8047,4,0,0.65,0.2891,0.0683,1,0,1
156.29,1,1,53.93,2,0.7289,7.6977,4,0,0.6954,0.3621,0.0191,2,1,0
376.02,5,5,108.58,1,1.1653,0.0,5,1,0.5051,0.6992,0.1094,1,0,1
406.6,5,3,156.45,2,0.6612,0.0,6,0,0.8,0.4195,0.1038,3,1,1
164.16,0,2,107.69,0,0.9417,11.6871,5,0,0.3168,0.2117,0.0065,0,1,0
271.98,3,1,79.12,1,1.6564,0.0,5,0,0.195,0.3279,0.117,3,0,1
435.57,3,3,114.78,0,1.9364,6.8566,4,0,0.2306,0.6165,0.0951,2,0,1
283.05,4,2,36.63,1,1.5261,4.2067,3,0,0.4603,0.4015,0.058,1,0,1
115.09,2,3,83.25,2,0.802,6.908,8,0,0.6795,0.6283,0.0839,3,0,1
428.03,6,5,84.51,0,1.7068,0.0,2,0,0.7089,0.5459,0.079,4,0,1
120.85,1,1,7.33,0,0.5471,0.0,4,0,0.3128,0.4452,0.1545,0,1,1
379.9,5,4,58.8,3,0.998,0.0,5,1,0.6073,0.3459,0.2342,1,0,1
258.37,1,4,118.68,2,1.1542,9.9596,7,1,0.5994,0.6307,0.1915,1,0,1
447.43,2,3,96.24,0,0.7668,5.6486,4,0,0.8867,0.3282,0.1022,1,1,0
40.62,1,3,60.57,3,1.5027,3.2183,6,1,0.5234,0.7126,0.1534,0,1,0
197.09,3,5,93.07,2,0.6401,0.0,6,0,0.62,0.1439,0.1202,3,0,1
74.51,1,2,102.43,0,2.3282,0.0,4,0,0.326,0.7657,0.1783,1,1,1
149.27,1,3,18.92,0,2.3241,6.3883,10,1,0.1764,0.187,0.0431,0,0,1
251.4,2,1,74.67,1,0.7732,2.7375,5,1,0.3313,0.3428,0.1228,0,1,0
285.36,6,2,110.56,3,1.2427,7.7999,8,0,0.5461,0.6864,0.1305,0,0,1
334.77,3,2,16.46,0,1.1574,0.0,5,0,0.117,0.2012,0.3406,0,0,1
322.53,0,0,72.74,2,0.937,0.0,6,0,0.3902,0.353,0.036,0,0,1
192.87,2,4,136.94,1,1.8254,0.0,9,1,0.5925,0.7265,0.1848,1,0,1
275.49,3,2,78.74,2,1.6484,12.8778,5,0,0.4254,0.4973,0.2244,2,0,1
240.73,3,1,32.68,0,1.7407,0.0,7,0,0.3673,0.5696,0.2283,2,1,1
434.56,3,3,77.06,1,1.1674,4.4554,4,0,0.1995,0.1013,0.0758,2,1,1
399.56,3,4,153.61,2,1.1879,0.0,5,0,0.2691,0.4798,0.0247,0,0,1
89.94,1,1,85.36,0,0.9792,0.0,5,0,0.671,0.2423,0.271,0,0,1
231.37,3,2,158.24,1,3.2323,0.0,2,1,0.589,0.6848,0.1403,1,0,1
160.73,3,2,47.22,2,1.2776,0.0,6,0,0.2125,0.4468,0.0645,1,0,0
577.53,4,1,89.97,0,0.9791,1.6565,4,0,0.1568,0.3459,0.1433,3,0,0
440.29,5,3,46.29,2,2.2765,0.0,1,0,0.7889,0.3668,0.1448,0,0,1
159.85,4,2,77.19,1,1.1244,0.0,2,0,0.4248,0.2743,0.0296,3,1,0
363.6,3,4,140.07,1,1.09,2.4177,6,1,0.1526,0.4757,0.2153,0,1,1
311.81,2,1,39.1,0,1.67,0.0,3,0,0.7095,0.436,0.127,1,0,1
153.06,2,0,173.34,2,0.8279,7.9872,3,0,0.2599,0.1936,0.0914,0,1,1
108.08,2,0,88.32,1,3.063,10.2989,9,0,0.202,0.3874,0.0285,1,0,1
495.63,3,3,248.29,2,0.7722,0.9936,3,0,0.6524,0.232,0.2437,3,0,1
333.4,4,2,39.37,1,0.8455,0.0,2,1,0.2977,0.5627,0.1424,2,0,1
600.0,2,1,8.86,2,1.2112,12.3368,8,0,0.3957,0.3913,0.2341,0,0,1
214.83,2,6,124.52,2,1.5184,4.5473,7,0,0.8535,0.5907,0.1961,2,1,0
287.27,3,1,100.35,1,1.9086,7.3852,5,0,0.5162,0.3797,0.0193,2,0,1
412.83,3,3,6.16,0,1.7541,0.0,5,0,0.5507,0.7565,0.3747,0,1,1
126.47,1,1,78.48,2,1.3171,9.5527,2,0,0.6127,0.5265,0.07,2,1,1
307.96,5,3,128.43,0,1.1312,3.231,4,0,0.62,0.3632,0.0495,0,0,1
194.12,3,5,60.76,1,0.804,7.5971,6,0,0.5438,0.4002,0.0782,1,0,1
230.01,4,1,56.2,1,1.002,8.0501,4,0,0.3894,0.6651,0.0413,2,1,1
223.87,2,5,154.16,1,1.2031,0.0,8,0,0.4117,0.7496,0.1896,0,0,1
255.32,3,2,164.65,1,0.7686,5.7818,6,1,0.6952,0.6378,0.0588,1,0,1
397.44,0,3,86.76,2,1.7232,0.0,8,0,0.3235,0.2953,0.0017,2,1,0
307.27,1,5,136.05,2,1.1539,0.0,5,0,0.5014,0.6764,0.1322,2,1,1
163.51,2,5,135.5,1,0.9712,3.3026,7,0,0.6564,0.3558,0.3503,5,0,1
571.08,2,4,90.45,1,0.7774,1.1219,8,0,0.6383,0.4067,0.2097,5,0,1
444.21,4,5,135.94,2,1.059,6.6315,4,0,0.8215,0.3985,0.2367,2,0,1
484.48,2,5,127.44,0,0.5653,11.4094,5,0,0.5558,0.3035,0.093,2,0,1
534.22,2,1,113.98,0,1.204,11.6422,3,0,0.4315,0.5562,0.0886,0,0,0
589.92,1,4,165.84,0,0.7399,11.2872,3,1,0.8969,0.5489,0.1017,3,0,1
318.12,3,4,225.49,1,0.5982,0.0,3,0,0.5805,0.5469,0.0404,1,1,0
297.58,3,0,16.39,0,1.4125,0.0,3,0,0.5044,0.6674,0.1376,0,1,1
36.94,0,1,141.11,1,0.7762,0.0,3,0,0.539,0.3348,0.0477,1,1,0
290.94,3,1,113.98,1,1.184,0.0,9,0,0.1732,0.6157,0.0319,0,0,1
145.38,2,1,144.72,3,0.4712,9.255,3,0,0.3504,0.5152,0.1077,3,1,0
246.04,1,4,153.12,0,1.3628,0.0,3,0,0.4837,0.4009,0.0415,2,0,0
102.47,1,0,139.1,0,0.8076,9.4339,5,0,0.3028,0.2909,0.1503,0,0,0
268.93,2,3,83.81,3,2.7456,0.0,5,1,0.4672,0.4994,0.032,2,0,1
270.21,1,5,57.27,3,1.1667,10.6048,2,1,0.4912,0.7835,0.2678,0,0,0
217.29,2,2,80.18,0,1.6589,7.6909,5,0,0.3742,0.5123,0.1863,1,0,1
342.13,1,0,40.31,3,0.6993,0.0,7,0,0.3727,0.0923,0.1664,0,1,0
187.79,2,3,38.81,2,1.0437,0.0,6,0,0.2043,0.5448,0.0336,2,1,0
347.29,2,3,67.59,1,3.0268,4.4446,10,0,0.5438,0.4665,0.0736,1,1,1
557.28,6,5,198.69,0,1.0685,0.0,2,1,0.7406,0.6527,0.1229,0,1,1
251.07,1,2,143.11,1,1.0645,0.0,5,1,0.5317,0.446,0.2267,4,0,1
600.0,6,7,130.52,2,1.218,0.0,5,1,0.4927,0.6374,0.0621,1,0,1
156.66,1,2,12.29,0,0.4623,2.4419,3,0,0.6222,0.3685,0.0857,2,1,0
198.42,2,0,69.28,1,0.9501,12.5467,8,1,0.3883,0.6273,0.049,1,0,1
305.43,3,5,131.79,1,1.3758,0.0,6,0,0.5545,0.4994,0.2393,1,0,1
351.12,5,4,164.86,1,0.9411,0.0,5,1,0.5809,0.3902,0.1424,2,0,1
290.3,0,3,19.59,0,1.1953,0.0,3,0,0.5398,0.3837,0.0485,1,0,1
307.04,5,1,7.47,0,2.0797,0.0,1,0,0.63,0.5266,0.0314,3,0,1
39.06,0,4,161.29,1,0.5716,3.6586,4,0,0.2366,0.3587,0.2158,1,1,0
467.97,3,1,178.08,0,1.7399,0.0,5,1,0.5465,0.4208,0.0412,2,1,0
311.79,4,0,226.53,1,1.2951,0.0,2,0,0.3108,0.5503,0.093,0,1,0
229.1,2,5,108.71,1,1.1048,4.9434,2,1,0.2628,0.4896,0.0338,0,1,1
420.98,6,2,130.5,0,0.9977,0.0,1,0,0.7348,0.5815,0.0297,3,0,1
313.29,3,3,17.01,3,0.861,0.0,7,0,0.3957,0.4147,0.093,2,0,0
462.91,4,3,226.89,1,0.8288,0.0,5,0,0.3322,0.409,0.0642,1,0,1
71.32,1,2,169.88,1,0.6681,11.8643,2,0,0.4628,0.5649,0.2837,0,0,0
534.31,4,2,89.1,0,1.7223,7.9233,6,0,0.0411,0.2828,0.0993,0,1,1
104.04,2,0,79.77,1,1.6916,6.8227,4,0,0.4922,0.7098,0.0181,0,1,0
229.66,3,0,96.46,3,0.7275,0.0,2,0,0.4458,0.4692,0.0567,2,1,0
145.88,4,2,67.85,1,1.2961,0.0,7,0,0.6138,0.7398,0.0103,1,0,1
400.14,5,2,79.94,2,2.0689,7.9296,7,1,0.4318,0.6081,0.0756,1,1,1
124.55,1,3,19.79,1,1.3009,6.4006,5,0,0.6032,0.4605,0.3006,2,0,1
209.06,3,5,160.73,0,1.5541,3.6625,1,0,0.2208,0.3088,0.1177,2,1,0
245.41,0,1,57.37,2,0.893,6.5374,3,0,0.1718,0.4817,0.0307,1,1,1
385.33,6,1,213.57,1,1.0304,0.0,2,0,0.4537,0.2512,0.0442,3,0,1
546.69,1,4,3.46,3,1.9088,0.0,5,0,0.1936,0.4984,0.3026,2,1,1
392.5,0,4,92.34,2,1.0371,0.0,6,1,0.5709,0.4043,0.1558,1,0,0
527.19,2,1,99.83,0,0.6488,0.0,2,0,0.8093,0.4638,0.152,1,0,0
91.37,1,2,126.28,0,1.2852,10.9454,5,0,0.601,0.5761,0.0615,1,0,0
582.17,4,4,87.52,1,1.2407,9.2371,2,0,0.7693,0.3347,0.2453,2,0,1
228.36,1,3,138.85,2,1.1692,0.0,4,0,0.1856,0.4089,0.2493,0,1,1
228.55,3,2,47.92,0,1.1417,0.0,2,1,0.6619,0.4204,0.0878,0,1,0
179.17,5,4,89.54,3,0.7448,9.7462,9,0,0.8499,0.6045,0.206,1,1,1
545.09,5,4,97.43,1,0.7637,10.0493,4,1,0.7493,0.6178,0.1283,2,1,1
90.76,0,2,26.6,0,1.7096,0.0,3,0,0.1974,0.2047,0.2618,0,1,0
138.07,3,2,105.42,0,0.5694,2.355,2,0,0.5115,0.352,0.0173,0,0,0
211.42,0,3,98.77,1,1.2841,0.0,7,0,0.7055,0.5253,0.141,0,0,1
459.95,2,0,190.1,0,1.1877,3.3365,1,0,0.8346,0.2541,0.1347,1,0,1
202.52,3,0,72.58,2,1.5877,1.4649,2,0,0.6318,0.2733,0.1121,0,1,1
600.0,2,3,144.38,0,2.2202,0.0,5,0,0.3843,0.5515,0.0464,2,0,0
538.82,2,4,75.43,1,0.5903,0.0,6,0,0.3491,0.5894,0.0888,0,0,1
187.78,6,2,75.67,0,0.5927,8.7346,3,1,0.3398,0.4686,0.0343,3,0,1
120.9,0,3,103.55,0,1.0832,12.956,2,1,0.0819,0.6065,0.3639,1,0,1
342.0,6,4,198.27,2,1.4697,11.3064,6,0,0.6685,0.6748,0.0502,1,1,1
400.5,5,3,219.16,0,1.9289,9.151,3,0,0.3659,0.5627,0.0984,1,0,0
444.39,1,1,74.0,0,1.0212,0.0,5,0,0.4462,0.5796,0.0292,0,0,0
166.33,1,1,32.98,0,1.2596,0.0,1,1,0.2779,0.6954,0.2318,0,0,0
348.67,3,3,125.84,2,1.7409,0.0,4,1,0.5779,0.5686,0.106,2,1,1
437.63,3,4,75.53,2,1.2497,4.4107,5,0,0.2131,0.2455,0.1683,0,1,1
286.22,6,4,135.23,2,1.5856,0.0,4,1,0.8001,0.6131,0.2527,5,0,1
98.81,1,0,115.46,1,1.9801,7.926,6,0,0.7201,0.8496,0.0133,1,1,1
600.0,5,1,99.56,0,0.8437,0.0,4,1,0.2886,0.4569,0.1009,1,0,0
118.67,2,3,139.6,0,1.4744,0.0,2,0,0.5057,0.6399,0.1349,1,0,0
332.86,3,3,132.23,2,1.079,7.4409,4,0,0.3547,0.6406,0.0979,2,0,1
426.51,5,4,76.79,1,0.8346,0.0,3,0,0.7559,0.7218,0.0706,1,1,1
265.38,4,4,134.84,1,1.8573,0.0,3,0,0.2081,0.3962,0.172,3,1,1
198.7,3,3,190.78,3,2.6753,0.0,6,0,0.3282,0.4808,0.1826,1,0,1
316.96,4,2,175.72,1,1.4185,0.0,3,0,0.6898,0.5845,0.1,1,1,1
144.2,2,3,214.15,1,1.0612,0.0,8,1,0.6721,0.3847,0.1612,0,0,1
191.5,0,1,86.63,0,0.7029,0.0,8,0,0.3253,0.5907,0.0572,1,1,0
539.97,2,2,164.08,2,1.239,8.3561,3,0,0.6216,0.563,0.0282,1,0,1
560.41,8,3,216.09,1,1.6152,0.0,6,1,0.5659,0.8573,0.2477,1,0,1
68.81,1,1,82.66,2,1.0533,0.0,6,0,0.8618,0.4959,0.2426,4,1,1
600.0,6,3,93.78,2,1.4034,8.3355,4,1,0.4644,0.7006,0.2276,4,0,1
508.12,1,3,71.56,3,1.242,0.0,6,0,0.4042,0.5694,0.1604,0,0,1
219.87,3,2,10.59,1,0.9322,0.8504,3,1,0.6481,0.389,0.1526,0,0,0
477.42,6,2,112.53,4,1.9572,6.4571,5,0,0.6882,0.409,0.1263,2,0,1
328.63,5,3,231.25,1,1.7176,0.0,8,0,0.7472,0.6101,0.1438,3,1,1
126.69,2,5,54.6,0,2.0559,6.534,4,0,0.667,0.5559,0.06,0,1,1
445.49,3,7,166.68,0,1.3508,0.0,6,0,0.4919,0.5791,0.17,3,0,1
250.62,3,5,56.93,1,2.1569,8.4569,7,0,0.5661,0.3718,0.0925,2,0,1
203.07,1,5,125.59,0,1.2328,6.1441,4,0,0.6587,0.333,0.2129,1,0,1
189.17,0,3,64.77,0,1.098,9.0054,7,1,0.3645,0.605,0.1018,1,0,1
216.13,3,4,76.72,2,2.463,0.0,2,1,0.416,0.2788,0.2173,4,1,1
211.46,0,0,79.86,0,0.952,0.0,4,0,0.6414,0.417,0.1042,1,0,1
210.65,3,2,93.39,0,1.0568,3.9172,5,0,0.7776,0.618,0.2318,2,0,1
255.84,4,5,99.96,1,0.4809,0.2596,3,1,0.4857,0.3541,0.1375,0,1,0
231.2,2,3,79.38,0,2.091,13.4664,6,0,0.6641,0.6886,0.0774,1,0,1
182.55,5,2,119.13,0,1.5564,0.0,3,0,0.3582,0.4731,0.0279,1,0,0
479.41,2,2,73.27,0,1.1212,0.0,2,0,0.1881,0.2144,0.1453,1,1,1
435.38,1,1,118.62,2,1.7829,10.6115,10,0,0.5198,0.5289,0.0924,0,1,1
142.9,1,3,110.2,0,2.4442,0.0,3,0,0.7407,0.0848,0.0217,1,1,0
182.77,2,1,25.07,1,1.0331,0.0,2,1,0.7717,0.3565,0.1724,1,0,1
132.96,3,2,70.7,0,2.9512,0.0,1,0,0.2287,0.5387,0.0905,2,1,1
285.1,1,1,156.84,1,1.5614,0.0,5,0,0.1364,0.6042,0.0597,0,0,1
350.42,3,4,176.48,2,2.0969,0.0,6,1,0.2348,0.4691,0.257,1,0,1
128.76,2,3,173.42,1,1.151,9.0227,4,0,0.2471,0.7117,0.0195,1,1,1
190.56,3,4,132.7,0,0.7058,0.0,2,0,0.5158,0.6106,0.1746,0,0,1
130.48,1,4,87.19,1,2.0278,0.0,2,1,0.3633,0.5308,0.0861,2,0,0
137.45,0,1,76.29,2,0.6273,3.4585,9,0,0.6982,0.51,0.0969,2,0,0
142.1,4,2,28.04,0,2.2198,0.0,6,0,0.528,0.5314,0.0595,1,0,0
140.5,2,1,35.79,1,2.5022,0.0,5,0,0.332,0.6526,0.238,1,0,1
122.61,2,0,160.0,3,1.0729,0.0,6,1,0.2915,0.323,0.1211,0,1,1
172.41,3,2,16.88,2,0.4859,9.3161,8,1,0.6861,0.5822,0.034,0,0,1
226.62,2,3,124.68,0,1.0585,0.0,6,0,0.4875,0.7071,0.0424,1,0,0
244.21,1,1,30.13,3,0.7682,5.3625,7,0,0.3665,0.6147,0.0378,1,0,1
428.1,2,0,66.32,0,1.9308,5.4861,4,1,0.214,0.3995,0.3081,0,0,1
181.48,4,1,158.82,1,1.5901,0.0,8,1,0.4682,0.7494,0.2487,1,1,1
348.95,3,4,88.3,0,2.3358,0.0,3,0,0.6002,0.6166,0.2892,2,1,1
408.21,2,1,105.47,0,1.2535,10.3286,3,1,0.4771,0.2536,0.1222,1,0,1
519.56,5,4,71.82,3,1.1142,0.0,4,0,0.7295,0.5069,0.2851,2,1,1
600.0,8,6,62.8,0,3.442,0.0,2,0,0.7677,0.642,0.1809,5,0,1
581.14,7,4,175.73,1,0.6123,2.9808,3,0,0.2983,0.4447,0.0527,1,0,1
247.97,4,2,85.26,1,1.5654,0.0,4,0,0.6192,0.4747,0.067,0,0,1
594.85,3,3,185.32,1,0.6102,1.3684,2,0,0.6149,0.3327,0.2135,2,0,0
300.42,5,5,38.64,2,0.8617,0.0,6,0,0.8431,0.433,0.2963,0,0,1
147.22,2,3,120.82,0,0.6558,0.0,2,1,0.4463,0.2657,0.246,2,0,0
600.0,2,6,157.19,1,1.0684,0.0,3,1,0.6904,0.3011,0.2487,3,0,1
296.98,6,4,13.14,0,3.0801,0.0,2,0,0.799,0.5947,0.1305,3,0,1
303.81,4,3,131.34,0,1.0544,0.0,5,0,0.357,0.2555,0.1444,1,0,1
219.2,4,3,94.53,2,1.4202,5.503,4,1,0.4183,0.7138,0.1349,4,0,1
231.06,5,3,97.11,1,1.2321,5.2594,5,0,0.86,0.6574,0.1038,3,0,1
374.59,2,3,135.61,2,2.5433,0.0,1,0,0.6075,0.4711,0.0719,4,0,1
85.9,2,1,65.66,1,1.5527,0.0,4,0,0.2319,0.5771,0.0395,0,1,1
411.48,2,3,176.8,3,2.3133,8.2072,8,0,0.6537,0.5278,0.2566,0,0,1
202.42,3,3,118.66,0,0.6683,11.3785,3,0,0.7124,0.382,0.0214,3,0,1
281.84,4,2,25.41,0,1.9855,0.0,3,0,0.7151,0.4317,0.0195,0,0,1
128.03,0,1,191.82,2,1.1356,0.0,4,0,0.2455,0.7026,0.0494,2,0,1
470.51,6,2,177.86,1,1.2114,8.1902,6,0,0.3461,0.3513,0.0654,1,0,1
239.96,1,1,72.05,0,1.2735,0.0,4,0,0.8205,0.5291,0.0875,1,1,0
304.5,3,2,158.48,2,0.5921,11.3788,7,1,0.3712,0.3496,0.1954,0,0,1
150.91,3,2,175.13,0,1.6521,0.0,2,0,0.6679,0.6816,0.1037,1,0,1
147.6,3,1,1.49,1,1.7314,0.0,6,0,0.2747,0.3632,0.1581,0,1,1
229.96,2,1,58.72,1,1.1545,0.0,2,0,0.7882,0.6359,0.2652,1,0,1
220.36,3,0,93.13,0,1.5632,10.8672,4,0,0.0763,0.5649,0.0736,1,1,0
215.97,3,1,78.55,1,0.8935,12.2575,2,0,0.6044,0.3182,0.189,2,0,0
454.41,8,4,140.74,0,1.052,2.8482,2,0,0.6269,0.4997,0.2922,4,0,1
159.51,1,1,73.91,2,0.6835,5.2952,5,0,0.7969,0.3379,0.1809,2,0,1
138.09,0,1,110.85,1,0.8159,0.0,1,1,0.3364,0.5166,0.0244,1,0,0
379.92,8,5,76.39,1,2.0114,5.239,6,1,0.4004,0.4305,0.2458,0,0,1
110.77,2,1,171.85,1,0.9023,0.0,4,1,0.2319,0.2734,0.1012,0,0,0
150.34,4,1,86.49,2,1.2749,0.0,7,0,0.4616,0.2038,0.2402,0,0,1
222.08,1,0,37.95,1,0.8176,2.2655,3,0,0.6165,0.4477,0.1159,0,1,1
287.46,2,6,49.7,1,2.0155,4.0784,4,1,0.8374,0.3996,0.1641,2,1,0
201.01,3,1,8.32,0,1.1733,11.3943,5,0,0.7685,0.6052,0.0619,0,0,1
127.05,1,0,116.72,1,0.8669,0.0,4,0,0.6191,0.7002,0.0839,0,0,1
455.5,7,4,178.89,1,1.0874,0.0,2,0,0.3687,0.4096,0.0371,1,1,1
390.77,2,4,113.61,3,0.861,8.6634,7,0,0.4599,0.2536,0.1456,0,0,1
112.94,2,2,49.12,0,1.523,4.1739,3,0,0.5386,0.6776,0.061,2,0,0
102.89,1,1,33.27,1,1.4506,0.0,6,0,0.1918,0.3279,0.0896,2,1,1
293.92,5,2,38.7,1,0.9724,0.0,4,1,0.9733,0.66,0.1407,2,0,1
273.12,1,3,124.53,1,0.6963,5.5753,4,1,0.5444,0.4663,0.0463,0,0,0
358.47,2,2,71.13,2,0.9171,0.0,4,0,0.7167,0.332,0.1009,2,0,0
133.71,2,2,129.22,0,2.9893,0.0,4,0,0.4922,0.7878,0.1502,0,0,1
596.6,7,2,107.63,1,1.65,0.0,3,0,0.4041,0.5135,0.1016,0,0,1
89.77,0,1,74.98,0,0.8903,0.0,1,0,0.7742,0.1654,0.151,4,1,0
229.39,3,3,49.02,0,2.4324,0.0,4,0,0.8871,0.5463,0.0599,3,0,0
392.56,8,3,190.77,3,1.0024,2.7405,8,1,0.5071,0.6044,0.1383,1,1,1
327.64,5,2,50.33,0,1.3789,0.0,2,0,0.4085,0.5155,0.1584,0,0,0
309.6,4,3,150.8,0,1.4291,0.0,4,1,0.5368,0.586,0.1232,1,0,1
230.69,3,3,160.9,1,1.7008,0.0,3,1,0.5336,0.3568,0.0615,0,0,1
174.67,3,1,58.58,0,0.7491,0.0,3,0,0.3294,0.8235,0.2946,2,0,1
354.38,5,3,128.46,1,1.8149,0.0,3,1,0.4894,0.4614,0.1743,1,1,1
244.59,3,1,7.56,1,1.0348,8.136,8,0,0.6897,0.3874,0.1806,3,0,1
184.09,1,2,108.88,2,2.817,0.0,4,0,0.4697,0.2826,0.1228,1,0,1
262.16,3,6,86.01,0,3.6504,6.4026,3,0,0.3774,0.2992,0.111,2,0,1
232.34,2,3,83.25,1,1.1895,0.0,7,0,0.3772,0.2112,0.2407,0,1,0
238.04,6,3,129.37,2,0.877,12.6348,6,1,0.7021,0.6852,0.0994,3,1,0
266.05,3,5,212.18,1,1.6765,0.0,4,0,0.3729,0.4106,0.1958,2,0,0
92.32,1,0,15.49,0,1.328,1.6547,4,1,0.294,0.6052,0.0038,2,1,0
41.18,1,3,61.95,4,2.7104,0.0,10,1,0.5572,0.6754,0.1067,2,1,1
194.82,4,3,75.43,0,1.4479,0.0,2,0,0.5828,0.5581,0.1337,1,0,1
288.57,3,4,206.92,1,3.441,7.9167,5,1,0.4671,0.5345,0.0328,3,0,1
162.52,2,1,92.42,0,0.7215,4.129,2,1,0.3465,0.6535,0.0371,2,0,1
600.0,3,3,43.04,4,0.7629,0.0,4,0,0.338,0.2395,0.1652,1,1,1
277.15,2,0,42.98,1,1.199,0.0,6,0,0.2407,0.3596,0.0636,1,1,1
196.34,0,6,75.99,0,0.45,0.0,2,1,0.27,0.3119,0.2086,0,1,0
77.47,1,6,208.33,3,0.7115,3.1326,1,0,0.4348,0.3283,0.1155,2,0,1
485.73,3,3,127.42,2,1.4272,0.0,6,0,0.4566,0.7656,0.1858,1,0,1
308.67,4,3,107.91,1,0.6822,0.0,2,0,0.5741,0.4133,0.0341,1,0,1
390.19,4,3,131.14,2,1.1331,0.0,5,0,0.2632,0.5735,0.1102,3,0,1
221.21,2,3,142.31,1,0.474,2.7538,7,1,0.6884,0.174,0.2166,0,0,1
114.86,4,0,13.44,0,0.8707,7.9943,3,0,0.4041,0.4074,0.1636,3,0,0
90.35,1,0,68.66,0,2.1492,0.0,1,0,0.6794,0.7132,0.1235,0,0,1
320.66,4,3,56.82,0,0.8277,0.0,4,0,0.5585,0.1809,0.1483,2,1,1
310.82,3,3,204.14,2,2.2249,6.7333,8,0,0.8753,0.1347,0.1086,1,1,1
161.31,3,3,58.1,0,1.0876,0.0,4,1,0.4301,0.5597,0.1149,1,1,0
287.58,3,5,109.32,1,0.9461,0.0,2,1,0.9285,0.1881,0.1395,4,0,0
333.89,2,2,66.76,0,0.8035,0.0,5,0,0.5552,0.5375,0.0295,1,1,0
213.93,1,2,41.32,2,1.1499,0.0,5,0,0.4499,0.3714,0.008,1,1,0
484.57,3,5,68.35,0,0.4693,0.0,7,1,0.4428,0.5782,0.0511,3,0,1
340.33,3,3,220.72,1,1.0079,2.4323,3,1,0.2639,0.4042,0.0702,1,0,0
255.56,5,4,183.81,1,0.8634,10.737,3,1,0.4113,0.4052,0.1437,2,0,1
153.09,3,1,26.53,1,0.4783,12.262,3,1,0.3736,0.3479,0.0801,0,1,0
330.57,5,4,10.33,2,1.0994,10.1261,6,0,0.5741,0.4119,0.0427,2,0,1
373.29,4,3,114.17,3,1.2554,0.0,3,0,0.56,0.331,0.0555,0,1,1
249.49,3,2,108.71,0,1.1845,0.0,4,0,0.3358,0.5479,0.0349,0,0,1
129.41,3,2,141.66,1,1.3615,9.4167,4,0,0.4625,0.3717,0.0922,0,0,1
329.71,3,2,64.95,2,0.399,1.1241,8,0,0.5892,0.3745,0.0317,0,1,1
407.03,6,1,187.7,0,0.6543,0.0,3,0,0.473,0.4722,0.1151,0,0,0
297.19,1,1,102.07,0,0.317,7.0882,4,0,0.4515,0.1956,0.0728,1,0,1
162.06,2,1,163.18,2,1.0995,0.0,5,1,0.4089,0.68,0.1558,0,1,1
82.92,2,3,181.58,2,1.1976,2.2082,4,0,0.1897,0.4215,0.1841,0,1,0
374.3,3,6,78.35,2,0.9225,2.5411,7,0,0.862,0.2098,0.133,1,1,1
192.98,0,1,92.06,0,1.8862,0.0,1,0,0.1345,0.5637,0.048,0,0,0
371.62,2,4,90.84,0,2.1841,0.0,2,1,0.6035,0.3853,0.109,2,0,0
70.23,0,1,175.58,0,1.3414,13.2369,8,1,0.89,0.2499,0.0197,0,0,0
378.64,4,0,83.81,1,2.7143,0.0,8,1,0.4988,0.7376,0.0296,1,0,1
147.76,0,3,116.15,1,0.7827,3.0608,1,0,0.5694,0.7003,0.1579,2,1,1
201.09,3,1,115.41,0,1.7272,6.9456,5,0,0.3984,0.7422,0.0571,0,1,1
181.63,1,4,175.29,0,1.0872,0.0,2,0,0.3976,0.5291,0.1899,0,0,1
184.68,3,3,87.9,0,0.7428,0.0,8,0,0.3267,0.0899,0.075,1,1,0
433.18,9,1,134.08,2,1.0702,0.0,8,0,0.5959,0.6819,0.0288,2,1,1
130.84,2,1,87.69,3,1.8344,0.0,5,0,0.7012,0.6755,0.2672,0,0,1
322.93,3,3,148.12,1,0.8765,0.0,2,0,0.4827,0.4754,0.3157,3,0,1
335.08,3,4,78.75,0,1.1997,0.0,2,1,0.6878,0.4402,0.0461,1,0,0
296.04,0,3,63.72,1,0.9487,0.0,8,0,0.7389,0.2148,0.1514,3,1,1
186.11,1,3,71.87,1,2.0136,0.0,7,0,0.5154,0.8169,0.0985,1,0,1
168.56,4,4,66.87,1,1.187,0.0,1,0,0.3515,0.2423,0.2413,2,0,1
180.39,2,2,41.4,1,1.1506,3.1297,6,0,0.4618,0.4693,0.0478,1,0,1
295.13,6,3,122.79,0,1.3308,0.0,1,1,0.2606,0.4865,0.0739,1,0,1
497.86,10,5,131.12,0,1.1619,0.0,6,1,0.682,0.7302,0.1368,2,0,1
486.78,5,5,89.08,2,0.5249,6.6704,5,1,0.7608,0.5891,0.1113,3,0,1
214.71,4,2,48.57,1,1.2285,0.0,9,0,0.3473,0.4889,0.2451,3,1,0
271.39,2,1,145.22,1,2.816,0.359,5,1,0.2977,0.5229,0.2044,2,1,0
264.19,2,2,27.1,1,2.5098,0.0,2,0,0.5406,0.7125,0.1581,2,0,1
152.03,0,0,9.61,1,1.3464,0.0,4,0,0.2419,0.469,0.0104,0,1,1
246.32,2,2,43.61,0,1.342,0.0,2,1,0.7145,0.5534,0.0313,2,0,0
184.91,3,5,63.03,1,0.8363,4.5211,8,0,0.4426,0.366,0.1462,2,0,1
212.14,4,7,34.57,1,0.8461,0.0,2,0,0.7254,0.6193,0.0362,0,0,1
269.18,2,2,11.33,2,1.1589,0.0,5,1,0.4322,0.5865,0.1454,1,1,1
600.0,3,1,97.29,1,1.6655,0.0,5,0,0.4072,0.4575,0.1754,1,0,0
168.36,2,0,161.82,0,1.357,0.0,1,0,0.5262,0.6947,0.1214,1,0,1
265.84,5,0,82.8,1,0.8467,0.0,3,0,0.5194,0.5549,0.0126,1,1,0
107.83,1,1,88.7,1,0.6213,4.4267,4,0,0.608,0.3007,0.0986,1,0,0
416.26,1,3,184.39,0,1.4965,0.0,3,0,0.3566,0.8287,0.2139,1,0,1
161.41,1,1,82.56,1,1.4395,0.0,5,1,0.5271,0.6548,0.1607,0,1,0
235.59,3,4,34.46,1,1.275,4.5856,3,1,0.1696,0.4806,0.2849,1,1,0
331.06,2,2,113.38,2,0.8538,8.1936,5,1,0.344,0.6855,0.129,2,0,1
81.54,2,0,28.23,1,1.5463,0.0,3,1,0.547,0.7733,0.0142,0,0,0
258.41,2,1,3.19,0,1.0959,0.0,4,0,0.2302,0.4663,0.3445,1,0,1
85.08,0,2,144.2,1,0.8881,2.7602,2,1,0.553,0.5256,0.1721,2,0,1
266.55,2,5,116.74,1,1.8928,0.0,7,0,0.2885,0.2936,0.1333,4,1,0
166.12,4,3,43.14,0,1.4038,0.0,3,0,0.6342,0.3319,0.2798,0,0,1
297.76,6,1,141.88,1,0.8861,5.5824,4,1,0.5063,0.4817,0.1178,3,0,1
231.34,4,7,192.71,1,1.6279,8.3136,2,1,0.4606,0.4535,0.141,1,1,1
600.0,6,3,110.64,0,1.081,0.0,2,1,0.3693,0.7987,0.2875,1,1,1
167.35,3,1,84.92,2,1.2849,0.0,3,1,0.3934,0.8038,0.1357,2,0,0
587.28,4,4,171.58,0,1.0959,8.2662,2,0,0.4412,0.7932,0.0848,5,1,1
364.77,0,4,41.67,1,1.1127,10.74,3,0,0.476,0.4543,0.1053,2,0,1
600.0,6,1,8.32,1,1.2137,0.0,10,0,0.4288,0.2459,0.3271,4,0,1
313.94,5,3,97.4,2,0.4827,1.7445,7,0,0.3898,0.3158,0.0299,2,0,1
432.6,5,2,57.03,0,0.9918,0.0,5,0,0.8129,0.2836,0.2292,0,1,0
504.79,4,1,161.23,1,0.8132,9.1111,4,0,0.637,0.2536,0.1381,2,0,1
218.97,3,2,115.42,0,1.6533,0.0,4,1,0.745,0.8347,0.2572,3,0,1
317.32,4,2,160.61,0,1.5882,0.0,2,1,0.3552,0.6098,0.1492,4,1,0
550.73,4,4,167.19,0,2.4897,1.5997,1,1,0.6225,0.4953,0.0405,0,1,1
240.94,7,4,83.8,0,1.4161,2.9061,5,1,0.6151,0.2973,0.0916,2,0,1
249.92,2,1,95.54,1,1.2374,0.0,3,0,0.3542,0.5907,0.2634,1,1,0
199.39,3,1,130.13,0,0.7081,0.0,5,0,0.3375,0.425,0.1303,1,1,0
225.94,1,1,19.77,2,1.0769,8.6276,4,0,0.1476,0.7483,0.1457,1,0,0
116.92,1,0,100.22,2,0.9828,5.6005,7,0,0.8338,0.3484,0.0857,0,0,1
216.25,3,1,79.3,0,2.485,0.0,4,0,0.7187,0.4947,0.0395,0,1,1
87.68,1,0,4.59,1,0.683,10.4489,5,1,0.2238,0.4885,0.0518,0,0,0
257.6,1,1,99.89,0,1.3063,7.1162,2,0,0.2491,0.7187,0.1872,0,1,0
490.99,1,0,100.4,0,1.0584,7.0907,1,0,0.4407,0.3142,0.0803,0,0,1
115.37,2,5,256.85,0,2.1418,7.198,4,0,0.1655,0.4508,0.1435,1,1,0
103.53,1,3,35.18,2,1.0309,0.0,8,0,0.4326,0.5328,0.0787,2,0,1
421.54,3,3,121.84,2,0.9368,0.0,5,1,0.5837,0.6729,0.0902,3,0,0
267.19,5,4,144.52,2,1.1303,2.3441,5,0,0.7228,0.2349,0.2191,0,1,1
172.91,1,1,103.13,0,0.9653,0.0,2,0,0.2634,0.281,0.0315,1,1,0
194.55,3,4,19.95,2,1.0566,0.0,6,1,0.161,0.3728,0.2772,0,1,1
208.97,3,0,32.64,0,1.0043,0.0,4,0,0.2792,0.5483,0.2629,0,0,1
76.3,1,0,28.82,1,0.8742,9.3294,2,0,0.599,0.3183,0.1976,0,1,0
55.51,0,2,111.51,0,1.5166,0.0,2,0,0.3754,0.3937,0.0514,1,1,1
404.83,4,2,68.21,1,1.2551,12.2008,6,1,0.3344,0.6556,0.1285,0,1,1
226.01,2,0,110.71,1,2.2234,0.0,1,1,0.4065,0.5832,0.0466,2,0,0
233.96,4,2,80.56,1,1.4269,0.0,3,0,0.5683,0.3315,0.0469,1,1,0
189.03,2,2,172.9,2,1.2411,0.0,9,1,0.3158,0.5385,0.1714,4,1,1
382.53,2,1,94.28,2,1.5716,0.0,8,1,0.4185,0.6793,0.1308,0,0,0
402.96,4,1,73.04,0,2.1848,0.0,6,1,0.8076,0.8486,0.059,0,0,1
577.9,3,4,38.09,4,0.9007,4.6168,9,1,0.1821,0.436,0.194,0,0,1
275.24,0,4,105.61,2,1.2599,0.0,1,1,0.6782,0.3483,0.0676,1,1,0
243.48,3,4,16.61,1,1.0566,0.0,8,0,0.3567,0.1503,0.0519,1,0,1
192.6,5,4,119.63,1,1.5028,0.0,3,0,0.5805,0.6384,0.0555,3,1,1
244.75,2,1,90.04,0,1.0684,0.0,3,0,0.5617,0.5298,0.0713,2,0,1
292.51,3,3,152.0,1,0.9078,0.0,2,0,0.2247,0.4962,0.2099,1,0,1
324.92,3,5,95.67,2,1.6463,0.0,8,0,0.4062,0.4764,0.1005,2,1,1
345.34,4,3,150.29,0,1.2916,0.0,2,0,0.1778,0.5386,0.1212,0,1,1
152.41,0,2,7.97,0,0.8113,9.7319,3,1,0.0867,0.513,0.0363,0,0,0
134.15,2,2,205.87,1,1.3809,13.1133,5,0,0.6275,0.6372,0.2192,2,1,1
366.29,4,3,106.74,0,1.2777,0.0,6,0,0.3608,0.4171,0.0418,2,0,1
179.84,3,2,193.37,1,1.3425,11.5426,7,1,0.6402,0.3551,0.1625,2,1,1
275.05,5,1,54.18,3,1.3521,3.5861,1,0,0.2624,0.4803,0.3119,2,1,1
316.91,5,5,189.26,1,0.7648,0.0,4,0,0.4952,0.6588,0.0157,2,1,1
600.0,5,2,64.0,1,0.4888,0.0,5,0,0.5925,0.3642,0.0666,2,0,1
275.5,5,3,22.76,2,1.3795,5.7856,4,0,0.4068,0.6493,0.087,0,1,1
600.0,4,3,161.25,2,1.1001,0.0,6,0,0.5064,0.1778,0.1183,0,0,1
571.65,5,3,110.56,1,2.384,4.3342,7,1,0.7506,0.3203,0.2723,0,0,1
123.98,1,1,49.44,0,0.9977,0.0,5,0,0.6009,0.48,0.1102,1,1,0
584.1,3,4,136.46,1,1.2882,0.0,2,1,0.5358,0.6321,0.1799,0,0,0
600.0,4,1,115.63,2,0.4991,7.069,1,0,0.2683,0.3461,0.0872,2,1,0
371.78,2,1,190.94,0,0.9458,2.7989,3,1,0.3114,0.6387,0.0889,1,0,1
354.36,2,4,161.38,0,0.8377,3.4997,4,0,0.2249,0.2364,0.0152,2,0,0
488.4,8,4,181.88,1,0.81,0.0,5,0,0.5826,0.6725,0.0691,1,0,1
540.86,3,3,101.62,1,1.3485,7.7765,4,1,0.5309,0.5713,0.0288,2,0,0
465.94,3,1,67.84,1,1.3475,0.0,9,1,0.4716,0.6378,0.077,1,0,0
374.38,4,2,102.32,3,2.7491,11.1535,7,1,0.3949,0.3648,0.119,3,1,1
483.93,6,2,26.31,0,1.8815,0.0,3,0,0.4743,0.5786,0.0657,1,1,1
81.82,0,1,208.42,1,1.8,0.0,7,0,0.1272,0.6042,0.1763,0,0,1
600.0,3,4,90.15,2,1.8292,0.0,6,0,0.6231,0.5587,0.1201,1,0,1
87.62,1,1,163.63,1,1.3142,7.0804,2,0,0.7456,0.441,0.0507,4,0,1
235.31,5,3,236.97,1,2.428,6.2065,4,0,0.2109,0.7545,0.2791,2,0,1
271.66,1,5,112.45,1,0.937,0.0,8,0,0.6317,0.2466,0.0326,1,0,1
188.13,3,3,36.35,3,1.7923,0.0,5,1,0.8919,0.6135,0.0321,1,1,1
504.5,5,4,178.81,0,0.4603,4.2959,2,0,0.6575,0.3395,0.3238,1,1,1
275.8,2,2,88.0,1,1.2308,3.885,7,0,0.2357,0.3968,0.1478,1,0,0
506.55,7,4,93.46,1,2.3519,0.0,5,0,0.2664,0.4571,0.1489,5,0,1
191.45,3,3,38.8,1,0.8261,3.3429,3,0,0.4666,0.197,0.0705,1,0,0
190.05,5,4,176.16,1,1.5617,0.0,5,1,0.4671,0.5148,0.2338,0,0,1
230.79,4,2,136.98,0,1.0976,8.1359,4,1,0.2734,0.737,0.0346,2,0,1
153.22,2,2,45.44,2,1.7848,0.0,3,0,0.5811,0.7629,0.2332,0,0,0
250.68,3,3,68.27,1,0.5173,0.0,3,1,0.307,0.3438,0.0016,0,1,0
100.47,0,0,2.44,1,1.3208,5.0742,4,0,0.2554,0.3354,0.1969,2,0,0
215.8,1,1,21.4,2,1.7939,0.0,3,1,0.8729,0.4153,0.0854,1,1,0
333.77,0,2,92.5,0,1.5247,0.0,2,0,0.7978,0.8259,0.2873,1,1,1
306.89,1,1,44.33,0,2.0399,11.2579,1,0,0.052,0.5393,0.0638,0,0,0
267.83,4,4,249.19,1,1.0501,0.0,3,0,0.5454,0.3474,0.1471,1,1,1
136.21,3,3,116.08,0,1.4107,10.3114,5,0,0.7193,0.6921,0.1313,1,0,0
251.94,1,3,155.51,2,1.3041,6.6972,10,1,0.4449,0.334,0.1179,1,0,0
141.6,2,3,108.87,3,1.5425,0.0,7,1,0.2873,0.6431,0.179,0,1,1
133.5,1,2,57.06,3,0.818,0.0,3,0,0.4992,0.0436,0.0583,0,0,0
133.07,2,4,172.54,0,2.5112,0.0,1,0,0.2889,0.4818,0.2383,1,1,0
213.9,3,2,24.89,1,1.8205,0.0,6,0,0.3567,0.4846,0.0074,2,0,1
237.19,2,2,47.01,0,0.8046,0.0,2,1,0.5417,0.2445,0.1641,3,0,1
434.53,2,2,149.13,1,2.7342,0.0,4,0,0.7395,0.5651,0.0286,0,1,1
467.25,4,4,88.49,1,1.0881,0.0,3,0,0.2084,0.3572,0.3215,2,0,1
370.3,3,0,9.8,1,1.918,0.0,2,0,0.5679,0.6373,0.0484,0,1,0
383.67,8,4,149.95,1,1.854,0.0,3,1,0.1271,0.5975,0.2755,4,0,1
324.93,5,5,147.98,2,1.0434,0.0,9,0,0.2443,0.4403,0.0518,0,1,1
136.41,1,0,54.15,1,1.8391,0.0,1,0,0.3646,0.3303,0.2884,0,0,1
82.31,2,6,61.6,0,1.4175,0.0,6,0,0.5256,0.4975,0.1071,1,1,0
370.43,5,3,192.72,1,2.7041,0.0,3,0,0.5199,0.4451,0.194,3,0,1
223.02,0,2,54.6,0,0.9461,7.028,2,0,0.5557,0.3011,0.0164,0,0,0
295.69,3,4,229.52,0,1.4685,0.0,3,1,0.505,0.3005,0.2998,3,0,0
468.87,6,3,118.99,1,1.701,1.0228,7,0,0.5535,0.3405,0.1034,0,0,1
133.75,2,1,119.02,1,2.2593,0.0,5,1,0.5694,0.7533,0.0645,0,1,0
76.66,1,0,83.32,0,0.9376,0.0,2,1,0.4337,0.7143,0.2936,0,0,0
407.25,5,2,71.68,0,2.1517,0.0,3,0,0.398,0.572,0.2301,1,0,1
445.28,2,3,90.09,2,2.0454,0.0,4,0,0.8391,0.3401,0.1509,0,1,1
214.76,3,3,136.86,1,1.0368,4.1955,3,0,0.7644,0.4184,0.0752,2,0,1
187.32,1,6,170.76,1,1.2918,11.7618,2,0,0.4578,0.5579,0.1203,1,0,1
596.99,3,3,50.67,1,0.4234,5.1757,5,0,0.5278,0.3835,0.055,2,1,1
217.74,2,3,59.12,2,1.2649,0.0,7,0,0.3914,0.7318,0.0323,1,0,1
600.0,8,1,47.48,1,1.9287,3.8793,3,1,0.4836,0.5076,0.1188,4,0,1
159.26,2,1,47.13,0,1.9299,0.0,3,0,0.4152,0.5065,0.374,0,1,1
530.02,6,3,20.29,1,0.4362,7.5129,6,0,0.3693,0.1269,0.0362,0,1,1
212.85,3,2,92.1,1,1.4441,0.0,4,0,0.7291,0.2399,0.1446,0,0,1
154.64,2,2,191.68,1,1.6639,0.0,7,0,0.3679,0.622,0.0691,5,1,1
472.54,3,5,68.07,0,0.7343,10.1122,6,0,0.6757,0.6495,0.0382,3,0,1
137.2,3,1,33.73,1,1.1445,0.0,3,0,0.185,0.489,0.051,1,1,0
504.02,4,1,69.77,4,2.3757,4.409,3,1,0.4541,0.5332,0.2002,1,1,0
93.4,2,3,61.9,1,0.8347,2.3401,4,0,0.4305,0.4624,0.096,1,1,0
339.6,5,1,93.51,1,1.1964,6.0687,6,0,0.7478,0.2941,0.1085,0,0,1
168.28,2,0,2.73,0,1.6881,10.3275,3,1,0.2804,0.3536,0.2488,2,1,0
104.29,2,1,47.69,1,0.5639,11.905,6,0,0.5925,0.4352,0.0847,2,0,1
304.98,1,0,61.46,2,0.8676,0.0,5,0,0.2761,0.3627,0.1186,1,1,0
144.61,1,3,98.0,0,2.2108,10.525,6,1,0.6673,0.5779,0.2293,0,0,1
278.43,5,5,216.87,1,1.1647,0.0,6,0,0.5849,0.497,0.2235,2,0,1
161.24,1,2,51.34,4,1.1155,4.4425,6,0,0.4039,0.6848,0.1388,2,1,1
344.04,1,2,67.44,0,1.6429,12.2756,6,0,0.7597,0.6237,0.0681,2,0,1
349.43,3,5,153.39,1,0.5573,8.53,4,1,0.2081,0.4724,0.0354,2,1,1
245.3,3,3,11.96,0,2.1206,11.2448,3,1,0.3944,0.4888,0.1088,0,0,1
590.65,4,3,112.93,1,0.9618,0.0,5,1,0.543,0.5458,0.1432,0,0,1
150.76,2,3,119.0,0,1.0337,0.0,1,0,0.4115,0.2848,0.0031,4,1,0
114.04,1,1,145.01,1,0.9008,0.0,5,1,0.6856,0.6151,0.1931,2,0,1
245.61,1,4,62.49,1,2.4047,11.7736,4,0,0.712,0.2513,0.229,4,0,1
330.86,8,1,156.22,2,1.2137,0.0,8,0,0.779,0.4561,0.0052,5,0,0
600.0,3,5,69.15,1,2.032,11.4608,2,0,0.3529,0.55,0.1731,2,1,1
64.43,0,1,70.43,1,1.0151,0.0,6,0,0.3934,0.6135,0.1637,1,1,0
329.14,1,3,33.39,2,2.314,8.6754,4,0,0.1891,0.2698,0.1323,1,0,1
85.94,0,2,40.2,1,2.2193,0.0,3,0,0.5488,0.3776,0.0335,2,1,1
317.49,5,2,22.95,0,0.6957,0.0,4,0,0.5876,0.3847,0.2329,1,0,1
317.1,4,3,159.33,3,0.8565,7.9641,6,0,0.6276,0.4245,0.1827,1,0,1
288.45,2,1,23.19,1,1.4073,5.6052,6,0,0.3741,0.1258,0.2224,0,0,1
600.0,4,6,166.74,1,1.2257,6.6205,4,0,0.8097,0.2834,0.1668,0,1,1
266.98,2,1,91.86,1,1.147,0.0,3,0,0.7417,0.7758,0.1957,2,0,1
197.59,2,1,19.79,1,0.9099,0.0,4,1,0.4639,0.1047,0.0469,1,1,1
476.79,5,4,56.44,1,1.0673,0.0,7,1,0.8693,0.5289,0.0484,3,1,1
56.18,1,0,7.57,0,1.4096,10.7235,4,1,0.4294,0.5758,0.1286,0,0,0
293.39,2,3,116.18,3,1.4851,0.0,1,1,0.6456,0.4032,0.1277,0,1,1
199.47,2,1,67.2,3,0.9138,0.0,9,0,0.27,0.6368,0.0534,0,1,1
127.59,3,3,178.38,1,2.3412,0.0,2,1,0.4151,0.7428,0.1796,0,0,1
389.23,4,4,57.13,2,0.7401,0.0,4,0,0.4195,0.3805,0.0541,0,0,1
301.4,5,4,100.98,1,1.293,4.38,1,0,0.5196,0.5655,0.1805,2,1,0
276.26,4,4,210.46,0,1.2571,0.0,1,0,0.638,0.3929,0.1531,1,0,1
237.21,4,3,52.61,0,1.8303,0.0,2,0,0.6259,0.5295,0.2789,0,0,1
504.5,4,5,124.67,0,2.1274,12.9017,3,0,0.2205,0.3193,0.0619,1,0,1
503.82,8,6,169.04,0,1.5804,0.0,5,0,0.7745,0.3883,0.1238,2,0,1
368.91,4,3,63.43,1,1.5131,0.0,4,0,0.425,0.5791,0.0113,3,0,1
131.89,1,0,116.07,0,1.1464,0.0,2,0,0.3755,0.395,0.2444,0,0,0
49.23,0,1,146.41,3,1.0556,8.8074,8,1,0.4742,0.449,0.2323,0,1,1
286.54,4,4,135.05,1,0.9282,7.153,3,0,0.2104,0.4,0.0403,0,1,1
264.84,5,3,108.22,2,1.0385,8.4922,4,0,0.2703,0.3141,0.2442,0,0,1
84.74,2,2,43.4,1,1.6457,7.7287,4,0,0.4923,0.6144,0.1736,1,0,0
130.5,1,2,59.5,0,0.8144,0.0,2,1,0.5035,0.5063,0.0279,0,0,0
324.91,3,1,56.61,0,0.9229,0.0,6,0,0.2148,0.5233,0.1597,0,0,1
162.43,5,4,126.78,1,1.0153,6.7518,1,1,0.6523,0.2902,0.1785,2,0,1
171.5,1,2,43.23,0,1.44,0.0,9,0,0.268,0.4385,0.073,2,1,0
146.86,4,1,133.01,2,1.1955,0.0,5,1,0.1067,0.4888,0.1434,2,1,0
331.31,1,1,2.69,1,1.031,0.0,9,0,0.4354,0.4382,0.1012,0,0,0
530.56,1,1,57.57,1,0.7088,8.9528,1,0,0.7644,0.2077,0.0603,1,0,1
311.76,3,4,32.19,0,1.8345,5.4754,2,0,0.26,0.2054,0.2534,0,1,0
548.32,5,1,150.64,2,1.2189,0.0,9,0,0.1807,0.1696,0.2296,2,1,1
119.04,1,2,142.72,1,1.0183,0.0,7,0,0.5125,0.5922,0.0741,0,0,1
354.88,6,5,116.46,1,1.2955,9.7433,9,0,0.3187,0.4099,0.2764,1,1,1
247.97,7,4,147.8,0,0.6658,2.6401,3,0,0.5901,0.1549,0.0168,0,1,1
305.58,1,1,135.8,0,0.9872,8.7138,2,0,0.253,0.4425,0.1769,1,1,0
171.92,2,3,91.28,2,1.5256,0.0,5,1,0.8078,0.7388,0.2678,2,1,1
556.89,3,2,100.88,0,1.4999,13.9459,1,0,0.5431,0.4682,0.3356,2,0,1
120.56,3,5,145.47,0,0.9011,0.0,5,0,0.3649,0.3487,0.0457,3,0,1
143.28,1,2,122.04,1,1.2206,0.0,8,0,0.7392,0.1893,0.034,1,1,1
241.73,4,4,226.98,0,3.1511,3.2191,2,0,0.4735,0.6183,0.0582,0,1,1
551.34,5,3,40.02,1,1.9275,12.6942,4,0,0.813,0.4636,0.2677,3,0,1
537.55,1,0,84.25,2,0.9544,0.0,1,0,0.4699,0.3407,0.081,0,0,1
350.1,2,0,140.13,0,1.3182,12.0947,1,0,0.3373,0.3273,0.1323,2,1,0
382.96,3,2,82.16,0,1.454,0.0,6,0,0.5496,0.4749,0.0702,0,1,0
227.46,3,2,23.41,4,1.1936,7.4853,9,0,0.5844,0.623,0.3751,0,0,1
529.86,6,5,57.84,0,1.5384,0.0,7,0,0.3262,0.5776,0.1269,1,0,1
208.61,1,1,99.48,1,1.0325,7.382,3,0,0.3305,0.4655,0.2143,0,0,1
243.14,2,3,127.93,0,1.0837,0.0,2,1,0.5112,0.4788,0.0981,1,0,0
520.73,3,5,140.07,2,1.8823,0.0,8,1,0.4507,0.6342,0.1798,1,1,1
150.62,4,3,134.84,1,1.0651,12.8428,2,0,0.5302,0.5619,0.1233,1,0,1
127.42,1,4,157.26,2,1.0298,0.0,4,0,0.4574,0.7941,0.1225,0,0,0
230.71,1,0,149.78,0,0.5336,5.5648,7,0,0.3878,0.3738,0.1906,1,1,0
172.37,1,2,44.94,0,1.0354,0.0,4,1,0.8709,0.4517,0.2333,2,0,0
190.0,2,2,111.22,3,1.1919,0.0,5,1,0.1682,0.5004,0.0894,1,1,0
205.95,2,1,20.88,1,1.5449,0.0,5,0,0.5008,0.5859,0.1999,0,0,1
55.4,1,1,77.46,2,1.7738,0.0,6,1,0.3176,0.7349,0.3289,3,1,0
214.0,5,1,88.6,1,1.4359,10.8334,2,0,0.6346,0.629,0.3681,2,0,1
90.63,0,3,118.48,3,0.7257,8.4447,2,0,0.4464,0.3231,0.0208,1,1,0
320.47,3,4,137.28,2,1.1393,0.0,4,0,0.794,0.5289,0.0458,1,1,1
176.77,0,1,23.8,1,1.8361,7.3918,6,1,0.6074,0.1905,0.112,1,0,1
322.93,0,2,82.28,1,0.6402,0.0,5,1,0.6517,0.6313,0.0675,0,0,1
371.91,4,3,78.25,1,1.6311,12.7528,8,0,0.2221,0.634,0.1625,3,1,1
165.04,4,6,126.19,0,0.3508,9.3579,2,1,0.8632,0.4335,0.2578,1,1,0
527.46,7,0,74.74,0,0.9508,8.3521,3,0,0.575,0.7381,0.1461,3,0,1
430.23,2,8,111.95,1,1.3726,0.0,4,1,0.4462,0.6869,0.1548,2,0,0
218.16,4,5,79.58,2,0.8482,0.0,9,1,0.4725,0.613,0.2121,1,1,1
600.0,3,1,57.71,3,0.6268,0.0,8,0,0.4344,0.2755,0.1822,2,1,1
126.31,2,1,48.59,1,1.1739,0.0,2,0,0.6388,0.6487,0.2162,0,1,1
475.98,6,4,131.26,0,0.7811,3.1825,2,1,0.6491,0.3572,0.0976,0,0,1
141.78,2,0,93.45,1,1.4297,5.6491,4,1,0.1794,0.6075,0.0987,1,0,1
485.79,7,4,78.54,2,1.7835,0.0,5,1,0.4906,0.3274,0.0951,3,0,1
345.4,1,2,63.53,0,1.5401,0.0,4,0,0.3125,0.2647,0.1751,1,0,1
273.27,2,2,57.6,0,2.6807,3.5521,3,0,0.3386,0.7991,0.1157,2,1,0
379.3,1,3,141.59,0,1.4662,0.0,3,1,0.2166,0.5572,0.1373,2,0,0
220.68,2,0,28.43,0,1.1925,0.0,3,1,0.499,0.5175,0.1317,0,0,1
332.23,1,2,64.22,0,1.802,0.0,6,0,0.4473,0.6643,0.0402,0,0,1
276.11,3,4,88.2,1,2.0871,0.0,5,0,0.3107,0.3613,0.2432,2,1,0
187.97,2,0,113.06,1,0.8375,1.9057,5,1,0.568,0.5245,0.2519,0,1,0
600.0,1,1,86.09,1,0.7563,8.6708,5,0,0.7928,0.2527,0.1925,1,0,1
266.75,3,3,98.32,1,0.9569,5.1523,2,0,0.5346,0.6105,0.2449,2,0,1
146.06,3,2,107.34,1,0.743,0.0,2,1,0.3943,0.6377,0.2062,0,1,1
198.23,4,2,107.01,2,1.6941,0.0,3,0,0.6056,0.4,0.0401,2,0,1
383.12,4,4,204.14,2,1.0371,0.0,4,0,0.7834,0.6498,0.2135,1,0,1
378.22,3,5,99.82,0,1.8311,4.169,2,0,0.645,0.563,0.1939,1,1,0
222.65,5,2,128.52,3,1.3103,0.0,10,0,0.7522,0.356,0.2833,1,0,1
413.09,6,3,194.96,2,0.7727,3.6597,7,0,0.4114,0.6127,0.3461,1,1,1
426.57,0,0,151.06,1,0.7436,0.0,5,0,0.7184,0.0858,0.2234,2,0,0
215.55,2,2,76.27,0,1.1329,0.0,2,1,0.251,0.5731,0.1268,0,0,0
600.0,5,1,85.92,2,1.0006,0.0,3,0,0.6005,0.4102,0.0968,2,0,1
311.25,1,0,137.97,0,2.0114,0.0,3,0,0.2948,0.6523,0.0776,0,1,0
250.42,2,1,45.03,1,0.9739,0.0,4,0,0.5469,0.4019,0.0194,3,0,1
600.0,6,2,136.08,2,0.7294,0.0,2,0,0.0881,0.4425,0.1296,1,1,0
174.6,1,2,151.14,1,0.6009,9.3984,8,0,0.4535,0.5128,0.1557,2,1,0
214.46,3,4,85.79,2,0.5538,11.6589,2,1,0.7942,0.5633,0.0552,3,0,0
266.32,4,3,94.71,1,1.2356,0.0,4,0,0.7843,0.5122,0.1304,2,0,1
282.04,3,1,19.15,1,2.7601,11.46,5,0,0.6021,0.6361,0.2156,2,1,1
227.37,3,4,128.78,0,2.1919,8.0937,2,0,0.1902,0.7329,0.0936,1,0,1
165.94,1,1,68.16,2,1.2851,13.4882,1,0,0.5413,0.3194,0.1055,0,1,1
219.34,2,2,89.5,1,1.5174,8.1078,4,1,0.4355,0.5702,0.187,1,0,1
538.58,6,4,176.15,1,1.6731,0.0,7,1,0.3572,0.7154,0.1908,1,0,1
292.77,0,1,132.06,0,0.9702,12.225,2,0,0.4143,0.6748,0.14,0,1,0
250.13,5,3,124.64,0,0.9834,0.0,5,0,0.6972,0.3661,0.2439,1,0,1
344.29,3,1,52.79,0,1.6332,5.3208,4,0,0.7171,0.3759,0.1675,1,0,0
342.67,1,3,107.54,2,1.7538,7.1825,2,0,0.4988,0.7096,0.1293,0,0,1
205.39,2,2,54.8,1,0.9172,0.0,4,0,0.3296,0.4163,0.0662,0,0,0
132.63,3,0,98.28,4,2.0448,2.3818,6,0,0.5548,0.588,0.0762,2,0,1
143.41,1,2,137.14,2,0.4995,0.0,2,0,0.3045,0.1472,0.138,1,1,0
71.46,2,2,46.64,1,0.7217,3.4575,3,0,0.7118,0.1888,0.1106,1,0,0
382.53,1,4,63.8,0,1.7245,0.0,5,1,0.6342,0.4126,0.2371,0,0,0
499.24,3,3,34.69,0,1.4028,8.4439,1,0,0.1219,0.2838,0.0589,2,0,0
85.34,2,3,124.06,0,0.7477,3.0027,5,0,0.331,0.4088,0.249,2,0,0
465.05,1,4,166.48,1,0.6182,0.0,3,0,0.7502,0.2723,0.1162,1,0,1
95.2,1,3,100.77,3,0.9729,7.1997,6,0,0.2114,0.3699,0.0784,1,1,0
600.0,1,2,61.36,0,2.3244,0.0,4,0,0.2479,0.6438,0.0172,1,1,0
228.08,1,2,20.65,0,0.9573,0.0,5,0,0.1711,0.6124,0.0117,2,1,0
600.0,6,5,222.73,2,1.7061,12.7922,3,0,0.3354,0.3767,0.2566,2,0,1
215.2,3,7,42.51,0,1.7236,0.0,2,1,0.8427,0.3431,0.1114,1,0,0
126.78,2,3,182.21,2,2.8362,0.0,3,0,0.2892,0.6,0.0691,2,1,0
204.84,2,3,59.85,1,0.9378,3.925,5,0,0.734,0.5619,0.1043,2,0,0
225.28,5,3,60.85,3,1.4153,8.1542,5,0,0.4057,0.6404,0.0728,2,0,1
326.79,4,0,82.3,0,1.0702,7.2825,4,0,0.5976,0.5619,0.0535,1,0,1
131.62,2,6,37.71,1,0.6641,2.9932,6,0,0.6028,0.5328,0.0977,2,0,1
290.46,5,2,145.26,2,0.4993,14.5495,2,0,0.5839,0.1846,0.081,0,0,0
196.0,2,1,89.93,0,0.495,0.0,2,0,0.2264,0.4957,0.1283,3,0,1
458.92,1,0,58.42,1,1.5525,0.0,6,0,0.7274,0.4709,0.0276,1,0,0
52.76,1,0,54.56,1,1.9717,0.0,9,1,0.3517,0.5873,0.0963,1,0,1
125.69,3,6,144.67,0,0.5762,0.0,2,0,0.1867,0.2266,0.0735,3,1,0
271.5,3,4,142.25,1,1.587,0.0,7,0,0.3911,0.4656,0.0504,1,1,1
160.17,0,1,91.96,1,1.3946,0.0,5,0,0.5375,0.6239,0.1722,1,0,1
131.49,2,1,47.59,3,1.1081,0.0,4,1,0.5518,0.454,0.3387,2,1,0
220.62,1,1,115.98,2,2.1667,0.0,8,0,0.3972,0.5133,0.0669,3,1,1
284.71,3,6,127.53,2,1.9402,7.5194,7,0,0.487,0.6997,0.1462,2,0,1
213.67,5,1,152.71,2,1.2267,0.0,4,1,0.2338,0.4851,0.1024,1,0,0
139.86,3,3,105.85,0,1.8247,8.868,1,0,0.0923,0.2333,0.111,2,1,1
162.05,4,1,94.19,1,1.0491,0.0,5,1,0.1826,0.4156,0.0368,0,1,1
200.88,2,2,98.42,1,1.2134,0.0,3,0,0.2973,0.4422,0.1711,1,1,0
193.3,1,1,104.06,1,0.9651,0.0,4,0,0.4975,0.1796,0.1987,0,0,0
403.66,5,5,83.65,0,1.3764,0.0,6,0,0.143,0.3106,0.1985,3,1,1
286.86,5,3,203.22,0,2.2811,0.0,3,0,0.5998,0.6095,0.0614,0,0,1
352.74,2,2,181.93,1,0.6414,2.3888,5,0,0.5105,0.4779,0.1119,2,0,0
358.61,8,3,37.82,4,2.8131,0.0,8,0,0.6665,0.3112,0.3039,1,1,1
254.57,3,3,27.41,4,1.3487,6.2528,5,0,0.8608,0.3721,0.036,3,1,1
487.99,4,3,180.24,0,1.1093,0.0,2,0,0.5773,0.3437,0.1055,5,0,1
366.48,3,2,126.83,1,1.4414,0.0,5,0,0.5338,0.4987,0.0013,0,1,1
329.8,3,5,140.25,3,0.9631,10.1581,6,0,0.5854,0.3208,0.2283,1,0,1
198.13,2,3,83.64,1,2.6118,0.0,3,0,0.5829,0.4764,0.0784,0,0,1
292.93,0,0,33.47,0,0.7301,0.0,3,0,0.6585,0.7363,0.0256,1,0,0
126.11,0,2,162.34,1,1.5691,0.0,2,0,0.1515,0.4215,0.0626,2,1,0
545.85,1,3,64.64,0,1.6319,0.0,9,1,0.609,0.5325,0.0755,2,1,1
167.01,3,5,146.61,1,1.619,8.7125,5,0,0.5616,0.7798,0.1738,5,1,0
195.65,1,2,180.76,3,1.1646,7.7263,6,0,0.372,0.6164,0.1375,1,0,1
337.63,3,4,189.87,1,0.9926,0.0,8,0,0.4063,0.7355,0.1436,2,1,1
117.53,3,2,22.41,2,1.2946,0.0,7,0,0.6256,0.6107,0.1413,0,1,0
416.71,3,6,113.59,2,2.2524,6.5013,2,1,0.6083,0.5953,0.1184,1,1,1
341.72,4,3,65.53,0,0.7753,0.7842,6,0,0.7493,0.2988,0.1119,0,0,1
158.7,0,4,112.68,3,1.9499,0.0,6,0,0.521,0.6204,0.0381,1,0,1
220.08,1,4,72.65,1,1.8672,9.6806,3,0,0.3367,0.6308,0.087,2,1,1
207.88,3,3,126.77,1,2.1138,0.0,9,1,0.5983,0.7632,0.0517,2,0,1
124.53,2,2,60.3,2,1.4878,0.0,5,0,0.1008,0.4712,0.2391,2,1,0
138.83,2,0,65.33,0,0.8839,0.0,2,0,0.4144,0.5292,0.0076,0,0,0
330.38,6,3,114.54,1,0.6183,7.4411,8,0,0.5536,0.4709,0.0906,1,0,1
68.62,0,4,131.66,2,0.6224,1.7988,7,0,0.4884,0.4567,0.1175,0,0,1
298.89,7,3,196.03,2,1.6018,0.0,9,0,0.2682,0.7028,0.0227,2,1,1
199.35,2,0,55.34,0,0.7474,0.0,7,0,0.625,0.4489,0.1672,0,0,0
135.83,0,5,87.86,2,2.1668,7.2649,4,0,0.5286,0.1732,0.2492,1,1,1
374.01,4,2,58.97,1,0.7244,4.756,7,0,0.3692,0.5074,0.1136,0,0,1
233.05,1,3,24.91,2,0.8623,11.7374,8,1,0.3144,0.5041,0.1416,0,1,0
248.24,6,6,43.8,1,0.8984,2.5609,8,0,0.5101,0.6005,0.1178,0,1,1
273.17,5,1,172.44,0,1.766,3.0513,3,0,0.5806,0.7315,0.0263,4,0,1
152.68,2,5,75.94,2,1.4811,0.0,9,1,0.5513,0.8168,0.1691,2,1,0
265.95,4,2,20.05,0,2.6065,7.9891,3,0,0.6321,0.3231,0.0932,5,1,1
270.61,4,4,193.01,0,1.9384,7.3467,4,0,0.4991,0.2463,0.2419,0,1,1
267.22,2,5,58.25,2,0.8906,7.226,4,0,0.5119,0.1841,0.0923,1,0,0
275.98,4,5,101.47,1,1.9315,0.0,5,1,0.2288,0.7577,0.309,2,1,1
341.11,2,2,58.41,0,0.9872,9.7663,4,0,0.6337,0.5612,0.21,1,0,0
206.22,1,1,123.17,1,1.665,0.0,4,0,0.5471,0.6397,0.1216,0,0,0
316.78,4,2,62.04,2,1.8262,0.0,2,0,0.533,0.4445,0.0352,0,1,1
600.0,3,1,112.82,1,1.0478,0.0,8,0,0.5383,0.7117,0.1102,0,0,1
235.35,4,3,81.15,0,0.538,11.9118,3,0,0.6764,0.5914,0.1943,1,1,1
227.82,1,4,19.25,1,1.3427,0.0,3,1,0.3061,0.6435,0.0402,2,1,0
426.0,0,3,53.55,1,2.2178,0.0,4,0,0.3503,0.4477,0.0211,2,0,1
219.27,2,1,30.37,1,0.3434,0.0,3,0,0.3322,0.1447,0.0714,1,1,0
481.45,3,1,8.84,0,1.3828,0.0,8,0,0.495,0.4125,0.0315,0,1,1
264.71,3,6,79.88,0,1.3597,10.0288,5,0,0.427,0.2324,0.0602,3,1,1
528.15,3,1,193.59,3,1.0959,8.4166,7,0,0.1444,0.5219,0.0012,2,1,1
156.9,1,5,174.51,1,0.9202,0.0,7,0,0.7211,0.578,0.0077,2,1,0
303.84,6,3,71.05,2,1.2138,0.0,9,1,0.7621,0.3727,0.1818,2,1,1
593.25,3,3,89.36,0,3.7118,0.0,4,0,0.4429,0.3936,0.0897,2,1,1
304.04,4,1,60.06,2,2.135,7.0875,1,0,0.5611,0.3259,0.0195,0,1,0
98.96,3,2,33.24,2,0.6861,5.7058,2,0,0.2212,0.5335,0.1511,0,1,0
157.98,2,4,111.9,2,1.7081,0.0,5,0,0.1158,0.6028,0.1407,2,0,0
154.76,1,4,192.95,0,1.2471,0.0,4,0,0.5333,0.4128,0.0979,2,1,0
487.25,6,2,102.67,2,1.0194,0.0,9,0,0.5709,0.2189,0.2639,1,1,1
61.08,2,0,138.43,2,1.6742,4.0901,5,0,0.3536,0.2915,0.2546,1,1,0
351.6,0,1,85.21,3,0.7939,10.4567,9,1,0.4646,0.4849,0.1805,0,1,1
77.88,0,0,131.71,1,2.6367,9.5275,1,1,0.4141,0.4473,0.0911,0,0,1
201.23,1,3,75.12,0,0.6493,0.0,3,0,0.6342,0.5067,0.1653,1,1,0
193.61,6,3,127.82,0,0.7186,6.2966,2,0,0.4696,0.3776,0.1685,1,1,1
338.67,4,2,177.5,3,0.5949,0.0,9,0,0.8309,0.2957,0.093,0,0,1
440.64,2,2,139.1,1,1.6001,0.0,4,1,0.5352,0.3254,0.0516,3,0,1
271.11,3,2,33.38,0,1.2085,0.0,2,1,0.4173,0.7193,0.1721,2,0,0
363.53,7,3,155.52,1,0.9174,0.0,2,1,0.5868,0.3719,0.3108,0,0,1
367.85,2,3,91.94,1,2.3195,10.4734,4,1,0.6868,0.3725,0.04,1,0,1
300.91,2,1,37.88,1,2.0459,0.0,7,0,0.4697,0.5196,0.1791,0,0,1
249.38,2,2,96.26,3,1.3346,0.0,5,0,0.5165,0.5775,0.2109,1,0,1
292.35,3,2,134.74,0,0.6797,12.2172,3,0,0.6081,0.3927,0.1158,0,0,1
431.8,4,2,29.19,0,0.3751,3.1838,8,0,0.4146,0.5823,0.0632,4,0,1
88.86,1,3,149.63,2,1.5274,7.8703,4,0,0.3274,0.2979,0.3086,2,0,1
293.13,1,3,128.48,2,0.7111,0.0,5,1,0.6955,0.4705,0.2411,0,1,0
275.36,2,3,46.85,2,1.5932,0.0,9,0,0.6285,0.5269,0.1456,1,1,0
474.94,4,3,116.78,1,1.1605,0.0,7,1,0.5775,0.2505,0.0112,2,0,1
326.86,5,6,92.89,4,1.7723,8.4311,10,0,0.9035,0.7974,0.2244,2,0,1
215.32,2,1,82.01,2,1.5444,8.3198,8,0,0.2684,0.3779,0.1943,1,1,1
161.25,3,3,32.63,0,1.2916,10.3329,2,0,0.7948,0.3622,0.1382,2,0,1
150.03,3,4,109.36,2,0.8475,0.0,2,0,0.309,0.3256,0.2219,1,0,1
284.96,2,4,85.23,1,1.4792,0.0,5,0,0.7034,0.6092,0.2608,1,0,1
266.58,1,2,36.61,1,2.0013,0.0,10,0,0.4239,0.6887,0.1211,1,0,0
126.74,2,2,88.76,1,1.2564,0.0,1,0,0.6366,0.6709,0.0085,1,0,1
169.47,1,3,50.58,0,1.3393,11.8388,3,0,0.1365,0.4949,0.1384,3,0,1
192.04,1,4,86.64,3,1.7219,0.0,6,1,0.0965,0.6278,0.3316,0,1,1
521.47,2,0,97.15,0,1.3323,0.0,7,0,0.4622,0.6294,0.1975,1,1,1
128.53,0,3,87.01,1,1.404,4.2459,5,0,0.5125,0.4018,0.1265,0,1,1
293.24,6,4,148.8,2,0.8189,7.8713,1,0,0.3698,0.4951,0.1785,1,0,1
251.44,2,2,49.77,1,1.1713,11.4553,4,1,0.673,0.6713,0.0876,1,1,1
404.64,4,0,49.11,0,1.9827,0.0,6,1,0.7991,0.5694,0.146,0,0,0
256.37,3,4,143.85,1,2.4444,0.0,2,0,0.7629,0.3845,0.239,4,1,1
455.12,7,2,64.53,1,1.122,4.9934,2,0,0.5264,0.7359,0.2508,0,1,1
349.64,3,7,45.28,1,1.6468,0.0,3,1,0.4168,0.6558,0.1154,3,0,1
177.98,1,3,15.72,1,1.7721,0.0,2,1,0.8158,0.2802,0.1045,1,0,0
321.13,6,4,85.35,2,1.9223,0.0,5,1,0.3909,0.7331,0.1376,2,1,1
269.27,2,3,39.48,1,1.8313,0.0,2,1,0.198,0.6799,0.1575,0,0,1
382.03,2,4,51.29,1,1.2726,0.0,2,0,0.2763,0.384,0.1877,2,1,1
102.8,1,3,85.24,2,1.2875,0.0,5,0,0.6428,0.4274,0.1242,3,1,1
341.42,4,2,149.06,0,0.4676,0.0,4,0,0.5812,0.3355,0.1044,4,0,0
119.23,2,2,57.49,0,2.0284,0.0,3,0,0.5088,0.593,0.0404,0,1,0
346.86,2,5,41.79,0,1.5547,7.6824,1,0,0.3635,0.4976,0.1791,2,1,1
296.11,1,3,63.31,1,0.8957,1.8239,3,0,0.37,0.2974,0.1372,0,1,1
276.41,1,3,165.2,0,0.7474,0.0,6,0,0.4265,0.7476,0.0433,2,1,0
159.42,2,1,31.66,2,1.4187,11.2011,6,0,0.4173,0.5561,0.2969,2,0,0
480.06,5,2,18.72,1,1.0933,4.1137,2,0,0.8041,0.6009,0.0576,3,0,1
361.15,3,2,75.59,0,1.135,0.0,3,0,0.3106,0.5736,0.169,3,0,1
295.8,3,4,100.35,1,0.7414,3.516,4,1,0.279,0.3684,0.2701,5,0,1
331.19,0,0,53.61,2,1.1479,11.0953,3,0,0.1842,0.34,0.0345,0,0,0
256.6,1,3,29.4,0,0.9344,0.0,6,0,0.5978,0.5813,0.2486,0,1,0
380.09,2,4,43.29,0,1.0282,0.0,4,0,0.7595,0.5898,0.2449,1,1,1
312.92,0,3,141.55,1,1.4543,0.0,1,0,0.6673,0.3191,0.2245,1,1,1
211.79,1,1,165.12,0,1.3053,1.0285,5,0,0.7836,0.4208,0.0696,0,0,1
245.93,6,4,103.35,3,0.7711,0.0,8,0,0.7468,0.3389,0.1593,1,0,1
600.0,5,4,35.59,1,1.4889,12.512,4,0,0.1753,0.5113,0.1028,2,0,1
241.5,4,2,150.36,1,1.0429,0.0,3,1,0.2837,0.3577,0.0145,0,0,0
268.44,5,0,46.36,0,2.2594,0.0,6,1,0.6514,0.5466,0.1224,1,0,0
272.59,3,2,67.33,4,0.6139,3.7843,9,0,0.3982,0.3676,0.0199,0,0,0
277.16,1,2,70.41,1,2.0875,2.2092,5,1,0.7557,0.3781,0.2746,2,0,1
600.0,5,6,132.63,0,0.7728,0.0,5,0,0.5959,0.3055,0.2123,5,1,0
288.27,0,3,212.7,0,2.8087,0.0,5,0,0.2223,0.5419,0.0944,2,0,1
206.35,1,2,81.22,3,1.2131,11.6697,4,1,0.3577,0.3957,0.2143,0,1,1
214.82,1,0,81.78,1,1.1552,0.0,6,0,0.5014,0.4458,0.2259,1,1,1
253.56,3,0,89.64,2,1.0536,0.0,7,0,0.2549,0.3585,0.0168,0,1,1
201.65,2,2,92.32,2,0.889,3.7895,6,0,0.5871,0.1782,0.0918,1,0,0
261.95,5,3,70.95,2,1.9199,0.0,6,0,0.596,0.7445,0.1321,0,1,1
600.0,10,4,70.5,1,1.1187,3.4112,9,0,0.7539,0.8054,0.2305,1,1,1
126.9,2,0,47.65,2,1.3796,0.0,9,0,0.6586,0.6812,0.0035,1,0,1
89.99,1,4,57.84,2,1.2317,0.0,8,1,0.4192,0.3252,0.3417,3,0,1
232.08,3,1,168.92,2,1.3245,0.0,10,0,0.7615,0.1693,0.0519,1,0,1
136.91,3,3,46.46,0,1.1129,0.0,2,1,0.354,0.5441,0.0348,1,0,0
172.94,1,2,198.25,0,1.7839,0.0,7,0,0.7527,0.4373,0.0437,1,0,0
212.62,3,4,153.13,0,0.731,10.1023,4,0,0.5504,0.1878,0.0647,0,0,1
263.92,5,0,192.58,1,0.6399,9.3934,5,0,0.9428,0.4906,0.1426,0,0,0
427.42,1,0,5.92,2,1.423,6.9259,4,0,0.6241,0.3835,0.2823,2,0,1
112.4,1,1,80.03,3,1.6167,0.0,3,0,0.3712,0.4416,0.168,0,1,0
418.42,3,2,36.25,1,1.0893,6.0528,7,0,0.4973,0.5473,0.1064,0,0,1
182.47,5,1,86.71,1,1.2339,0.0,5,0,0.2761,0.4674,0.1325,0,0,1
48.54,1,2,34.53,1,0.8827,0.0,3,0,0.3717,0.122,0.0062,1,1,0
125.19,2,4,41.45,2,0.7051,4.5143,8,0,0.2095,0.2029,0.0842,4,1,1
254.29,2,4,118.22,0,1.7153,0.0,5,1,0.4591,0.4055,0.2468,0,1,0
210.55,3,2,46.25,1,0.7557,8.3889,2,1,0.2395,0.6532,0.2691,3,1,0
105.93,0,3,144.27,1,1.4248,0.0,3,0,0.4679,0.5036,0.3024,0,1,0
294.29,2,4,61.06,1,0.828,0.0,7,1,0.8218,0.3155,0.075,3,0,1
265.98,7,3,220.77,1,1.9216,3.5617,7,1,0.5624,0.6781,0.0558,1,0,1
125.79,2,2,69.25,1,0.9649,11.1053,2,0,0.5118,0.4169,0.0859,0,1,1
231.35,3,3,42.23,0,0.8537,0.0,4,1,0.2648,0.3969,0.1877,1,0,1
257.18,2,1,66.8,3,0.4151,0.0,4,0,0.3483,0.4128,0.1898,3,0,1
182.92,4,1,40.38,3,1.367,12.7354,6,0,0.6939,0.5324,0.0654,0,0,1
252.94,1,0,68.92,2,1.7777,0.0,5,0,0.4645,0.3273,0.1669,0,0,1
149.07,2,2,33.83,1,1.2753,0.0,5,0,0.8557,0.366,0.0138,1,0,1
276.62,1,3,27.37,1,0.9535,7.2423,4,0,0.5323,0.2563,0.0805,1,1,0
426.53,5,1,130.3,3,0.875,0.0,5,1,0.6164,0.4034,0.1976,2,0,1
77.7,2,2,175.04,2,1.3366,0.0,3,0,0.2741,0.6178,0.102,1,0,1
286.66,2,2,49.37,2,0.8731,0.0,3,1,0.3878,0.5474,0.285,1,1,0
278.51,3,3,76.67,2,1.6936,5.4704,4,1,0.5852,0.6577,0.1034,0,0,1
181.11,0,2,221.11,0,2.0414,10.9183,3,0,0.4886,0.2397,0.0382,1,0,1
123.88,2,1,111.0,0,0.6984,5.6345,3,1,0.5736,0.5351,0.0652,0,1,0
286.4,2,2,90.49,0,2.5258,0.0,3,0,0.2205,0.4368,0.066,1,0,1
179.82,1,1,50.87,2,0.8182,6.9226,6,0,0.6415,0.4339,0.1421,1,0,0
309.66,3,4,234.09,0,1.0579,0.0,1,0,0.4444,0.288,0.1863,1,0,0
81.83,1,1,63.67,0,1.1935,0.0,5,0,0.5289,0.635,0.1747,0,1,1
255.96,4,3,168.41,0,1.4267,0.0,4,0,0.4089,0.3485,0.0821,1,1,1
359.62,3,1,15.29,1,1.658,0.0,4,0,0.2363,0.5621,0.073,1,1,1
429.92,6,4,160.44,2,0.9694,0.0,8,0,0.7792,0.3582,0.0338,3,0,1
89.46,0,3,145.03,0,0.9144,0.0,5,0,0.7837,0.4949,0.1357,3,0,1
113.37,3,1,38.77,0,0.866,0.0,3,0,0.2041,0.5784,0.0999,3,0,1
233.91,3,2,48.78,2,0.8725,0.0,3,0,0.6202,0.5067,0.1501,3,0,1
112.54,0,2,16.6,1,1.0426,0.0,2,0,0.1895,0.3066,0.0408,1,0,0
239.56,7,3,85.38,2,1.9743,0.0,5,0,0.284,0.145,0.0159,2,0,1
292.81,2,1,179.22,0,0.5201,5.3345,4,0,0.2465,0.2239,0.0294,1,0,0
413.11,2,1,155.61,2,0.7896,12.9777,9,0,0.3118,0.5999,0.1857,1,0,1
212.87,1,0,87.04,1,2.4372,0.0,7,1,0.2616,0.1772,0.2458,2,1,1
600.0,7,1,112.61,1,0.7839,2.3198,4,1,0.7022,0.5177,0.2018,1,1,1
255.18,3,5,100.34,2,0.7409,0.0,5,0,0.7132,0.7941,0.1044,3,1,0
92.59,1,0,19.35,1,0.8191,0.0,3,0,0.7574,0.3961,0.1773,1,0,1
248.93,2,1,29.42,0,1.1532,0.0,3,0,0.6555,0.1812,0.1557,0,0,1
433.45,3,5,102.75,0,1.589,12.0745,4,0,0.0816,0.3626,0.115,2,1,1
55.06,0,1,34.38,0,1.8463,0.0,1,1,0.502,0.3161,0.3441,0,1,1
108.88,0,0,21.56,2,0.3725,0.0,8,0,0.4853,0.4736,0.0792,1,0,1
573.7,3,2,78.03,0,1.5161,0.0,5,0,0.2247,0.4851,0.2254,0,0,0
420.28,6,2,129.94,3,2.1365,4.5994,8,1,0.556,0.5512,0.2189,2,0,1
159.04,1,1,93.98,1,1.957,0.0,5,0,0.1231,0.6293,0.0176,1,1,1
269.39,2,4,117.17,0,0.7269,0.0,2,0,0.6483,0.5088,0.0608,3,0,0
395.34,1,3,99.15,0,0.7483,9.3849,3,1,0.3595,0.18,0.0497,1,1,1
138.97,4,2,140.67,0,1.3497,0.0,4,1,0.8462,0.4963,0.1371,2,0,1
349.16,5,2,146.59,0,1.1045,0.0,1,0,0.7744,0.6569,0.306,2,0,1
101.41,1,2,195.37,0,1.0717,0.0,4,1,0.7816,0.6327,0.0622,1,1,1
422.48,6,2,73.19,0,0.8311,0.0,3,0,0.434,0.2928,0.0229,0,1,0
326.63,4,2,162.23,2,1.1977,0.0,4,1,0.3846,0.268,0.1139,1,1,0
229.75,1,3,123.68,0,1.1315,0.0,3,1,0.7252,0.6291,0.2823,0,0,0
158.27,0,1,70.11,2,2.0527,0.0,3,0,0.4389,0.4581,0.0939,2,0,1
219.44,1,2,43.95,1,1.4305,0.0,8,1,0.3917,0.3529,0.0263,0,1,1
323.89,2,1,98.79,1,1.0066,4.7623,2,0,0.5086,0.2285,0.2637,2,1,1
89.52,0,1,201.87,1,1.7024,8.8228,3,1,0.7229,0.79,0.0623,2,1,1
222.48,3,1,29.83,0,1.5359,0.0,5,0,0.5152,0.6153,0.1998,0,0,1
176.64,2,0,171.47,0,0.6279,12.0532,2,1,0.5979,0.4735,0.2936,1,0,1
339.51,2,2,43.57,0,1.5573,0.0,4,1,0.1843,0.4768,0.0019,0,1,0
75.23,0,1,18.33,1,0.9689,0.0,2,1,0.3067,0.2718,0.1669,1,0,0
134.93,2,2,55.8,0,0.7828,4.9444,8,1,0.3364,0.1444,0.1217,0,0,1
141.41,2,0,104.61,2,1.3967,0.0,4,0,0.3632,0.6504,0.2105,1,1,1
183.1,5,1,36.43,1,0.9903,8.8166,3,0,0.4772,0.5267,0.0908,2,0,1
375.59,4,2,148.04,0,1.2959,11.226,2,1,0.243,0.3804,0.0504,5,0,1
97.4,1,0,1.93,1,1.0418,6.781,4,0,0.5748,0.2629,0.0276,2,1,0
278.78,3,1,61.3,1,2.1997,5.1746,3,1,0.7087,0.4684,0.1313,5,1,1
250.06,2,4,25.56,3,1.4685,8.6283,6,0,0.4887,0.2941,0.0795,2,1,1
600.0,4,2,149.57,0,0.6859,3.026,2,0,0.4782,0.4948,0.0473,1,0,0
282.51,4,3,115.11,1,0.717,0.0,7,0,0.6202,0.281,0.0845,1,0,1
272.75,6,1,126.17,0,1.7831,9.6311,2,0,0.6923,0.364,0.2236,1,1,1
263.77,0,0,76.33,2,0.8546,0.0,6,1,0.6702,0.2157,0.011,0,1,0
228.21,3,2,192.32,2,1.3706,0.0,9,0,0.6428,0.6401,0.0317,0,0,1
400.42,0,5,178.04,2,1.1998,7.0829,5,0,0.396,0.6769,0.0658,5,1,1
506.21,2,1,11.47,0,1.2053,14.1216,1,1,0.5436,0.4899,0.2327,0,1,1
243.54,5,4,214.25,0,1.5138,8.599,1,1,0.6746,0.4566,0.119,1,0,1
89.03,2,3,64.69,1,2.4262,0.0,3,0,0.4898,0.766,0.1349,3,0,0
380.25,2,3,84.21,0,3.4694,2.7733,3,1,0.6195,0.4168,0.3497,0,0,1
273.33,4,2,74.99,2,1.824,3.0263,3,0,0.6165,0.4201,0.0653,1,1,0
266.72,6,3,183.16,2,1.0655,0.0,6,0,0.496,0.6856,0.2059,3,1,1
166.6,2,2,172.22,2,0.7993,8.5994,4,0,0.5409,0.4178,0.1376,0,0,0
192.05,4,3,111.41,0,1.8977,0.0,3,0,0.5278,0.3913,0.1563,1,1,1
61.46,1,0,54.55,1,1.1702,1.0412,7,0,0.1266,0.4423,0.1092,3,1,0
253.87,4,1,80.08,0,0.7959,3.1376,7,0,0.4011,0.4205,0.2823,2,0,1
256.53,2,2,20.39,1,1.3458,0.0,3,1,0.6992,0.5243,0.2548,0,0,1
562.99,4,1,26.62,0,1.7032,0.0,6,1,0.2155,0.0902,0.1641,1,1,1
567.68,1,3,135.62,2,2.4319,5.7001,2,1,0.4087,0.6061,0.1575,1,0,1
239.87,0,4,88.14,1,1.1909,3.6882,8,1,0.4885,0.3142,0.0855,2,0,1
429.76,5,1,82.35,1,1.4016,0.0,3,0,0.5124,0.6091,0.0471,1,0,1
438.28,3,4,55.42,0,0.9305,0.0,4,0,0.5689,0.6154,0.1587,2,1,0
380.25,3,0,202.76,0,0.5565,1.9498,4,0,0.414,0.1348,0.2851,4,0,1
180.25,1,0,13.64,2,1.0269,0.0,7,0,0.291,0.2773,0.0845,2,1,1
600.0,2,4,86.66,1,1.0122,10.7365,7,0,0.4232,0.8168,0.1933,1,1,1
177.39,2,2,72.62,0,0.5891,2.7164,2,1,0.7567,0.1345,0.0524,1,0,1
137.09,0,1,194.55,2,1.3784,0.0,4,0,0.3894,0.641,0.0603,0,1,1
286.95,3,5,56.73,1,2.7839,10.2787,8,0,0.7884,0.7677,0.0787,1,0,1
179.59,4,4,100.68,2,1.0519,0.0,5,0,0.8442,0.679,0.1154,4,0,1
528.41,3,2,83.38,0,1.424,0.0,3,1,0.5003,0.5031,0.2238,4,0,1
180.37,3,3,120.81,0,0.5868,0.0,7,0,0.4663,0.5027,0.3566,0,0,1
137.96,1,2,21.94,2,0.8346,3.3406,9,0,0.7503,0.2589,0.0236,0,0,1
175.44,3,0,87.5,2,1.0374,2.5113,7,1,0.5139,0.3494,0.0137,2,1,0
282.24,4,4,70.89,1,0.876,0.0,6,0,0.3907,0.1523,0.027,1,1,1
419.66,5,5,38.52,0,0.7169,5.1392,2,0,0.5248,0.2453,0.1852,4,0,1
376.83,4,1,62.72,2,1.2595,0.0,5,0,0.3271,0.6599,0.129,0,1,0
152.8,1,1,158.91,1,1.5043,0.0,1,0,0.1401,0.3394,0.3215,1,1,1
82.82,2,2,37.34,1,0.951,0.0,6,1,0.1192,0.6257,0.1646,0,0,1
152.14,2,4,84.87,1,1.0131,13.2747,3,1,0.6669,0.6266,0.2078,4,1,0
200.35,1,2,152.31,1,1.5452,8.3933,4,1,0.5378,0.3703,0.07,3,1,0
267.55,3,0,122.92,1,2.3294,0.0,3,0,0.1113,0.7239,0.1107,2,0,0
289.11,1,3,125.31,3,1.7072,0.0,4,0,0.3243,0.4535,0.1163,1,0,0
75.52,1,3,67.66,2,1.36,0.0,6,1,0.4272,0.3734,0.0246,2,1,0
236.02,2,1,130.51,0,1.9334,0.0,4,1,0.529,0.6368,0.1221,0,0,0
525.22,3,0,137.38,3,1.303,10.8709,8,1,0.777,0.5554,0.0998,0,0,1
447.49,2,0,131.09,0,1.0139,0.0,4,0,0.5949,0.3704,0.0373,2,0,1
234.67,4,4,140.39,3,1.8866,12.9821,8,0,0.416,0.5835,0.2029,2,1,1
117.55,1,0,75.31,1,1.6475,0.0,1,0,0.3404,0.4894,0.0405,0,0,1
264.41,0,1,190.0,0,1.2876,2.1326,4,0,0.1374,0.1518,0.0622,0,0,0
495.21,3,4,64.89,0,1.4135,0.0,3,0,0.6233,0.2474,0.1159,1,0,1
352.12,6,1,31.21,1,1.6231,0.0,8,0,0.0175,0.5724,0.156,1,1,1
37.44,0,1,117.15,0,1.4743,10.6632,7,1,0.7573,0.4298,0.1071,2,0,0
206.78,4,1,196.43,1,0.6291,0.0,3,0,0.8544,0.2501,0.0868,1,1,0
316.94,2,3,64.65,0,1.0667,8.213,5,0,0.3963,0.5188,0.2413,2,1,0
268.43,6,3,86.44,2,2.3879,0.0,9,0,0.7882,0.5784,0.1343,1,0,1
215.8,4,3,67.1,2,0.9911,12.5195,2,1,0.4242,0.7235,0.1367,0,1,1
274.57,3,2,74.32,0,0.5438,2.7139,1,1,0.492,0.1816,0.0192,1,0,1
90.54,2,2,135.87,1,2.2423,2.4885,7,0,0.6195,0.2354,0.0465,1,1,1
600.0,6,2,149.1,1,1.2823,13.2713,8,0,0.4012,0.8111,0.0649,2,0,1
255.72,4,5,212.93,3,1.545,6.1524,5,0,0.712,0.2636,0.2447,0,0,1
130.18,3,2,61.79,0,1.3667,0.0,4,0,0.3162,0.3133,0.2037,3,1,0
160.48,2,0,171.2,2,1.2881,0.0,5,1,0.5923,0.6245,0.155,0,1,1
118.97,1,3,186.8,1,2.8823,0.0,4,1,0.529,0.5264,0.1413,4,1,1
368.44,5,4,79.45,1,0.8263,0.0,1,0,0.9224,0.4236,0.0919,2,0,1
234.13,3,2,258.71,2,0.6824,0.0,9,0,0.7698,0.4414,0.0242,1,0,1
240.41,3,0,25.65,1,0.8097,0.0,7,0,0.8246,0.3805,0.1267,0,1,1
600.0,4,4,84.41,0,2.3815,0.0,7,0,0.6901,0.3692,0.1348,3,0,1
144.29,2,2,138.95,0,0.8847,5.6234,2,0,0.3514,0.6384,0.2399,1,0,0
314.9,6,2,163.42,2,1.527,0.0,5,1,0.5967,0.6625,0.0782,2,0,1
41.53,1,0,226.64,3,0.9913,2.5409,4,0,0.5047,0.5376,0.0378,0,0,1
600.0,5,4,48.55,0,0.7808,0.0,3,0,0.6347,0.5407,0.1141,1,1,0
165.26,3,2,125.83,1,0.5323,13.012,4,0,0.1879,0.6142,0.1953,1,1,0
222.99,2,3,93.65,1,1.1598,0.0,3,0,0.5153,0.3848,0.0945,4,0,0
115.72,2,2,62.71,1,1.341,7.2077,3,1,0.2469,0.5393,0.0695,0,0,0
192.05,3,3,28.8,0,2.5702,0.0,3,0,0.6172,0.5518,0.0606,2,0,0
286.23,5,3,79.21,3,1.5268,0.0,6,0,0.6549,0.6931,0.0818,0,1,1
335.29,6,2,171.82,1,1.907,0.0,4,1,0.516,0.643,0.1001,2,0,0
140.37,2,3,14.6,0,1.7425,0.0,5,0,0.1247,0.5829,0.0377,0,0,0
201.6,2,3,82.91,0,2.3915,0.0,3,0,0.6472,0.8436,0.0116,1,0,0
15.31,0,0,34.78,1,0.9185,0.0,1,0,0.364,0.3836,0.037,1,1,0
166.95,1,2,74.64,2,1.1215,0.0,2,0,0.6674,0.4193,0.2403,4,0,1
137.91,3,1,61.72,1,1.1904,0.0,4,1,0.3271,0.6199,0.1952,3,0,0
561.12,2,2,117.65,3,1.747,0.0,6,0,0.724,0.4166,0.0187,2,0,1
135.3,2,2,35.84,1,1.1415,6.0863,4,0,0.4337,0.3189,0.1256,1,1,0
421.54,1,4,77.51,2,1.6876,0.0,7,1,0.4372,0.3889,0.1267,1,0,1
206.27,3,0,124.57,0,3.9899,6.9438,2,0,0.3826,0.6132,0.1621,0,1,1
445.7,9,6,68.33,0,1.0249,8.0279,6,1,0.68,0.4802,0.1576,2,0,1
277.16,1,3,85.53,0,1.6705,0.0,3,0,0.5772,0.6434,0.2138,2,0,1
221.35,2,0,158.56,1,1.7329,0.0,5,0,0.5788,0.71,0.0869,1,1,0
582.1,3,2,31.26,2,0.3263,0.0,6,0,0.3174,0.1516,0.0363,1,0,1
345.01,1,2,43.37,1,0.6304,0.0,6,1,0.638,0.7004,0.3244,1,0,1
321.4,3,1,52.96,1,1.1195,0.0,9,0,0.233,0.3284,0.1719,1,0,1
98.63,0,2,142.64,1,0.9112,0.0,3,0,0.707,0.5681,0.1863,1,0,0
83.86,0,0,55.09,2,0.5281,0.0,6,0,0.2693,0.135,0.0482,0,1,0
291.32,1,4,33.68,2,0.2693,0.0,3,1,0.2411,0.4214,0.0887,1,1,0
249.26,2,1,144.82,2,2.0247,0.0,5,1,0.6041,0.4177,0.0411,0,1,0
238.16,3,4,103.37,1,0.6383,7.3525,5,0,0.2171,0.3464,0.2951,1,1,0
448.47,8,1,81.65,2,1.4666,0.0,4,0,0.2629,0.3435,0.0959,0,0,1
312.11,3,4,76.28,2,1.0693,10.4707,3,0,0.4732,0.4263,0.2364,1,0,1
469.41,3,0,143.03,0,1.3928,10.604,3,0,0.5379,0.5866,0.1757,0,0,0
426.83,5,3,85.19,1,1.1967,0.0,2,0,0.1621,0.6757,0.063,1,0,1
370.17,1,1,46.1,0,0.8893,0.0,1,1,0.4606,0.6352,0.08,3,0,0
110.43,1,1,24.4,0,1.0688,0.0,2,0,0.6493,0.5835,0.0436,0,1,0
552.43,6,2,58.4,2,1.3628,5.1383,8,1,0.8586,0.299,0.1379,3,0,0
246.4,2,1,222.38,2,1.3943,0.0,5,0,0.4553,0.5487,0.2968,3,0,0
210.88,5,3,92.03,2,3.2769,0.0,5,0,0.5458,0.4347,0.0714,0,1,1
175.04,2,2,128.42,2,0.7119,7.0029,2,0,0.7109,0.3552,0.1001,1,1,0
557.82,3,4,111.69,1,0.8481,0.0,5,0,0.1539,0.3915,0.0964,0,1,1
434.66,6,1,117.29,1,0.9842,0.0,6,1,0.208,0.3981,0.3548,2,0,1
196.86,1,4,122.46,1,1.5947,12.2147,2,0,0.6235,0.4375,0.1051,1,1,1
347.78,2,3,90.32,0,1.7877,8.0456,1,1,0.5492,0.5569,0.2941,2,0,1
251.27,5,1,143.37,1,0.7934,10.2807,3,1,0.6007,0.5396,0.204,2,0,1
172.98,3,1,104.6,0,0.9723,0.0,3,0,0.2098,0.5297,0.1486,2,0,1
186.03,4,1,101.92,2,1.4559,12.0173,7,1,0.5052,0.5996,0.2466,1,0,1
461.89,7,3,50.83,0,0.9095,0.0,2,1,0.6407,0.4268,0.2084,3,0,1
387.97,1,5,100.19,0,0.7229,8.6598,2,0,0.2768,0.1785,0.0851,0,0,0
431.07,2,1,60.74,2,1.3537,0.0,9,1,0.0424,0.5898,0.005,1,1,0
317.44,7,4,94.63,0,1.4015,5.6147,5,0,0.4345,0.5395,0.0681,0,1,0
179.94,2,2,148.75,2,2.0394,10.0982,8,1,0.747,0.6185,0.3068,2,0,1
205.67,2,1,32.39,0,1.7497,6.8413,5,0,0.3895,0.5579,0.0619,1,1,1
220.61,4,1,181.15,1,3.2175,0.0,4,0,0.8586,0.6465,0.1861,1,1,1
375.34,5,3,162.67,1,1.4639,4.048,4,0,0.7263,0.1686,0.0789,3,1,1
600.0,3,4,103.89,1,2.2927,2.7972,3,1,0.5228,0.446,0.0709,1,1,1
254.93,5,2,63.88,0,3.0749,0.0,6,1,0.1522,0.7568,0.0779,2,1,0
209.57,5,2,69.02,2,0.7232,0.0,6,0,0.3083,0.4148,0.0923,2,0,1
151.99,3,2,21.36,2,1.2759,0.0,3,1,0.4832,0.7288,0.1285,0,0,0
128.47,0,1,19.67,1,1.0322,6.1725,4,0,0.528,0.777,0.0819,0,1,0
96.88,1,2,223.19,1,1.0454,0.0,4,0,0.3291,0.5765,0.0443,1,1,0
187.33,1,4,127.02,0,1.0916,0.0,3,1,0.621,0.4895,0.1474,1,0,0
229.66,0,1,179.94,3,1.3268,0.0,5,0,0.745,0.5463,0.1439,1,0,1
562.81,3,6,117.29,0,1.4849,0.0,3,0,0.706,0.4547,0.1435,1,1,0
70.67,2,0,132.13,0,1.1093,0.0,2,1,0.5936,0.6352,0.1316,0,1,0
196.16,5,3,95.03,0,1.1293,0.0,5,1,0.2402,0.531,0.1486,5,1,1
281.33,5,5,159.83,2,1.694,0.0,5,0,0.6238,0.4083,0.1324,3,1,1
149.44,1,1,53.06,0,1.4703,0.0,1,0,0.4586,0.3989,0.0426,1,0,1
579.71,3,4,34.74,0,1.6818,0.0,6,1,0.1768,0.2803,0.1162,1,0,0
68.12,2,3,163.39,3,1.2409,0.0,2,0,0.5968,0.6309,0.0947,2,0,1
361.4,4,3,26.31,1,2.3514,0.0,6,0,0.7679,0.3523,0.1248,2,0,1
516.8,5,3,125.15,1,1.6678,0.0,4,1,0.6241,0.3188,0.0277,3,0,0
143.76,1,3,158.54,0,1.188,0.0,3,0,0.48,0.512,0.283,4,0,1
88.26,1,2,119.78,2,1.1061,0.0,7,0,0.5085,0.7851,0.0457,0,0,0
323.39,1,2,82.28,1,0.7576,0.0,4,0,0.7242,0.3268,0.1487,0,0,0
102.63,1,2,139.41,1,1.178,0.0,3,1,0.6762,0.4266,0.0946,1,0,0
409.39,1,2,116.4,1,0.9171,0.0,2,1,0.3416,0.3055,0.1754,1,0,0
245.33,1,0,193.4,1,1.3302,0.0,5,1,0.3056,0.1645,0.0376,1,1,1
154.71,2,2,69.87,0,0.7046,6.0649,6,0,0.3737,0.3188,0.1294,3,0,0
294.94,3,5,52.86,2,1.3836,10.4582,4,0,0.2253,0.5561,0.0838,5,0,0
356.43,4,3,68.16,0,1.0032,6.364,1,0,0.7477,0.4704,0.0689,2,0,1
161.6,1,2,79.28,0,0.9412,4.3501,2,1,0.7655,0.3069,0.0379,1,0,1
296.82,5,4,156.28,2,0.8356,0.0,6,0,0.4035,0.5915,0.2619,2,0,1
206.03,1,1,114.71,3,1.3255,0.0,6,1,0.4431,0.3075,0.079,1,0,1
145.07,3,1,55.76,3,2.1049,0.0,7,1,0.2647,0.5716,0.0711,0,1,0
473.32,9,5,60.31,4,1.1803,0.0,3,0,0.6446,0.6744,0.2463,2,0,1
209.59,3,2,100.78,1,1.5941,0.0,5,0,0.7905,0.3795,0.0287,0,0,1
58.92,2,2,125.94,1,1.7215,1.0708,1,0,0.5325,0.6438,0.0765,1,1,0
373.36,1,4,99.18,3,0.6788,0.0,4,0,0.3645,0.1809,0.1347,3,0,1
485.48,6,5,105.6,0,1.8511,0.0,1,0,0.9413,0.5687,0.1164,2,0,1
236.43,1,3,44.96,1,1.215,0.0,2,0,0.0654,0.4056,0.2651,3,1,1
299.94,6,0,155.26,1,1.4885,0.0,4,0,0.6579,0.4722,0.1826,2,1,1
192.98,2,1,142.2,1,0.8883,0.0,5,0,0.3864,0.4538,0.3923,2,1,0
306.04,4,5,82.63,0,1.9446,0.0,1,0,0.2491,0.4111,0.1424,4,1,0
457.44,3,3,2.81,0,1.5433,0.0,2,1,0.1546,0.8046,0.1348,1,1,1
323.42,9,2,121.84,2,2.8961,0.0,3,0,0.4212,0.5484,0.0191,1,0,1
348.03,8,2,92.11,0,0.7721,0.0,5,1,0.6781,0.4794,0.067,1,1,1
81.78,1,1,32.67,0,1.2072,0.0,2,0,0.4884,0.5332,0.0403,1,0,1
459.26,6,2,169.04,2,0.5432,7.5202,5,0,0.3448,0.5736,0.063,0,1,1
353.23,2,1,15.97,1,2.0278,0.0,5,0,0.4401,0.7333,0.1701,2,1,1
392.59,4,5,126.55,0,0.7562,11.6393,4,0,0.2564,0.4592,0.1398,1,1,0
464.69,10,3,193.18,0,2.336,5.0809,4,0,0.6783,0.5741,0.1015,4,0,1
495.92,9,4,52.75,1,1.2763,0.0,2,0,0.2448,0.5296,0.2184,3,0,0
196.53,4,2,49.82,1,0.507,0.0,3,0,0.3856,0.5125,0.0893,1,0,1
287.88,2,2,80.57,2,1.1802,5.5159,2,1,0.5145,0.5423,0.1514,0,0,0
265.31,4,4,35.51,1,3.3364,0.0,7,1,0.2075,0.5488,0.1085,2,1,1
456.74,8,3,48.88,3,0.8513,7.1727,8,0,0.4163,0.6432,0.0831,1,1,1
526.17,3,1,47.92,0,1.212,5.2554,6,0,0.39,0.5307,0.1287,2,1,1
404.11,5,5,129.34,0,2.7013,0.0,4,0,0.3483,0.2332,0.0351,0,1,1
320.97,6,4,136.12,1,1.5209,0.0,6,1,0.2605,0.4462,0.0524,0,0,1
282.09,5,4,121.73,1,1.4465,5.5106,9,0,0.4785,0.5002,0.238,2,0,1
353.75,5,2,68.31,0,2.2372,0.0,5,1,0.4329,0.7134,0.2793,3,1,1
162.59,2,4,20.4,2,0.9548,0.0,9,0,0.6873,0.2536,0.008,0,0,1
314.89,1,4,159.18,1,1.3814,0.0,3,0,0.3534,0.3021,0.3043,0,0,1
363.5,1,3,76.73,0,2.8008,0.0,2,1,0.2179,0.4665,0.1233,1,1,1
128.42,2,1,154.54,2,1.1809,0.0,2,0,0.542,0.4015,0.1165,0,0,1
162.94,3,2,124.87,2,1.0333,9.5728,8,0,0.6518,0.6916,0.1666,0,1,0
184.44,4,2,61.99,2,1.7894,0.0,2,0,0.8366,0.2698,0.1429,1,0,1
262.81,3,6,108.63,4,1.3715,0.0,9,0,0.5485,0.494,0.0931,2,0,1
300.13,1,0,81.6,0,1.8555,0.0,2,0,0.8013,0.3489,0.0885,1,1,0
458.36,5,2,67.07,2,2.8812,0.0,1,0,0.7595,0.4287,0.1026,2,0,0
319.81,1,3,116.72,1,2.3937,4.7177,5,0,0.2434,0.5944,0.0515,1,1,0
231.7,3,0,112.07,0,1.1744,7.6028,10,1,0.5222,0.5053,0.1064,0,0,1
94.86,1,1,20.37,0,1.6344,0.0,6,0,0.7172,0.3367,0.125,2,1,0
205.45,2,5,105.49,4,0.609,3.8013,9,1,0.7506,0.2121,0.0477,1,0,1
424.57,5,3,152.55,1,1.2774,0.0,5,0,0.3451,0.4614,0.1625,1,0,1
408.85,3,2,69.01,1,3.6053,0.0,3,0,0.4193,0.4459,0.3327,0,1,1
393.48,5,4,70.54,1,1.0312,0.0,3,0,0.2916,0.2434,0.2407,2,1,1
304.3,5,5,100.68,2,1.3967,6.7589,5,1,0.6377,0.2937,0.1174,2,1,1
387.04,1,3,37.93,1,2.1493,0.0,5,0,0.3751,0.2497,0.0748,2,0,0
396.03,1,0,96.58,1,1.1251,7.1226,5,1,0.2573,0.4354,0.0415,1,1,1
311.27,4,2,156.16,0,1.2185,0.0,3,0,0.6364,0.4703,0.0286,1,0,1
79.73,2,2,196.72,1,2.1836,0.0,6,0,0.3161,0.6977,0.083,1,0,1
283.48,3,1,81.75,2,1.2543,0.0,10,0,0.7165,0.6741,0.2053,1,1,1
144.17,4,0,88.89,2,2.0309,0.0,7,0,0.4895,0.6699,0.092,0,0,1
272.99,4,4,89.43,0,0.9946,3.7711,4,1,0.4048,0.4727,0.2487,3,0,0
327.48,4,3,57.22,0,1.1377,0.0,5,0,0.24,0.5721,0.1046,2,0,0
262.87,2,1,41.44,2,1.1088,5.5739,3,0,0.5239,0.3911,0.2146,1,0,0
174.22,2,0,130.78,3,0.5522,2.6387,10,0,0.2377,0.4129,0.0053,1,1,0
67.66,1,0,6.56,0,0.8556,0.0,2,0,0.4025,0.5849,0.2234,0,0,0
396.17,3,2,76.06,1,0.7075,0.0,4,0,0.4451,0.6884,0.0924,3,0,0
412.22,3,5,6.9,2,1.556,8.9865,6,0,0.381,0.4413,0.0805,1,1,1
100.47,0,1,119.81,1,1.1772,5.7196,4,1,0.4408,0.381,0.0043,1,1,1
565.29,6,3,175.37,1,0.9248,0.0,8,0,0.3378,0.4243,0.0935,3,1,1
403.18,3,6,59.14,1,0.6722,2.7572,5,0,0.3309,0.5999,0.0928,2,1,0
386.31,0,5,132.31,0,3.1578,6.8937,4,0,0.2647,0.5218,0.0319,2,0,1
183.07,3,2,121.24,1,0.9589,1.4936,3,0,0.8106,0.5371,0.0099,1,0,1
166.61,3,2,77.47,2,1.7356,0.0,3,1,0.5599,0.6318,0.2157,1,1,0
198.44,3,3,52.27,1,2.2109,2.1675,3,0,0.625,0.5897,0.0489,2,0,0
134.12,2,3,148.29,3,0.7498,3.746,5,1,0.3264,0.6049,0.0437,2,0,0
291.93,1,2,129.81,0,3.3482,0.0,1,0,0.603,0.5264,0.094,4,0,0
404.3,4,1,62.86,1,0.4968,10.2549,4,0,0.4488,0.4516,0.0672,1,0,0
79.38,0,0,117.79,1,1.1415,1.8844,5,0,0.3805,0.5242,0.1571,1,0,0
165.5,2,3,52.39,2,1.718,9.5704,5,0,0.4497,0.5492,0.0521,0,1,1
375.02,4,0,119.53,0,0.7552,10.6881,6,0,0.0895,0.6329,0.0894,0,0,1
139.06,2,2,128.89,2,2.2713,5.2528,10,0,0.6171,0.5709,0.0228,0,1,1
397.65,3,2,38.64,2,1.002,0.0,3,0,0.5239,0.4168,0.0335,0,0,1
473.73,5,5,128.42,2,0.9753,0.0,9,0,0.5604,0.2505,0.2311,1,0,1
354.18,5,2,192.86,0,1.756,0.0,3,0,0.8078,0.4647,0.152,1,0,1
254.44,1,5,69.13,2,2.7962,0.0,6,0,0.3898,0.7014,0.2053,1,0,1
304.73,3,4,51.66,2,0.8847,0.0,4,1,0.7796,0.7832,0.2434,0,1,0
210.35,4,2,40.33,0,1.4876,0.0,6,0,0.6275,0.5653,0.2643,2,0,1
415.13,4,5,154.93,2,1.5421,0.0,8,0,0.5387,0.8214,0.1219,4,1,1
315.15,4,2,5.93,0,1.1481,0.0,5,1,0.6097,0.4316,0.0681,0,0,1
283.0,1,3,183.57,1,2.2171,0.0,5,0,0.4094,0.5711,0.1784,0,0,1
118.6,1,4,68.74,1,2.1743,0.0,4,0,0.2497,0.6624,0.173,1,0,0
195.38,0,2,83.78,2,0.7446,12.3119,1,0,0.829,0.3439,0.0482,0,1,0
561.19,4,4,70.89,0,1.1133,2.0112,4,0,0.5134,0.1831,0.0815,0,0,1
301.01,5,2,102.85,1,0.4608,0.0,1,0,0.5672,0.4067,0.3454,0,1,1
425.8,1,0,74.12,0,1.3893,0.0,2,0,0.7232,0.4895,0.2249,0,0,1
161.25,1,0,134.11,0,0.6702,0.0,8,0,0.3514,0.3202,0.0669,1,0,0
54.25,2,1,96.43,0,1.2211,12.6971,6,0,0.0972,0.3095,0.0067,1,0,0
153.55,0,2,34.83,2,2.21,5.3956,7,0,0.4641,0.4602,0.1257,1,0,1
307.8,5,2,205.85,1,1.9435,0.0,2,0,0.2647,0.7237,0.0319,3,0,1
256.5,2,0,20.81,0,1.1063,0.0,3,0,0.5466,0.5155,0.0672,0,0,0
146.58,1,2,43.91,0,1.3879,7.7403,3,0,0.797,0.6145,0.1084,0,1,0
308.77,2,3,138.3,3,1.6028,0.0,2,1,0.3353,0.5616,0.0458,1,0,1
118.26,0,0,88.57,0,1.0442,0.0,3,0,0.4702,0.7357,0.0665,1,1,0
236.57,0,2,111.92,0,2.5321,0.0,3,0,0.7926,0.4432,0.1626,4,1,1
488.58,3,5,112.03,0,0.5913,8.6144,3,0,0.5944,0.4733,0.1722,3,0,1
459.92,5,6,69.93,1,3.5882,0.0,2,1,0.3216,0.8314,0.0515,2,1,1
237.61,1,1,44.07,1,1.1559,0.0,7,0,0.5804,0.4689,0.023,3,0,1
42.97,1,2,126.51,3,1.0175,0.0,3,1,0.3808,0.7923,0.0647,0,0,0
429.25,1,3,11.47,1,0.5984,0.0,5,0,0.8769,0.3695,0.1003,0,0,1
581.31,4,3,133.53,1,1.5979,0.0,8,0,0.7606,0.591,0.0914,1,0,1
475.86,6,3,87.07,1,1.0248,3.1955,2,0,0.1408,0.43,0.1711,1,0,1
119.89,2,4,108.14,1,1.4566,0.0,5,0,0.6177,0.499,0.1611,1,1,1
301.84,3,1,61.94,0,1.0707,0.0,1,0,0.2147,0.2061,0.0451,5,1,1
600.0,5,1,67.84,3,2.2766,0.0,5,0,0.3719,0.427,0.0884,3,0,1
305.9,4,1,124.39,1,1.0559,0.0,4,0,0.2819,0.6346,0.0729,5,0,1
153.99,0,2,87.65,1,2.3265,3.9359,1,0,0.2211,0.6575,0.0551,1,1,0
125.55,4,1,65.94,5,1.1099,0.0,7,0,0.3639,0.307,0.135,1,1,1
220.21,3,1,21.04,3,1.0477,0.0,2,0,0.6268,0.3879,0.0872,1,1,1
555.21,5,5,71.83,4,1.4441,6.5673,9,0,0.6375,0.3841,0.0797,1,1,1
569.03,3,3,80.17,3,0.4838,1.2413,2,0,0.7329,0.2525,0.1225,1,0,1
383.22,2,4,172.22,2,0.6119,9.0268,6,0,0.5212,0.4942,0.1396,3,0,1
95.89,0,4,89.08,3,0.6447,5.7637,10,0,0.4909,0.4407,0.3259,0,0,1
99.37,3,3,7.11,0,1.2264,2.2121,5,0,0.4364,0.3139,0.092,1,0,1
313.47,2,4,67.49,1,1.3613,0.0,7,0,0.4637,0.5594,0.2113,1,0,0
300.56,3,3,79.61,0,1.4979,0.0,5,0,0.5082,0.3784,0.2384,2,1,0
164.22,4,3,74.09,1,0.7121,0.0,5,0,0.2363,0.6998,0.0651,4,0,1
376.24,10,5,163.95,2,2.3695,3.1516,5,1,0.5402,0.1834,0.2732,3,0,1
154.31,4,3,120.14,0,2.2018,5.7631,7,1,0.5057,0.4785,0.0216,1,0,1
251.87,2,3,15.4,0,1.0647,0.0,5,0,0.2946,0.2891,0.1108,2,1,1
367.86,5,1,32.81,0,2.8941,0.0,8,1,0.2874,0.6219,0.1647,2,1,1
276.39,5,0,75.21,0,1.4827,0.0,5,0,0.475,0.4035,0.2357,3,0,0
296.07,3,3,43.97,1,1.3181,4.0439,3,0,0.7165,0.6263,0.1641,1,1,1
377.58,3,2,125.11,2,2.0313,0.0,7,0,0.2453,0.5582,0.161,1,0,0
470.98,6,3,102.01,0,0.6859,6.754,4,0,0.3434,0.6249,0.1927,3,0,1
536.9,4,5,198.31,1,2.023,0.0,4,1,0.4528,0.5433,0.3077,0,0,1
86.66,1,2,126.0,2,2.5222,4.8334,8,1,0.4027,0.58,0.1025,1,0,1
471.06,4,7,103.59,0,0.3741,7.745,5,1,0.4934,0.4612,0.1616,0,1,1
310.42,2,2,70.46,2,0.7156,8.7145,5,0,0.421,0.6467,0.2809,2,0,1
423.48,2,1,127.0,1,1.4087,6.3855,5,0,0.5223,0.4368,0.0666,1,1,0
316.95,2,3,85.4,0,2.2429,5.1187,6,1,0.4263,0.5721,0.0823,0,1,1
488.41,0,0,63.33,1,0.882,0.0,4,0,0.1848,0.4587,0.2064,0,1,0
98.26,2,2,37.11,1,1.9235,0.0,4,1,0.4269,0.4607,0.0044,1,0,0
154.4,1,1,33.36,0,1.3309,0.0,4,0,0.4138,0.5349,0.2007,2,0,1
166.7,0,3,20.75,2,1.0133,3.4469,6,0,0.6968,0.674,0.1893,3,0,1
377.41,6,2,113.74,0,1.3647,0.0,1,0,0.554,0.5976,0.1913,2,0,0
231.54,2,1,91.71,0,0.7293,0.0,3,0,0.4309,0.6277,0.0791,0,0,0
402.77,2,2,232.69,0,0.4966,4.4474,4,1,0.3875,0.2765,0.1859,0,0,1
182.66,0,2,146.67,3,0.8203,0.0,7,1,0.4854,0.3082,0.0562,0,1,1
277.42,3,2,30.55,3,0.922,0.0,9,0,0.4126,0.4729,0.1691,2,0,1
166.34,4,1,78.85,3,0.7291,0.0,5,1,0.5823,0.3913,0.0665,1,1,0
186.04,3,6,158.95,0,1.5715,0.0,2,0,0.4173,0.475,0.4441,4,0,1
222.52,5,6,77.33,0,1.2811,7.9904,4,1,0.386,0.22,0.2961,2,0,1
171.17,4,1,28.33,1,0.7901,4.308,8,0,0.558,0.66,0.0469,1,0,1
165.76,1,3,61.11,2,3.2376,0.0,6,0,0.8012,0.4439,0.0616,2,0,1
300.89,0,1,60.87,1,1.1185,0.0,6,1,0.4674,0.5259,0.048,1,0,1
162.08,1,1,125.46,3,2.7257,11.3173,9,0,0.3231,0.4307,0.1243,1,1,1
189.59,5,1,57.17,5,0.5386,1.7611,10,0,0.3083,0.4001,0.202,3,1,0
271.18,2,3,98.42,0,0.8229,0.0,2,1,0.3329,0.5568,0.0888,1,0,1
47.66,1,2,143.38,1,1.0276,11.2976,3,0,0.1778,0.4847,0.1497,1,1,0
98.43,0,0,59.48,2,1.3497,0.0,7,0,0.2569,0.4558,0.1689,0,0,1
307.97,2,1,16.35,2,1.1852,0.0,6,0,0.2255,0.4486,0.0452,1,1,1
458.79,2,4,123.0,1,2.599,10.0186,7,0,0.2428,0.5763,0.0609,1,0,1
326.12,5,5,22.93,0,1.2985,9.3833,5,0,0.5548,0.5194,0.1608,1,0,1
187.53,1,2,98.22,2,1.4765,0.0,5,0,0.5588,0.6166,0.2074,4,1,0
261.79,4,3,118.07,1,1.4757,0.0,3,0,0.2081,0.4611,0.1039,1,1,1
278.92,2,2,113.04,0,0.9482,11.4098,5,0,0.5132,0.181,0.3426,2,0,1
331.97,3,1,127.91,3,1.4317,0.0,5,0,0.5652,0.5947,0.1653,1,0,0
434.3,2,4,129.25,1,3.173,0.0,4,0,0.8095,0.615,0.2006,0,0,1
288.23,1,2,38.05,1,2.6559,5.1377,2,0,0.7076,0.4085,0.102,2,1,1
190.34,4,4,122.52,1,1.5802,3.1722,5,0,0.658,0.5756,0.1857,3,0,1
406.05,3,2,70.28,1,0.7054,0.0,2,0,0.7265,0.3057,0.1316,2,0,1
374.42,0,1,35.34,1,0.9263,0.0,2,0,0.6683,0.3701,0.1557,0,0,0
301.45,5,2,64.84,0,3.6589,0.0,9,0,0.7505,0.5095,0.1423,3,1,1
87.11,1,3,134.61,0,0.4392,7.765,2,0,0.7107,0.2707,0.114,0,0,1
126.79,0,2,28.96,1,1.3782,9.253,6,1,0.4485,0.3318,0.1496,0,0,1
600.0,3,5,98.5,4,0.6616,0.0,10,0,0.6985,0.2944,0.1062,0,1,1
255.63,3,1,77.4,1,1.8728,3.7865,3,0,0.5233,0.4233,0.0408,0,1,0
148.24,3,2,171.04,0,1.5402,0.0,3,0,0.6768,0.3517,0.1072,2,0,1
229.62,3,1,65.15,0,1.2036,0.0,1,1,0.3121,0.4771,0.3323,1,1,0
287.0,5,4,97.56,1,1.6776,0.0,2,0,0.4501,0.3851,0.1554,1,1,1
152.07,2,4,122.32,1,1.3146,0.0,7,0,0.3028,0.6864,0.0618,0,0,1
252.17,3,5,177.91,2,1.5065,7.6661,4,0,0.4794,0.6312,0.1253,2,1,1
424.9,2,4,120.89,3,0.9617,12.416,6,0,0.3569,0.292,0.2166,2,0,1
226.14,3,4,37.35,1,1.3048,0.0,3,0,0.7163,0.4067,0.0465,1,0,0
164.61,3,3,106.69,0,0.7501,0.0,6,1,0.5778,0.084,0.1605,1,0,0
527.15,4,1,87.36,1,1.0009,13.746,4,0,0.7838,0.336,0.035,1,0,0
58.0,0,2,39.18,0,0.9194,12.1212,3,0,0.5511,0.433,0.1583,0,1,0
356.28,1,0,28.06,0,2.7284,4.0816,4,0,0.4156,0.7163,0.0496,2,1,1
297.26,3,2,30.73,2,1.8248,12.5532,8,0,0.2325,0.8273,0.0989,2,1,1
288.24,4,2,53.94,0,0.7441,4.919,6,0,0.3628,0.2117,0.1512,3,0,1
434.16,10,6,201.88,1,1.6798,0.0,3,0,0.4229,0.7542,0.1354,2,0,1
171.8,4,4,119.24,0,1.5189,0.0,3,0,0.8257,0.302,0.1731,1,0,1
190.09,0,3,24.44,0,1.1904,0.0,4,0,0.6598,0.7019,0.1953,1,0,0
258.67,5,2,114.29,1,3.0689,0.0,8,1,0.3743,0.5447,0.1436,3,0,1
252.89,1,2,38.3,1,0.8968,0.0,6,0,0.7184,0.2292,0.2382,0,0,0
81.32,2,4,93.38,4,0.8732,10.9345,10,1,0.3719,0.2521,0.1531,1,0,1
151.42,1,3,145.33,2,1.2699,0.0,7,0,0.8797,0.5108,0.0231,1,0,1
199.75,2,1,44.7,2,3.0269,6.4942,4,0,0.598,0.6015,0.1011,1,0,0
453.48,6,3,47.69,3,0.8013,11.2146,3,1,0.4988,0.381,0.1101,2,0,1
372.35,3,7,89.2,0,4.0,9.5373,3,0,0.353,0.3951,0.1665,2,0,1
158.67,1,4,80.5,1,2.617,3.6808,5,1,0.3844,0.3059,0.1052,1,1,1
432.12,5,2,76.21,0,1.0436,11.1314,4,0,0.7739,0.4766,0.2229,1,0,1
162.98,3,2,13.21,2,1.3337,9.7669,2,0,0.339,0.4043,0.0199,1,1,0
341.04,2,3,112.5,1,0.8929,2.7245,6,0,0.5662,0.4961,0.1623,3,0,1
108.02,1,3,135.11,0,0.5049,1.1518,5,0,0.2563,0.0941,0.0824,2,0,1
282.7,4,6,189.84,1,1.3883,11.3575,4,0,0.2721,0.649,0.1601,2,0,1
295.54,1,1,64.34,2,0.5362,6.4415,10,1,0.2013,0.3204,0.1183,1,0,0
299.52,3,2,156.4,1,0.5646,10.8533,6,0,0.4489,0.5334,0.1238,3,0,1
66.37,0,3,168.25,1,1.1498,8.8822,7,1,0.5705,0.4199,0.2078,1,0,0
105.93,1,3,201.01,0,1.3757,0.0,5,0,0.8008,0.4706,0.0588,1,1,0
232.94,5,2,103.14,1,1.47,0.0,9,1,0.6723,0.3299,0.3589,1,1,1
125.48,3,1,76.75,2,0.7946,0.0,4,0,0.5032,0.4896,0.1343,0,1,0
504.05,4,0,47.55,1,1.3507,0.0,3,0,0.793,0.6642,0.1426,0,1,0
31.65,0,1,15.61,1,0.5183,0.0,6,1,0.6739,0.2277,0.2507,0,0,0
232.73,4,2,83.68,1,2.106,6.6438,5,1,0.5913,0.7654,0.1033,1,0,1
232.22,4,1,31.04,0,1.3545,8.6103,5,0,0.7947,0.3689,0.1026,2,0,1
201.08,4,4,201.42,1,2.3828,0.0,5,1,0.7682,0.4161,0.1043,1,0,1
310.86,0,5,122.96,0,1.6257,5.4875,2,0,0.6047,0.3709,0.1072,0,0,1
177.47,1,1,179.51,1,0.7643,0.0,3,0,0.2892,0.42,0.0842,0,0,0
439.53,4,5,115.28,0,2.5971,0.0,5,0,0.4655,0.6286,0.0339,4,0,1
512.28,4,4,88.28,2,2.7401,8.5707,8,0,0.7618,0.4237,0.2798,1,1,1
185.66,4,2,15.87,0,1.202,0.0,3,0,0.4233,0.7275,0.167,1,0,0
354.15,4,3,99.96,1,0.6991,8.487,4,0,0.3694,0.3344,0.0641,0,0,1
524.86,7,2,136.9,0,1.8173,0.0,1,1,0.2209,0.6292,0.042,2,1,0
349.73,7,3,119.05,3,1.3931,0.0,5,1,0.139,0.6069,0.134,0,1,0
482.25,2,3,113.92,1,1.9444,0.0,2,0,0.0821,0.5132,0.2054,0,1,1
347.38,1,1,211.03,0,1.0407,7.3175,6,0,0.0659,0.5136,0.101,2,1,1
201.62,3,1,57.23,1,0.8544,0.0,6,0,0.6071,0.4928,0.0627,1,1,0
308.37,1,4,64.93,0,2.1229,5.8171,2,0,0.3614,0.6274,0.1491,1,0,1
99.41,1,0,49.59,1,0.8475,14.5128,4,0,0.5757,0.3357,0.0395,1,0,1
104.57,2,1,14.55,0,1.0759,0.0,3,0,0.2706,0.6124,0.0395,1,1,0
69.09,1,0,6.3,0,0.9292,0.0,4,0,0.588,0.2677,0.3185,0,0,1
82.27,0,0,105.22,1,3.0466,0.0,1,1,0.5448,0.5216,0.0643,2,0,1
316.0,9,3,6.21,1,0.7838,8.353,2,0,0.4351,0.1526,0.0467,1,0,1
243.16,3,0,154.23,1,1.0448,0.0,5,0,0.2161,0.1463,0.2822,1,1,1
216.16,3,1,32.38,0,0.3335,12.3362,4,1,0.2667,0.3363,0.0384,0,1,0
155.6,2,2,157.85,1,1.4326,0.0,8,1,0.2673,0.4228,0.0539,0,1,0
128.14,3,4,118.07,0,2.6231,0.0,3,1,0.6459,0.6379,0.0638,0,0,0
236.65,6,1,120.87,0,1.0235,0.0,4,0,0.723,0.5442,0.1235,0,1,0
148.57,3,3,107.89,1,0.9836,0.0,1,0,0.4878,0.4041,0.1033,0,1,0
600.0,3,3,62.35,2,1.2744,0.0,6,1,0.4483,0.3591,0.107,0,0,1
353.38,4,5,85.58,0,0.9068,0.0,8,0,0.7873,0.6101,0.1349,1,0,1
268.65,2,2,159.29,0,0.5616,1.2706,5,0,0.6131,0.4918,0.1156,4,0,0
288.88,4,1,71.05,0,0.8147,0.0,2,1,0.7601,0.5384,0.0254,1,1,0
251.59,2,3,131.35,0,2.9102,8.2978,5,0,0.5813,0.4705,0.2919,1,0,1
490.68,2,4,117.18,2,0.6959,0.0,8,0,0.3975,0.4335,0.2964,3,1,1
126.16,1,1,0.3,1,0.387,3.9689,4,0,0.2793,0.2707,0.1297,0,1,1
252.61,7,0,46.18,0,0.9918,0.0,2,1,0.794,0.3894,0.3637,1,0,0
173.0,4,2,112.42,0,1.0219,3.3592,5,1,0.7358,0.5373,0.0989,0,1,0
308.87,3,4,73.51,2,1.2482,7.9561,5,0,0.732,0.5542,0.2809,0,1,1
267.66,3,3,65.6,0,0.6806,0.0,2,0,0.5752,0.5676,0.0691,2,0,1
275.21,2,3,108.91,0,2.187,2.9288,1,0,0.4744,0.2567,0.0932,0,1,0
364.05,5,3,49.32,2,1.3167,0.0,4,1,0.7041,0.3153,0.1583,1,0,1
440.92,4,3,79.95,0,1.2233,0.0,4,1,0.5183,0.5415,0.0889,4,1,1
435.1,8,3,60.31,2,1.1259,3.606,2,0,0.1886,0.5747,0.0909,1,0,0
155.53,0,3,104.01,3,0.8371,0.0,6,1,0.386,0.2388,0.1907,1,1,1
267.96,0,1,43.99,3,1.0796,1.7464,8,0,0.0216,0.4907,0.0477,3,1,1
460.75,4,4,136.25,3,1.6777,0.0,2,0,0.6081,0.5366,0.2594,2,0,1
267.33,3,0,11.15,0,1.0157,0.0,4,0,0.6569,0.3302,0.0679,1,1,1
134.84,1,1,47.18,3,1.6629,0.0,7,0,0.4486,0.2429,0.2382,3,0,1
283.98,2,4,22.52,1,1.0374,10.8827,3,0,0.6273,0.5489,0.0559,2,0,0
108.92,2,2,93.73,1,2.0668,0.0,7,0,0.4253,0.5591,0.1549,0,0,1
95.33,1,3,89.25,1,1.3809,0.0,3,0,0.3026,0.7067,0.1344,1,1,0
222.52,3,1,33.39,1,1.5725,0.0,10,0,0.2545,0.518,0.0418,1,0,1
253.44,5,1,48.68,3,2.5111,0.0,5,1,0.4115,0.356,0.0249,1,1,0
287.0,2,4,188.31,1,2.4163,11.2585,1,0,0.5079,0.5896,0.0987,0,1,1
297.1,5,5,56.1,0,1.1064,3.8086,3,1,0.4136,0.5939,0.1821,4,0,1
188.0,1,2,43.59,3,1.9409,0.0,4,0,0.3941,0.556,0.0242,0,1,0
218.59,3,3,32.82,1,0.9207,2.4212,4,0,0.5478,0.5176,0.1972,3,0,0
114.35,3,2,112.68,1,0.823,0.0,6,0,0.7635,0.4228,0.1954,1,0,1
285.05,2,1,122.56,3,0.9635,0.0,5,1,0.4588,0.2596,0.0835,0,1,0
202.98,4,0,196.17,0,1.3514,6.2313,3,0,0.4931,0.4253,0.0949,0,0,1
280.47,1,1,105.88,2,2.4862,0.0,9,1,0.618,0.4159,0.206,2,0,0
537.37,5,2,120.99,1,0.9456,5.7836,1,0,0.3771,0.4392,0.1564,3,1,1
247.42,2,0,123.14,1,1.2983,8.7941,4,0,0.4334,0.5043,0.1601,0,0,1
549.33,8,1,68.8,1,1.513,0.0,6,0,0.4998,0.2418,0.0154,0,1,1
370.68,7,2,104.13,1,1.3364,0.0,10,1,0.7192,0.5372,0.0544,3,0,1
298.27,4,3,93.31,2,1.4376,9.6062,4,0,0.3088,0.4746,0.0307,2,1,0
356.2,7,6,179.12,2,1.2054,0.0,4,0,0.8132,0.5734,0.1578,2,0,1
303.9,4,5,111.4,1,1.6746,5.1168,2,0,0.6119,0.6342,0.0574,1,1,1
568.24,4,2,168.26,3,0.8839,0.0,7,0,0.8725,0.2527,0.1423,2,0,1
277.58,4,3,15.65,2,1.4403,8.0014,7,0,0.4345,0.5195,0.3154,0,1,1
358.98,5,5,239.33,2,1.4698,10.6005,8,0,0.9139,0.4873,0.3047,2,1,1
139.43,1,1,175.49,0,1.9497,3.0723,1,0,0.7784,0.3925,0.1954,1,0,1
343.78,3,5,142.98,0,1.2081,0.0,3,1,0.5951,0.3695,0.3021,2,0,1
285.62,3,0,96.24,0,2.1832,0.0,3,0,0.2044,0.5952,0.0407,0,0,1
257.73,4,2,114.85,1,1.1416,0.0,3,0,0.7376,0.6207,0.053,2,1,0
127.13,1,1,32.08,0,0.8472,0.0,2,0,0.4265,0.2605,0.1266,0,0,1
346.02,5,4,186.49,0,1.5388,12.0596,8,0,0.3083,0.4715,0.2373,2,0,1
188.83,2,2,41.0,2,1.5557,0.0,9,0,0.3796,0.5007,0.0336,0,0,1
135.33,1,0,79.04,0,0.4625,0.0,2,0,0.5271,0.3119,0.2469,2,1,0
276.87,2,3,94.31,2,1.5913,0.0,8,0,0.4136,0.4906,0.1005,0,0,0
230.49,1,3,22.02,0,1.1426,1.776,2,1,0.6678,0.3819,0.2734,3,0,1
140.4,3,0,110.5,1,1.6726,0.0,2,0,0.5456,0.698,0.2986,0,0,0
105.0,2,1,13.81,1,1.0877,0.0,2,1,0.6257,0.2014,0.2155,0,0,0
31.02,1,2,8.06,1,0.8335,0.0,3,0,0.775,0.4687,0.1045,1,0,0
276.53,1,2,177.02,0,1.6136,9.9456,1,0,0.3963,0.2999,0.0695,1,0,0
324.74,5,2,176.47,3,1.0096,2.5091,10,1,0.4399,0.4273,0.0981,0,0,1
200.3,3,2,62.02,1,0.7956,8.0791,6,0,0.6339,0.6208,0.1517,4,0,1
191.97,0,4,91.87,2,1.0026,5.7549,1,0,0.3086,0.1293,0.0881,2,1,0
431.44,1,2,130.83,1,2.0538,0.0,8,0,0.8508,0.3472,0.073,4,0,1
600.0,5,1,122.96,2,0.5263,0.0,8,1,0.5802,0.4252,0.1835,0,0,1
93.06,0,1,35.42,4,1.3449,0.0,4,0,0.3695,0.4318,0.1097,0,1,1
244.5,0,3,28.61,2,0.2927,8.808,5,0,0.177,0.2036,0.1529,1,1,1
496.15,6,6,199.28,0,1.2096,0.0,3,1,0.638,0.7007,0.0498,4,1,1
235.09,3,2,36.38,1,0.8609,0.0,5,0,0.6317,0.2913,0.0191,0,0,1
242.96,4,4,156.31,1,0.7396,11.3672,2,0,0.3173,0.7514,0.0542,2,0,1
260.17,1,3,65.31,3,1.5925,8.8453,6,0,0.569,0.7473,0.0138,4,0,1
477.93,5,4,134.66,0,1.9061,0.0,4,0,0.2819,0.4194,0.1902,3,1,1
279.73,1,1,139.81,2,0.7165,9.4843,2,1,0.7594,0.3264,0.1402,3,0,0
44.95,0,4,128.55,4,0.9282,0.0,7,0,0.3036,0.5387,0.1633,1,1,0
186.09,3,0,46.24,2,0.6383,0.0,10,0,0.3449,0.4271,0.1792,1,0,0
130.68,2,1,42.6,2,1.1563,11.5755,6,1,0.1096,0.4792,0.1876,2,0,0
463.09,5,6,175.26,1,1.1419,0.0,2,0,0.5805,0.5699,0.124,0,1,1
142.23,1,2,41.56,2,0.6128,0.0,8,0,0.458,0.2702,0.0967,1,1,0
147.62,1,3,60.23,1,2.0925,7.7031,6,0,0.4662,0.5178,0.1532,0,1,1
393.55,6,6,122.06,0,0.5897,7.4927,5,0,0.4355,0.2266,0.2016,4,0,1
379.06,2,3,143.44,0,1.7551,0.0,4,1,0.6767,0.5229,0.2066,5,1,1
100.69,2,0,158.0,1,1.2376,0.0,8,0,0.4087,0.6866,0.2352,0,1,1
215.94,4,2,88.07,1,1.4198,4.7855,4,0,0.1891,0.5673,0.0936,0,0,1
367.6,4,1,151.52,2,3.5581,0.0,8,1,0.3689,0.394,0.1556,2,1,1
358.65,7,6,181.71,1,0.8445,0.0,2,1,0.2093,0.5009,0.0445,1,1,1
71.12,1,3,99.43,0,0.8814,4.9529,3,0,0.4894,0.2708,0.2616,1,0,0
103.88,2,1,28.22,1,2.0962,7.6334,2,0,0.3786,0.6795,0.0142,1,0,1
284.1,1,5,46.55,1,0.6652,5.9259,6,0,0.8387,0.406,0.1974,2,0,1
356.3,4,1,133.29,0,0.9686,0.0,5,0,0.6997,0.4401,0.0581,2,0,1
20.66,0,1,76.02,1,3.5148,11.5456,10,0,0.5629,0.7189,0.1379,0,0,1
320.64,6,3,9.3,4,1.5194,0.0,9,0,0.0799,0.5144,0.1237,2,1,1
202.17,2,2,78.87,2,0.7801,4.6751,7,0,0.3744,0.5271,0.1908,2,1,1
104.55,2,2,74.23,1,0.5852,5.2146,8,0,0.4767,0.3933,0.0903,1,0,1
102.97,3,2,92.93,0,0.8558,0.0,4,0,0.3895,0.4718,0.0852,3,0,0
449.03,2,1,37.23,3,1.3359,0.0,10,0,0.535,0.3647,0.0307,0,0,1
238.97,3,2,95.44,3,1.7198,10.5109,7,0,0.6474,0.8832,0.087,1,1,0
310.62,5,6,151.98,0,1.0536,11.7182,6,1,0.4492,0.7943,0.043,3,0,1
242.51,8,0,119.18,1,1.3137,10.7847,4,0,0.5241,0.4764,0.1042,1,0,1
126.3,2,8,107.63,0,1.0091,0.0,3,0,0.7844,0.2556,0.127,1,0,0
174.23,3,1,19.45,1,0.4908,0.0,3,1,0.2984,0.412,0.0481,1,1,0
240.62,4,1,248.87,0,2.0557,7.0956,3,0,0.8913,0.4371,0.1131,0,0,1
600.0,6,2,204.21,2,1.432,12.1605,7,0,0.1927,0.8458,0.0739,3,0,1
378.94,4,6,113.29,1,1.3479,10.5909,6,0,0.5231,0.433,0.1857,0,1,1
299.45,4,4,114.59,0,0.8064,0.0,5,0,0.4808,0.6967,0.1313,3,0,0
206.63,5,2,130.53,1,1.2736,0.0,3,0,0.7311,0.3123,0.1147,1,0,0
189.23,5,3,106.66,2,1.003,14.079,5,0,0.2932,0.6904,0.1077,1,1,1
349.53,9,2,95.95,1,2.1929,0.0,2,0,0.6632,0.8472,0.0788,0,0,1
482.88,0,1,123.84,1,1.348,0.0,8,0,0.4214,0.4495,0.1854,1,1,1
91.88,1,1,55.57,0,0.8553,6.4294,4,0,0.2126,0.0905,0.0311,0,0,0
133.59,0,1,115.1,0,1.6757,11.3051,2,0,0.4762,0.3929,0.0128,0,1,1
206.78,5,2,97.16,1,0.9296,7.9183,4,0,0.2215,0.3928,0.0995,2,0,1
255.5,1,2,43.26,0,1.1417,0.0,7,0,0.3573,0.4791,0.0387,1,0,1
408.83,1,1,22.81,1,1.4102,0.0,8,1,0.3841,0.5953,0.2322,0,0,1
314.53,6,2,213.16,0,0.8822,0.0,8,0,0.4481,0.2934,0.1266,0,1,0
217.84,2,3,157.95,2,2.9937,0.0,1,0,0.3019,0.7506,0.1434,0,0,0
156.25,3,5,72.02,1,2.5901,2.1841,5,0,0.7019,0.6274,0.0446,2,1,1
389.47,5,2,97.39,0,0.8456,3.3527,2,0,0.2792,0.4836,0.1588,3,1,0
285.86,5,0,75.27,1,0.8737,0.0,7,0,0.5915,0.5825,0.1194,0,1,0
138.13,2,2,94.46,2,1.1828,10.217,8,0,0.6688,0.7206,0.1755,0,0,1
343.76,1,3,103.57,4,1.8397,3.4496,5,1,0.7521,0.3068,0.0534,0,1,1
74.45,0,2,4.34,0,0.8937,9.1074,6,0,0.3847,0.2822,0.1244,1,0,1
88.96,0,1,16.89,0,1.6359,0.0,4,0,0.6437,0.5209,0.0415,0,0,1
112.66,2,1,88.27,2,2.0979,5.9299,2,0,0.5391,0.8109,0.0773,1,0,1
319.6,5,6,172.64,0,1.0897,0.0,8,0,0.2233,0.4388,0.2181,4,1,1
207.25,2,1,133.62,1,1.6907,4.7777,1,1,0.4395,0.6053,0.113,1,0,0
242.21,2,1,109.41,1,1.2733,8.5789,7,0,0.6059,0.6023,0.0982,1,0,1
437.67,3,3,111.02,3,0.9061,3.9393,6,0,0.3103,0.2381,0.0089,1,0,1
166.85,4,5,136.55,0,1.433,11.7274,2,1,0.5078,0.4034,0.3087,4,1,1
265.2,1,1,70.97,1,0.992,2.5879,4,0,0.2624,0.6392,0.2824,2,1,0
253.76,5,5,240.81,0,0.3001,5.5061,4,1,0.0745,0.3526,0.2073,0,0,0
197.61,3,4,63.76,0,3.0154,0.0,2,0,0.1641,0.4725,0.0729,0,0,1
305.15,9,3,216.75,1,0.4826,5.3692,3,1,0.2189,0.4717,0.0896,2,1,1
215.94,3,0,67.83,1,1.733,3.5558,4,0,0.2739,0.2828,0.1036,1,0,1
328.86,2,2,77.63,1,1.6125,5.9272,7,0,0.3989,0.3759,0.1558,2,0,1
262.54,3,1,44.1,1,1.9982,12.9484,8,0,0.7385,0.7134,0.0495,1,0,1
168.24,3,1,112.17,2,0.9532,12.4246,2,0,0.2864,0.307,0.1117,0,1,1
201.6,2,0,88.62,1,0.5293,10.756,4,1,0.6183,0.5938,0.0118,0,0,1
126.63,1,1,37.03,1,2.7469,0.0,5,0,0.6691,0.527,0.1346,3,0,0
183.09,1,4,116.01,1,0.8174,0.0,5,0,0.5647,0.3559,0.0538,2,0,1
235.0,1,1,107.11,0,0.7883,0.0,6,0,0.4083,0.4239,0.0842,1,1,0
334.54,2,3,179.97,1,0.8167,2.5777,5,0,0.1308,0.346,0.1734,1,1,1
260.33,0,1,87.05,2,2.043,0.0,2,1,0.655,0.6161,0.126,2,0,0
600.0,5,3,79.74,2,1.4179,0.0,2,0,0.2002,0.4143,0.2035,1,1,0
167.68,2,4,116.27,1,1.4308,0.0,5,1,0.2655,0.305,0.0695,0,1,0
169.45,2,4,84.43,0,1.6563,0.0,3,0,0.4831,0.4548,0.2589,0,1,0
183.97,4,2,56.91,2,1.1358,4.013,5,1,0.163,0.6906,0.2716,1,1,1
224.25,1,1,96.21,4,1.4231,4.506,3,1,0.6236,0.7194,0.0728,2,0,0
165.43,2,1,79.9,0,0.9243,0.0,2,1,0.3091,0.5844,0.071,2,0,0
105.61,1,0,17.31,0,0.9909,0.0,4,1,0.5847,0.4982,0.1239,3,0,1
124.88,0,2,55.55,0,2.0698,9.7998,4,0,0.2636,0.6434,0.1363,3,1,1
208.45,3,3,50.77,3,0.8379,8.8479,5,0,0.3625,0.4405,0.1625,1,0,1
323.15,1,1,143.61,2,0.6932,0.0,5,1,0.7397,0.5866,0.1905,2,0,1
346.12,0,2,124.09,2,0.7169,9.7241,6,0,0.7941,0.4489,0.1296,5,0,1
386.07,2,3,113.0,1,1.8913,7.985,3,0,0.4161,0.5289,0.1925,0,0,0
89.91,1,6,133.38,2,1.2938,0.0,4,0,0.4679,0.4361,0.2007,0,0,1
524.34,4,6,156.23,0,2.0178,0.0,5,1,0.6038,0.3518,0.0845,0,1,1
201.62,4,3,109.31,0,1.1849,3.1815,9,0,0.59,0.6101,0.1823,0,0,1
216.77,1,3,109.91,2,0.9056,4.8476,6,0,0.4903,0.2789,0.0886,0,0,0
208.99,2,0,196.63,4,0.4014,6.9633,4,0,0.1324,0.388,0.1026,0,0,0
217.09,2,4,196.47,1,1.7209,2.1428,4,1,0.2579,0.4505,0.0579,2,0,1
417.43,4,4,62.93,0,0.7246,0.0,4,0,0.5947,0.4846,0.1836,0,0,1
223.03,0,1,85.86,0,0.7512,1.8726,3,0,0.7228,0.2857,0.1452,0,0,0
573.28,4,3,167.84,0,0.8059,0.0,4,0,0.5898,0.5242,0.0903,1,1,0
128.03,2,2,49.57,0,1.0591,0.0,7,0,0.2076,0.4852,0.0791,0,1,1
480.05,5,4,166.84,0,1.4953,0.0,3,1,0.7842,0.756,0.1121,1,1,1
600.0,3,4,103.23,3,0.8885,0.0,8,1,0.6374,0.4952,0.0063,0,1,1
224.15,2,5,204.89,3,1.2378,13.6054,4,0,0.6495,0.6619,0.0903,2,1,1
381.3,2,0,25.73,2,1.5664,0.0,5,1,0.7223,0.5548,0.3185,1,1,0
214.75,4,1,93.9,0,0.9451,0.0,2,1,0.3037,0.6146,0.2472,0,0,1
372.1,5,3,81.64,0,1.7611,0.0,3,0,0.6214,0.4281,0.0757,0,0,1
318.91,8,2,29.03,3,0.5324,0.0,8,0,0.6236,0.458,0.0917,2,0,1
155.05,0,2,155.49,0,0.9836,0.0,4,1,0.4325,0.5213,0.0579,0,1,0
332.51,4,1,190.17,2,1.1814,0.0,3,0,0.3818,0.7282,0.0231,0,1,0
245.04,2,5,70.24,1,1.0184,6.7653,7,1,0.8119,0.5503,0.0325,0,0,1
426.69,0,1,136.07,1,1.0094,0.0,6,0,0.2713,0.2602,0.2312,4,0,1
369.85,4,4,16.9,1,0.7815,0.0,6,0,0.6364,0.6215,0.0152,2,0,1
289.54,9,4,96.07,2,1.5288,0.0,6,0,0.5686,0.3944,0.1853,1,1,1
520.25,4,5,64.43,3,1.0835,7.2125,7,1,0.1135,0.8104,0.106,4,0,1
111.3,1,4,53.22,1,1.3172,0.0,3,1,0.2039,0.555,0.0601,3,1,0
249.28,1,1,157.9,0,1.1676,0.0,2,0,0.412,0.185,0.122,0,0,0
192.21,1,6,101.79,0,1.0058,6.1745,5,0,0.5849,0.1966,0.0217,5,0,0
445.65,2,1,9.82,1,1.6699,0.0,5,0,0.4832,0.4655,0.0164,5,0,0
161.95,0,1,169.26,0,1.0694,0.0,4,0,0.8418,0.3685,0.0716,0,1,1
210.48,4,1,93.16,2,2.1941,0.0,5,0,0.7711,0.5528,0.2407,1,1,1
325.91,1,0,16.01,0,0.4417,6.2456,5,0,0.3294,0.2495,0.0351,0,0,1
600.0,6,2,43.13,0,1.1437,0.0,3,1,0.6277,0.3562,0.1093,0,1,0
305.4,3,2,98.76,0,2.4194,0.0,3,1,0.5795,0.3124,0.1185,2,0,1
341.19,5,5,138.9,0,1.0634,0.0,1,0,0.4169,0.7664,0.2091,0,1,1
208.39,2,0,23.71,3,2.2886,6.0328,4,1,0.7182,0.5725,0.0347,1,0,0
258.49,1,3,74.62,5,0.8104,13.3756,8,0,0.5265,0.5396,0.0307,2,0,1
249.9,1,4,52.78,0,1.6319,0.0,5,0,0.7934,0.5279,0.0254,2,1,0
286.53,5,5,186.44,2,0.912,0.0,5,0,0.5837,0.3081,0.1716,3,0,1
421.0,6,6,214.33,4,0.9307,0.0,10,0,0.4157,0.2067,0.2566,2,1,1
133.29,2,2,132.51,2,0.8151,11.0606,9,0,0.6127,0.7907,0.1582,2,1,1
40.38,0,1,53.85,2,0.5624,0.0,6,0,0.6743,0.4477,0.1182,0,0,1
222.24,4,2,100.61,0,2.4585,0.0,2,1,0.356,0.5988,0.0576,1,0,0
374.65,4,1,61.68,1,2.6628,0.0,8,0,0.6667,0.5028,0.1975,2,0,1
232.09,1,2,83.66,0,1.0296,9.8559,7,0,0.842,0.3381,0.232,2,0,1
199.83,1,4,92.53,2,2.802,8.7161,4,0,0.4023,0.4395,0.0628,1,0,1
233.11,1,1,156.71,1,1.135,6.3241,1,0,0.2761,0.5194,0.1662,0,0,1
315.74,4,3,118.56,0,1.8812,0.0,4,0,0.6966,0.891,0.1013,0,0,1
179.0,1,1,176.04,1,2.0876,0.0,5,0,0.4549,0.6136,0.1773,0,1,1
130.67,2,2,53.91,2,1.0724,8.3648,4,0,0.4241,0.451,0.0872,0,1,0
348.73,1,1,93.32,1,1.2526,8.2231,5,1,0.4521,0.5724,0.0939,2,0,0
263.35,3,2,75.87,0,3.4026,0.0,1,1,0.4115,0.462,0.1233,2,0,1
362.45,3,5,62.51,0,1.3348,0.0,3,0,0.2728,0.4316,0.1654,1,0,0
323.55,2,4,63.98,2,2.3205,10.9267,4,0,0.4364,0.5359,0.1407,0,0,1
246.81,7,1,121.68,3,1.2111,3.3774,2,0,0.3197,0.4249,0.0934,0,1,0
406.08,1,0,90.42,0,1.1409,3.4127,2,0,0.5342,0.5164,0.1284,1,0,0
246.57,3,4,181.67,0,0.8977,0.0,4,0,0.2987,0.4668,0.1061,4,0,1
205.13,3,2,103.8,0,1.1265,0.0,5,0,0.4507,0.5777,0.0466,0,0,1
194.6,0,1,38.98,0,0.9227,0.0,3,1,0.6402,0.4007,0.2071,0,0,1
209.24,1,4,32.46,1,0.6164,13.208,7,0,0.6346,0.4685,0.0504,1,1,0
330.57,2,1,186.24,2,1.543,0.0,1,0,0.6022,0.5631,0.161,1,1,0
191.23,2,2,64.79,1,2.2698,0.0,9,1,0.2951,0.4238,0.0334,2,1,1
294.95,3,0,77.24,0,3.3735,0.0,3,1,0.1065,0.7582,0.1072,4,0,0
428.81,5,1,41.36,0,1.9341,0.0,3,1,0.3791,0.8393,0.2231,1,0,1
234.28,2,1,57.23,0,0.926,5.0931,3,0,0.1633,0.7113,0.1003,2,1,0
368.17,3,4,158.38,0,1.0264,0.0,3,0,0.296,0.4192,0.2023,2,0,0
344.02,3,3,146.64,0,2.4107,5.6344,2,0,0.6232,0.4925,0.0966,0,1,1
65.32,1,1,75.61,1,0.9446,0.0,5,0,0.6472,0.4604,0.2727,2,0,1
67.24,2,1,63.15,2,1.1113,6.3368,10,0,0.4674,0.2574,0.0318,0,0,0
336.23,1,1,56.23,0,1.4698,0.0,2,1,0.5155,0.2801,0.1585,0,0,0
269.55,3,5,190.6,1,0.6296,6.7425,3,0,0.8086,0.3511,0.359,3,0,1
499.55,0,5,77.21,1,0.8391,0.0,6,1,0.2288,0.6302,0.2132,1,1,0
199.33,1,4,134.23,2,0.735,0.0,6,1,0.196,0.4488,0.197,1,1,1
155.45,1,2,66.47,1,2.2111,0.0,5,0,0.3807,0.6442,0.1733,0,0,0
159.02,1,1,135.35,0,0.9023,4.9217,4,0,0.8658,0.6715,0.0334,1,0,1
374.43,3,7,99.03,0,0.5519,0.0,5,0,0.355,0.5852,0.1856,0,1,0
164.66,2,2,48.63,2,0.9722,5.6684,8,0,0.1886,0.2366,0.1013,0,1,0
451.93,2,4,56.59,2,3.0385,0.0,6,0,0.4244,0.2704,0.2602,4,1,1
155.83,0,1,133.3,2,1.355,0.0,4,1,0.1232,0.4102,0.083,1,0,1
579.93,6,2,150.05,0,1.9505,6.9981,6,1,0.6812,0.6537,0.0782,1,0,1
208.25,4,5,185.38,1,0.6272,3.7102,3,0,0.4795,0.327,0.1331,0,0,1
80.9,0,3,63.53,1,1.8616,4.1836,6,1,0.4279,0.4263,0.2588,0,0,1
118.7,2,2,100.35,1,0.9008,10.7812,5,0,0.6619,0.7668,0.0779,1,0,0
349.29,3,4,91.55,0,0.7679,11.888,3,0,0.5264,0.4536,0.3803,4,0,0
283.41,8,4,80.49,1,1.5055,13.1044,7,1,0.2608,0.8781,0.0838,4,1,1
419.95,5,6,150.12,1,1.0557,0.0,6,1,0.4434,0.3976,0.1336,3,1,1
406.75,4,3,149.85,3,1.2314,0.0,7,0,0.7003,0.2907,0.1004,0,0,1
442.95,2,3,17.72,0,1.0732,11.2904,3,0,0.5867,0.4487,0.1698,1,0,0
132.39,1,0,110.35,0,0.9055,0.0,2,0,0.1894,0.42,0.175,1,1,0
487.92,2,5,82.54,1,2.6912,0.0,2,0,0.5454,0.6768,0.0976,0,0,1
119.41,1,1,101.47,2,2.049,0.0,4,1,0.0872,0.5024,0.0386,0,1,0
192.12,1,4,109.48,0,1.4489,6.0572,5,0,0.371,0.6111,0.2722,2,1,1
91.09,1,3,129.08,1,0.5965,0.0,5,0,0.444,0.434,0.0358,1,0,0
338.0,3,2,66.72,3,1.4782,9.4786,2,0,0.8075,0.292,0.0322,2,1,0
91.37,1,1,214.56,2,1.0246,0.0,9,0,0.5918,0.4694,0.1648,0,0,1
183.51,3,2,134.31,0,1.6021,0.0,3,0,0.4743,0.6577,0.0472,1,0,1
83.58,1,1,12.43,0,1.1381,0.0,3,1,0.1881,0.2746,0.1534,0,1,0
290.41,3,4,146.2,1,0.9039,5.222,3,0,0.6804,0.4167,0.0192,3,0,0
271.03,4,1,119.82,1,1.5823,6.3397,3,0,0.3767,0.5628,0.1879,1,0,1
250.14,4,2,65.3,1,1.7517,3.6181,8,0,0.6111,0.3969,0.0947,1,0,1
593.52,6,2,95.91,3,1.3053,6.7293,7,0,0.7098,0.3683,0.2349,3,0,0
409.87,3,4,117.57,2,1.5621,0.0,6,0,0.2998,0.3525,0.0911,3,0,1
97.55,1,1,49.93,0,0.6747,9.8765,3,1,0.4335,0.2497,0.1667,1,0,1
395.28,3,0,75.4,2,1.8962,0.0,6,0,0.5497,0.6495,0.1814,3,1,1
155.54,2,3,132.6,2,0.8398,0.0,5,1,0.4557,0.4486,0.156,2,1,0
178.26,2,2,74.84,1,0.5741,0.0,3,1,0.5806,0.3207,0.0386,0,1,1
107.32,1,1,156.57,0,1.0511,0.0,3,0,0.4991,0.5788,0.2681,2,0,0
298.03,4,3,98.2,2,2.1084,0.0,7,1,0.272,0.6048,0.1955,3,1,1
248.31,4,2,153.3,1,0.6558,3.9448,2,0,0.4138,0.5374,0.0253,1,0,0
264.32,4,2,46.67,0,1.441,0.0,2,0,0.5171,0.3885,0.1097,1,0,1
220.01,3,1,125.76,0,1.001,0.0,4,1,0.1876,0.6157,0.119,0,0,0
491.56,5,5,178.37,0,1.656,0.0,4,0,0.6183,0.4353,0.0578,0,0,1
416.58,6,4,254.92,0,2.227,0.0,2,1,0.2763,0.6749,0.1074,2,1,0
183.13,4,2,56.01,3,1.0649,0.0,8,0,0.5825,0.6128,0.0399,0,0,1
600.0,4,3,72.79,0,0.775,9.9196,1,1,0.2697,0.5271,0.0909,0,1,1
238.06,1,3,85.52,0,0.7125,6.9222,7,0,0.7781,0.3507,0.3786,1,0,0
196.09,3,4,56.16,1,0.7716,8.4728,4,0,0.5091,0.3575,0.33,2,0,1
195.68,1,5,172.45,1,1.2723,0.9119,3,0,0.2601,0.373,0.0835,4,1,1
232.32,5,1,194.48,1,1.1775,12.5811,5,1,0.7403,0.3595,0.1124,0,1,0
91.95,1,2,19.67,1,2.8104,12.8994,6,1,0.265,0.6169,0.0638,0,1,1
69.15,0,2,84.86,1,0.5735,0.0,2,0,0.3521,0.2693,0.0902,0,1,0
111.11,2,5,187.19,1,1.5491,7.3848,7,0,0.8648,0.673,0.1755,1,0,1
195.0,2,4,97.56,3,1.0855,12.1442,10,0,0.3094,0.6051,0.1212,0,0,1
600.0,4,3,211.75,1,0.904,6.6154,3,0,0.348,0.1765,0.139,0,0,1
156.58,1,3,16.33,2,0.6978,0.0,3,0,0.6884,0.3041,0.0364,1,1,0
253.82,6,2,24.18,2,1.2112,0.0,5,0,0.4742,0.5996,0.2005,1,0,0
312.66,5,3,70.11,2,2.8549,0.0,7,0,0.7157,0.6215,0.036,1,1,1
115.81,0,2,125.06,1,1.1541,0.0,3,0,0.2162,0.3445,0.2241,2,1,0
261.73,0,4,218.31,0,0.806,0.0,5,1,0.554,0.4808,0.0514,0,0,0
80.57,1,4,55.05,0,1.1746,5.0723,9,0,0.6373,0.2467,0.024,2,0,1
438.02,9,1,109.03,2,1.0587,4.1341,3,0,0.4805,0.4234,0.111,1,0,1
198.6,2,3,93.97,1,2.1796,10.1333,4,1,0.4647,0.6333,0.1678,2,1,1
185.46,2,0,103.55,4,0.9934,4.6261,7,0,0.2525,0.468,0.1964,2,1,0
465.34,3,5,132.22,0,2.7199,0.0,5,1,0.8902,0.4923,0.0327,0,0,0
151.89,0,0,37.46,1,1.2788,0.0,7,0,0.2904,0.3531,0.1462,1,0,1
82.42,0,0,163.79,1,1.2584,5.4799,3,1,0.6351,0.3001,0.1703,1,0,0
282.51,3,3,68.11,0,1.6053,1.0924,2,0,0.4927,0.4324,0.1384,2,0,1
193.81,0,1,70.94,0,1.1627,8.8822,6,0,0.4489,0.3413,0.2209,0,0,1
52.23,0,0,59.67,1,0.8255,0.0,3,0,0.0934,0.2651,0.0469,0,0,0
476.19,7,3,79.91,1,0.5071,0.0,4,0,0.0752,0.3797,0.1606,3,0,1
478.35,3,1,114.77,0,2.203,0.0,3,1,0.7114,0.2123,0.0845,1,1,0
247.86,4,1,144.05,0,0.8853,0.0,6,0,0.7973,0.4815,0.0486,0,1,0
221.31,2,3,24.25,0,1.3473,7.7632,3,0,0.3438,0.7357,0.2075,2,1,1
538.59,6,4,122.92,2,0.9859,0.0,2,1,0.2459,0.6782,0.3345,2,0,1
275.52,2,4,132.75,1,0.8932,4.4159,4,0,0.7474,0.54,0.1305,4,0,1
323.34,7,4,57.33,1,2.4443,0.0,4,1,0.5897,0.5977,0.0643,3,0,1
232.94,0,1,150.09,1,0.6584,9.406,8,0,0.5083,0.304,0.0429,0,0,1
272.61,1,0,40.64,3,1.7699,10.3449,4,0,0.5131,0.4865,0.2683,0,0,0
244.53,2,3,212.05,1,1.6541,0.0,3,1,0.4115,0.6223,0.1763,1,1,1
64.24,1,0,15.01,0,1.1666,0.0,3,0,0.4447,0.5384,0.0664,0,0,0
570.21,1,2,184.65,1,1.1389,0.0,6,0,0.8297,0.463,0.1053,2,0,1
162.82,2,3,166.56,2,1.6062,0.0,5,1,0.5615,0.2934,0.2459,0,0,0
217.66,3,3,84.43,1,0.8842,0.0,5,0,0.2049,0.4441,0.1231,0,0,0
179.92,3,1,12.07,2,1.0562,0.0,7,1,0.5987,0.2863,0.1239,0,0,1
176.98,1,2,159.56,2,1.5618,0.0,7,0,0.4193,0.7501,0.093,0,0,1
141.16,1,3,30.13,1,0.7235,0.0,2,0,0.3316,0.1824,0.1951,2,0,1
177.99,1,6,178.73,0,1.1597,6.8369,3,0,0.2787,0.2793,0.1499,4,1,1
366.68,2,4,68.95,1,1.3295,3.7161,3,1,0.2221,0.5002,0.1248,3,0,0
293.81,3,2,149.42,1,1.2031,9.7626,3,0,0.7322,0.465,0.2059,1,0,1
347.88,4,5,147.0,0,1.4986,0.0,5,0,0.5516,0.351,0.1177,2,0,1
424.11,5,2,22.89,0,0.5683,0.0,5,1,0.704,0.2807,0.2066,0,0,0
99.19,2,1,198.25,1,0.9695,2.0314,4,0,0.2978,0.4956,0.0084,0,0,1
600.0,2,3,64.53,0,0.943,0.0,2,0,0.5731,0.3296,0.1686,0,0,0
481.7,4,1,169.29,0,0.8448,5.2926,3,1,0.5378,0.4335,0.0981,2,0,0
103.49,1,3,54.15,1,1.3356,4.5252,3,0,0.3899,0.2592,0.0617,1,0,1
106.68,1,2,16.54,2,1.009,0.0,1,0,0.0687,0.3692,0.0079,0,0,1
296.4,5,2,135.93,0,2.0195,0.0,3,1,0.6671,0.6415,0.0108,0,1,1
150.69,0,3,131.71,0,2.5994,6.9468,4,0,0.7504,0.4181,0.2088,0,1,1
345.04,9,2,78.14,1,0.9452,7.6473,5,1,0.3833,0.3931,0.0648,0,1,0
200.57,1,0,136.57,2,1.8747,0.0,2,0,0.5442,0.3801,0.07,0,0,1
236.12,3,4,151.94,1,0.9545,9.2712,7,1,0.7426,0.4768,0.0908,1,0,1
209.98,3,1,35.14,2,1.3442,1.1888,10,1,0.342,0.3887,0.0401,3,0,0
214.65,1,1,66.78,1,1.521,3.7058,1,0,0.3624,0.7385,0.0571,1,1,1
397.71,2,4,95.86,1,1.685,0.0,2,1,0.8381,0.6659,0.1019,3,0,0
183.41,4,0,137.61,1,1.2767,13.419,2,0,0.5219,0.3737,0.1431,0,1,1
222.74,3,4,66.74,0,0.9636,12.4371,5,0,0.3161,0.4605,0.18,1,0,1
470.58,5,4,109.72,0,1.6627,0.0,7,0,0.7481,0.6525,0.0807,2,1,1
313.57,2,4,94.38,0,1.7746,0.0,3,1,0.4978,0.3006,0.1497,3,1,0
520.71,3,1,116.59,1,1.4226,0.0,9,0,0.3839,0.3107,0.067,1,1,1
311.69,2,6,158.46,1,0.9155,0.0,3,0,0.2781,0.489,0.0502,0,0,1
142.26,2,0,103.06,1,1.2945,4.5256,5,0,0.0979,0.6425,0.2903,0,1,1
246.01,1,2,73.24,2,0.7977,0.0,4,0,0.9588,0.4459,0.1025,1,0,1
405.71,1,4,84.94,1,2.0872,12.3284,1,0,0.6558,0.2965,0.0412,2,0,1
200.13,4,3,189.9,2,1.6647,7.1898,3,1,0.4256,0.5257,0.0279,1,1,1
151.75,3,2,218.49,0,0.4781,0.0,6,0,0.5501,0.1584,0.116,1,0,0
185.15,4,2,82.41,3,2.5328,11.6557,3,0,0.6259,0.655,0.1061,2,1,1
353.73,2,8,98.7,2,2.3357,0.0,7,0,0.6525,0.3941,0.0429,4,0,1
105.45,2,2,167.12,1,1.1719,0.0,9,0,0.7058,0.6701,0.1351,0,0,1
196.7,2,1,16.28,0,0.5886,0.0,3,0,0.941,0.4087,0.05,0,0,0
248.93,3,2,138.48,1,1.4455,0.0,4,0,0.2318,0.6855,0.1911,1,0,0
394.74,6,4,56.44,4,0.6784,0.0,9,1,0.4204,0.4045,0.0323,0,1,1
135.33,3,1,163.7,1,1.5038,0.0,6,1,0.5265,0.3133,0.1716,2,1,1
424.96,4,2,36.35,0,1.4241,4.4825,3,0,0.6274,0.157,0.2598,2,0,0
125.27,2,0,119.87,1,0.8014,0.0,6,1,0.5273,0.3843,0.1913,1,0,0
210.13,6,7,57.39,1,2.3111,0.0,7,0,0.5678,0.6368,0.0253,0,0,1
164.6,2,2,60.62,1,0.4201,0.0,8,1,0.5872,0.6207,0.2004,0,0,1
282.4,2,3,54.0,3,0.4941,0.0,2,0,0.6583,0.3554,0.0735,0,0,0
181.88,1,4,217.04,3,2.0487,0.0,9,0,0.4522,0.5941,0.1731,1,0,1
264.95,2,2,64.22,1,1.4552,0.0,5,1,0.254,0.3749,0.2074,0,1,1
427.3,4,4,73.11,2,0.7045,0.0,6,1,0.6186,0.1902,0.0386,0,0,1
339.33,2,1,82.41,3,0.6899,1.9591,4,1,0.7575,0.6903,0.06,1,0,1
239.18,2,4,76.26,4,1.135,6.6412,6,0,0.7482,0.6465,0.0589,0,0,1
364.9,1,1,186.37,0,1.1654,3.5785,4,0,0.5922,0.6851,0.0304,3,0,1
87.95,2,0,157.73,2,1.2237,0.0,8,1,0.5922,0.4801,0.0509,1,0,1
399.6,3,0,161.13,1,2.8657,0.0,4,0,0.2657,0.5275,0.1628,1,1,0
210.67,2,3,92.23,0,2.2444,6.641,5,0,0.2614,0.6698,0.1779,3,0,1
241.8,0,1,91.63,1,1.0982,0.0,5,0,0.4733,0.6974,0.0099,0,1,0
336.77,1,3,51.7,3,1.7767,0.0,1,0,0.2493,0.349,0.1928,0,1,1
87.28,1,1,62.48,1,0.6731,7.2571,3,0,0.344,0.6218,0.2234,2,0,1
194.05,4,4,142.17,0,2.0735,0.0,3,0,0.5592,0.4879,0.0266,1,0,1
367.69,7,1,88.1,0,2.9133,12.8769,3,1,0.5167,0.3434,0.1543,0,1,1
491.8,2,2,160.37,1,1.0588,14.2831,4,0,0.4018,0.4134,0.2462,1,0,1
188.43,3,2,145.2,1,1.6148,9.5099,1,0,0.8118,0.5083,0.0831,1,0,0
79.42,1,0,104.31,1,0.8526,0.0,6,0,0.5445,0.6052,0.0305,0,0,0
399.6,4,4,155.97,1,1.0432,0.0,5,0,0.4817,0.3211,0.089,2,1,1
252.59,5,4,104.48,1,2.3458,13.9749,4,0,0.5909,0.5449,0.046,1,1,1
274.77,4,3,98.32,1,0.394,12.5491,4,0,0.5703,0.3695,0.1433,2,0,0
318.24,6,3,63.38,1,1.3461,0.0,10,1,0.5574,0.3163,0.068,2,1,1
213.53,2,1,130.7,0,0.9269,0.0,4,1,0.189,0.598,0.1499,3,0,0
342.11,4,5,81.15,1,1.06,7.3211,6,0,0.585,0.5891,0.2084,0,0,1
584.78,6,2,146.56,0,0.6158,11.9125,3,0,0.301,0.5829,0.1126,3,1,1
263.68,2,2,42.36,0,1.1304,0.0,3,0,0.2701,0.6617,0.0073,1,1,1
213.66,1,4,224.18,0,1.282,8.2646,4,1,0.5477,0.3637,0.0835,1,0,0
600.0,4,3,128.94,1,0.8183,0.0,2,1,0.3349,0.5032,0.2175,3,0,1
297.09,3,1,29.97,2,1.1218,0.0,4,0,0.2337,0.7206,0.1032,0,1,0
340.65,1,1,98.8,2,0.8528,0.0,3,0,0.3834,0.493,0.0437,1,1,0
212.01,2,1,165.78,2,1.4838,10.3571,6,1,0.4917,0.6216,0.0067,0,1,0
463.07,3,3,228.26,1,1.3069,8.8591,3,0,0.795,0.5318,0.1904,4,1,1
600.0,3,1,48.59,0,1.0395,0.0,3,1,0.5373,0.5145,0.0862,2,1,1
296.51,2,1,82.59,3,2.2198,0.0,8,0,0.3853,0.3802,0.0839,1,0,1
424.53,3,2,76.5,1,2.3212,3.1877,9,0,0.4239,0.2765,0.0469,2,1,1
134.89,3,2,79.47,0,1.4907,0.0,4,0,0.4689,0.7043,0.0541,3,0,0
304.52,3,2,126.59,3,1.5914,0.0,5,1,0.7899,0.5569,0.1863,1,0,0
246.48,2,3,96.78,1,1.0796,2.745,8,0,0.5809,0.3084,0.057,2,1,1
417.9,1,1,83.14,1,1.5322,0.0,5,0,0.286,0.4229,0.1141,0,0,1
174.93,1,1,4.86,2,0.73,0.0,4,0,0.3859,0.5158,0.0293,0,0,0
352.01,2,2,195.98,5,1.4487,9.4626,7,1,0.2757,0.4793,0.0584,2,1,1
168.74,4,2,74.76,0,1.1132,0.0,3,1,0.4234,0.6359,0.2581,3,1,0
475.42,4,3,55.15,0,1.7328,0.0,3,0,0.5057,0.4025,0.0978,1,1,1
248.51,3,0,87.57,0,1.1997,13.6046,2,0,0.628,0.5968,0.0334,4,0,1
431.45,3,3,150.09,0,0.7714,6.2114,2,0,0.4334,0.4893,0.0743,3,0,0
266.41,3,0,91.96,0,1.7575,0.0,6,0,0.426,0.4467,0.0721,0,0,1
359.93,5,4,167.38,0,2.3055,3.8847,2,0,0.317,0.42,0.0314,0,1,1
414.3,3,1,54.05,1,1.5715,0.0,4,1,0.4172,0.78,0.2572,2,1,0
297.21,2,0,118.4,2,2.9255,0.0,4,0,0.2113,0.5318,0.0344,3,0,1
68.17,2,1,54.03,3,0.9686,0.0,9,1,0.3268,0.402,0.1788,0,1,0
229.39,2,1,41.55,1,1.4594,0.0,3,0,0.5778,0.375,0.0133,4,0,1
246.08,1,2,32.94,2,1.6799,4.4893,8,0,0.5183,0.2352,0.0519,0,0,1
384.77,0,1,236.92,0,1.9861,12.0124,2,1,0.4519,0.727,0.0545,0,0,1
385.27,3,2,127.76,2,2.4812,0.0,6,0,0.2545,0.5258,0.0067,1,1,1
143.09,0,2,125.13,0,1.4313,0.0,1,0,0.2928,0.4041,0.1373,1,1,1
87.04,1,3,40.35,1,1.1116,0.0,3,0,0.5628,0.3094,0.1394,0,1,0
228.7,3,3,139.2,2,1.0442,7.3408,5,0,0.2722,0.5348,0.2759,3,0,0
290.94,5,3,114.06,0,2.63,4.7398,2,0,0.2526,0.7116,0.3432,0,0,0
246.45,5,1,116.07,3,1.2134,0.0,2,1,0.5238,0.754,0.1094,2,1,1
386.31,8,3,187.43,1,1.486,0.0,3,1,0.9299,0.7201,0.1454,4,0,1
191.68,2,2,155.29,2,0.7548,0.0,2,0,0.3554,0.4126,0.1325,1,1,1
204.29,3,3,141.7,1,1.1971,5.5842,3,0,0.4889,0.4979,0.1174,0,0,1
189.07,1,2,16.61,2,1.0053,3.872,6,0,0.0473,0.2774,0.2227,1,0,1
160.44,0,3,106.44,1,0.6497,0.0,1,0,0.2944,0.2267,0.0577,1,0,0
355.33,6,5,128.31,1,1.0643,0.0,1,1,0.4738,0.7052,0.2177,4,0,1
231.6,1,0,49.15,2,1.0093,0.0,4,1,0.3253,0.641,0.0575,0,0,1
422.33,1,3,27.29,1,1.2694,0.0,2,0,0.4265,0.6286,0.3036,2,0,1
12.64,0,2,50.14,1,1.5597,0.0,1,0,0.2487,0.5993,0.0993,0,1,0
468.87,2,4,63.64,0,0.5645,5.8024,5,0,0.5718,0.1595,0.1625,2,0,1
81.57,1,1,62.89,1,1.0367,0.0,3,0,0.2059,0.3698,0.1136,1,0,0
442.73,6,2,146.37,0,0.9972,0.0,4,0,0.5865,0.7053,0.4025,2,0,1
331.51,3,3,38.31,1,0.959,10.0958,5,0,0.4687,0.5204,0.1367,3,0,1
211.38,7,4,209.71,1,0.9613,0.0,7,1,0.2803,0.3531,0.0749,3,1,0
600.0,6,2,155.24,1,2.5794,11.7105,4,0,0.4527,0.648,0.2289,0,1,1
212.39,4,1,15.71,1,1.2078,0.0,2,0,0.4304,0.5449,0.0029,2,0,1
243.59,5,3,66.65,1,1.4384,7.8765,1,0,0.3139,0.552,0.1557,0,0,1
230.82,5,2,86.59,2,1.4502,0.0,2,0,0.3027,0.2625,0.1192,3,0,1
343.57,4,6,123.4,1,0.9823,0.0,6,0,0.4339,0.5404,0.0489,3,1,1
242.83,2,3,176.42,2,0.7403,6.1226,5,0,0.3616,0.4481,0.1092,1,0,0
219.49,2,0,11.8,1,2.7768,7.227,4,0,0.0772,0.4942,0.0841,0,1,1
420.15,5,4,64.5,0,0.5636,11.4991,9,1,0.3121,0.4187,0.0933,2,0,1
438.02,2,2,150.49,0,1.752,0.0,3,0,0.1336,0.2363,0.168,0,0,0
241.82,4,2,69.0,0,2.6249,0.0,3,0,0.3676,0.4659,0.063,0,0,0
313.99,1,3,175.31,0,2.0381,6.0437,5,1,0.4893,0.7238,0.1807,2,0,1
122.28,3,3,46.82,1,2.5986,0.0,2,0,0.5434,0.5385,0.0377,1,0,1
131.88,0,1,135.79,3,2.0719,9.6348,5,0,0.4509,0.4381,0.0786,1,1,1
114.41,1,1,47.85,2,1.9801,13.0715,6,1,0.3417,0.6701,0.0904,2,1,1
334.87,6,5,160.68,1,1.2893,2.2615,4,1,0.5155,0.2588,0.1706,3,0,1
590.33,5,2,91.25,3,2.0477,0.0,5,0,0.8207,0.5241,0.2165,2,0,1
494.07,3,4,189.07,0,0.4405,0.0,1,0,0.5487,0.4373,0.3723,4,0,1
220.31,3,4,111.95,0,0.6207,2.8223,4,0,0.7551,0.396,0.0951,1,0,1
207.72,3,1,150.28,2,1.1259,0.0,6,0,0.6267,0.4415,0.1254,3,1,0
262.82,7,1,133.76,0,1.6213,0.0,3,1,0.8195,0.4588,0.0884,5,0,1
291.11,2,1,78.86,1,3.1049,0.0,3,1,0.3604,0.5757,0.046,3,0,1
246.18,1,2,105.51,2,1.2573,12.1007,4,0,0.4576,0.3439,0.1999,1,1,1
270.89,5,3,15.64,3,2.0184,0.0,5,1,0.5503,0.575,0.1135,2,0,1
369.65,7,3,145.44,0,2.0018,0.0,7,0,0.1804,0.4834,0.1815,2,0,1
567.75,8,2,117.73,3,1.8427,0.0,6,0,0.5807,0.5979,0.101,1,1,1
529.31,0,3,68.66,1,2.201,0.0,6,0,0.3916,0.573,0.0703,0,0,1
137.14,1,0,105.33,0,0.9565,0.0,1,0,0.4385,0.2508,0.0507,1,0,1
120.61,1,2,119.96,0,1.9784,7.3181,2,1,0.5202,0.4864,0.1401,1,0,1
167.3,4,3,62.68,0,0.6282,10.655,9,1,0.4765,0.4756,0.3311,1,0,0
230.88,3,3,126.06,1,2.5306,0.0,3,0,0.3063,0.4604,0.1212,1,0,1
382.16,4,3,99.4,3,1.4148,2.6455,9,0,0.681,0.5029,0.2385,1,1,1
414.18,2,3,38.61,3,1.163,4.0291,10,1,0.573,0.4232,0.0034,2,1,0
389.97,4,2,78.87,0,1.8249,7.9031,2,0,0.6093,0.6338,0.0933,1,1,1
476.72,7,4,168.37,0,1.4202,6.5203,2,1,0.5986,0.7269,0.0569,3,0,1
219.11,1,1,146.42,2,0.9383,0.0,9,0,0.9011,0.5316,0.3491,0,0,1
102.94,2,2,80.28,1,3.1608,0.0,4,1,0.5731,0.7513,0.0351,1,1,0
250.62,6,3,142.8,3,1.736,0.0,9,0,0.346,0.7915,0.2479,4,1,1
283.75,4,3,19.92,2,1.9602,0.0,9,0,0.349,0.397,0.0447,1,0,1
177.28,2,2,174.07,1,2.0804,0.0,4,0,0.8563,0.612,0.2459,1,1,0
432.56,3,1,219.52,1,1.1015,0.0,3,1,0.2377,0.3374,0.006,1,1,0
143.74,1,3,23.26,0,0.7685,7.5154,3,1,0.7283,0.4978,0.0547,0,0,1
491.5,10,3,131.81,1,1.9277,0.0,5,0,0.6785,0.5842,0.2999,3,0,1
474.56,3,3,95.17,0,2.3652,8.2462,7,0,0.3082,0.3443,0.064,5,0,1
241.29,2,3,81.18,2,0.9541,0.0,2,1,0.2348,0.6095,0.0712,0,1,0
243.63,2,0,169.77,0,1.5241,7.6937,3,1,0.2136,0.5019,0.1992,3,0,0
266.17,4,4,43.08,0,2.0217,4.939,5,1,0.5086,0.6848,0.3231,3,0,1
132.55,1,3,143.49,0,0.9688,0.0,5,0,0.448,0.2592,0.2094,1,0,1
163.18,2,3,20.3,1,1.4964,0.0,3,1,0.2582,0.5501,0.0959,1,0,0
252.87,1,3,58.72,0,1.2583,0.0,3,1,0.3226,0.5109,0.1255,1,0,0
276.03,3,3,165.63,0,3.3458,0.0,4,1,0.4278,0.3798,0.1455,0,0,0
302.06,4,3,88.82,3,1.3272,4.2229,5,0,0.887,0.6597,0.2252,4,0,0
580.61,7,4,96.07,2,0.6225,3.0834,5,0,0.5302,0.5856,0.1181,2,1,1
600.0,5,4,175.84,0,1.9545,0.0,6,1,0.4111,0.5059,0.1978,1,0,1
280.17,1,5,109.99,3,1.0862,0.0,5,0,0.7381,0.4535,0.1085,1,1,0
269.76,3,2,74.75,0,1.3702,6.1276,3,0,0.3752,0.462,0.0577,1,1,0
600.0,4,6,170.52,1,1.4281,0.0,5,0,0.8635,0.5338,0.0973,1,0,1
123.0,1,0,145.94,1,1.2267,0.0,7,0,0.5472,0.1838,0.1691,1,0,1
403.86,2,1,47.17,1,0.5494,4.2798,4,1,0.1275,0.6245,0.0883,3,0,1
158.52,1,3,60.66,0,1.3079,12.5512,8,1,0.7244,0.7023,0.1258,0,0,1
591.49,4,4,78.12,1,1.6736,3.7001,6,0,0.6351,0.851,0.0543,3,1,1
132.06,1,2,149.42,0,1.312,0.0,3,0,0.5137,0.4551,0.0272,0,0,1
488.04,6,4,46.21,1,1.1669,0.0,6,0,0.3749,0.6156,0.0753,1,1,1
298.18,4,0,18.27,0,2.3121,3.9329,3,1,0.2072,0.7687,0.1369,0,0,1
255.4,4,1,15.79,2,1.5561,0.0,5,0,0.67,0.3853,0.2771,2,1,0
171.51,3,4,139.26,2,2.3475,0.0,3,1,0.3375,0.6693,0.0488,1,0,1
532.95,8,1,49.96,2,0.8576,0.0,3,0,0.6445,0.6382,0.1333,0,1,1
249.02,0,1,59.92,2,0.585,0.0,1,1,0.2284,0.3402,0.0227,0,1,0
110.43,2,1,144.81,0,0.9547,3.7443,6,0,0.3632,0.4385,0.1903,2,0,0
252.56,3,1,140.52,1,1.7982,7.0827,4,1,0.4192,0.4223,0.231,0,1,1
256.68,8,3,68.63,2,1.4299,0.0,5,0,0.3461,0.6753,0.2886,1,1,1
102.66,1,1,34.89,1,0.809,0.0,6,0,0.4066,0.3815,0.1218,0,0,1
311.6,0,2,25.82,2,0.847,7.53,4,1,0.3012,0.7355,0.2594,0,0,0
347.36,4,5,74.53,1,0.6735,5.5544,9,1,0.3819,0.3935,0.066,1,0,1
504.92,8,6,147.06,0,1.557,4.7965,3,1,0.7626,0.6021,0.1802,0,0,1
429.72,2,3,44.28,2,0.8198,0.0,6,0,0.3577,0.4031,0.1491,1,0,1
413.24,4,4,168.41,1,0.9836,0.0,1,0,0.3531,0.3664,0.2689,1,1,1
336.66,3,3,185.58,0,1.806,0.0,5,0,0.3953,0.4699,0.0907,0,0,0
297.99,0,3,122.25,0,0.6654,10.8554,1,1,0.6306,0.1006,0.219,1,0,0
256.53,1,2,41.58,0,1.0261,7.1278,3,0,0.297,0.532,0.1428,0,1,0
202.84,3,2,31.28,0,0.668,0.0,7,0,0.646,0.6017,0.0074,2,0,1
320.51,6,3,64.77,2,1.7161,0.0,10,0,0.3612,0.4021,0.046,2,1,1
413.72,8,4,65.47,0,2.3611,0.0,10,0,0.5374,0.6036,0.2095,4,0,1
321.88,7,1,87.51,2,0.9592,1.9434,9,0,0.7862,0.1769,0.1597,1,0,1
405.8,4,3,138.15,1,0.652,0.9545,1,0,0.487,0.5655,0.2045,1,1,0
184.39,4,4,88.12,1,1.8405,5.3045,4,1,0.2411,0.5248,0.0632,2,0,1
130.92,2,4,56.17,0,1.7005,0.0,3,1,0.5504,0.33,0.1589,2,0,1
237.89,0,3,154.12,1,2.1434,0.0,5,0,0.392,0.4495,0.2753,3,0,1
189.83,1,5,121.71,2,1.0342,0.0,8,0,0.9074,0.281,0.0999,1,1,1
322.65,3,2,174.35,0,1.7317,0.0,5,0,0.5302,0.7295,0.1905,1,0,1
222.65,2,3,131.72,2,1.314,0.0,6,0,0.1617,0.6884,0.0708,3,1,1
461.32,2,2,221.31,0,1.9182,6.0566,6,0,0.3907,0.6179,0.2199,3,0,1
297.17,3,1,163.6,2,0.3513,0.0,8,0,0.4624,0.3476,0.0933,4,0,1
209.51,0,1,72.86,0,1.4588,0.0,2,1,0.5855,0.1878,0.0497,0,1,0
542.65,6,4,154.5,1,1.3978,0.0,5,1,0.5497,0.4993,0.0761,2,0,1
180.21,0,0,10.13,0,0.6126,0.0,8,0,0.3869,0.4102,0.084,0,1,0
224.06,3,3,114.76,0,0.7922,0.0,4,0,0.4927,0.1961,0.1564,1,0,0
412.64,7,4,145.22,2,1.9208,11.4084,4,1,0.6095,0.7656,0.1657,2,0,1
293.86,1,1,117.12,1,0.6318,6.5143,2,0,0.4459,0.2207,0.2059,3,0,0
430.76,3,1,57.53,1,0.7906,9.6049,4,0,0.5191,0.4422,0.1706,2,1,0
189.76,2,1,77.45,1,1.4165,8.3972,8,0,0.3168,0.6936,0.0409,0,0,1
128.72,2,2,48.47,1,0.9912,0.0,8,0,0.6577,0.5133,0.0467,0,1,0
387.42,6,1,59.14,1,1.1325,13.2564,9,1,0.4876,0.5379,0.1101,0,1,1
366.57,1,1,103.56,0,1.7422,13.5158,3,0,0.6234,0.738,0.1542,1,0,1
195.09,0,3,83.75,1,1.3329,0.0,3,0,0.3593,0.4326,0.0745,1,0,1
142.31,3,0,82.85,2,1.9668,0.0,8,0,0.2725,0.4805,0.0284,4,0,1
258.85,5,4,196.87,0,2.5191,0.0,6,0,0.4869,0.4215,0.1325,0,0,1
206.81,2,0,13.19,0,1.9243,0.0,2,1,0.3231,0.5789,0.0159,3,1,1
173.85,1,2,65.42,1,0.8878,0.0,2,0,0.5166,0.3527,0.1185,1,0,1
363.44,1,4,87.88,3,1.6352,0.0,2,0,0.6926,0.3242,0.1812,2,0,0
447.31,6,5,170.09,4,1.2614,7.7274,9,0,0.6142,0.6394,0.0948,5,0,1
507.3,5,4,134.39,0,1.9243,0.0,5,0,0.5132,0.5551,0.1585,2,0,1
127.23,1,1,134.73,2,0.7641,13.1989,9,0,0.7109,0.4464,0.1046,0,0,1
255.82,1,3,111.87,1,1.2411,0.0,3,0,0.8399,0.518,0.1873,2,0,0
248.55,2,3,110.28,1,1.1941,14.4553,5,0,0.322,0.6454,0.0884,1,1,0
297.58,2,0,157.98,1,1.0217,0.0,4,1,0.2672,0.4969,0.0635,1,1,0
328.69,3,0,144.01,2,1.0045,0.0,3,1,0.2126,0.7536,0.1547,0,0,1
339.03,3,1,146.91,0,0.9933,6.9241,6,0,0.4067,0.501,0.0161,2,0,1
183.2,2,4,163.55,0,1.0164,0.0,2,0,0.6395,0.5584,0.0684,1,0,1
600.0,3,5,176.2,2,1.202,0.0,5,0,0.4091,0.7686,0.1811,4,0,1
472.41,0,2,14.06,4,1.5996,9.0442,8,1,0.328,0.2889,0.1685,0,0,1
410.01,5,2,52.01,2,1.4476,4.3571,4,0,0.6772,0.4686,0.114,1,0,1
47.15,0,1,51.38,0,0.7611,0.0,4,0,0.236,0.4009,0.1058,0,0,0
232.57,3,6,122.21,2,2.0553,7.739,8,0,0.2573,0.6775,0.199,3,0,1
268.57,3,3,100.6,0,1.227,0.0,3,0,0.1595,0.297,0.0883,1,1,1
320.32,1,2,41.76,3,1.6288,6.9062,7,1,0.2063,0.6096,0.0402,1,1,1
150.06,2,1,127.73,2,2.4965,3.4645,2,1,0.7179,0.4655,0.2471,2,0,1
307.78,2,3,61.0,1,1.7693,0.0,3,0,0.51,0.5204,0.015,1,0,1
135.14,1,1,148.92,3,3.2998,0.0,7,0,0.3371,0.6857,0.2111,2,1,1
141.84,2,2,124.83,1,1.491,0.0,5,0,0.7479,0.0791,0.0507,0,1,0
303.24,2,2,83.72,2,0.419,3.8255,6,0,0.8193,0.3983,0.0952,2,1,0
584.82,7,2,42.08,2,0.757,6.1146,8,0,0.2409,0.5818,0.1115,0,0,1
149.56,2,0,154.04,0,1.1429,9.5631,3,0,0.4915,0.3533,0.1127,0,0,0
351.72,5,3,40.21,2,3.4434,9.8464,4,0,0.6073,0.7298,0.1192,1,0,1
252.64,3,2,56.91,0,0.9677,0.0,1,0,0.1735,0.1064,0.0404,0,0,0
269.83,1,1,203.33,0,1.3285,3.2138,6,1,0.6008,0.3186,0.0471,0,0,1
342.44,3,3,111.03,2,0.938,0.0,4,0,0.5444,0.6769,0.1378,2,0,0
173.57,3,2,97.55,1,3.306,0.0,9,0,0.3267,0.7305,0.0624,0,1,1
237.42,1,3,98.61,1,1.2249,6.3682,5,0,0.9439,0.3304,0.0704,3,0,1
413.3,4,1,140.0,2,1.4355,0.0,6,0,0.663,0.2628,0.0068,1,0,1
205.06,4,2,69.22,0,1.3789,10.8813,7,0,0.3699,0.4978,0.1715,1,1,1
488.35,4,2,56.69,0,0.6268,0.0,4,0,0.5499,0.2747,0.2906,1,0,0
434.07,3,7,227.73,1,2.857,0.0,3,0,0.2566,0.3706,0.1378,3,1,1
460.62,0,1,112.39,3,1.1745,0.0,8,0,0.1909,0.3807,0.0038,0,0,0
408.98,5,2,105.14,1,0.7569,0.0,1,0,0.8483,0.539,0.0632,4,0,1
192.51,3,4,175.94,0,1.1841,4.379,4,1,0.6189,0.5173,0.1681,0,0,0
148.38,3,3,27.5,1,0.9694,0.0,1,0,0.6377,0.3431,0.0677,2,0,0
478.27,1,1,63.29,4,1.2663,0.0,1,1,0.8436,0.6915,0.0922,1,1,0
171.36,2,2,99.96,2,0.6957,6.22,8,0,0.6136,0.5038,0.0439,3,1,0
232.57,1,2,87.05,2,1.4157,9.9236,4,0,0.4576,0.5736,0.1295,0,0,1
380.41,4,6,101.05,1,0.6511,8.3101,3,0,0.8,0.5437,0.265,2,1,1
86.27,3,4,220.93,1,0.8516,0.0,9,0,0.5126,0.4143,0.1698,3,0,0
262.43,3,1,108.19,1,1.091,2.5193,3,0,0.7473,0.3537,0.1204,3,0,1
505.38,5,3,167.32,1,1.1358,6.1724,6,0,0.2917,0.423,0.2578,1,0,1
87.78,0,1,81.5,2,0.9647,9.257,7,0,0.3185,0.7135,0.2017,0,0,1
286.41,2,1,26.08,3,1.7124,3.1794,3,0,0.4735,0.4003,0.0359,1,0,0
303.06,5,3,55.58,2,1.9748,0.0,6,0,0.6628,0.7254,0.1558,3,0,1
105.06,0,0,54.75,1,1.8096,0.0,10,0,0.3416,0.524,0.1198,1,0,0
191.65,2,1,129.13,0,0.9674,0.0,4,0,0.4978,0.5355,0.0627,1,1,0
90.4,1,0,142.07,0,1.3107,0.0,4,0,0.6777,0.2356,0.0464,1,1,0
251.76,1,1,56.1,2,1.0847,0.0,8,0,0.8126,0.6586,0.229,1,1,1
108.16,0,3,3.63,1,0.8305,7.9153,4,0,0.5605,0.2091,0.1175,1,0,0
114.7,0,1,45.14,0,0.6556,0.0,4,1,0.3708,0.4929,0.1299,0,0,0
243.6,3,4,149.16,2,1.0118,5.7964,9,1,0.6207,0.4623,0.2988,1,0,1
170.36,3,0,98.63,1,1.2464,1.7738,5,0,0.3134,0.5054,0.0522,1,0,1
125.11,2,3,123.88,2,0.7085,0.0,6,1,0.4892,0.5839,0.1323,2,1,0
320.6,0,0,200.46,2,1.7347,12.079,6,0,0.2534,0.6559,0.0409,2,1,0
71.42,2,2,26.95,0,1.4008,4.323,2,1,0.6157,0.2881,0.0216,1,0,0
89.79,2,2,14.49,1,0.736,11.021,5,0,0.5312,0.7236,0.1282,0,0,1
287.56,1,1,72.95,0,1.1392,0.0,2,0,0.2881,0.3477,0.1011,0,0,0
196.18,2,2,57.35,2,0.9953,9.4492,4,1,0.4795,0.5065,0.2273,0,0,1
329.27,1,1,224.13,2,0.7201,0.0,5,0,0.5716,0.3254,0.1777,3,0,0
388.23,1,2,18.16,0,0.6557,4.9455,5,0,0.4764,0.5433,0.255,0,0,0
372.27,4,2,160.03,2,1.1395,0.0,6,1,0.7147,0.706,0.0984,1,0,1
524.43,5,4,32.96,1,1.2812,0.0,2,0,0.7725,0.2478,0.1043,3,0,0
230.03,4,1,73.97,1,1.9071,0.0,5,0,0.5947,0.7613,0.077,1,0,1
81.72,1,0,39.78,2,1.1096,5.4779,6,1,0.3182,0.7014,0.0526,1,1,1
491.19,3,1,72.96,0,0.9754,0.0,2,0,0.2774,0.4284,0.1572,0,1,0
373.05,3,0,82.31,2,0.5969,6.6481,6,0,0.369,0.4116,0.0536,1,0,1
487.71,0,3,23.28,1,0.9435,0.0,5,0,0.6731,0.4109,0.0735,1,0,1
528.69,5,3,143.42,2,0.9639,12.3855,5,0,0.6235,0.688,0.1458,0,0,1
247.33,2,1,103.48,0,0.8666,5.1487,2,1,0.3699,0.4281,0.0549,2,0,0
378.7,6,5,105.94,1,1.001,0.0,2,0,0.5479,0.2966,0.2541,2,1,0
277.89,2,1,106.0,1,1.3937,8.3008,7,0,0.9281,0.5182,0.1184,1,0,1
300.06,1,4,85.25,2,2.4802,9.8125,1,0,0.7226,0.4024,0.0881,2,0,1
306.19,1,1,48.83,0,0.8317,5.5762,3,0,0.264,0.507,0.2336,0,0,0
268.87,4,5,132.1,1,0.6475,0.0,3,1,0.8615,0.6065,0.2267,3,1,0
307.42,3,0,66.11,1,0.7255,12.2975,4,0,0.4747,0.6424,0.1157,0,0,1
200.94,2,2,21.67,2,0.4672,0.0,9,0,0.6553,0.3614,0.1181,1,0,1
370.28,4,1,149.28,1,1.6534,7.8055,2,0,0.7361,0.7741,0.164,4,0,1
192.21,4,2,89.36,0,0.8731,0.0,6,0,0.3017,0.4254,0.2218,0,1,0
303.04,6,0,147.34,1,1.0265,3.7407,5,1,0.4415,0.4449,0.0968,3,0,1
235.36,6,2,57.57,0,1.3175,0.0,4,1,0.6435,0.6148,0.0505,0,1,0
110.4,2,1,208.89,0,0.7608,0.0,2,0,0.1758,0.7548,0.1403,0,0,1
433.54,2,5,162.27,1,0.9007,0.0,5,0,0.8241,0.5524,0.1784,2,1,1
71.69,0,2,10.45,0,1.3322,8.7464,3,0,0.1797,0.6889,0.1558,1,0,0
220.77,4,2,98.63,2,0.987,0.0,5,1,0.1331,0.398,0.0384,3,1,0
445.76,1,1,60.81,1,0.6824,7.9021,9,1,0.8333,0.5689,0.0858,2,0,1
435.64,7,5,102.67,0,2.0484,3.801,2,0,0.4386,0.358,0.3309,2,0,1
204.14,3,2,112.35,2,1.2011,0.0,3,0,0.576,0.8106,0.2806,0,0,1
600.0,4,2,59.95,1,2.1309,0.0,3,0,0.3419,0.5641,0.3125,2,0,1
456.9,2,0,68.42,0,3.0782,0.0,5,0,0.4238,0.4161,0.1041,3,1,0
209.01,4,5,128.02,1,1.1038,8.043,4,0,0.7035,0.1505,0.1518,1,1,1
291.04,1,3,131.42,1,1.5515,0.0,10,0,0.7592,0.5283,0.2174,2,0,1
235.88,3,1,106.17,1,0.7278,8.4237,1,0,0.3405,0.4129,0.0267,0,0,0
190.11,2,2,69.65,2,1.4163,0.0,5,0,0.1357,0.4204,0.1964,4,1,1
384.12,2,3,131.78,0,1.4546,4.2706,5,0,0.7205,0.1754,0.0476,3,0,0
401.96,2,4,55.55,0,1.4839,0.0,3,1,0.5493,0.4314,0.1347,4,1,1
128.59,3,3,79.54,0,2.12,0.0,5,0,0.3684,0.58,0.0205,0,0,1
397.58,7,6,109.85,1,0.7857,8.669,3,0,0.5315,0.5477,0.0545,4,0,0
164.64,3,3,62.32,1,1.006,0.0,4,0,0.2479,0.5269,0.1674,1,1,1
180.42,2,0,27.22,2,0.78,2.9549,4,1,0.6625,0.6081,0.0846,0,1,0
322.5,1,2,104.55,4,2.3276,0.0,3,0,0.3422,0.4026,0.0719,2,0,1
600.0,5,4,199.23,0,0.5982,9.5914,1,0,0.6565,0.3635,0.1256,2,0,1
184.46,4,1,207.59,1,1.1277,0.0,10,0,0.9334,0.6007,0.0369,1,0,0
226.76,4,2,64.77,3,1.1976,7.7228,4,1,0.4025,0.7939,0.0457,3,0,0
466.91,6,1,167.4,2,2.6517,9.2668,4,0,0.1,0.569,0.1669,4,0,1
184.54,2,5,61.97,1,2.1331,5.7563,3,0,0.2691,0.5348,0.1614,1,0,1
450.94,4,2,138.0,3,1.1423,0.0,5,1,0.6058,0.3438,0.0895,3,0,1
262.22,0,2,40.97,0,1.8378,7.1118,1,0,0.5577,0.3679,0.0582,0,1,1
326.42,5,3,69.07,2,1.075,0.0,4,0,0.7942,0.5279,0.1272,3,0,1
256.59,2,4,145.21,1,1.669,0.0,2,1,0.4031,0.5188,0.1539,3,1,0
424.15,2,1,11.95,3,1.3284,0.0,5,0,0.3525,0.5707,0.1031,0,0,0
168.92,1,4,29.32,0,1.3135,0.0,1,1,0.5178,0.5167,0.0223,1,0,0
500.08,3,2,130.39,0,0.6696,5.2712,3,1,0.5776,0.3769,0.3127,0,1,0
277.53,1,3,61.8,2,1.8586,2.1836,5,0,0.696,0.255,0.0187,1,0,1
79.63,1,0,67.11,0,1.0067,8.0975,1,0,0.4779,0.1652,0.1523,1,1,0
204.38,1,5,129.27,1,2.1378,0.0,4,0,0.6452,0.3341,0.0944,1,1,1
520.41,3,5,35.71,0,1.0202,0.0,5,0,0.5999,0.5516,0.1092,2,0,1
61.15,0,2,103.22,0,1.6222,0.0,1,0,0.5092,0.1684,0.1242,2,1,1
187.83,2,2,97.29,1,2.1161,3.393,9,0,0.3063,0.5621,0.3651,0,1,1
315.03,1,1,81.05,1,1.1158,4.7031,5,1,0.7634,0.5775,0.0903,3,0,1
199.56,5,1,76.82,1,1.5006,9.6459,8,1,0.4605,0.6967,0.0784,2,0,0
289.46,5,2,130.3,2,1.0542,0.0,9,0,0.6868,0.5896,0.1601,0,0,1
139.62,1,2,73.49,0,0.8084,0.0,6,0,0.7594,0.4445,0.0514,3,0,1
220.29,1,2,101.51,1,0.7334,7.9623,3,0,0.1885,0.4316,0.0235,0,1,0
371.73,4,5,73.11,2,1.5395,0.0,3,0,0.8238,0.6527,0.0659,4,0,1
266.35,3,5,70.99,3,0.7752,0.0,10,0,0.4534,0.6279,0.177,1,0,1
110.52,1,3,177.98,1,1.5935,10.7507,3,0,0.2512,0.3563,0.1926,2,1,0
600.0,4,4,16.98,0,1.3064,8.3428,2,0,0.7814,0.7097,0.0728,2,0,1
182.57,1,2,113.27,0,0.7665,5.9262,2,0,0.3839,0.2396,0.0289,1,1,0
131.22,2,3,124.9,1,1.0782,8.6319,5,0,0.3137,0.3782,0.2081,2,0,0
106.83,3,2,116.78,2,1.392,0.0,6,0,0.5895,0.6634,0.0958,0,0,0
367.32,5,2,59.03,0,1.1823,9.3259,3,0,0.8956,0.7331,0.1111,1,1,1
241.77,3,5,38.28,2,0.7044,4.936,5,0,0.6782,0.3458,0.1777,1,0,1
524.79,6,2,88.21,2,1.0822,3.2309,1,0,0.3706,0.4104,0.1473,4,0,1
275.43,2,4,153.76,3,1.443,8.286,10,0,0.3187,0.4796,0.241,3,0,1
495.29,3,3,170.46,0,2.55,0.0,3,1,0.1204,0.6377,0.1849,0,1,1
89.6,3,3,171.5,1,1.2061,0.0,4,0,0.1393,0.4262,0.0404,0,1,0
89.03,2,0,87.13,1,1.4213,0.0,7,1,0.462,0.4037,0.2748,0,0,1
322.97,2,0,63.74,0,1.1265,10.6588,3,0,0.513,0.2869,0.0817,0,0,0
284.8,5,1,37.23,1,0.6007,0.0,2,0,0.2377,0.5648,0.314,1,0,0
101.63,2,3,80.15,0,1.1463,4.383,2,1,0.3491,0.6766,0.2184,2,0,1
254.55,4,1,145.25,0,1.5025,5.2889,5,0,0.399,0.384,0.1816,1,0,1
472.24,3,2,127.53,2,2.7788,0.0,7,0,0.3652,0.851,0.0495,1,1,1
219.78,5,3,131.11,1,0.9761,0.0,3,1,0.5992,0.3987,0.1105,1,0,0
184.78,2,2,28.59,1,1.6031,0.0,3,0,0.3366,0.7361,0.1944,3,0,0
270.64,0,1,27.43,1,0.6764,0.0,3,0,0.2973,0.3266,0.1433,0,0,0
231.54,3,3,116.58,1,1.7193,0.6172,6,1,0.5872,0.5386,0.1125,3,1,1
78.22,2,2,123.15,1,1.6765,6.9674,4,0,0.734,0.396,0.1617,2,1,1
433.29,2,3,37.72,2,1.3832,0.0,8,1,0.4867,0.6666,0.1299,1,0,1
275.73,2,0,47.27,0,1.9406,0.0,5,1,0.797,0.6043,0.3726,2,1,0
242.3,3,2,41.43,1,1.723,0.0,6,0,0.7657,0.5318,0.0585,2,0,1
311.11,3,2,123.25,2,0.9276,0.0,3,0,0.6277,0.6453,0.1347,2,1,0
73.67,0,1,55.02,0,0.665,0.0,3,0,0.5056,0.5313,0.0169,1,0,0
152.25,1,1,140.08,1,1.2337,7.7436,3,1,0.1916,0.6148,0.0445,2,1,0
381.91,3,3,48.03,1,2.4065,6.3504,1,1,0.3595,0.3792,0.3238,1,1,1
105.16,2,2,104.34,4,1.4669,6.4769,4,1,0.2873,0.6017,0.0977,1,0,0
148.85,2,2,64.82,0,0.7133,0.0,4,0,0.6469,0.3412,0.2201,2,0,1
279.14,4,0,35.68,1,1.6805,0.0,4,0,0.6171,0.7506,0.041,0,0,0
338.77,2,1,67.29,1,2.4879,0.0,3,1,0.7175,0.6171,0.1119,0,0,0
278.76,3,6,50.99,0,1.256,7.6579,3,1,0.369,0.5624,0.3581,1,0,0
430.62,3,4,102.92,1,0.9427,0.0,1,1,0.6542,0.5605,0.1061,1,1,1
276.56,5,3,46.51,2,1.0335,0.0,7,0,0.1251,0.1715,0.2074,1,1,1
316.12,1,5,155.36,4,0.9326,0.0,5,0,0.85,0.6515,0.1007,1,0,1
247.72,2,5,211.31,3,1.1366,0.0,2,1,0.0788,0.4094,0.1422,0,1,1
145.91,4,4,130.96,2,1.0566,3.4635,5,0,0.7255,0.3988,0.3613,1,0,1
123.1,4,2,113.16,0,0.7157,10.9763,8,1,0.2256,0.471,0.0579,2,0,0
500.51,7,5,68.83,2,1.6975,11.6085,2,0,0.797,0.6311,0.1316,3,1,1
219.08,3,1,124.85,0,1.5241,0.0,4,1,0.2178,0.7846,0.0633,0,0,1
192.53,4,1,43.96,3,1.1062,9.6156,2,0,0.3934,0.4729,0.2513,0,0,1
276.43,3,1,81.78,1,0.5472,0.0,3,1,0.6608,0.7591,0.0715,1,0,0
169.91,2,2,213.15,0,1.3904,12.7785,3,1,0.4248,0.7018,0.2427,0,0,0
454.78,1,1,95.34,0,1.4962,2.977,2,1,0.5484,0.7268,0.1997,0,1,0
149.12,0,2,114.02,1,0.7946,10.4398,9,1,0.5569,0.4889,0.0276,0,0,1
395.91,2,2,62.89,3,1.4272,0.0,2,0,0.3998,0.3503,0.0421,3,1,1
237.98,3,1,229.87,1,0.8928,2.2302,5,0,0.4843,0.4926,0.2638,2,1,1
351.25,1,3,97.02,1,1.5226,0.0,2,0,0.137,0.4184,0.15,2,1,0
324.3,3,3,103.28,3,0.8979,4.6479,6,0,0.6765,0.3007,0.1663,2,0,1
192.23,1,3,72.59,0,0.9556,6.3091,3,0,0.3819,0.341,0.3313,2,0,0
201.96,1,2,93.43,1,1.4701,0.0,4,1,0.1881,0.5524,0.0664,0,0,0
287.02,3,1,87.16,0,1.6271,7.2011,4,0,0.6337,0.6089,0.0894,2,0,1
330.41,1,2,140.26,5,0.9372,10.7264,3,0,0.7624,0.2287,0.0207,3,0,1
201.09,4,3,70.35,1,1.2651,7.0954,5,1,0.6976,0.6844,0.1799,2,1,1
121.76,1,1,97.18,1,1.3415,0.0,3,1,0.7083,0.3934,0.1504,0,0,0
351.75,4,2,50.29,1,1.4555,0.0,4,1,0.29,0.375,0.1216,4,1,1
331.57,6,2,171.89,1,0.5123,10.1839,7,0,0.3069,0.3399,0.1155,0,0,1
257.91,0,2,71.46,1,2.4687,10.1426,3,0,0.7551,0.5284,0.2637,1,1,1
281.63,1,0,185.07,0,0.6174,8.7964,1,0,0.6089,0.3523,0.2321,0,0,0
283.99,5,1,185.91,0,1.0763,0.0,4,1,0.5174,0.6246,0.1189,1,0,1
378.29,4,5,45.89,1,1.7028,2.3879,5,0,0.712,0.2764,0.0901,0,0,1
288.37,3,1,96.36,2,1.8372,0.0,8,0,0.8844,0.6262,0.3072,0,0,1
130.14,1,0,6.67,2,0.855,0.0,6,1,0.0605,0.7015,0.0545,1,0,0
216.34,1,1,17.52,0,0.7212,11.2978,3,1,0.4835,0.3042,0.0768,2,0,1
339.15,4,3,181.59,2,1.4119,0.0,4,0,0.3536,0.6489,0.233,2,0,1
78.53,1,1,103.74,1,0.8497,6.1599,4,1,0.7074,0.1659,0.0937,1,0,0
533.54,3,0,99.72,2,1.4241,0.0,4,0,0.3221,0.5507,0.1337,1,1,1
325.1,4,4,95.54,0,0.747,9.1432,3,0,0.792,0.2161,0.0542,4,1,1
388.13,7,3,176.06,1,0.7382,0.0,3,1,0.3475,0.4818,0.2703,3,0,1
363.84,4,3,163.74,1,1.8603,0.0,2,1,0.3879,0.3604,0.1975,1,1,1
369.52,3,3,58.43,1,1.4837,10.2598,4,1,0.5414,0.5519,0.0032,1,1,0
76.05,0,1,63.35,2,0.7403,0.0,2,1,0.0249,0.4832,0.0222,1,0,0
383.87,3,0,164.85,0,1.1415,11.1433,8,0,0.9056,0.5363,0.2242,0,0,1
362.39,4,5,138.53,1,2.3562,0.0,6,0,0.2933,0.7963,0.0232,2,0,1
336.51,2,1,139.16,2,1.6052,0.0,5,0,0.3644,0.4378,0.0605,1,0,0
395.16,3,3,136.37,2,2.4252,0.0,1,1,0.5916,0.6186,0.1201,1,1,1
224.27,0,3,26.41,0,2.684,0.0,4,0,0.4918,0.5281,0.1098,2,0,0
381.86,5,2,44.34,0,0.8068,0.0,4,0,0.5039,0.7161,0.2055,2,1,0
451.75,3,0,152.83,4,1.1873,0.0,6,0,0.7142,0.4343,0.2018,3,0,1
157.6,0,3,100.44,1,1.772,0.0,5,0,0.3652,0.4907,0.2635,5,1,1
210.33,2,1,21.33,2,0.5938,9.636,4,1,0.243,0.5119,0.1076,1,0,0
195.89,0,2,60.98,0,1.5734,0.0,3,0,0.0287,0.456,0.1751,1,0,1
191.04,5,4,23.51,1,1.0898,0.0,4,1,0.3177,0.2223,0.1822,3,0,0
229.29,2,4,93.24,2,1.2734,0.0,5,1,0.9251,0.327,0.2557,3,1,0
101.56,1,4,71.19,2,1.2766,0.0,4,0,0.8208,0.7244,0.1708,5,0,1
391.23,4,4,63.83,4,1.3552,8.9364,10,1,0.4615,0.5872,0.0815,0,0,1
452.35,1,1,43.57,1,1.6689,0.0,1,0,0.2767,0.6954,0.017,1,0,1
217.95,4,2,98.63,3,0.681,0.0,9,1,0.5952,0.7386,0.0298,2,1,0
216.05,2,0,109.23,2,2.7794,12.58,4,0,0.8424,0.5027,0.0983,0,0,1
332.76,4,6,122.11,1,2.1675,9.4034,5,0,0.4204,0.4211,0.3478,2,0,1
285.42,3,3,152.37,2,1.026,0.0,7,0,0.5134,0.6601,0.0632,0,1,1
224.22,1,3,53.29,0,1.3392,0.0,1,1,0.3241,0.4707,0.0835,3,1,0
329.03,7,1,127.26,0,0.9612,4.1463,7,0,0.5797,0.4775,0.2376,2,1,1
96.07,1,2,123.65,4,2.8313,0.0,7,0,0.3255,0.6018,0.1053,2,0,1
521.27,2,3,36.4,3,1.3626,0.0,3,0,0.6821,0.5473,0.0594,0,1,1
348.79,3,2,38.51,1,1.4698,11.7604,5,0,0.8887,0.5538,0.1698,1,0,1
118.67,3,2,80.17,2,1.2881,0.0,6,0,0.4171,0.3481,0.1012,2,0,1
438.31,5,5,108.68,1,0.9557,6.5721,7,0,0.8794,0.522,0.1373,2,0,1
187.98,2,0,35.25,1,1.5656,9.0181,6,0,0.8091,0.6236,0.0351,0,1,1
298.33,3,5,164.58,1,1.544,6.6204,5,1,0.4836,0.3673,0.1011,2,1,1
65.4,2,5,158.16,1,0.9778,0.0,5,0,0.7133,0.7987,0.0319,0,0,1
296.35,3,2,95.91,3,1.7203,0.0,6,1,0.5624,0.5389,0.1573,0,0,0
136.9,1,1,24.88,0,1.4552,3.7314,4,1,0.7024,0.3147,0.1921,0,0,1
390.69,2,4,224.05,0,0.8842,5.3739,2,0,0.4313,0.4461,0.2173,0,1,1
245.32,4,4,17.1,0,1.281,7.7995,6,0,0.4525,0.5669,0.0239,2,0,1
77.17,0,1,65.34,2,0.5735,3.4198,7,0,0.2378,0.4609,0.1964,2,0,1
297.06,2,4,119.19,0,0.6708,0.8946,2,1,0.8011,0.1033,0.1375,0,1,0
435.41,1,2,160.69,0,1.3335,3.6708,3,0,0.3022,0.4778,0.2827,1,0,1
188.59,5,1,63.6,0,1.5424,0.0,3,0,0.4509,0.6934,0.0901,2,0,1
322.08,1,0,89.46,0,2.0989,0.0,2,1,0.2502,0.7383,0.1634,0,1,0
297.47,3,4,118.23,1,1.4259,5.4549,5,0,0.5156,0.4335,0.0679,1,0,1
511.67,3,3,131.35,2,1.2268,0.0,7,0,0.3784,0.3706,0.1173,2,1,1
267.5,4,1,20.33,1,1.5693,0.0,3,0,0.5385,0.2526,0.129,2,0,1
351.72,3,2,37.41,1,1.3348,3.7446,7,1,0.2854,0.2619,0.113,0,1,0
224.86,4,2,46.2,3,0.9629,0.0,8,0,0.2588,0.6856,0.0241,1,1,0
600.0,2,2,154.49,2,0.6164,0.0,4,0,0.5633,0.4793,0.0882,1,0,0
174.07,2,2,113.51,1,1.2671,3.8614,2,0,0.7045,0.4295,0.1162,1,1,0
98.52,1,3,203.76,0,0.5225,7.7548,3,1,0.3833,0.0709,0.2742,4,0,0
390.87,6,5,141.86,1,0.9458,0.0,2,1,0.6441,0.6739,0.1306,1,1,1
225.06,3,2,131.03,3,1.132,0.0,7,0,0.6542,0.5724,0.1544,2,0,1
50.34,1,1,35.67,0,1.5087,8.6941,3,0,0.6212,0.4251,0.0205,0,0,0
508.46,6,0,160.96,1,1.4502,8.3239,9,0,0.2644,0.3604,0.2394,0,0,1
97.41,1,2,173.94,0,1.1438,0.0,5,0,0.4904,0.3426,0.136,2,0,0
305.4,3,3,114.82,1,2.0291,0.0,4,0,0.5314,0.7162,0.1441,1,1,1
191.21,1,4,127.21,0,2.1618,0.0,3,0,0.3727,0.5056,0.1954,1,1,0
600.0,5,6,67.11,0,0.8069,2.2134,3,1,0.3796,0.1888,0.0555,2,0,1
168.94,0,4,74.37,0,0.5981,11.0406,6,0,0.8028,0.5048,0.0566,0,0,0
600.0,3,4,142.56,0,0.8055,0.0,3,0,0.476,0.3284,0.2449,1,1,1
335.44,5,1,40.92,0,1.5105,6.5046,1,0,0.0765,0.5659,0.0394,0,1,0
217.51,6,6,135.37,2,1.5759,0.0,3,0,0.1412,0.6486,0.2362,3,0,1
363.3,3,4,105.07,0,1.1923,5.0878,2,0,0.0974,0.57,0.2203,3,0,1
477.37,7,5,134.68,0,0.6957,9.477,5,0,0.7078,0.5974,0.119,4,0,1
192.06,1,2,89.98,0,1.3235,12.5154,4,1,0.5723,0.3303,0.1261,2,1,1
200.07,1,3,102.16,1,0.9534,8.3564,4,0,0.2825,0.6089,0.1781,0,0,1
323.62,2,3,90.47,1,2.0439,0.0,1,0,0.6204,0.4408,0.2686,1,1,1
192.31,5,3,50.72,0,1.2891,0.0,2,0,0.7742,0.6489,0.0309,2,1,1
118.77,0,1,86.98,0,1.1371,0.0,3,0,0.4615,0.4708,0.1545,0,0,0
414.52,4,3,168.09,1,1.3727,0.0,4,0,0.7003,0.5994,0.1108,2,0,1
149.74,5,1,140.05,1,0.8717,4.2776,3,0,0.4565,0.5691,0.0538,2,0,0
123.88,1,4,132.79,1,3.2916,0.0,8,1,0.6026,0.3996,0.1564,0,0,1
104.36,2,0,12.42,2,1.2443,2.1141,8,0,0.2141,0.2865,0.1526,1,0,0
90.92,1,1,54.24,1,0.8246,0.0,4,0,0.3786,0.4876,0.0726,0,0,1
108.58,3,0,29.44,1,1.7813,5.7111,5,1,0.2131,0.6619,0.0428,0,0,1
419.02,0,2,67.41,0,2.0616,0.0,1,0,0.655,0.448,0.182,1,1,0
202.88,2,3,136.68,1,1.7577,0.0,5,0,0.5529,0.4294,0.0475,4,1,1
395.46,4,2,169.02,0,2.3161,6.5644,4,0,0.5228,0.4547,0.2174,1,1,1
334.08,6,5,79.22,1,1.1424,11.9464,4,0,0.8462,0.4879,0.0248,0,0,1
160.54,1,1,65.27,5,1.9538,0.0,8,1,0.2735,0.8411,0.0653,1,1,0
600.0,4,5,93.39,0,1.2066,0.0,1,1,0.2431,0.3195,0.1105,2,0,1
332.46,1,3,177.53,0,0.5579,0.0,9,1,0.4677,0.2904,0.0406,3,1,1
136.49,1,1,178.89,0,1.0141,0.0,3,0,0.6573,0.6482,0.0379,3,0,1
414.89,3,5,125.43,0,1.0513,6.8966,8,1,0.6404,0.7162,0.1237,2,1,0
166.42,3,1,124.05,1,0.8334,9.1475,7,0,0.4026,0.4801,0.0549,1,1,1
341.4,4,2,187.0,3,2.0766,6.7367,5,0,0.445,0.8629,0.0709,1,1,1
349.8,6,3,138.61,1,0.4551,7.4097,5,0,0.5256,0.4546,0.055,1,0,1
120.51,0,3,110.07,0,0.4692,1.0856,7,0,0.7387,0.3461,0.117,0,0,0
121.46,2,0,60.35,0,1.2982,5.1313,6,0,0.2827,0.5292,0.1476,1,1,0
220.87,0,0,63.9,1,1.6835,0.0,3,0,0.5719,0.5991,0.0617,0,0,1
522.7,4,4,70.66,0,0.7708,0.0,2,1,0.7127,0.2706,0.0975,1,0,1
449.22,4,2,88.3,4,1.3996,0.0,7,0,0.8261,0.563,0.1841,3,0,1
194.8,3,1,43.24,0,2.3425,12.9949,10,0,0.541,0.2995,0.018,1,1,1
289.62,4,2,110.71,0,1.6111,11.5946,2,0,0.833,0.6266,0.0208,2,1,0
79.27,1,4,61.64,1,0.6951,7.1182,3,1,0.5728,0.4498,0.1986,0,1,0
288.18,4,0,116.72,4,1.3247,6.0347,7,0,0.3484,0.3514,0.0975,1,1,0
220.99,3,2,77.72,2,1.399,0.0,6,1,0.1757,0.6294,0.0428,3,0,1
189.91,0,0,7.87,2,0.978,12.9602,3,0,0.4507,0.5009,0.1102,0,0,0
163.47,3,2,261.79,1,0.8569,9.1241,4,0,0.6391,0.4451,0.1433,2,0,1
141.09,1,4,26.07,1,1.125,0.0,4,1,0.6115,0.4037,0.1713,1,1,0
189.11,4,4,99.45,1,1.5712,0.0,2,1,0.6291,0.5955,0.0635,1,1,1
514.72,0,1,93.02,2,1.5872,4.1753,7,0,0.814,0.6401,0.2083,4,0,1
311.5,2,2,148.73,0,2.3455,0.0,3,0,0.5681,0.6332,0.1661,2,1,1
575.5,1,6,163.47,1,1.41,0.0,5,0,0.5993,0.4075,0.2666,0,0,1
170.7,2,1,159.16,1,1.5167,0.867,6,0,0.4868,0.5501,0.1975,3,1,1
145.26,2,1,30.73,2,1.1331,2.7442,9,0,0.0996,0.6316,0.1271,1,1,1
170.7,1,2,155.94,1,0.8157,2.1889,10,1,0.3194,0.685,0.1179,2,0,1
505.87,2,4,88.94,1,0.855,0.0,8,0,0.1747,0.4052,0.1365,2,0,0
489.93,3,2,133.0,1,0.8493,0.0,5,0,0.5166,0.6758,0.0679,3,0,0
166.0,5,8,212.62,0,1.9249,0.0,4,1,0.7975,0.7752,0.0186,2,1,1
302.72,4,4,87.32,0,0.7144,6.0451,2,0,0.6897,0.4701,0.2215,2,0,1
290.68,8,5,29.09,1,1.1829,4.8945,7,0,0.3759,0.4124,0.2315,4,0,1
600.0,5,2,104.57,3,1.2266,5.1997,4,0,0.7799,0.2064,0.1076,4,0,1
205.71,0,2,211.21,1,0.633,0.0,4,0,0.7209,0.3966,0.1527,4,0,0
312.28,4,3,27.98,1,1.0067,8.8741,3,0,0.2011,0.5633,0.0346,2,1,1
315.79,3,1,75.75,0,0.5224,0.0,5,0,0.454,0.5696,0.0924,2,1,0
592.13,4,0,189.96,0,1.9175,4.7235,3,0,0.2158,0.662,0.195,0,0,0
185.06,0,4,54.28,3,0.7102,0.0,4,0,0.6873,0.2021,0.0836,1,0,1
68.94,0,2,144.55,2,1.1118,8.6915,3,0,0.5997,0.4802,0.0259,0,1,0
434.24,5,4,48.45,3,0.5078,0.0,2,0,0.8596,0.3736,0.2103,2,0,1
422.56,4,4,164.84,0,1.036,3.8065,6,0,0.3607,0.3998,0.2743,3,1,1
92.5,1,0,163.93,1,1.9247,7.451,6,1,0.5247,0.8382,0.0536,0,0,1
63.41,0,0,101.25,1,0.8718,0.0,9,0,0.3334,0.4618,0.1576,2,0,0
231.84,1,0,44.82,1,2.4004,0.0,10,0,0.4662,0.5792,0.1655,0,0,1
552.1,5,0,52.02,1,0.9024,0.0,7,0,0.7632,0.3642,0.114,2,0,1
226.44,1,5,67.44,1,1.9321,0.0,2,0,0.3308,0.5253,0.1761,4,0,1
269.42,2,5,117.33,0,0.8629,0.0,1,0,0.6147,0.3894,0.1746,1,0,0
179.94,0,2,90.0,2,1.0602,6.7498,6,0,0.5603,0.4717,0.1602,0,0,1
211.53,4,4,186.72,0,1.0595,0.0,6,1,0.5451,0.6949,0.1987,2,0,1
234.4,5,3,161.73,2,1.2456,0.0,10,0,0.2217,0.2648,0.0485,1,0,1
191.08,1,2,50.27,1,0.6789,0.0,1,1,0.477,0.6096,0.164,3,1,0
307.47,3,1,73.85,2,2.3578,5.7074,1,1,0.7161,0.4657,0.1388,0,0,1
567.34,5,2,136.65,1,1.3863,3.6317,2,1,0.3655,0.4238,0.0967,0,0,1
243.47,1,2,85.04,3,0.768,3.9426,9,1,0.5989,0.2829,0.109,1,0,1
146.8,1,1,93.54,3,1.1746,0.0,5,0,0.3699,0.2407,0.0177,2,1,0
366.83,3,4,135.19,0,1.3615,0.0,8,1,0.5087,0.6801,0.3415,3,0,1
600.0,8,4,135.76,3,0.7203,0.0,2,0,0.6263,0.3617,0.145,3,1,1
271.77,4,4,93.44,2,0.8627,3.3462,4,1,0.7863,0.5602,0.0786,1,1,1
306.27,5,2,91.6,0,1.4147,0.0,2,0,0.7167,0.5671,0.1639,1,1,0
600.0,5,3,183.85,0,2.1211,0.0,6,0,0.4857,0.5163,0.1468,2,0,1
118.98,1,6,50.48,1,0.7854,0.0,5,1,0.7864,0.5344,0.1136,0,0,1
135.44,4,0,61.74,3,1.8939,0.0,4,0,0.168,0.6544,0.1993,0,0,1
419.3,3,4,88.24,0,1.975,0.0,3,1,0.9324,0.6788,0.174,4,0,1
341.94,0,4,228.99,1,0.6245,0.0,6,0,0.6915,0.3718,0.0595,2,0,0
275.93,1,1,44.02,2,1.113,0.0,1,0,0.505,0.4273,0.1253,1,0,0
181.17,3,2,106.83,0,3.4762,9.777,5,0,0.5221,0.7782,0.0601,0,0,1
600.0,6,3,140.58,1,1.4041,1.8873,4,0,0.4914,0.6252,0.0164,1,1,1
225.49,3,1,139.94,0,1.2645,12.0645,5,0,0.8466,0.6711,0.0783,0,0,1
478.65,4,2,146.31,0,2.0993,0.0,2,0,0.4954,0.5667,0.1129,0,1,1
561.73,6,4,63.75,1,2.2229,0.0,8,0,0.4766,0.6212,0.0636,2,0,1
335.3,2,2,205.43,0,1.2603,10.3973,1,0,0.9023,0.1929,0.0449,3,0,0
217.53,3,0,80.33,0,0.5238,0.0,6,0,0.2845,0.117,0.2322,1,0,0
334.53,8,2,102.4,0,1.4005,5.0862,6,0,0.8354,0.8922,0.0243,1,0,1
208.72,0,0,11.3,0,0.4851,0.0,2,0,0.4131,0.3172,0.1861,0,1,0
144.28,4,2,70.87,3,0.9445,0.0,4,0,0.6244,0.4419,0.3584,0,0,1
346.68,1,4,141.82,1,0.7183,3.5492,3,1,0.6105,0.5435,0.2588,1,1,1
483.53,7,7,55.87,2,1.0891,0.0,3,0,0.5163,0.1096,0.2682,2,1,1
218.74,1,2,20.35,3,1.0889,0.0,5,0,0.5854,0.5517,0.1965,0,1,1
190.33,0,2,81.24,1,1.5269,5.4268,3,0,0.4909,0.3654,0.2282,2,0,1
351.79,5,4,69.78,2,0.8262,0.0,7,0,0.636,0.2001,0.0184,0,1,1
66.23,0,1,168.82,1,2.985,0.0,5,1,0.7053,0.5642,0.0229,0,0,0
423.55,2,4,210.92,0,2.5297,0.0,4,0,0.202,0.5789,0.1378,3,0,1
481.51,2,3,187.28,1,0.4863,0.0,8,0,0.2943,0.33,0.197,1,0,1
184.45,3,4,82.46,0,1.3382,0.0,6,0,0.21,0.407,0.2475,1,0,0
113.25,1,0,44.86,1,1.9836,4.4719,3,1,0.2392,0.5486,0.1643,0,1,0
327.89,3,3,161.88,1,1.9415,4.5937,3,0,0.6053,0.5621,0.1406,3,0,1
189.03,0,0,99.27,1,0.9955,5.3799,8,0,0.6806,0.1773,0.1843,1,1,1
273.12,0,4,157.63,2,1.4951,3.1596,2,0,0.4461,0.4228,0.0834,3,0,0
145.88,2,4,58.63,1,1.8006,0.0,3,0,0.2699,0.8948,0.0199,0,0,1
453.25,5,4,111.55,4,0.8854,8.7151,8,0,0.5594,0.5244,0.1442,2,0,1
221.21,1,0,122.71,0,0.8084,0.0,4,0,0.5436,0.2803,0.1592,1,1,1
236.03,3,3,100.16,0,1.3309,0.0,5,0,0.7092,0.3795,0.0696,3,1,0
126.97,2,1,88.29,2,0.5374,6.8048,2,1,0.2754,0.2569,0.0734,2,0,1
343.36,8,2,88.95,1,1.2377,0.0,4,0,0.2363,0.584,0.1434,0,1,1
253.57,3,2,172.54,0,1.6132,0.0,5,0,0.3066,0.2111,0.1664,0,1,1
160.81,1,1,143.82,1,0.9741,0.0,3,0,0.4783,0.5331,0.0941,0,0,0
260.64,4,2,62.13,2,1.3138,5.0868,8,1,0.2531,0.1937,0.0831,2,0,1
247.67,0,2,105.5,0,0.5191,0.0,1,0,0.5539,0.367,0.1528,1,0,1
339.87,3,2,89.8,3,1.1249,0.0,6,0,0.6452,0.6752,0.2121,4,0,0
275.38,3,1,97.55,2,1.5277,0.0,7,0,0.6589,0.6306,0.1714,0,0,1
330.31,3,5,71.46,0,1.1131,0.0,2,0,0.5364,0.4484,0.1639,2,1,1
166.2,2,1,47.83,0,1.3143,0.0,4,0,0.2888,0.3086,0.0243,1,0,0
246.61,1,1,117.23,1,2.0021,0.0,3,0,0.7295,0.4922,0.0405,1,1,0
296.21,5,5,157.86,2,1.6802,0.0,9,1,0.8207,0.7399,0.1957,5,0,1
68.75,1,2,213.33,2,1.2373,0.0,2,1,0.8549,0.2469,0.1684,2,0,0
397.68,3,2,68.97,1,1.3579,5.6799,8,0,0.6748,0.5511,0.0667,2,1,0
199.9,2,0,49.36,1,1.095,7.0374,3,0,0.1169,0.4295,0.1,0,0,1
353.17,6,2,158.15,1,1.4243,0.0,4,0,0.4465,0.3525,0.189,0,0,1
391.54,3,2,124.06,1,1.4267,6.5317,4,0,0.611,0.6125,0.0575,1,0,1
230.48,4,4,88.39,1,0.8554,0.0,9,0,0.276,0.671,0.0495,3,1,0
389.89,5,4,37.46,0,1.4037,4.0763,3,1,0.4741,0.3418,0.2253,1,1,1
298.82,3,0,93.47,2,1.5347,7.2477,6,0,0.9346,0.3781,0.127,0,1,1
481.31,1,3,109.3,0,1.4015,7.7275,5,1,0.5608,0.6354,0.1377,1,0,1
187.22,2,4,151.1,0,2.0424,0.0,3,0,0.4282,0.5964,0.071,1,0,0
88.33,2,1,202.46,0,1.106,0.0,9,0,0.875,0.5957,0.0723,2,1,1
186.16,2,1,83.38,0,1.0287,0.0,2,0,0.3296,0.3621,0.0886,1,1,0
410.17,5,2,161.81,0,2.0044,0.0,4,0,0.4093,0.3412,0.1175,3,1,1
446.11,6,4,55.19,1,1.3288,0.0,3,0,0.536,0.7086,0.1874,2,0,1
36.12,0,1,21.21,3,1.7293,11.2769,4,0,0.4828,0.582,0.1634,2,1,0
564.54,2,1,134.68,0,2.1582,1.9679,3,1,0.7201,0.3284,0.1035,3,1,0
410.6,5,5,162.41,0,0.813,8.5501,1,0,0.4102,0.4615,0.0885,1,0,1
439.05,1,1,151.09,1,0.9376,0.0,5,0,0.1572,0.1888,0.0939,1,1,1
246.84,0,1,58.22,0,1.758,0.0,8,0,0.8259,0.5351,0.0511,3,0,1
236.47,4,3,28.89,0,1.9145,0.0,3,0,0.7635,0.8473,0.2717,1,0,1
238.43,1,1,151.48,1,1.7734,0.0,3,1,0.3296,0.4497,0.2659,1,1,0
81.21,1,3,55.36,3,1.0579,0.0,9,0,0.4441,0.3017,0.0942,0,1,0
245.04,3,4,75.76,0,1.6337,3.7848,4,0,0.6023,0.411,0.0667,1,1,1
294.85,7,1,142.83,2,1.6487,7.4853,5,0,0.5741,0.8956,0.0953,4,1,1
91.95,1,1,40.14,0,1.2137,0.0,2,0,0.5447,0.497,0.1633,2,0,0
73.86,2,0,70.47,1,1.7254,10.3686,1,0,0.5217,0.593,0.0332,0,1,1
279.64,5,4,181.15,1,0.5909,7.2756,7,1,0.561,0.5198,0.108,4,0,1
466.54,5,4,41.18,0,0.5699,0.0,6,1,0.4683,0.4785,0.1812,3,0,0
164.5,3,0,134.72,0,0.7015,0.0,3,0,0.6549,0.6124,0.0472,1,1,1
319.68,3,3,47.36,0,1.5179,0.0,2,1,0.6501,0.2592,0.098,2,1,1
91.68,1,1,34.71,2,0.7138,0.0,2,0,0.8265,0.5588,0.1961,0,0,1
85.15,0,2,51.66,1,2.604,5.8748,2,0,0.6572,0.4475,0.0585,0,0,1
136.35,1,3,69.03,0,1.6003,0.0,10,1,0.4601,0.5565,0.1461,4,1,1
226.37,2,7,145.66,2,1.2026,6.51,3,0,0.8235,0.5244,0.1826,5,0,0
423.16,3,0,42.31,1,0.8984,0.0,10,0,0.5144,0.2379,0.0109,0,1,0
197.78,2,1,179.61,1,2.1204,6.339,8,1,0.2225,0.5609,0.1376,1,0,1
112.6,1,2,53.75,0,1.7823,4.706,2,0,0.65,0.5158,0.0637,3,1,1
306.88,6,2,172.04,0,1.0368,0.0,2,0,0.4176,0.366,0.1242,1,0,0
467.93,0,2,131.33,0,1.0174,0.0,4,0,0.1242,0.5576,0.0439,2,1,1
180.04,3,1,213.5,0,0.9664,5.8083,6,0,0.2065,0.4542,0.0777,2,1,1
277.29,4,3,61.5,1,2.0199,0.0,4,0,0.4888,0.6735,0.2474,4,1,1
238.67,2,1,66.77,2,1.3127,0.0,10,0,0.35,0.6669,0.0962,3,0,1
582.51,10,3,125.68,1,2.9359,6.128,4,0,0.4527,0.6161,0.0957,2,0,1
310.36,1,3,90.12,0,0.7846,0.0,3,0,0.2519,0.2557,0.1179,2,1,0
291.32,3,3,63.14,1,0.5168,7.9298,7,0,0.3817,0.6718,0.0406,1,0,0
260.68,2,0,111.81,1,2.6137,0.0,8,0,0.2574,0.5426,0.184,0,0,1
201.1,3,2,201.31,2,1.5216,0.0,2,0,0.3721,0.5847,0.2826,2,0,0
293.81,8,2,84.54,1,1.82,12.489,3,0,0.2213,0.4747,0.2206,3,1,1
400.97,4,4,154.75,0,1.8105,0.0,4,1,0.6021,0.3804,0.2485,1,0,1
132.29,2,2,3.63,1,1.861,0.0,3,0,0.5365,0.9032,0.1193,1,0,1
378.09,3,1,38.6,1,0.9963,12.9716,5,0,0.372,0.3261,0.1358,0,0,1
299.22,3,1,63.63,1,1.0229,0.0,5,0,0.4003,0.2814,0.0885,1,1,1
342.18,3,1,71.87,0,1.2699,10.4585,5,0,0.2731,0.3998,0.0081,3,0,0
172.74,1,0,95.92,2,1.0805,0.0,7,1,0.4049,0.6724,0.19,1,1,0
205.55,3,5,267.03,1,1.5469,11.0314,5,0,0.2942,0.2782,0.1314,1,0,0
157.14,2,3,104.22,1,0.9592,0.0,7,1,0.5687,0.5319,0.0798,0,0,0
452.69,6,1,137.23,1,1.4284,5.5018,2,0,0.4813,0.3639,0.1488,5,1,0
273.74,5,4,121.84,0,2.5297,0.0,4,0,0.5175,0.2806,0.1906,3,0,1
307.52,7,0,57.0,0,1.3986,0.0,1,1,0.7091,0.6167,0.058,2,1,0
152.12,1,2,154.08,0,1.3792,0.0,2,0,0.4367,0.5234,0.2181,2,1,0
170.37,4,0,40.47,1,1.5689,6.9916,4,0,0.4318,0.7221,0.0808,0,0,1
197.45,4,1,119.16,1,1.8074,3.8814,6,0,0.2869,0.432,0.1567,0,1,0
130.53,3,2,93.09,0,1.0862,0.0,4,0,0.3626,0.5756,0.0586,3,1,0
335.63,7,3,177.84,3,1.3727,0.0,5,1,0.7671,0.5181,0.1586,1,0,1
503.17,5,4,12.85,3,2.3431,0.0,7,0,0.307,0.2213,0.1227,1,0,1
412.77,5,1,83.03,1,1.6609,13.2296,9,0,0.5154,0.7983,0.1767,1,1,1
249.01,2,3,35.9,1,1.132,0.0,7,0,0.2165,0.2794,0.0861,1,1,0
56.65,0,3,51.32,3,1.3376,0.0,7,1,0.5899,0.5444,0.1434,0,1,1
444.77,0,0,114.71,2,0.7764,8.5429,5,1,0.1692,0.248,0.0714,0,1,1
220.46,3,0,14.56,0,1.4463,0.0,2,0,0.2222,0.8928,0.0702,0,0,1
188.76,1,1,95.88,1,1.327,6.7122,2,0,0.4175,0.3646,0.1779,5,1,1
425.13,6,5,168.19,2,0.7634,8.033,6,0,0.5804,0.5317,0.108,1,1,1
69.91,1,1,29.19,2,0.9419,10.3069,7,0,0.5451,0.3519,0.0814,1,1,0
567.11,5,3,59.07,2,1.7777,9.3946,3,1,0.2059,0.3838,0.1332,2,1,1
227.77,6,2,86.14,3,2.1223,0.0,5,0,0.739,0.5965,0.0754,2,0,0
479.02,2,3,11.26,0,0.9484,0.0,7,0,0.6956,0.6309,0.0764,0,0,1
546.69,2,1,122.19,1,0.7191,1.8614,2,0,0.5068,0.3484,0.1113,0,1,1
359.19,3,5,91.36,0,4.0,9.5562,3,0,0.2477,0.5365,0.0228,2,1,1
129.13,1,1,88.88,1,1.2278,10.2053,7,0,0.7701,0.6427,0.0162,0,0,1
270.03,3,3,156.22,1,1.4004,9.4289,8,0,0.7049,0.6012,0.1293,5,0,1
176.99,3,0,20.2,1,0.7862,7.8374,4,0,0.4851,0.4202,0.1732,1,0,0
211.68,3,5,104.0,2,1.2281,0.0,5,1,0.8276,0.4955,0.2675,2,0,1
541.16,4,2,139.1,0,0.9247,0.0,4,0,0.6606,0.2789,0.0281,1,1,0
253.6,2,3,44.13,1,0.7648,5.3293,3,0,0.4541,0.2747,0.1728,1,0,0
140.71,3,5,111.06,1,0.5554,0.0,9,0,0.2585,0.3435,0.2809,2,0,1
271.41,2,0,10.96,0,1.0176,0.0,3,0,0.5194,0.2728,0.1839,1,1,0
383.59,0,1,39.73,3,0.9475,0.0,1,0,0.3967,0.5231,0.1361,0,1,0
326.5,5,3,60.94,0,1.0479,0.0,3,0,0.7727,0.2799,0.1706,1,1,0
268.76,2,3,191.15,0,2.1719,0.0,3,1,0.5119,0.5192,0.3264,3,0,1
80.33,0,0,126.24,1,0.8565,11.7968,4,0,0.4469,0.3879,0.0324,0,1,0
241.61,2,1,162.87,0,1.0093,3.8605,9,1,0.4957,0.4471,0.214,0,1,1
134.39,1,1,47.14,0,1.0333,0.0,4,0,0.5619,0.3339,0.0113,1,0,0
288.98,4,2,79.11,2,0.9336,11.7532,2,1,0.5688,0.4562,0.0559,3,1,0
110.7,0,0,119.99,3,1.0812,6.6822,1,0,0.2043,0.5141,0.1127,0,1,0
90.46,0,2,68.68,1,2.1405,6.229,4,0,0.2812,0.4853,0.2942,1,0,1
274.63,5,2,183.24,0,0.6452,5.5241,5,0,0.4858,0.4921,0.3717,1,1,0
148.15,0,0,107.09,2,0.5568,7.9926,3,0,0.3146,0.3718,0.0449,0,1,0
409.94,4,2,58.26,1,1.1082,0.0,4,0,0.3967,0.6165,0.0751,5,1,0
70.37,1,2,147.39,0,1.154,0.0,2,0,0.725,0.441,0.1225,1,0,0
600.0,4,4,82.42,1,0.8226,0.0,3,1,0.5265,0.6509,0.0173,1,1,1
561.75,7,1,88.31,1,1.5315,6.5773,6,0,0.6494,0.4824,0.1618,0,1,0
600.0,1,2,46.04,0,0.5953,0.0,4,0,0.2434,0.0898,0.0998,1,0,1
320.58,2,6,68.84,1,1.4973,3.4888,8,0,0.7466,0.5163,0.1015,2,0,1
413.11,7,2,177.87,1,0.8287,9.8267,4,0,0.569,0.4742,0.2042,0,0,1
519.97,9,1,208.46,3,3.2935,10.5662,9,0,0.5033,0.5119,0.0569,2,1,1
192.33,4,3,137.66,2,4.0,7.3642,2,1,0.6239,0.6049,0.0596,2,1,1
214.47,3,1,63.21,1,1.4098,0.0,5,0,0.4523,0.4268,0.0206,0,1,0
477.58,5,3,175.62,0,2.5576,13.1495,5,1,0.4337,0.4661,0.2042,0,0,1
463.97,4,5,180.51,1,1.1862,5.0332,7,0,0.5616,0.5223,0.0276,4,1,1
337.32,6,4,97.52,1,3.4596,0.0,4,1,0.6666,0.7597,0.2615,3,0,1
259.46,4,5,18.22,0,1.4889,1.3876,4,0,0.3237,0.0911,0.1965,1,0,1
191.8,4,4,86.42,0,1.2401,11.2009,2,0,0.4883,0.3262,0.3593,1,0,1
139.61,0,2,140.79,0,0.5433,4.2568,2,0,0.3508,0.2947,0.1516,1,0,0
370.85,5,0,91.7,2,2.0124,0.0,10,1,0.4666,0.675,0.2582,2,1,0
370.59,4,4,112.09,0,4.0,0.0,4,0,0.5412,0.5318,0.1277,0,0,1
164.23,2,0,146.85,2,1.8953,0.0,5,1,0.2556,0.6011,0.2146,0,1,1
343.51,5,5,97.24,0,0.792,0.0,1,0,0.5831,0.4994,0.1861,2,0,1
130.02,2,0,6.34,2,0.5704,0.0,2,1,0.401,0.3404,0.1678,1,0,0
192.98,1,1,68.51,0,1.5367,7.4515,7,0,0.6092,0.7292,0.1224,0,1,0
362.39,2,2,96.66,1,1.8835,2.0912,5,1,0.7198,0.7136,0.1086,0,0,1
117.52,1,1,93.94,1,2.6696,13.1301,8,0,0.3039,0.7142,0.0282,1,0,1
378.72,1,2,61.45,1,1.4583,0.0,7,1,0.7913,0.4097,0.2651,0,1,1
251.61,4,0,117.41,1,0.4717,11.8693,5,1,0.1419,0.6817,0.1606,2,1,0
122.3,1,2,41.83,1,0.4863,4.4277,4,1,0.3199,0.4966,0.1583,3,1,0
277.7,0,0,34.36,0,1.4216,0.0,4,0,0.4894,0.4366,0.0023,1,1,1
490.22,2,1,92.65,1,0.7575,3.3966,5,1,0.2977,0.2232,0.1606,1,0,0
195.7,1,0,59.27,0,1.4621,0.0,1,0,0.694,0.403,0.1091,1,1,0
274.13,0,2,52.1,1,1.6114,1.4382,4,0,0.349,0.6062,0.0804,0,1,0
302.42,1,2,106.38,0,0.4332,3.1345,3,1,0.1727,0.3916,0.15,3,0,0
424.75,4,4,47.39,2,1.8658,0.0,1,0,0.6224,0.628,0.1424,1,0,1
187.78,3,4,116.94,1,0.8032,9.1494,4,0,0.49,0.7054,0.072,1,0,1
368.16,4,2,31.55,0,2.1579,0.0,3,0,0.2654,0.5881,0.0641,3,0,1
456.37,3,4,120.93,0,1.1872,0.0,7,0,0.3969,0.4893,0.0163,1,0,0
31.12,0,2,39.41,0,1.5604,0.0,2,1,0.394,0.5565,0.217,0,0,0
363.24,4,4,197.33,0,0.9525,5.1567,8,1,0.5845,0.4223,0.081,1,0,1
239.29,2,3,92.45,0,1.3277,12.7551,1,0,0.5986,0.6812,0.129,1,0,1
194.26,2,1,134.51,2,1.4241,0.0,2,0,0.3561,0.2261,0.0564,0,1,1
185.24,4,5,38.24,1,1.5224,0.0,8,1,0.6679,0.3819,0.1446,1,0,1
218.96,4,3,150.89,1,1.5401,8.8965,9,0,0.2539,0.4514,0.2535,1,1,1
226.3,1,3,88.53,1,2.3185,6.3698,6,0,0.9284,0.5515,0.1882,0,0,1
101.69,2,1,150.28,1,1.3963,4.3848,5,0,0.4092,0.5014,0.1423,0,0,1
600.0,7,4,165.66,0,1.6895,0.0,5,0,0.6247,0.4951,0.0973,5,0,1
233.77,4,6,149.12,2,0.8712,0.0,6,0,0.2912,0.328,0.2484,3,0,1
333.72,5,4,135.63,0,0.8618,0.0,2,1,0.2153,0.5185,0.0375,3,1,0
518.54,6,3,64.12,1,2.4613,0.0,2,0,0.2344,0.6007,0.0951,1,1,1
326.37,5,1,120.09,1,1.1972,8.2263,5,0,0.581,0.5103,0.0963,0,0,0
168.86,1,2,40.95,2,1.9232,0.0,4,0,0.7012,0.6257,0.0417,2,0,0
271.09,2,3,144.94,2,1.4766,4.8737,4,0,0.4787,0.5373,0.0649,1,1,0
331.13,2,2,83.13,0,0.698,4.0161,6,1,0.6822,0.6147,0.2684,1,0,1
114.86,1,0,90.64,0,2.2528,9.3169,2,1,0.701,0.5933,0.1761,0,0,1
211.91,3,2,190.45,0,2.285,0.0,3,0,0.8699,0.3731,0.0889,2,1,1
176.62,0,2,82.89,0,1.2371,3.7525,3,0,0.7727,0.3963,0.0557,0,0,1
194.8,2,1,138.18,2,0.6779,7.0078,2,0,0.9148,0.4547,0.1194,1,1,0
600.0,3,5,212.72,1,1.2441,0.0,2,0,0.157,0.4313,0.1958,3,1,1
189.65,1,0,99.33,1,2.0239,7.3846,6,0,0.1953,0.446,0.0827,1,1,0
156.04,1,2,81.7,2,1.1603,0.9448,3,0,0.2842,0.4134,0.1997,0,1,0
288.85,6,2,129.3,1,1.8229,0.0,1,0,0.5284,0.4037,0.1769,2,0,1
401.92,1,4,201.82,1,1.1707,8.745,8,0,0.5758,0.7184,0.1132,3,1,1
98.51,0,3,109.96,1,1.0426,0.0,3,0,0.3533,0.2497,0.1691,2,1,1
193.14,1,2,45.62,2,1.4764,0.0,6,1,0.6657,0.7557,0.0021,0,0,1
328.57,5,1,41.2,0,1.1846,0.0,5,0,0.4147,0.6157,0.1147,0,0,0
166.05,2,4,92.76,2,0.9806,0.0,6,0,0.5033,0.2707,0.0755,0,0,1
189.1,2,3,177.93,0,0.874,0.0,3,0,0.1993,0.7677,0.0789,0,1,0
282.87,5,3,38.45,1,1.3451,8.4921,3,0,0.2503,0.5447,0.0869,0,0,1
145.66,2,1,39.83,0,0.9343,5.0512,2,0,0.3824,0.443,0.1924,0,0,1
600.0,4,3,98.13,4,0.5748,1.7315,9,0,0.4314,0.2562,0.1424,0,1,1
172.9,3,1,11.92,1,2.1939,8.2405,9,0,0.3614,0.3684,0.124,1,1,1
296.22,2,3,12.83,0,1.3735,0.0,3,0,0.5241,0.2727,0.1023,0,0,1
283.72,0,1,36.28,2,0.7899,2.1544,3,0,0.4514,0.4294,0.0381,0,1,0
83.28,2,0,44.63,0,0.8342,3.9349,3,0,0.1757,0.4535,0.0341,1,1,0
191.62,2,4,64.1,2,0.9866,8.1238,8,0,0.4283,0.3178,0.1833,0,0,1
464.73,0,1,61.99,2,1.1505,4.0894,3,1,0.1522,0.4536,0.2133,1,1,1
168.57,3,3,182.12,0,1.1796,0.0,2,0,0.433,0.4662,0.137,0,1,1
190.59,0,1,179.52,2,1.031,0.0,6,0,0.311,0.378,0.0542,1,1,1
37.19,0,2,91.34,0,1.5232,0.0,4,0,0.3825,0.6059,0.1478,3,0,1
351.83,3,2,136.33,1,0.9926,0.0,2,0,0.7733,0.3337,0.0478,1,0,0
228.55,3,2,35.6,0,0.908,0.0,4,0,0.4712,0.3304,0.1274,1,0,0
265.59,1,2,201.95,1,0.5111,7.7439,6,0,0.7929,0.5051,0.0373,2,0,1
600.0,5,5,263.22,1,1.5435,0.0,3,0,0.5463,0.7472,0.0974,2,0,1
262.09,1,3,189.39,2,0.9832,0.0,7,1,0.4601,0.4735,0.0253,0,0,0
256.47,3,3,99.24,0,0.4462,10.5364,3,1,0.2648,0.3835,0.0105,2,0,0
159.96,2,3,161.2,1,1.2435,10.762,4,0,0.6914,0.2036,0.1695,1,0,0
140.77,1,4,73.7,1,1.1934,0.0,4,0,0.3156,0.1828,0.0969,1,1,1
600.0,0,1,176.48,1,1.3911,0.0,4,0,0.3017,0.2515,0.1626,0,0,1
336.39,5,5,102.45,2,2.884,0.0,4,1,0.4069,0.4942,0.1333,3,0,1
171.74,2,1,38.85,1,0.5896,9.0079,4,0,0.8308,0.5069,0.1054,1,0,1
600.0,5,2,71.8,1,1.8472,0.7039,2,0,0.4124,0.3573,0.2521,0,0,1
191.79,5,4,115.02,0,1.06,0.0,4,0,0.6925,0.4931,0.1466,1,1,1
172.43,4,4,37.88,1,1.902,0.0,4,0,0.7851,0.4347,0.3414,3,0,1
130.71,2,0,110.72,2,2.981,0.0,3,0,0.2724,0.6511,0.253,0,0,1
385.13,4,3,108.6,1,1.7548,7.4839,3,0,0.5334,0.5358,0.0554,4,1,1
270.89,1,2,132.06,0,1.2463,0.0,4,0,0.2411,0.4464,0.2093,2,0,0
121.44,1,0,56.67,1,0.7591,10.322,8,1,0.1213,0.3102,0.0385,0,1,0
191.06,1,1,68.28,0,2.6017,0.0,2,0,0.4098,0.7065,0.2495,1,1,0
256.59,4,4,135.0,2,0.7068,12.332,5,0,0.4024,0.5838,0.0932,2,1,0
186.97,2,4,83.62,1,0.9107,0.0,3,0,0.4708,0.4232,0.2818,3,0,1
435.14,4,6,118.31,0,0.7698,4.3519,8,0,0.6722,0.7435,0.1152,1,0,1
178.64,3,1,31.92,2,1.202,7.2288,2,0,0.6479,0.5604,0.0313,3,1,1
338.67,1,3,47.86,0,1.897,7.6203,5,0,0.3069,0.3598,0.0208,3,1,1
148.75,3,1,100.05,0,1.8514,12.8094,4,0,0.1387,0.6499,0.1971,0,0,0
318.64,6,2,42.55,0,0.9902,11.8421,5,0,0.4018,0.5434,0.1008,1,0,0
480.98,5,3,158.61,0,0.6338,6.6006,3,0,0.5706,0.4324,0.0837,3,0,1
214.88,3,4,127.63,1,0.7467,0.0,6,0,0.5475,0.3355,0.0999,2,0,0
323.69,1,1,187.42,1,0.6132,0.0,1,1,0.6229,0.6877,0.1618,5,1,0
284.15,3,1,116.72,0,0.8051,2.9627,3,1,0.5276,0.3892,0.1103,0,1,0
189.96,0,4,67.74,1,2.0295,0.0,5,0,0.1827,0.5479,0.1144,2,0,1
404.56,3,3,217.94,0,1.4152,4.3124,6,1,0.5228,0.3594,0.0587,1,1,0
226.91,2,1,1.88,2,0.9668,0.0,9,0,0.6416,0.5522,0.3023,0,1,1
156.44,1,2,163.55,2,1.579,5.3284,4,0,0.8371,0.4332,0.0956,1,0,0
362.02,5,3,180.14,0,0.938,4.7222,2,0,0.5432,0.4742,0.1119,2,1,0
309.34,3,2,14.16,0,1.8074,11.9899,4,1,0.1551,0.7106,0.0213,0,0,1
166.85,3,4,138.8,1,1.6494,5.8812,7,1,0.7098,0.7647,0.1074,3,0,1
255.73,2,2,130.85,1,0.5605,0.0,7,0,0.7451,0.3998,0.2004,2,1,0
138.86,4,1,63.35,0,0.8822,0.0,4,0,0.6881,0.6747,0.1256,3,0,0
202.98,0,3,36.99,2,2.0387,0.0,1,0,0.6099,0.6154,0.0522,0,0,1
107.31,2,0,145.29,0,1.1585,0.0,1,0,0.1261,0.4869,0.1422,1,0,0
479.65,3,2,63.13,3,1.7673,0.0,5,0,0.7934,0.8277,0.1777,2,0,1
284.44,4,1,110.99,0,0.8154,12.792,9,0,0.8115,0.2753,0.0319,0,0,1
168.35,2,3,58.72,0,0.8695,10.0203,3,0,0.5762,0.2558,0.1436,0,0,1
264.77,2,3,77.15,0,1.3224,0.0,2,0,0.1768,0.3782,0.2006,1,0,1
122.93,3,0,58.31,4,0.7939,0.0,6,0,0.4209,0.5413,0.08,0,0,1
210.46,2,2,32.36,3,1.6781,0.0,4,0,0.4521,0.4924,0.1515,1,0,1
409.45,3,5,42.14,2,0.9824,0.0,9,0,0.19,0.5006,0.0905,2,0,1
268.32,1,2,92.57,4,0.94,13.0455,8,0,0.7695,0.4925,0.0331,1,1,1
528.07,6,3,73.77,1,2.5075,13.6161,2,0,0.5487,0.5536,0.1434,2,0,1
225.38,5,4,192.2,0,1.9798,0.0,2,0,0.1665,0.6593,0.1673,5,0,1
163.44,3,2,35.41,2,1.9127,4.1262,7,0,0.6126,0.5814,0.1281,1,0,1
187.06,3,5,126.11,1,0.8027,0.0,6,0,0.4993,0.5031,0.1429,1,0,1
328.61,5,1,89.74,2,0.8093,0.0,3,1,0.4745,0.5211,0.0558,1,0,1
373.41,0,1,177.54,1,1.88,5.3383,2,1,0.5276,0.6278,0.1731,2,0,1
105.76,1,0,15.51,2,1.5868,10.982,3,0,0.4821,0.571,0.05,3,1,1
194.32,1,4,42.5,0,1.1609,4.8566,2,1,0.4548,0.4812,0.0524,1,0,1
195.54,3,2,56.28,2,2.0113,0.0,6,0,0.0444,0.5883,0.0596,1,0,1
468.11,6,3,191.52,1,1.9353,0.0,6,1,0.1989,0.6388,0.1227,1,0,1
381.5,1,2,54.41,0,0.592,0.0,3,1,0.4586,0.3272,0.0051,1,0,0
111.99,2,2,104.04,0,0.6977,9.9687,2,1,0.5768,0.7052,0.0353,1,0,0
244.11,2,4,106.2,1,1.5704,0.0,3,0,0.3045,0.5414,0.1156,1,1,0
137.37,2,0,50.95,2,2.2161,0.0,4,0,0.1928,0.3331,0.0172,0,0,1
146.71,3,3,110.54,0,1.3784,0.0,4,0,0.2449,0.1471,0.0495,1,1,0
403.18,4,5,121.14,2,0.9588,3.0777,4,1,0.7567,0.387,0.0631,2,1,0
560.92,6,4,57.51,1,1.0668,0.0,8,0,0.5006,0.505,0.0887,1,1,1
600.0,3,4,193.7,3,1.693,0.0,7,1,0.9304,0.6222,0.1581,3,0,1
277.26,2,5,96.24,0,0.6585,0.0,2,0,0.447,0.5039,0.3419,1,0,1
578.41,2,1,83.66,1,2.4642,0.0,6,1,0.6309,0.4952,0.266,2,1,1
195.25,1,2,44.92,0,0.8,0.0,2,0,0.1645,0.4622,0.0722,1,1,0
574.42,4,7,179.31,2,1.2851,6.8145,8,0,0.4469,0.5817,0.3361,2,0,1
406.19,1,0,61.45,0,1.7644,2.7505,2,0,0.7043,0.589,0.2014,1,0,1
600.0,4,0,158.14,0,0.7677,0.0,4,1,0.8381,0.1429,0.1678,2,0,1
167.99,3,1,79.64,1,1.1319,13.8066,7,1,0.4949,0.7629,0.2946,1,0,1
284.01,5,2,125.64,0,1.479,0.0,2,0,0.3127,0.5713,0.2388,2,1,0
288.48,3,1,21.54,2,2.0522,11.2121,5,0,0.5187,0.3856,0.0421,1,0,1
280.72,5,5,34.91,1,0.778,0.0,6,0,0.6825,0.4033,0.1085,1,1,1
105.19,0,1,128.49,2,0.8878,0.0,2,1,0.5826,0.3895,0.1109,1,1,0
204.97,1,2,113.26,1,1.0401,0.0,9,0,0.5071,0.4295,0.1637,2,1,1
260.32,4,3,156.74,0,1.0364,0.0,3,1,0.2223,0.4231,0.1119,0,1,0
194.51,4,4,46.06,2,1.8785,0.0,7,1,0.2698,0.7009,0.132,0,0,1
143.56,1,3,5.98,0,1.1296,6.7753,4,0,0.5967,0.5202,0.195,2,0,1
290.85,3,1,185.93,4,1.0967,7.8706,7,1,0.1724,0.2121,0.1009,1,0,1
295.27,0,4,109.88,0,0.8914,0.0,6,0,0.7503,0.2842,0.1308,2,0,1
48.93,1,2,63.78,3,0.8735,5.2455,4,1,0.6234,0.3704,0.1884,2,0,1
175.32,0,1,184.97,1,1.0298,8.2289,3,1,0.7091,0.4565,0.094,0,0,1
348.03,5,1,34.84,1,1.2809,4.5169,3,0,0.6549,0.2339,0.1874,2,1,0
275.41,2,3,98.84,2,1.3425,0.0,4,1,0.672,0.4378,0.1193,0,1,0
268.33,4,5,143.82,1,0.9677,0.0,5,0,0.3067,0.6471,0.1339,2,0,1
409.22,3,4,115.29,0,0.549,0.0,3,1,0.3784,0.5538,0.3001,2,1,0
99.72,2,3,198.14,2,2.5628,0.0,9,1,0.4281,0.8205,0.028,3,1,0
196.38,1,1,38.64,1,0.4402,3.9238,6,0,0.9202,0.2686,0.1816,2,0,1
262.16,1,5,99.97,1,1.8672,0.0,3,1,0.3767,0.5512,0.147,1,1,0
309.34,4,1,137.37,3,2.0004,0.0,5,0,0.1817,0.6058,0.1172,1,0,1
389.04,4,3,26.91,2,1.9869,5.452,3,0,0.6879,0.5038,0.043,1,0,1
378.03,3,6,111.7,3,0.9771,0.0,6,0,0.5122,0.5542,0.0419,5,0,0
306.44,2,2,85.07,3,1.029,10.0081,9,1,0.404,0.3636,0.0302,2,1,1
255.86,4,5,120.5,1,1.717,0.0,2,0,0.3052,0.3157,0.1339,0,1,1
421.65,5,4,175.42,4,2.1099,0.0,7,0,0.5681,0.8936,0.1136,2,0,1
101.15,2,3,133.35,1,1.5259,0.0,2,0,0.4134,0.728,0.1266,1,0,1
117.52,3,2,73.2,1,1.5859,0.0,6,0,0.7904,0.3245,0.1698,2,0,1
260.39,5,4,216.06,3,1.8089,0.0,7,1,0.2899,0.6094,0.0332,1,0,1
289.78,6,3,52.66,0,1.2672,7.427,3,0,0.3698,0.7665,0.1637,1,0,1
467.26,3,4,250.92,2,1.1111,0.0,6,0,0.3993,0.7685,0.1953,1,1,1
411.34,2,4,109.83,0,1.2097,0.0,4,0,0.3729,0.5718,0.1458,2,0,1
97.4,1,0,48.44,1,1.7693,0.0,8,1,0.2949,0.3339,0.0275,2,0,0
143.13,3,2,135.73,3,0.4727,0.0,6,0,0.3332,0.5963,0.1693,0,0,1
123.04,2,2,12.49,0,1.7808,7.4807,5,0,0.5286,0.3357,0.0595,1,0,0
302.32,4,2,152.53,0,0.9861,0.0,3,0,0.2873,0.2566,0.0927,1,0,1
139.68,2,1,142.96,1,2.2585,7.8635,5,0,0.7599,0.7472,0.0416,0,1,1
246.36,0,3,94.4,0,1.6453,4.5779,4,0,0.5078,0.4002,0.244,1,0,1
286.71,2,2,39.54,0,2.11,0.0,3,0,0.2744,0.6905,0.0204,3,0,1
180.43,3,2,90.66,0,1.0132,0.0,4,0,0.4432,0.2598,0.0852,0,0,0
357.58,1,2,92.37,1,2.3263,0.0,2,1,0.5714,0.2786,0.1215,1,0,1
257.04,1,1,81.43,2,0.8881,0.0,4,1,0.3633,0.5874,0.1648,1,0,1
600.0,9,2,150.33,1,1.0819,0.0,9,1,0.5427,0.7145,0.0831,2,1,1
364.55,7,5,80.83,1,1.2226,9.8791,7,1,0.6952,0.4933,0.1307,3,1,1
258.65,6,2,106.54,2,1.1646,0.6443,4,0,0.7936,0.3089,0.2723,1,1,1
600.0,4,3,74.8,4,1.8171,0.0,6,0,0.4245,0.4389,0.2231,2,0,1
319.16,3,4,45.26,1,1.2726,12.6133,4,0,0.1253,0.4186,0.2627,0,0,1
207.76,4,1,21.81,2,1.08,0.0,3,0,0.5916,0.3322,0.1055,1,0,0
395.61,3,2,29.59,1,1.1267,0.0,5,1,0.4787,0.5695,0.046,1,1,1
218.55,3,5,140.54,2,1.2641,1.35,4,1,0.1634,0.665,0.1967,1,0,1
242.59,4,4,116.58,2,2.5161,0.0,6,0,0.3302,0.6876,0.256,1,0,1
432.12,2,4,172.2,0,1.1012,0.0,5,0,0.4256,0.5864,0.0803,0,0,1
64.97,0,1,77.64,1,1.0209,0.0,4,0,0.7654,0.4719,0.262,1,1,0
255.53,5,2,42.36,0,1.6127,0.0,4,1,0.3782,0.2325,0.2445,1,0,0
176.41,2,3,120.84,1,0.7978,9.7304,9,1,0.4362,0.4725,0.0687,1,1,1
190.0,2,3,177.82,3,1.492,3.331,8,0,0.8025,0.5562,0.2343,2,0,1
447.06,4,6,134.1,1,0.7992,5.0115,4,1,0.4319,0.2114,0.0528,3,1,1
184.99,2,1,62.29,0,1.026,8.7948,2,0,0.4722,0.3512,0.1613,0,0,1
158.96,2,2,205.22,1,2.5573,0.0,6,1,0.42,0.5087,0.1953,2,0,0
478.24,5,4,140.16,1,1.8865,0.0,4,1,0.9032,0.5627,0.2165,2,0,1
390.98,4,4,147.35,3,0.9749,0.0,5,0,0.5144,0.4992,0.2143,2,0,1
279.92,3,2,149.17,0,2.0649,0.0,4,1,0.1387,0.5332,0.1387,1,1,1
313.09,3,2,118.05,1,1.1115,0.0,4,0,0.3124,0.399,0.0328,1,1,0
357.97,3,2,8.37,2,1.4483,0.0,9,0,0.4519,0.5053,0.3255,1,0,0
300.85,5,4,78.9,0,1.5278,13.4948,3,1,0.3737,0.3627,0.2128,1,0,0
134.16,0,2,75.6,1,0.7988,0.0,4,1,0.2125,0.3411,0.1609,0,0,0
193.73,1,0,48.94,0,1.0554,0.0,1,0,0.4187,0.3023,0.0219,0,1,0
134.64,1,3,42.07,0,1.434,11.1935,3,0,0.7155,0.3626,0.1355,1,1,0
214.2,2,3,37.56,1,1.5431,0.0,5,1,0.563,0.4394,0.1073,2,0,0
166.03,2,2,32.13,3,1.6303,0.0,10,0,0.5259,0.5842,0.0636,1,1,0
218.53,4,4,51.58,1,1.3187,0.0,6,1,0.4938,0.5341,0.0223,3,0,1
411.96,4,4,133.76,1,0.5364,3.5214,2,1,0.1775,0.5121,0.0253,2,1,0
321.51,2,1,38.58,1,1.4768,9.0347,6,1,0.1542,0.7407,0.0731,0,1,1
417.28,7,2,189.31,1,1.7799,13.1458,1,1,0.3069,0.6501,0.1379,0,0,0
351.96,4,2,72.91,3,1.1463,0.0,8,0,0.5252,0.8077,0.1328,0,0,1
335.11,3,3,206.3,1,0.801,0.0,3,0,0.1369,0.2646,0.2218,1,0,0
304.68,2,0,105.31,2,1.3063,0.0,7,1,0.3147,0.6011,0.0887,1,0,0
362.39,4,0,156.03,1,1.688,0.0,3,1,0.2925,0.3691,0.0356,0,1,0
137.99,4,0,19.07,1,1.111,7.0787,5,0,0.1627,0.5959,0.142,0,1,1
326.72,4,1,61.97,0,1.1937,0.0,4,1,0.5306,0.7228,0.1027,4,0,1
160.53,3,1,70.7,1,2.4622,10.7008,5,1,0.6685,0.59,0.0711,0,1,1
114.49,3,1,110.65,0,3.1749,0.0,7,0,0.9425,0.603,0.1353,1,0,1
523.23,4,4,50.91,1,1.1736,0.0,3,0,0.7094,0.6663,0.1235,0,1,1
273.92,1,4,44.4,3,0.8919,6.3552,6,1,0.4646,0.4855,0.1731,1,1,1
292.88,2,0,168.81,2,1.1285,0.0,4,0,0.368,0.5317,0.1401,0,1,1
358.62,3,3,61.38,3,2.843,0.0,10,1,0.3264,0.4996,0.1251,2,0,1
208.85,1,6,197.65,0,1.1364,12.7103,3,0,0.2992,0.4234,0.0612,2,0,1
168.82,1,1,9.01,0,2.3217,0.0,5,0,0.8764,0.6048,0.0639,1,0,1
223.62,4,1,31.31,3,0.5844,5.4237,6,0,0.6276,0.5031,0.0335,0,0,1
171.0,2,4,66.8,0,1.2275,7.0012,3,0,0.4101,0.2522,0.1848,5,1,0
300.42,2,5,89.26,0,1.2039,0.0,2,0,0.5,0.6778,0.1615,1,0,0
502.22,3,1,166.25,4,1.5997,7.487,8,0,0.8501,0.5546,0.005,2,0,1
93.1,0,0,166.71,3,1.2571,0.0,5,0,0.2771,0.7028,0.07,0,0,0
197.11,4,1,190.09,0,1.1656,0.0,4,1,0.6406,0.685,0.0822,0,0,1
280.08,1,2,78.67,0,1.9608,0.0,3,0,0.56,0.4562,0.057,0,1,1
496.91,5,5,48.92,1,1.2396,0.0,2,0,0.432,0.5348,0.1094,1,0,1
239.99,4,0,117.4,1,0.9027,0.0,7,1,0.5391,0.509,0.0564,2,0,1
138.12,2,2,128.58,2,2.3977,0.0,2,1,0.4063,0.5478,0.0246,1,0,1
466.62,2,4,152.22,2,2.8022,6.1892,7,0,0.7116,0.4134,0.0914,0,0,1
138.99,0,2,114.7,2,0.7065,3.0608,9,0,0.2831,0.2255,0.1159,1,1,0
378.0,4,2,76.92,1,1.7451,6.3545,7,1,0.4083,0.5875,0.119,2,0,1
102.11,1,1,130.17,1,0.4358,0.0,10,1,0.5194,0.3736,0.0482,1,0,1
149.15,2,5,190.92,1,2.4981,4.4499,1,0,0.5692,0.5115,0.0685,4,0,1
347.75,4,4,39.23,0,1.6834,3.3738,6,0,0.4349,0.3911,0.175,0,1,1
469.5,2,4,102.88,2,0.8821,0.0,5,0,0.7816,0.3916,0.0985,1,1,1
399.72,4,3,63.88,0,1.9332,0.0,6,0,0.8165,0.3183,0.2184,0,1,0
245.78,1,1,3.57,3,1.1114,0.0,6,0,0.0959,0.7401,0.3078,0,0,1
151.87,2,0,85.18,2,1.5362,6.2245,8,0,0.3019,0.6215,0.0747,1,0,1
192.95,1,2,8.47,2,1.5149,0.0,3,0,0.2505,0.2559,0.179,0,0,1
209.66,1,1,20.38,4,0.7311,6.3258,4,1,0.1726,0.3913,0.1899,1,0,0
340.79,1,2,109.54,3,1.5055,0.0,2,0,0.135,0.4346,0.0539,1,0,1
44.94,1,0,157.86,3,0.5998,6.7075,6,1,0.2152,0.4091,0.1939,2,0,1
139.17,0,0,108.33,0,1.152,11.9185,3,0,0.3238,0.5866,0.0279,0,0,1
569.18,1,2,130.86,3,1.0906,0.0,8,0,0.7414,0.6488,0.1002,1,1,1
108.24,1,1,27.13,2,2.9625,1.2118,3,0,0.4446,0.6584,0.0089,3,1,0
265.9,4,4,130.37,2,0.8119,0.0,2,1,0.7882,0.5647,0.1238,0,0,1
262.69,6,5,108.34,1,0.6365,10.1888,6,1,0.4819,0.732,0.2867,1,0,1
401.76,3,2,30.72,1,1.2519,0.0,2,0,0.3416,0.1859,0.1196,2,1,1
414.12,1,0,78.33,3,1.0794,11.1013,5,0,0.1329,0.3466,0.0642,0,0,1
191.13,3,4,250.47,1,0.7892,0.0,3,0,0.4577,0.5301,0.1738,1,0,1
37.8,0,1,49.99,1,0.4176,0.0,4,0,0.4767,0.5051,0.0811,1,1,0
411.38,4,0,2.48,0,0.9114,0.0,3,0,0.8053,0.4864,0.0151,1,0,1
168.88,1,1,107.26,1,0.7958,0.0,7,0,0.6959,0.3024,0.1562,4,0,1
491.94,3,1,103.05,0,0.9008,0.0,2,0,0.7956,0.4494,0.1431,1,0,1
490.79,3,2,55.75,1,1.25,0.0,6,0,0.6414,0.53,0.0249,0,0,1
154.44,1,4,58.98,1,1.7748,3.6415,3,1,0.5943,0.6658,0.2265,0,0,0
469.13,9,2,29.89,0,1.3736,0.0,2,0,0.3738,0.5995,0.0413,0,0,1
72.16,1,2,47.36,2,2.2536,1.982,2,0,0.7442,0.5028,0.0961,0,1,1
420.63,3,4,83.07,2,1.6966,0.0,6,1,0.445,0.3185,0.0754,1,1,1
77.18,1,3,82.32,0,0.6713,8.5603,4,0,0.5689,0.5913,0.0935,1,0,1
410.58,8,3,39.71,1,0.7149,1.0926,8,0,0.5992,0.3957,0.0713,2,0,0
152.33,3,1,94.95,4,1.5986,0.0,4,0,0.4337,0.6299,0.1776,1,1,1
117.76,3,0,119.36,1,1.6257,0.0,9,0,0.5577,0.521,0.0382,0,0,1
146.61,2,4,94.74,1,2.1989,0.0,7,1,0.0281,0.3859,0.2152,0,1,1
300.21,0,3,168.79,0,1.1513,10.0426,5,0,0.3136,0.5735,0.1998,1,1,1
143.72,0,1,43.14,2,0.4991,0.0,6,0,0.7189,0.4334,0.1273,1,1,0
309.31,3,4,259.95,1,1.0539,6.2777,3,0,0.1691,0.1403,0.0725,5,0,1
185.26,4,4,98.73,0,0.4729,3.4212,3,0,0.1765,0.3064,0.1533,2,1,0
290.98,3,1,55.21,0,0.9718,0.0,9,0,0.7116,0.6571,0.2359,3,0,1
512.5,10,5,223.04,0,1.7121,0.0,2,1,0.5357,0.9769,0.1427,1,0,1
438.58,6,6,108.35,0,1.2755,0.0,1,0,0.5139,0.2285,0.1963,2,1,0
430.76,0,1,78.34,1,3.7164,0.0,3,1,0.856,0.7387,0.0451,1,0,1
349.54,3,4,64.31,1,1.2101,0.0,4,0,0.5565,0.3459,0.0163,1,0,1
414.36,4,3,30.61,2,2.4684,8.1586,10,0,0.3762,0.7634,0.0446,1,0,1
600.0,2,3,117.51,0,0.7174,3.3157,2,0,0.2628,0.298,0.2129,2,1,1
600.0,8,2,247.33,1,1.7273,3.4602,7,0,0.5268,0.5883,0.0769,1,0,1
76.88,1,2,64.32,2,0.875,0.0,4,0,0.3167,0.4202,0.1824,0,0,0
58.63,0,1,42.56,1,1.0384,0.0,7,1,0.4787,0.5044,0.2105,1,1,0
183.53,3,3,148.3,1,0.7856,7.5154,2,1,0.4731,0.4712,0.3388,0,0,1
261.47,1,2,34.77,1,0.7917,0.0,3,0,0.7223,0.6535,0.1388,1,1,0
600.0,3,4,82.44,2,1.8178,0.0,8,1,0.3631,0.7253,0.034,1,1,1
339.63,4,2,73.66,1,1.1183,0.0,5,0,0.59,0.5233,0.1077,2,1,1
69.93,2,0,53.91,0,2.0517,10.466,3,0,0.6592,0.4728,0.0963,0,0,0
600.0,2,4,180.41,0,0.6578,2.4581,9,0,0.3338,0.4275,0.1005,1,1,1
519.97,4,3,67.57,2,1.609,0.0,1,1,0.3754,0.5853,0.0868,2,1,1
304.43,1,3,138.22,2,1.3375,0.0,5,0,0.4784,0.2104,0.0828,1,0,1
174.14,1,1,3.23,1,0.7314,0.0,3,0,0.5748,0.2747,0.3536,1,0,1
193.73,3,1,83.2,0,2.8448,0.0,5,0,0.5915,0.4736,0.1893,3,0,1
88.53,1,0,73.46,2,2.7759,0.0,5,1,0.6686,0.4081,0.0537,1,1,0
283.48,6,5,100.09,2,1.4798,0.0,5,0,0.7008,0.4618,0.0636,3,0,1
296.03,6,3,48.36,0,1.2748,0.0,1,1,0.476,0.6553,0.0337,4,0,1
289.88,2,1,77.18,1,1.3148,0.0,2,0,0.7195,0.5561,0.1523,1,1,0
86.8,1,2,138.09,1,1.0102,0.0,2,0,0.3034,0.6512,0.0274,1,1,1
248.01,1,3,185.45,1,2.1962,0.0,1,0,0.223,0.3177,0.1133,1,0,0
245.5,4,2,28.41,1,0.6026,1.5198,4,0,0.5337,0.6108,0.0542,1,0,1
220.3,2,5,117.48,1,1.4067,9.4389,4,1,0.575,0.6762,0.1384,2,1,0
600.0,2,1,148.04,1,1.4249,0.0,4,0,0.4624,0.1139,0.0466,3,1,0
253.33,2,0,39.76,3,1.0624,10.2204,9,1,0.1337,0.6378,0.2505,0,1,1
55.4,1,2,34.73,0,0.674,0.0,2,0,0.4169,0.5094,0.1089,0,1,0
342.2,5,2,116.27,1,1.3998,0.0,2,0,0.2923,0.4876,0.0258,2,0,1
468.17,2,2,162.83,1,0.979,0.0,5,0,0.1861,0.5119,0.2537,1,1,0
353.17,6,3,89.66,2,1.357,0.0,3,0,0.4337,0.5023,0.1917,0,0,1
468.53,2,0,141.34,2,1.0355,6.8161,8,0,0.7354,0.5608,0.103,0,0,1
518.16,5,2,30.49,3,2.2774,11.4368,6,0,0.4608,0.2082,0.0649,1,0,1
148.08,1,1,135.55,0,1.1637,2.9774,2,0,0.4489,0.3463,0.1078,2,0,0
145.42,3,2,61.7,4,2.2492,0.0,3,0,0.2927,0.6499,0.1879,1,0,0
295.22,2,2,50.04,0,2.1177,0.0,3,0,0.2575,0.3717,0.0227,1,1,1
275.1,4,5,56.49,0,1.297,0.0,5,0,0.2885,0.5217,0.2298,0,0,1
76.64,0,0,14.82,0,1.3125,0.0,2,1,0.236,0.6197,0.2198,0,1,0
146.39,2,2,92.23,1,1.3317,4.0361,8,0,0.5869,0.3416,0.1694,1,0,1
256.61,2,2,163.45,1,1.1874,0.0,2,1,0.7089,0.7824,0.208,0,1,1
476.11,3,2,76.23,0,1.9363,0.0,3,0,0.4815,0.4388,0.0903,2,0,1
156.86,1,4,74.34,2,0.4909,3.5989,5,1,0.7617,0.1352,0.0556,3,0,0
223.93,1,1,167.28,0,1.3051,0.0,4,0,0.4926,0.5548,0.1958,2,1,1
155.72,0,2,17.63,0,0.7598,0.0,4,0,0.7689,0.2152,0.0902,0,0,0
160.37,2,1,38.62,4,0.9341,0.0,10,0,0.5419,0.7493,0.076,2,1,1
600.0,4,6,83.27,0,1.6499,7.8258,6,0,0.9117,0.6109,0.4208,1,0,1
104.42,2,3,20.82,1,0.7611,5.5014,7,0,0.4175,0.5778,0.0778,0,1,0
430.55,5,3,80.79,1,1.3091,0.0,5,0,0.5647,0.2572,0.0588,1,0,1
51.36,0,2,51.93,1,2.0229,0.0,4,0,0.3831,0.6574,0.0407,2,0,0
132.3,1,1,152.71,3,2.5242,0.0,4,0,0.9404,0.2116,0.0907,1,0,1
293.13,0,1,88.24,3,3.7564,0.0,4,1,0.4353,0.7897,0.0394,1,0,1
377.43,6,4,48.33,1,0.4616,7.3931,4,0,0.4662,0.7541,0.0513,1,0,0
175.58,1,2,121.79,0,1.9646,0.0,5,1,0.3405,0.4596,0.209,1,1,1
273.9,4,1,215.86,2,0.3573,2.9152,5,0,0.6284,0.1993,0.1485,0,0,1
91.99,2,1,0.94,1,0.5764,0.0,3,1,0.6802,0.2849,0.3166,0,0,0
219.55,2,2,184.46,3,1.4495,2.9274,9,1,0.197,0.2549,0.0417,0,1,1
453.48,3,5,213.94,1,0.9166,4.9971,6,1,0.555,0.1558,0.0754,1,0,1
120.2,2,5,106.39,0,1.0322,0.0,8,0,0.5512,0.5021,0.2325,0,0,1
114.18,1,2,98.19,1,0.8612,0.0,8,1,0.6336,0.5784,0.0743,0,0,1
303.83,0,4,58.56,2,0.8099,10.4943,2,0,0.5616,0.5316,0.021,3,1,0
245.82,3,1,44.1,1,1.2002,0.0,5,0,0.5138,0.637,0.0374,0,0,1
230.15,1,0,32.41,0,0.7652,7.8094,5,1,0.3867,0.6004,0.0693,0,0,0
226.39,2,4,28.45,0,0.8655,8.7141,3,0,0.6558,0.5431,0.2677,2,0,0
354.76,1,3,190.42,1,1.3253,5.7184,6,0,0.6875,0.2312,0.0847,0,0,0
200.79,3,3,139.24,3,1.1442,7.0523,7,0,0.2903,0.4682,0.0786,0,1,1
334.36,3,4,208.57,0,1.3828,0.0,4,1,0.7545,0.2579,0.0826,5,0,1
151.85,0,0,160.37,2,2.043,0.0,5,1,0.2475,0.4181,0.1143,2,0,1
600.0,3,7,150.39,0,1.1315,0.0,2,0,0.6373,0.1198,0.0596,4,1,1
439.21,4,4,72.1,1,0.9311,0.0,9,0,0.705,0.6078,0.0566,1,0,1
306.02,6,2,178.76,1,2.2634,0.0,6,1,0.7631,0.5255,0.1624,0,0,1
600.0,4,3,144.36,0,1.3659,0.0,3,1,0.4249,0.7032,0.1351,1,1,1
493.65,7,6,69.7,1,2.0169,5.0002,4,0,0.8378,0.4833,0.2091,0,1,1
52.48,1,2,114.82,1,2.0519,8.1172,7,0,0.4488,0.6101,0.1597,0,1,1
337.9,5,4,82.37,0,1.0881,0.0,4,1,0.5445,0.4142,0.1851,0,1,1
189.36,1,4,56.18,1,1.3311,8.1888,6,1,0.4605,0.4592,0.0566,0,1,0
582.18,1,1,21.19,0,1.1577,2.4839,4,1,0.0387,0.2906,0.0716,0,1,0
87.09,1,1,32.61,2,1.2325,0.0,3,0,0.3108,0.423,0.1405,1,1,0
188.85,5,3,38.87,1,0.6067,6.7149,7,0,0.6117,0.371,0.0408,1,1,0
391.09,3,6,109.01,0,1.1771,3.238,3,0,0.582,0.6908,0.1359,1,0,0
553.3,5,6,191.64,1,1.3423,0.0,5,1,0.7056,0.2338,0.0988,4,0,1
376.8,1,3,163.51,0,1.1604,9.0911,2,0,0.6608,0.6071,0.1254,0,0,1
358.65,2,4,110.31,2,1.3051,0.0,4,1,0.2275,0.5163,0.1516,1,0,1
171.24,4,2,24.92,2,0.7345,7.6724,7,0,0.1578,0.4207,0.0718,0,0,1
206.59,2,0,80.33,0,0.9197,0.0,3,0,0.2042,0.4519,0.246,0,0,1
304.76,4,2,64.39,0,2.9697,7.0456,3,1,0.4827,0.6377,0.1689,0,1,1
354.48,1,2,47.87,1,0.5729,4.3305,3,0,0.4888,0.4059,0.151,1,1,0
227.69,1,1,85.14,0,1.2199,9.9233,3,1,0.4181,0.6615,0.3237,1,1,1
311.91,3,2,28.96,1,1.3892,0.0,2,0,0.5322,0.7227,0.2402,1,0,1
467.97,4,4,133.75,1,0.956,3.9283,6,0,0.9478,0.5092,0.1278,2,0,1
119.63,1,0,8.15,3,0.8936,4.6511,10,0,0.334,0.5389,0.0742,0,1,0
250.77,1,3,122.41,2,0.7237,7.2695,3,0,0.4425,0.443,0.0378,1,0,1
333.66,1,4,154.18,3,0.7815,3.0394,2,0,0.5729,0.147,0.1288,2,0,0
127.04,2,0,51.54,1,2.0258,7.8495,4,1,0.5607,0.581,0.011,0,0,1
184.65,1,0,43.47,0,1.6806,0.0,1,0,0.142,0.7423,0.1844,1,0,0
155.75,2,3,104.53,1,0.9673,6.82,5,0,0.6269,0.2051,0.0286,1,0,1
80.39,2,4,174.11,0,1.7587,0.0,3,1,0.6935,0.605,0.3334,2,1,0
156.28,4,4,82.2,0,0.6448,0.0,4,1,0.5654,0.7089,0.1732,1,0,1
350.95,2,4,92.34,1,1.3923,6.652,4,0,0.2031,0.7477,0.2158,1,1,1
393.98,5,2,78.91,1,1.4228,7.2385,4,0,0.7023,0.7294,0.1262,2,0,1
357.63,3,2,72.53,0,0.6166,2.3651,2,0,0.5415,0.5277,0.1897,1,0,0
140.82,2,0,83.65,0,1.9379,0.0,2,0,0.1952,0.2757,0.1579,1,0,1
276.4,4,1,22.81,2,0.9569,0.0,9,1,0.3069,0.3308,0.048,0,1,0
107.99,0,2,62.5,0,1.662,0.0,4,0,0.4704,0.286,0.1829,2,1,1
280.84,1,4,133.06,1,1.1113,0.0,7,1,0.5291,0.3097,0.1393,2,1,1
153.81,3,6,4.74,0,0.8865,0.0,5,1,0.1355,0.2249,0.24,1,1,0
203.3,3,3,194.89,1,1.7569,0.0,5,1,0.7,0.5123,0.2667,2,0,1
207.72,4,0,44.97,2,2.8184,0.0,10,1,0.6654,0.5715,0.0278,1,0,1
161.45,3,1,85.66,2,1.2943,6.204,5,0,0.3958,0.6676,0.0056,0,0,0
229.39,2,0,186.26,1,1.0857,3.4447,2,1,0.6807,0.6509,0.0369,0,1,0
351.96,6,2,139.1,0,3.0984,0.0,6,0,0.5457,0.7056,0.1056,2,0,1
179.83,3,3,82.73,2,1.0138,4.8537,3,0,0.7367,0.7058,0.1562,1,0,1
393.52,4,3,109.15,0,1.0282,0.0,2,0,0.9117,0.7678,0.0202,3,1,1
304.99,6,4,122.76,0,0.9938,0.0,5,1,0.4745,0.414,0.0589,4,1,0
321.07,5,2,146.76,1,1.3805,0.0,6,0,0.4283,0.4987,0.0546,3,1,0
266.63,4,2,59.11,1,0.6711,0.0,3,1,0.4502,0.6829,0.0487,2,0,0
523.44,7,6,94.59,2,1.1513,4.7147,7,0,0.3116,0.4172,0.3105,1,1,1
336.36,7,4,187.41,4,2.3062,0.0,8,0,0.65,0.5697,0.089,1,1,1
136.0,0,0,180.03,0,1.101,6.7325,6,0,0.673,0.4676,0.1098,0,0,1
460.49,5,3,183.94,1,2.2563,0.0,3,1,0.5836,0.8753,0.2541,1,0,1
335.81,2,1,123.57,3,0.7856,9.6597,6,0,0.4857,0.5895,0.1377,4,1,1
334.68,4,2,183.79,1,1.3693,9.7776,6,0,0.691,0.1862,0.1544,4,0,1
268.03,3,3,48.24,0,1.4079,0.0,2,0,0.0883,0.648,0.2842,4,1,1
398.53,3,2,152.72,0,0.8387,0.0,5,0,0.3479,0.4621,0.1388,1,1,0
167.15,3,5,42.98,1,1.1812,5.1914,2,0,0.8539,0.8116,0.0335,2,1,1
168.15,2,4,69.36,2,1.1355,0.0,5,0,0.1278,0.3427,0.2668,2,0,1
600.0,1,2,115.21,2,1.3602,0.0,6,0,0.2373,0.3338,0.3827,1,0,1
206.73,1,2,96.19,2,0.6395,0.0,2,1,0.6679,0.4859,0.1601,1,0,1
137.91,4,2,125.01,1,1.0024,0.0,8,0,0.3545,0.3135,0.0876,0,0,1
182.52,5,1,9.51,1,1.7018,3.5219,6,0,0.9005,0.3527,0.161,0,0,1
131.37,1,1,49.65,1,1.9056,6.1201,4,0,0.1872,0.7166,0.114,0,0,1
572.96,4,1,24.83,2,1.0286,0.0,3,0,0.1919,0.5362,0.1149,0,0,1
218.55,3,3,127.19,0,0.6867,9.4499,1,0,0.7577,0.4107,0.053,0,0,1
169.12,3,0,9.09,1,0.8747,11.4307,7,1,0.5963,0.4422,0.1031,1,0,1
269.89,3,4,100.47,1,1.6044,0.0,3,0,0.7594,0.6186,0.1844,3,0,1
161.23,3,3,148.37,0,1.6239,4.4734,4,0,0.3701,0.6093,0.1731,2,0,1
121.53,2,2,105.73,3,1.7488,0.0,7,0,0.5158,0.5425,0.2106,5,1,0
600.0,4,2,183.16,1,1.7421,0.0,2,0,0.6319,0.4387,0.0645,2,0,0
230.84,0,1,30.02,0,0.7611,0.0,3,0,0.1515,0.2126,0.199,1,0,0
232.41,3,1,129.39,1,0.8586,0.0,7,1,0.475,0.5758,0.1574,0,0,1
282.35,2,4,146.04,2,1.8146,0.0,1,0,0.5255,0.1511,0.0912,2,0,1
393.04,2,0,86.19,2,1.2581,8.2417,10,0,0.5612,0.7331,0.0115,1,1,1
79.35,1,1,68.67,0,0.7755,0.0,2,1,0.6316,0.3706,0.1085,0,0,1
261.86,1,0,82.54,0,0.5141,2.7528,5,0,0.5327,0.1931,0.0464,1,0,0
138.01,2,1,69.58,0,1.4474,0.0,2,0,0.37,0.5106,0.1498,0,0,1
258.27,2,4,148.09,1,0.7128,7.8574,5,0,0.1551,0.4042,0.0834,4,0,1
264.56,2,2,117.12,0,1.3402,0.0,3,0,0.4362,0.6404,0.1134,1,0,0
329.97,5,3,57.88,2,0.5676,9.184,6,1,0.804,0.5784,0.2688,0,0,1
185.21,1,0,14.45,0,1.4293,7.9883,6,1,0.1399,0.8764,0.178,0,0,1
401.78,5,6,51.99,2,0.9667,8.2747,3,1,0.3524,0.413,0.1676,3,0,1
264.92,6,5,114.41,0,0.4949,0.0,3,1,0.6436,0.1261,0.0655,2,1,0
236.84,4,3,37.79,0,1.2067,4.7723,4,0,0.7974,0.4837,0.2133,2,1,1
512.65,3,3,93.48,0,1.297,0.0,5,0,0.3959,0.5318,0.1288,2,1,0
180.84,0,0,12.86,0,1.8916,9.9541,4,0,0.8344,0.5533,0.0163,3,0,1
154.13,4,3,101.69,0,1.0632,0.0,2,0,0.4721,0.6176,0.1034,1,0,1
229.41,1,2,91.57,0,0.7799,0.0,8,0,0.5314,0.2339,0.1029,1,0,1
139.36,1,2,69.15,0,2.9145,0.0,3,0,0.3469,0.7495,0.0165,1,1,1
277.71,1,1,80.71,3,0.8935,0.0,7,0,0.6137,0.4375,0.1055,1,0,1
157.74,2,0,51.86,2,1.1309,0.0,5,0,0.5526,0.4957,0.2276,2,1,1
239.58,3,0,133.09,3,1.545,5.9134,5,1,0.1955,0.8193,0.0583,0,1,0
600.0,4,1,24.5,0,0.694,9.5548,3,0,0.1066,0.4632,0.2043,0,0,1
245.92,1,1,6.18,2,0.6794,7.8087,7,0,0.2194,0.3323,0.1168,1,0,1
221.13,5,7,59.78,2,0.9088,5.2639,2,1,0.7184,0.268,0.053,3,0,0
205.79,1,2,80.45,0,1.5929,4.9449,6,1,0.5017,0.6035,0.093,1,0,0
362.71,4,4,147.98,4,1.1446,10.1073,8,0,0.5942,0.623,0.1594,2,1,1
404.96,8,3,127.16,0,1.7119,0.0,2,0,0.5491,0.8003,0.0294,0,0,1
340.93,3,5,182.12,2,0.923,0.0,3,0,0.7957,0.5757,0.2153,2,0,1
166.38,0,0,9.76,1,0.7474,11.3199,1,1,0.6932,0.5638,0.2107,0,0,1
124.55,1,2,178.58,0,1.5075,0.0,6,0,0.5464,0.397,0.0168,0,1,1
99.37,1,1,129.14,0,2.063,10.6958,1,0,0.8045,0.6909,0.0923,2,0,1
113.42,1,1,29.22,2,1.0324,0.0,4,1,0.4771,0.5485,0.0388,0,1,1
354.95,3,2,138.49,0,1.1884,8.9951,4,0,0.6815,0.5236,0.2284,4,0,1
228.27,3,1,50.53,1,0.8693,11.0449,3,0,0.6442,0.3598,0.032,3,0,0
83.94,2,2,120.08,0,2.153,0.0,5,1,0.7904,0.4912,0.2447,0,1,0
152.12,1,2,134.25,1,1.862,0.0,3,0,0.8002,0.534,0.1192,0,1,1
278.68,2,5,92.45,0,1.1455,0.0,2,1,0.6294,0.4901,0.1746,3,0,0
177.11,3,3,160.36,0,1.146,0.0,1,1,0.3867,0.6662,0.0573,2,0,1
265.4,5,2,81.49,0,2.3964,8.0497,6,0,0.5421,0.6437,0.2405,3,0,1
221.89,1,0,174.16,0,0.9735,0.0,4,0,0.2537,0.4597,0.2303,0,0,0
88.0,2,4,45.44,1,2.771,0.0,7,0,0.3554,0.4306,0.1461,1,0,0
367.85,4,0,156.08,0,0.8695,0.0,4,0,0.4202,0.2556,0.1718,2,1,0
413.85,4,5,115.57,2,1.4705,5.5889,5,0,0.4921,0.1152,0.1437,1,1,1
90.29,1,3,79.06,1,0.5755,2.5877,4,0,0.5065,0.2865,0.1103,1,0,0
100.88,0,1,83.45,1,0.7646,10.4547,4,0,0.5231,0.4414,0.0528,1,1,0
138.59,3,3,87.03,0,0.5521,0.0,4,0,0.2875,0.8092,0.1783,3,1,0
380.49,4,6,193.91,2,1.0119,6.5868,5,0,0.5653,0.5272,0.0469,2,0,1
331.72,3,2,100.31,0,0.9681,2.6864,2,0,0.1658,0.2556,0.0402,0,0,0
279.4,4,5,134.91,2,2.4065,9.2372,2,1,0.2108,0.5584,0.1197,0,1,1
425.32,2,0,46.55,1,0.5064,8.9695,7,1,0.4373,0.3851,0.0416,0,1,0
312.05,5,0,126.25,1,1.4551,4.8309,6,0,0.0694,0.4773,0.0199,1,1,1
169.1,1,3,21.0,1,1.2952,0.0,4,0,0.5905,0.8427,0.0948,1,1,1
366.96,5,2,60.89,0,2.2903,8.7269,5,0,0.428,0.6983,0.1202,0,0,0
155.93,0,0,65.37,1,0.9908,2.0045,5,0,0.2506,0.3142,0.1995,2,1,0
432.14,3,2,97.48,0,3.3032,7.2578,6,0,0.5106,0.6531,0.1355,1,0,1
269.85,2,0,67.82,1,1.7379,0.0,1,0,0.4744,0.2909,0.1197,0,0,0
253.05,3,2,50.49,0,1.2243,7.385,3,0,0.1446,0.4482,0.0309,2,0,1
135.29,2,1,49.54,0,2.593,0.0,6,0,0.3162,0.6568,0.2181,0,0,1
340.57,4,1,13.05,1,2.0858,0.0,3,0,0.403,0.5248,0.0643,0,0,1
210.44,4,4,105.6,1,2.4729,4.3357,6,0,0.4343,0.7188,0.3157,3,0,1
119.4,2,3,69.46,2,0.8642,0.0,5,0,0.4345,0.1657,0.1903,2,1,1
174.05,2,2,149.82,3,0.9899,14.1364,6,1,0.2274,0.6742,0.0649,2,0,1
186.05,1,1,74.38,2,1.693,0.0,6,0,0.2826,0.5414,0.1423,1,0,1
382.06,6,2,158.59,0,0.5487,0.0,2,1,0.7218,0.1372,0.1142,1,0,0
130.42,0,2,140.56,0,0.8947,12.3941,2,1,0.5837,0.1192,0.1937,3,0,0
573.52,6,4,190.95,2,1.1693,1.9575,9,0,0.3715,0.7694,0.1406,2,0,1
177.42,2,3,84.14,0,0.5837,0.0,6,0,0.2665,0.2583,0.104,2,0,1
208.88,4,1,31.06,0,0.8389,2.2562,1,0,0.8277,0.2582,0.2154,1,0,1
474.62,2,0,141.56,1,1.8532,0.0,5,0,0.6372,0.6028,0.0254,1,0,1
534.34,2,6,108.97,1,0.7436,7.4489,2,0,0.7853,0.2911,0.236,1,0,1
157.02,2,3,174.54,1,4.0,0.0,1,1,0.1279,0.4264,0.0436,0,1,0
424.65,6,5,99.4,0,1.0207,1.9457,5,0,0.4555,0.402,0.2544,1,0,1
380.45,2,4,33.93,2,1.0722,6.0968,4,0,0.2177,0.4571,0.0624,1,1,1
406.86,6,4,75.93,0,0.656,6.045,4,0,0.6649,0.497,0.2004,4,1,0
102.35,2,1,75.06,3,1.1768,0.0,7,1,0.1584,0.3762,0.0525,1,1,1
102.3,1,1,24.01,2,1.1447,9.8675,4,0,0.4695,0.3621,0.2193,2,1,0
410.21,9,2,63.47,0,2.1347,0.0,4,0,0.6824,0.3979,0.2195,3,0,1
191.66,4,0,6.6,1,1.677,0.0,4,0,0.255,0.5341,0.0376,0,1,0
208.36,1,2,120.31,1,0.7562,3.5476,4,0,0.4631,0.4749,0.0946,2,0,1
290.98,5,5,75.8,1,1.4801,0.0,4,0,0.3364,0.5511,0.0547,0,0,1
295.2,0,2,130.35,1,2.8055,0.0,2,1,0.2763,0.5765,0.1941,2,0,1
132.51,2,1,111.6,1,1.5989,0.0,9,0,0.5906,0.218,0.2194,1,1,0
428.55,6,1,87.7,2,1.3054,0.0,4,1,0.3757,0.3875,0.0666,1,0,1
255.72,5,2,97.74,1,0.9707,0.0,5,0,0.2288,0.4676,0.0219,1,1,0
288.46,2,4,206.42,0,1.2798,0.0,5,0,0.747,0.316,0.1961,5,0,0
198.77,5,2,12.96,2,1.1607,0.0,5,0,0.5239,0.6348,0.1675,2,1,0
118.88,0,1,83.11,1,0.7418,0.0,5,1,0.7029,0.3676,0.0437,0,0,1
272.26,1,3,87.38,0,1.7375,3.8507,2,1,0.441,0.2374,0.0731,3,1,1
419.21,3,4,63.45,1,0.8233,0.0,9,0,0.8839,0.4942,0.1332,5,0,1
312.84,0,2,106.23,0,0.9337,10.176,2,0,0.3855,0.4893,0.0032,0,0,1
292.84,1,1,77.14,1,2.6533,12.91,6,0,0.3631,0.6131,0.0912,0,0,1
292.56,7,0,61.91,1,0.6992,11.716,4,0,0.7316,0.2145,0.2516,2,0,1
400.26,2,4,63.04,1,1.0407,0.0,8,0,0.7294,0.3593,0.107,2,0,1
359.14,3,0,66.77,1,1.0981,0.0,1,0,0.5349,0.3036,0.1613,0,0,0
270.24,1,1,121.32,1,1.7053,0.0,4,1,0.7243,0.5361,0.2128,1,0,1
157.89,2,0,24.41,0,1.4956,13.6946,1,0,0.3387,0.5512,0.1438,0,1,0
255.41,3,1,44.88,0,1.2917,0.0,4,1,0.7737,0.7771,0.1657,3,1,0
159.93,1,3,22.63,1,1.1206,0.0,9,0,0.3352,0.326,0.0104,2,0,0
351.34,5,1,96.11,2,2.2147,0.0,9,0,0.7839,0.6637,0.1552,1,0,1
300.53,2,3,182.66,1,0.6814,0.0,9,0,0.2055,0.3247,0.1044,4,1,0
270.06,2,0,33.97,0,1.0353,0.0,3,0,0.1392,0.2244,0.0072,0,0,0
235.54,2,0,97.88,3,1.4319,0.0,10,0,0.9287,0.4204,0.185,1,0,1
70.24,2,1,93.37,0,1.1571,0.0,2,0,0.4206,0.5796,0.0288,0,0,1
445.1,2,3,41.58,2,0.5937,10.6039,4,0,0.3127,0.2008,0.1776,2,1,0
600.0,3,3,110.46,0,2.2703,0.0,5,1,0.2412,0.6182,0.0611,1,1,0
480.01,4,6,124.9,1,2.7748,0.0,4,0,0.5399,0.5731,0.2094,3,1,0
301.37,4,1,56.11,0,0.7726,5.6199,4,1,0.4828,0.3316,0.0886,1,0,1
178.88,1,1,17.86,1,1.2657,0.0,7,1,0.0403,0.4301,0.0552,1,0,0
600.0,2,3,65.26,0,1.5395,0.0,4,0,0.6176,0.6448,0.0385,0,1,0
600.0,5,5,121.3,1,1.1546,0.0,5,0,0.363,0.3976,0.1848,3,0,1
273.03,2,4,189.27,2,0.2747,8.0567,4,0,0.2597,0.4032,0.1341,2,1,0
534.61,2,3,127.17,0,0.7085,0.6479,5,1,0.5602,0.4519,0.1534,0,1,1
501.88,4,5,164.29,3,1.0381,0.0,5,0,0.6021,0.3865,0.0471,1,0,1
492.74,1,2,174.81,0,0.7728,0.0,7,1,0.2614,0.5724,0.1422,1,0,1
165.29,3,2,74.27,2,1.2058,0.0,6,0,0.539,0.6808,0.3262,0,0,1
506.9,1,3,196.5,1,1.4065,0.0,6,0,0.5479,0.4836,0.1775,4,0,1
245.0,1,1,195.46,1,1.1308,4.9197,3,0,0.2869,0.5592,0.0564,0,1,1
317.59,5,3,51.07,0,1.5778,0.0,2,0,0.9161,0.6103,0.0379,3,1,1
352.17,5,2,159.78,0,1.9888,0.0,6,1,0.4287,0.3679,0.0735,2,0,0
182.29,0,5,10.75,0,1.4992,0.0,3,0,0.7315,0.3155,0.0545,0,0,1
104.01,2,5,93.53,1,1.0647,0.0,2,0,0.5053,0.4848,0.127,3,1,1
174.07,2,4,38.94,4,1.7126,0.0,10,1,0.6229,0.7127,0.0375,1,0,1
133.61,0,4,81.63,0,1.1005,8.628,5,0,0.3091,0.5249,0.1427,2,1,1
228.14,5,1,97.06,4,1.5396,0.0,9,0,0.4502,0.7349,0.1404,1,1,1
267.66,2,0,61.97,1,2.4224,0.0,4,1,0.2586,0.611,0.1102,1,1,1
113.03,2,1,90.09,2,1.4014,0.0,2,1,0.4843,0.3379,0.0559,3,1,0
199.14,4,3,81.17,1,1.1022,0.0,1,0,0.6313,0.3642,0.2516,1,0,1
80.56,1,0,88.95,2,0.989,11.6174,3,0,0.767,0.4601,0.1959,1,0,1
376.63,5,5,135.68,0,0.6706,0.0,3,0,0.3178,0.4247,0.185,1,1,0
286.79,1,0,56.32,2,0.9883,0.0,8,0,0.4777,0.6287,0.1335,0,0,1
170.0,2,1,39.82,1,1.1722,0.6648,5,1,0.3136,0.6154,0.0469,0,1,0
374.67,2,2,70.51,4,0.8117,0.0,9,0,0.4459,0.391,0.0185,2,0,0
397.17,3,3,109.52,2,1.0617,0.0,9,0,0.455,0.5154,0.2073,0,0,1
404.85,0,2,136.29,2,0.7952,4.4186,7,0,0.1832,0.37,0.0864,0,0,1
328.99,0,3,105.34,0,1.2579,0.0,5,0,0.5861,0.5837,0.2975,3,0,1
406.63,3,3,94.43,1,1.2408,7.5943,4,0,0.8049,0.2348,0.3519,3,1,1
566.23,0,3,185.2,1,1.3732,0.0,7,0,0.6061,0.6561,0.031,3,0,1
314.19,2,1,191.27,2,1.3983,0.0,6,1,0.8622,0.397,0.1164,2,0,1
340.67,4,5,102.39,0,1.4498,0.0,3,1,0.2986,0.4025,0.0219,2,0,1
237.37,1,5,152.64,1,0.9752,9.0408,1,0,0.2232,0.2403,0.124,1,0,1
142.44,1,3,14.96,4,1.0393,0.0,6,0,0.4289,0.3529,0.057,1,1,0
223.78,3,2,80.74,1,1.9251,13.4715,5,0,0.3764,0.4403,0.2909,1,0,1
496.29,3,2,74.15,1,2.2779,0.0,5,0,0.5683,0.5478,0.2328,2,1,1
346.07,5,2,157.07,3,1.6607,0.0,10,0,0.5234,0.4165,0.0719,1,1,1
474.87,5,3,144.31,1,1.5674,0.0,2,1,0.6554,0.2311,0.3575,2,0,1
444.63,8,5,148.86,1,1.7677,9.2102,3,0,0.4967,0.6335,0.1323,2,1,0
187.32,1,3,70.56,3,1.4263,6.3799,9,1,0.1703,0.1787,0.0493,2,0,1
464.46,5,5,137.92,2,1.2396,7.3682,1,0,0.4695,0.4507,0.0486,1,1,1
571.03,5,2,47.92,1,1.705,7.8057,2,1,0.38,0.5432,0.0191,2,0,0
214.94,2,1,79.67,2,1.116,0.0,8,0,0.4612,0.6275,0.0606,0,1,1
223.17,1,3,144.62,1,1.0163,0.0,2,0,0.1956,0.2916,0.128,0,0,1
375.73,2,4,197.37,1,1.9986,0.0,5,0,0.5422,0.3904,0.072,2,0,1
216.18,1,3,69.22,1,1.8775,4.7281,2,0,0.361,0.4637,0.0822,2,1,1
263.3,7,1,86.2,0,0.674,0.0,4,1,0.5567,0.356,0.2594,1,0,0
324.45,1,2,13.41,0,2.0532,6.7128,3,1,0.6232,0.7488,0.1222,1,0,1
175.07,2,0,176.64,0,1.3938,8.7874,5,0,0.3794,0.4986,0.1047,0,0,0
229.72,1,1,127.18,1,0.5903,0.0,3,1,0.7235,0.1145,0.0289,1,1,0
439.88,6,1,56.18,1,1.0618,4.769,4,0,0.3151,0.486,0.1375,1,1,1
220.78,4,0,108.02,2,2.2162,0.0,5,0,0.1781,0.3831,0.0822,4,1,1
471.31,6,4,158.82,1,2.9719,6.6362,6,0,0.4185,0.4794,0.2531,2,0,1
463.36,4,2,102.99,2,1.1183,0.0,2,0,0.5888,0.1314,0.2222,1,1,1
396.39,6,2,98.76,0,2.1087,10.7336,4,0,0.1909,0.2173,0.0378,3,1,1
457.65,4,3,140.33,1,0.993,5.5238,2,1,0.7988,0.6801,0.1552,2,0,1
247.03,2,3,1.35,0,0.9539,5.4911,2,1,0.5962,0.3388,0.1713,1,0,0
454.94,7,3,53.68,1,2.6885,6.7981,5,0,0.4361,0.6548,0.3654,2,0,1
288.94,1,3,129.94,1,1.0923,10.9349,2,0,0.2339,0.4876,0.094,3,0,0
334.04,4,6,113.92,0,0.578,0.0,3,0,0.4731,0.5734,0.0911,4,0,0
144.26,3,2,136.88,2,2.0488,0.0,5,0,0.7497,0.5672,0.0288,1,1,0
78.45,1,1,59.06,1,0.7972,5.8321,8,0,0.4091,0.2803,0.0322,0,1,0
92.64,1,0,117.69,1,1.8057,0.0,3,1,0.4687,0.5188,0.0567,2,1,0
225.27,1,2,100.25,4,0.5566,0.0,5,0,0.6404,0.3254,0.1147,1,0,1
166.35,2,2,29.65,1,0.6488,9.063,6,0,0.5208,0.1802,0.0664,1,0,0
295.08,6,5,198.41,0,1.186,0.0,1,0,0.6923,0.7611,0.0696,1,1,1
269.64,2,1,158.62,1,2.7688,0.0,4,0,0.6326,0.5614,0.0745,3,1,1
282.36,2,4,160.01,1,1.9793,0.0,8,1,0.4208,0.6154,0.1001,2,1,1
121.57,3,3,159.11,1,1.0777,0.0,3,0,0.7552,0.4533,0.1222,3,1,0
310.49,3,3,26.75,0,1.0074,0.0,1,1,0.4345,0.615,0.1029,3,1,1
194.18,1,2,54.71,1,2.0325,8.6205,5,1,0.276,0.3541,0.1969,3,1,1
181.66,1,2,62.48,1,0.9405,0.0,4,0,0.2709,0.5311,0.111,1,1,0
231.9,5,3,51.53,1,1.1843,0.0,2,1,0.8477,0.5658,0.2127,1,0,1
129.25,2,0,60.89,0,1.8724,0.0,5,0,0.466,0.4042,0.0619,1,0,1
138.77,4,2,27.68,0,1.0302,0.0,1,0,0.723,0.439,0.1728,2,0,1
269.06,5,6,206.06,0,1.3759,0.0,3,0,0.3409,0.4884,0.2387,2,0,1
215.12,2,6,153.28,3,2.4311,0.0,6,0,0.5026,0.3999,0.1754,1,0,1
325.68,3,4,72.12,1,1.7284,8.8745,6,0,0.5165,0.599,0.1071,2,1,0
121.56,2,2,22.86,0,1.9297,11.3499,2,1,0.4035,0.773,0.0796,0,0,1
152.95,1,2,156.25,1,1.5086,0.0,3,0,0.5588,0.6473,0.059,2,0,0
461.21,2,4,199.73,3,1.1711,0.0,5,0,0.4704,0.4399,0.0626,0,0,0
244.83,5,3,104.63,2,0.9549,0.0,7,0,0.2695,0.4532,0.2821,2,1,0
154.32,0,3,96.6,0,0.6896,3.7352,9,1,0.489,0.3952,0.1748,2,1,0
90.9,1,0,129.3,1,2.4402,3.5501,2,0,0.3193,0.4359,0.1601,2,1,0
376.5,2,3,225.49,0,1.3692,0.0,8,0,0.495,0.5787,0.0703,0,0,1
66.79,0,2,4.67,1,0.8197,6.7569,4,1,0.5765,0.711,0.0566,1,0,0
470.77,6,3,165.85,3,2.4239,0.0,6,0,0.3447,0.6313,0.159,1,0,1
600.0,5,6,128.63,3,1.5394,12.8473,5,0,0.511,0.629,0.0873,1,1,1
235.17,1,1,102.06,1,1.0752,6.025,4,0,0.5457,0.5856,0.1234,0,1,1
220.74,5,1,162.19,1,1.8827,0.0,2,0,0.343,0.7642,0.1104,2,0,0
285.29,2,2,141.72,0,1.4038,0.0,3,0,0.5747,0.5031,0.1376,2,1,0
170.36,2,1,3.57,0,1.0984,0.0,1,1,0.4396,0.6139,0.1444,2,0,1
115.48,1,3,114.99,2,1.0673,14.5389,5,1,0.6748,0.3265,0.1638,2,0,1
191.15,5,3,206.52,0,2.0707,0.0,5,0,0.3359,0.6851,0.1332,1,1,1
84.55,1,2,80.68,0,1.1357,10.4612,3,0,0.443,0.5711,0.0488,2,1,0
180.09,3,2,84.87,0,0.5251,8.9812,2,1,0.5263,0.7759,0.0442,1,1,0
600.0,8,3,57.65,1,1.2868,10.9291,1,1,0.4729,0.6836,0.0465,1,1,0
79.95,2,0,176.66,2,1.7011,7.7704,6,0,0.6633,0.4102,0.0106,0,0,1
331.02,5,4,139.7,0,1.5062,0.0,3,0,0.3406,0.7739,0.0131,4,1,1
366.6,4,3,79.39,1,2.2474,7.0358,1,1,0.3502,0.7394,0.0527,2,0,1
291.93,4,4,83.64,0,3.0889,9.8873,1,0,0.6355,0.5062,0.06,0,0,1
283.78,2,2,88.17,1,1.1551,0.0,4,0,0.2098,0.6572,0.2745,0,1,1
234.59,3,3,78.45,0,1.4344,0.0,6,0,0.4048,0.5584,0.0698,1,0,1
82.97,1,2,112.89,0,2.7071,0.0,5,0,0.5158,0.3234,0.2364,3,0,0
209.63,4,2,97.57,1,0.6268,0.0,4,0,0.7382,0.1765,0.0604,2,0,1
522.46,3,4,35.4,3,2.0508,0.0,5,0,0.3428,0.306,0.1046,1,0,1
300.94,4,2,131.2,1,0.8943,0.0,5,0,0.8036,0.4192,0.1326,1,1,0
190.82,2,4,218.49,3,2.0909,0.0,5,0,0.8718,0.4886,0.0486,1,0,1
195.57,4,4,136.37,2,2.4113,0.0,6,1,0.9092,0.4454,0.1717,2,0,1
222.83,6,4,186.16,0,2.2502,8.7452,4,0,0.4527,0.8035,0.0841,2,0,1
152.94,2,3,122.39,1,0.717,0.0,3,0,0.0872,0.2301,0.2942,2,1,0
233.33,0,1,105.51,0,0.4829,3.4596,5,1,0.256,0.2572,0.1799,0,1,1
172.77,2,1,46.84,2,1.5903,0.0,3,0,0.1391,0.4894,0.0982,0,0,1
127.95,1,3,60.28,5,0.6965,2.1374,9,0,0.452,0.4657,0.2717,0,0,1
332.45,3,4,75.64,1,1.7458,6.6612,6,1,0.2306,0.5544,0.0302,0,0,1
378.85,6,4,123.9,2,2.6701,13.2983,5,0,0.7452,0.6036,0.0522,4,0,1
112.94,2,5,67.74,1,2.4212,0.0,1,0,0.2892,0.5278,0.0678,2,1,1
303.73,2,0,42.74,0,1.6594,5.9825,8,0,0.3932,0.6843,0.0112,1,1,0
408.66,3,2,63.62,1,1.5409,10.6263,4,1,0.6352,0.5948,0.1843,0,0,1
335.61,7,4,78.37,0,2.1485,0.0,3,0,0.2788,0.8395,0.0678,0,0,0
187.14,2,5,102.61,4,0.8418,9.548,8,0,0.6878,0.3265,0.0982,3,1,1
184.42,5,1,115.28,0,2.0922,0.0,8,1,0.5205,0.4836,0.258,1,0,1
230.21,2,3,142.72,0,1.582,0.0,4,1,0.6874,0.4053,0.1534,0,1,1
225.36,3,3,92.95,1,1.3343,0.0,3,0,0.413,0.2512,0.0884,2,1,0
188.64,2,3,161.35,0,1.5555,0.0,6,1,0.5169,0.5156,0.1115,3,0,0
302.66,4,3,104.75,0,0.5889,0.0,6,0,0.7382,0.2688,0.1851,1,0,1
511.67,4,2,28.0,2,1.4887,11.7601,5,0,0.2283,0.5344,0.0405,3,0,1
149.97,2,2,139.91,2,1.0006,0.0,9,0,0.2849,0.3849,0.0787,0,0,0
357.2,5,4,127.36,1,2.3962,10.5422,3,0,0.7198,0.7028,0.126,0,0,1
309.06,4,1,78.16,0,0.6244,0.0,6,1,0.6304,0.5941,0.1049,0,1,0
254.27,2,3,38.81,0,1.1339,4.38,3,0,0.2694,0.3734,0.0879,4,1,1
257.41,4,2,120.54,3,1.2384,0.0,1,1,0.5147,0.588,0.1076,1,0,1
479.12,4,3,117.62,1,1.5471,0.0,2,0,0.5256,0.4239,0.2701,4,1,1
129.59,1,3,112.97,2,1.2554,0.0,5,0,0.691,0.4334,0.1055,0,0,1
315.68,5,5,68.16,1,2.1179,5.838,4,1,0.3383,0.4602,0.2462,2,1,1
326.68,4,1,48.28,1,1.0881,0.0,8,1,0.429,0.5985,0.141,1,1,0
418.99,0,2,18.0,1,1.7166,0.0,3,0,0.8425,0.3302,0.0824,2,1,1
278.19,7,5,137.98,0,1.6009,11.2899,3,1,0.4577,0.6473,0.0948,3,0,1
303.49,1,2,29.57,0,2.1629,8.9853,5,0,0.4784,0.6076,0.2231,0,1,1
243.29,3,3,92.56,0,2.522,11.8348,4,0,0.5301,0.6532,0.1823,0,1,1
250.59,4,4,74.84,1,2.9767,11.953,5,0,0.167,0.4679,0.0657,1,1,0
97.25,0,2,37.01,1,2.9847,0.0,4,1,0.3282,0.4733,0.2775,0,0,0
147.33,3,1,24.54,0,1.6482,0.0,3,0,0.7057,0.6794,0.3339,0,0,1
599.4,7,3,181.33,0,2.565,0.0,6,0,0.5757,0.5104,0.2903,1,1,1
248.84,0,0,90.82,2,0.9059,0.0,6,0,0.9053,0.6196,0.1421,0,1,0
333.84,5,1,74.97,2,1.1588,0.0,7,0,0.6411,0.6945,0.1339,2,1,1
403.7,5,4,19.36,0,1.1709,1.155,5,0,0.6946,0.1618,0.0817,3,1,0
375.25,8,3,129.63,1,1.4423,9.2102,5,1,0.6998,0.3491,0.0499,0,0,1
348.76,6,5,112.14,1,0.7558,9.5816,5,0,0.5547,0.2307,0.2126,2,0,1
418.94,5,5,13.22,2,1.6566,12.096,4,0,0.6462,0.4191,0.3248,1,1,1
116.43,1,4,24.65,0,2.6472,0.0,6,0,0.717,0.8265,0.0579,1,0,1
401.18,5,4,178.89,2,1.1864,7.9926,3,0,0.746,0.4929,0.0546,0,0,1
286.13,1,1,139.48,2,2.1084,11.1995,2,0,0.6538,0.6668,0.264,0,0,1
378.2,7,3,74.3,1,0.7694,3.4622,2,0,0.5058,0.4295,0.245,2,0,1
444.01,5,6,211.03,1,1.9245,2.1193,2,0,0.8286,0.2857,0.0958,2,0,1
302.14,2,1,104.07,1,1.342,0.0,9,0,0.4863,0.6022,0.0563,1,0,1
70.13,0,0,81.38,2,1.51,3.9052,9,0,0.1302,0.3386,0.0037,0,0,1
305.07,1,2,107.23,2,0.793,6.0583,2,0,0.707,0.4647,0.1001,0,0,1
247.68,5,2,98.48,2,1.2028,0.0,5,0,0.8218,0.3427,0.192,2,0,1
499.12,3,2,157.79,0,1.8121,0.0,4,0,0.3835,0.5065,0.1204,1,1,1
469.48,4,1,32.29,0,0.9367,9.699,4,0,0.4877,0.304,0.0912,0,1,0
600.0,6,5,77.37,0,1.5246,0.0,6,1,0.1791,0.2503,0.1675,1,0,1
181.91,2,4,109.85,1,0.803,0.0,8,0,0.4319,0.3211,0.2216,1,0,1
320.59,3,2,142.97,1,1.4705,0.0,5,0,0.3872,0.46,0.1115,1,0,1
322.7,2,4,91.03,1,0.6745,0.0,4,0,0.5932,0.3575,0.2025,2,0,0
194.61,3,3,159.08,1,0.8129,11.8429,9,0,0.3719,0.77,0.179,2,0,1
330.37,3,2,86.01,2,0.4049,10.3348,2,0,0.2285,0.6637,0.1197,1,1,0
268.33,1,2,116.45,1,2.799,0.0,6,0,0.2771,0.3329,0.1653,1,0,1
351.97,3,4,96.78,0,2.4042,0.0,5,1,0.775,0.2776,0.1094,2,0,1
385.79,3,0,17.74,0,1.6641,0.0,7,0,0.601,0.9383,0.1308,0,0,1
309.31,2,4,118.44,0,0.8062,0.0,5,0,0.2545,0.4163,0.1021,4,1,0
120.88,0,1,52.54,1,0.6312,6.348,7,0,0.3514,0.24,0.2077,0,0,1
147.64,1,1,110.59,1,1.0987,0.0,5,0,0.4048,0.5895,0.0967,1,1,1
239.81,2,3,73.15,0,1.6635,0.0,5,0,0.5981,0.6624,0.0641,0,0,1
311.71,6,4,40.9,0,0.6034,11.7278,3,1,0.3294,0.4667,0.1625,3,1,0
106.17,3,5,78.33,2,0.6294,4.8199,2,0,0.7148,0.6636,0.0686,2,0,0
251.38,3,3,160.59,1,1.1799,0.0,3,1,0.4662,0.4527,0.0463,2,0,0
193.63,4,2,41.91,1,1.4022,0.0,3,0,0.4789,0.4679,0.2348,0,0,0
254.95,5,1,60.66,1,1.8824,0.0,6,0,0.2827,0.572,0.1565,0,0,1
378.67,7,2,129.89,2,2.1701,0.0,2,0,0.3259,0.6597,0.0618,4,0,1
267.52,1,5,140.65,0,0.4008,0.0,2,0,0.8308,0.5128,0.2661,1,0,1
156.87,1,0,134.98,1,2.0507,0.0,5,0,0.3902,0.7268,0.0811,0,0,1
300.78,5,2,220.79,1,0.7983,0.0,4,0,0.4192,0.592,0.1701,2,0,0
453.98,3,1,131.71,0,1.1753,12.2272,4,0,0.6312,0.32,0.2319,0,0,0
222.9,5,1,93.42,0,0.7192,0.0,3,0,0.7076,0.3384,0.2127,2,1,0
109.69,2,0,2.32,0,1.4832,0.0,4,0,0.3095,0.2014,0.0248,0,1,1
266.61,1,2,147.56,2,1.0805,0.0,5,0,0.2864,0.4546,0.0396,0,1,0
183.16,1,4,41.4,2,0.9369,14.3026,3,0,0.4993,0.3709,0.0246,0,1,1
244.2,2,3,31.34,2,1.7268,0.0,5,1,0.2606,0.3552,0.0472,3,1,1
240.4,6,5,85.46,0,0.8438,8.3568,5,1,0.7845,0.1766,0.153,4,0,1
516.81,2,4,79.4,0,0.9458,0.0,2,0,0.4605,0.3575,0.1355,1,0,0
168.35,1,2,77.08,1,0.6772,5.7824,9,0,0.4414,0.4793,0.2001,2,0,0
45.03,0,3,74.0,1,0.4763,11.213,2,0,0.0983,0.095,0.1111,3,0,0
124.15,2,1,20.96,0,2.5759,10.5873,2,0,0.4449,0.4899,0.1609,1,0,1
169.77,3,2,85.42,1,1.3453,0.0,2,0,0.664,0.7156,0.0751,1,1,1
162.26,2,3,14.39,2,1.0953,0.0,5,1,0.7736,0.3432,0.1484,2,0,0
371.93,2,4,127.76,0,2.1478,3.1432,3,0,0.3084,0.4849,0.1589,2,0,1
504.37,5,4,225.55,0,1.387,0.0,2,0,0.5067,0.2531,0.084,2,0,1
475.63,2,0,128.17,3,1.1601,11.5467,2,0,0.5064,0.5749,0.0905,1,0,1
220.39,2,1,93.1,1,0.9602,0.7749,6,0,0.2007,0.2407,0.0992,1,0,0
153.07,3,2,127.75,2,0.7797,0.0,7,0,0.521,0.6635,0.095,0,1,1
170.22,1,2,119.92,0,1.355,0.0,3,0,0.6053,0.6643,0.1062,0,0,1
188.03,0,7,169.8,1,1.2895,0.0,4,0,0.7543,0.7574,0.187,3,0,1
175.53,2,5,100.91,2,1.1154,0.0,5,1,0.4644,0.4318,0.0838,2,1,0
600.0,10,4,37.59,0,2.6155,3.2266,5,1,0.3756,0.6925,0.3374,4,0,1
241.57,4,1,80.27,1,1.5036,0.0,6,1,0.3013,0.4974,0.1549,3,0,1
257.19,1,7,81.83,0,0.7132,9.9572,1,0,0.3703,0.2987,0.2574,3,0,0
234.16,4,1,119.94,1,1.3573,0.0,1,1,0.391,0.7882,0.137,1,0,1
600.0,4,1,19.74,1,1.7859,8.9216,3,0,0.5023,0.6725,0.0465,2,1,0
198.82,2,0,27.37,1,0.8645,0.0,3,1,0.326,0.3948,0.0781,0,0,0
476.23,5,5,100.84,1,0.4904,3.5451,6,0,0.3009,0.4325,0.2082,2,1,1
384.85,6,2,210.19,0,1.7267,0.0,3,0,0.3567,0.5399,0.1033,1,1,0
279.61,2,0,47.06,2,1.4537,0.0,4,0,0.4575,0.3273,0.0853,1,0,1
164.38,0,2,82.63,3,0.5093,11.7403,4,0,0.2395,0.3471,0.143,3,1,0
264.27,2,3,133.17,1,1.1209,0.0,2,1,0.2942,0.6373,0.1291,0,1,1
223.22,4,4,135.53,2,0.9201,0.0,5,0,0.2567,0.619,0.1651,2,1,1
600.0,2,2,74.74,3,0.8704,0.0,4,0,0.5298,0.2709,0.1255,1,0,1
386.96,3,2,182.7,1,1.7804,3.9555,3,0,0.2469,0.5045,0.1586,0,0,1
514.83,1,4,71.08,0,1.7137,0.0,4,0,0.6898,0.5822,0.2809,0,0,1
202.67,1,2,99.06,0,0.9965,0.0,4,0,0.2098,0.4579,0.2207,1,1,0
529.9,1,2,126.29,0,0.6751,0.0,2,0,0.6376,0.4464,0.0596,1,1,1
197.0,3,3,70.94,1,0.7046,0.0,3,0,0.311,0.1162,0.1959,1,1,0
577.41,3,5,105.25,0,1.2079,0.0,5,0,0.4238,0.6586,0.1345,4,0,1
78.35,0,1,71.67,0,1.0841,0.0,2,0,0.2912,0.5705,0.1087,1,1,0
600.0,6,3,173.95,1,2.4386,2.977,3,0,0.29,0.5626,0.11,1,0,1
600.0,9,2,150.06,2,0.9701,10.1416,6,0,0.5367,0.7727,0.1608,3,1,0
371.05,1,4,194.82,0,0.5786,8.7349,6,0,0.2307,0.5005,0.2207,1,0,1
261.49,2,3,95.7,0,0.7588,0.0,5,0,0.8331,0.2086,0.1962,2,0,1
417.49,5,4,70.76,2,2.1288,0.0,10,0,0.3245,0.6892,0.0066,1,0,1
169.3,1,3,30.39,0,0.7906,0.0,4,0,0.3394,0.4007,0.2418,1,1,0
492.3,6,4,158.61,1,1.2315,0.0,5,0,0.5735,0.4825,0.0512,0,0,1
382.78,4,3,117.32,2,1.3406,7.398,2,1,0.3349,0.5695,0.2109,1,1,1
139.18,1,3,75.04,1,1.5347,0.0,7,1,0.3601,0.681,0.1468,2,0,1
460.56,3,1,9.06,1,0.5928,0.0,7,0,0.4892,0.6474,0.1076,1,1,1
160.17,3,4,55.35,1,2.0247,0.0,7,1,0.1812,0.7649,0.2077,2,0,0
478.97,5,4,177.85,2,0.632,0.0,9,0,0.4318,0.3138,0.2583,5,1,0
348.08,6,3,83.17,0,1.1407,0.0,3,0,0.5274,0.6495,0.1036,2,1,1
536.4,4,4,45.3,1,0.837,0.0,4,1,0.2888,0.6213,0.0916,4,1,0
69.19,1,4,40.48,0,2.9021,0.0,4,1,0.1694,0.7414,0.1737,2,1,1
242.21,3,3,146.36,0,0.6017,0.0,3,1,0.3769,0.5297,0.133,1,0,1
89.37,0,4,80.61,1,0.9367,11.2633,5,0,0.1121,0.4734,0.075,1,0,1
269.77,3,1,183.81,4,2.3182,0.0,9,0,0.3654,0.5437,0.2504,1,0,1
385.91,3,2,126.04,2,1.8742,7.9598,5,0,0.4304,0.783,0.1249,1,0,1
130.63,2,0,74.77,1,1.238,0.0,10,1,0.558,0.2654,0.0296,1,1,0
596.4,4,1,83.38,0,1.2918,0.0,5,0,0.1882,0.4363,0.1251,3,1,1
221.67,5,4,138.1,0,2.1945,0.0,2,0,0.2809,0.8217,0.0468,0,1,1
571.61,4,4,35.18,1,1.4422,9.717,3,0,0.7712,0.7343,0.0282,0,1,0
58.18,1,1,60.95,1,1.9773,2.4671,2,0,0.8126,0.357,0.2967,0,1,0
65.1,0,2,160.64,1,3.6732,2.6717,6,0,0.483,0.4805,0.1259,1,1,1
184.9,2,3,54.26,1,0.3499,0.0,4,0,0.6163,0.4131,0.1352,1,1,0
262.2,2,3,73.0,0,1.8578,9.4196,1,0,0.4976,0.5337,0.1004,2,0,0
305.48,5,3,60.68,0,0.6795,0.0,4,0,0.6323,0.1858,0.0644,1,1,1
518.75,4,4,99.14,2,1.1104,5.7012,4,0,0.4711,0.8246,0.3226,1,0,1
407.01,0,2,207.61,0,1.3516,0.0,5,0,0.6524,0.4264,0.2854,2,0,1
165.51,0,4,109.4,0,1.085,0.0,6,0,0.3415,0.5934,0.1037,3,0,0
327.89,2,3,52.41,1,0.8613,9.2432,6,0,0.7446,0.3775,0.1248,1,1,0
415.29,2,5,146.58,2,2.9757,0.0,5,0,0.4832,0.5658,0.1059,3,0,1
28.31,1,0,165.09,1,1.4547,0.0,3,0,0.4603,0.6006,0.1947,0,0,1
236.24,6,5,100.71,1,0.8412,7.1446,5,0,0.5927,0.6004,0.1209,3,1,1
228.79,3,1,18.68,1,1.0599,0.0,1,0,0.3015,0.6391,0.2023,0,1,0
241.31,7,6,118.51,0,1.2894,0.0,2,1,0.5541,0.3093,0.2578,3,0,1
459.97,2,2,55.88,1,0.7351,2.6355,5,0,0.5415,0.2952,0.1357,1,0,0
133.7,2,2,110.96,2,1.2576,0.0,3,0,0.8482,0.5572,0.117,0,0,1
167.87,1,0,130.86,1,1.6697,0.0,5,0,0.3265,0.5246,0.0516,1,0,0
253.46,1,2,144.77,0,1.0263,11.0127,3,0,0.4774,0.7884,0.1031,2,0,1
167.23,3,3,73.38,1,1.3106,0.0,7,0,0.6137,0.2775,0.156,1,0,1
525.28,4,5,152.77,0,0.8901,4.7825,2,0,0.5743,0.5411,0.0373,0,0,1
185.34,3,0,159.39,1,1.745,0.0,7,0,0.5132,0.3813,0.1763,2,0,1
192.86,2,2,83.53,1,1.3069,0.0,4,0,0.1005,0.2115,0.215,5,1,0
272.36,2,5,128.21,2,2.5493,6.1743,8,0,0.2549,0.3303,0.0385,0,1,1
150.32,5,1,69.86,1,1.0515,0.0,6,0,0.3372,0.3997,0.0426,0,1,0
317.35,4,2,78.66,1,1.4563,0.0,6,0,0.5147,0.4134,0.3228,0,0,1
260.31,0,2,163.53,0,1.4668,0.0,4,1,0.2084,0.5249,0.0871,0,0,1
170.33,0,0,13.27,1,1.7875,7.7682,9,0,0.3691,0.6488,0.1844,1,1,1
163.19,5,5,187.48,0,2.6606,5.4553,4,0,0.6582,0.7609,0.2205,1,1,1
243.53,1,5,85.4,0,0.927,0.0,2,0,0.2677,0.4099,0.2206,4,0,0
313.66,1,5,147.61,3,0.6658,1.8794,7,1,0.4449,0.3308,0.2011,1,1,0
119.26,3,1,69.67,3,0.8231,0.0,5,0,0.5103,0.4055,0.3525,0,1,0
121.87,1,4,164.84,0,0.8987,0.0,6,0,0.8753,0.4685,0.067,2,0,1
267.16,3,3,132.94,1,1.936,0.0,6,1,0.455,0.5683,0.1058,2,0,0
242.72,3,6,50.97,2,0.639,4.6694,8,0,0.6327,0.3432,0.0323,1,1,1
82.29,1,1,103.12,1,1.0127,0.0,7,0,0.3814,0.269,0.1038,2,1,0
242.27,1,2,21.34,1,1.409,11.5096,8,1,0.1795,0.5546,0.0292,0,0,1
352.86,4,3,123.05,2,2.3268,0.0,6,0,0.3342,0.3949,0.1006,1,0,1
205.07,0,1,70.14,1,1.829,0.0,5,1,0.6075,0.6393,0.0187,1,0,1
246.82,1,4,144.51,0,1.3152,4.9173,9,0,0.749,0.7048,0.1236,2,0,1
220.73,2,3,29.48,0,1.8639,0.0,4,0,0.4877,0.6854,0.0468,1,0,1
249.26,3,4,94.86,0,0.4982,11.6832,1,0,0.5177,0.4512,0.1884,0,0,1
104.97,1,1,238.8,2,1.9316,0.0,2,0,0.2296,0.4553,0.0503,1,1,1
65.67,0,1,86.34,0,1.5696,0.0,6,1,0.5226,0.4836,0.0861,0,0,1
406.19,4,2,111.47,1,1.0241,0.0,1,0,0.7805,0.3322,0.3729,1,0,1
245.86,3,0,95.27,2,0.7999,8.4502,10,1,0.3636,0.4626,0.2686,2,1,0
263.12,2,4,90.66,0,1.2508,8.776,4,0,0.8277,0.3776,0.2033,0,0,1
91.48,0,1,22.72,0,0.7016,1.7257,4,1,0.5581,0.4089,0.0621,2,0,0
280.69,5,2,112.03,3,0.5666,0.0,8,1,0.5631,0.5157,0.2629,3,1,1
37.23,0,6,80.53,0,1.1944,0.0,4,0,0.7235,0.4686,0.1422,1,1,0
208.05,4,1,77.81,1,1.2782,8.9917,6,0,0.3577,0.4585,0.2746,2,1,1
487.28,4,4,202.08,3,1.8487,11.2365,9,1,0.2478,0.7801,0.1529,2,1,1
78.96,2,2,117.42,0,0.6325,0.0,7,1,0.288,0.4595,0.061,2,0,0
257.1,4,3,92.24,1,1.3269,0.0,7,0,0.5469,0.3805,0.036,2,1,0
384.13,7,0,43.39,3,1.2426,0.0,8,0,0.7139,0.5085,0.4487,1,1,1
170.3,1,2,82.29,2,0.7023,0.8609,2,0,0.5729,0.2996,0.1049,0,0,0
122.15,2,0,78.18,3,1.6316,0.0,5,0,0.2289,0.545,0.112,2,0,0
294.64,7,3,166.79,0,2.4203,0.0,3,1,0.6826,0.5981,0.1439,2,0,1
600.0,8,6,107.42,1,2.7409,7.11,3,1,0.7235,0.607,0.0962,0,0,1
152.87,2,5,47.0,0,0.8266,0.0,3,0,0.5908,0.431,0.0914,1,0,1
491.0,6,4,103.55,1,1.0075,0.0,5,0,0.4929,0.4709,0.3123,1,0,1
119.21,2,2,191.06,1,1.3761,0.0,3,1,0.6085,0.5171,0.1042,2,0,0
315.68,6,2,189.16,0,1.5028,0.0,1,0,0.6743,0.5738,0.0684,0,0,1
79.03,1,0,112.26,0,1.0027,7.6202,4,0,0.7801,0.2815,0.1696,1,0,1
326.8,7,7,45.9,0,0.8031,0.0,2,0,0.3451,0.2568,0.1672,3,1,1
246.49,0,1,140.26,0,2.1453,7.5239,3,1,0.5618,0.7323,0.198,0,0,1
600.0,4,3,181.69,0,3.2133,0.0,4,0,0.4966,0.4135,0.2383,0,0,1
206.29,6,2,155.86,0,0.9451,2.0541,6,0,0.2662,0.3268,0.042,1,1,1
218.55,3,2,10.91,1,1.0255,5.0656,4,0,0.6757,0.2622,0.1005,5,0,0
376.07,3,1,31.31,2,1.407,11.3939,2,0,0.1824,0.6435,0.1599,1,0,1
255.26,1,2,124.57,1,1.2158,6.6446,2,1,0.5275,0.4814,0.0422,1,1,0
246.8,2,1,55.64,1,0.8215,0.0,7,1,0.722,0.7245,0.2166,1,0,1
109.17,2,2,79.08,1,0.7907,6.5294,4,0,0.246,0.5243,0.0508,3,0,1
96.91,0,1,80.32,1,2.0486,6.1828,1,0,0.3493,0.6613,0.0899,0,0,1
268.19,3,3,44.17,1,0.7588,7.1407,5,0,0.5137,0.468,0.1649,4,0,1
487.3,1,6,114.73,0,1.2934,0.0,1,0,0.5164,0.2733,0.1044,1,0,1
266.77,1,2,137.39,0,0.7107,0.0,1,0,0.2733,0.372,0.0768,1,0,1
340.57,4,5,96.31,1,2.1745,0.0,4,0,0.3246,0.6976,0.1686,3,1,1
324.35,7,2,98.8,2,2.5569,0.0,8,1,0.3628,0.5094,0.2551,1,1,1
70.73,2,4,89.34,1,0.8071,0.0,2,1,0.3449,0.6327,0.2151,2,1,0
265.15,2,3,53.3,0,1.2558,3.2021,6,0,0.4616,0.3931,0.1911,0,1,0
145.26,3,1,45.78,1,1.4122,11.8072,2,0,0.3328,0.7242,0.0612,0,0,1
506.15,3,5,105.91,1,0.6995,7.8833,4,0,0.6376,0.3709,0.2027,1,1,1
117.29,1,0,71.67,0,0.7719,1.9537,5,0,0.3989,0.7449,0.0287,2,0,1
206.09,2,1,108.56,1,1.1033,0.0,3,0,0.1834,0.3762,0.0461,3,0,0
206.54,1,2,148.75,2,1.035,0.0,6,0,0.5196,0.3077,0.0427,2,0,1
530.97,5,4,174.29,1,1.3154,0.0,7,0,0.8873,0.5089,0.1147,1,0,1
187.91,4,1,92.63,1,0.5048,12.1148,8,0,0.8609,0.546,0.097,1,1,1
204.73,2,1,41.72,2,0.9533,0.0,4,1,0.4935,0.4679,0.1395,0,1,0
212.7,1,6,22.33,2,1.0269,0.0,5,1,0.1877,0.5326,0.142,1,1,1
256.45,6,6,205.89,0,2.3741,0.0,4,0,0.343,0.3497,0.1022,1,0,1
365.05,6,0,69.42,2,1.5232,10.03,4,0,0.487,0.3979,0.074,1,0,1
471.91,5,6,135.56,1,0.8604,0.0,6,0,0.6188,0.5293,0.1614,4,0,1
600.0,3,5,150.3,2,1.0872,0.0,3,0,0.6678,0.2324,0.1444,0,1,1
244.93,3,4,99.85,2,1.9899,13.3053,8,0,0.3114,0.255,0.0246,5,1,1
164.92,3,2,68.66,3,2.8831,0.0,8,1,0.504,0.818,0.0487,2,0,1
444.89,3,3,197.95,0,0.6831,0.0,5,0,0.6616,0.5626,0.1083,0,1,1
129.03,2,1,17.39,1,1.7507,0.0,4,0,0.7518,0.3458,0.083,1,0,0
115.63,3,1,138.95,2,0.957,2.0622,9,0,0.423,0.616,0.07,1,0,1
377.46,6,3,121.27,0,1.0874,0.801,3,0,0.6224,0.3146,0.1181,2,0,1
263.63,3,3,108.89,1,2.7762,0.0,2,0,0.3241,0.561,0.1036,3,1,1
41.99,0,0,95.34,0,1.1442,3.2818,1,1,0.2025,0.3424,0.0602,1,1,0
524.35,3,2,124.7,3,0.6161,0.0,4,1,0.1716,0.4772,0.0798,0,1,0
322.82,1,0,70.03,0,1.5984,0.0,3,0,0.4327,0.1789,0.1128,0,1,0
318.03,3,1,116.35,0,2.2559,0.0,1,0,0.5236,0.719,0.2517,4,0,0
582.95,0,2,24.86,1,0.8059,9.1924,5,0,0.3654,0.323,0.1211,0,0,1
229.21,2,3,59.16,2,0.7967,4.9938,1,0,0.387,0.3228,0.0375,1,1,1
244.03,2,6,111.02,4,1.8394,0.0,9,1,0.8353,0.3865,0.2403,1,1,1
93.2,0,1,47.46,1,1.7576,0.0,7,0,0.2698,0.3376,0.1228,4,0,0
405.27,4,2,57.04,0,0.8566,9.0794,1,1,0.7026,0.3888,0.2222,1,0,1
65.82,2,1,73.01,0,0.583,1.5573,2,0,0.3103,0.4482,0.1195,0,0,0
279.39,5,2,115.66,1,1.5502,0.0,1,0,0.4438,0.6997,0.3249,0,1,1
129.42,1,2,80.46,2,2.5494,0.0,5,0,0.6952,0.5533,0.0164,0,0,1
228.85,4,0,66.57,1,1.1016,0.0,4,0,0.5451,0.618,0.0106,2,1,1
408.29,4,5,193.63,1,1.713,0.0,5,1,0.1149,0.4225,0.1203,3,0,0
160.84,1,4,158.41,0,1.243,0.0,3,0,0.5183,0.4436,0.0725,2,1,0
245.21,1,4,127.09,1,1.5999,9.2114,4,1,0.4963,0.2643,0.026,3,0,1
141.13,1,2,11.93,2,0.9688,0.0,9,0,0.6901,0.312,0.0918,0,0,1
130.05,2,3,144.03,0,1.8578,5.7665,4,1,0.5468,0.6806,0.0505,2,0,0
134.35,1,2,81.63,0,2.7225,7.555,2,0,0.8806,0.6479,0.0477,1,0,1
466.02,5,4,118.14,0,1.9313,5.4992,5,1,0.4078,0.5576,0.1542,2,0,1
445.6,1,0,49.43,1,0.3542,5.5728,3,0,0.6388,0.424,0.0747,1,0,1
198.98,5,1,138.46,0,1.699,10.7159,3,1,0.6689,0.5559,0.0758,1,0,1
336.27,5,1,138.78,2,1.0918,0.0,7,1,0.3751,0.0627,0.0841,1,1,0
263.7,4,3,127.74,4,0.6435,0.0,3,0,0.6081,0.7007,0.0819,0,0,1
309.79,4,1,121.42,1,1.0953,0.0,5,1,0.6107,0.7404,0.1051,1,0,1
600.0,5,4,132.28,3,1.1068,0.0,5,0,0.2344,0.6394,0.103,1,1,1
327.27,3,1,200.89,0,1.6831,12.3653,7,0,0.3638,0.5985,0.1159,2,0,1
470.97,7,2,182.49,1,1.2854,13.2515,8,1,0.3563,0.437,0.0165,1,0,1
22.96,0,2,128.84,3,1.9381,9.8149,4,0,0.5484,0.3466,0.0797,2,0,1
366.79,7,5,130.55,2,1.7135,0.0,9,1,0.556,0.352,0.2486,0,0,1
260.37,2,2,59.75,2,1.1361,8.5743,4,1,0.4803,0.4007,0.1468,3,1,0
153.5,2,1,134.98,1,0.7283,4.1913,2,0,0.1345,0.6216,0.0446,3,1,0
469.91,5,3,181.77,0,0.43,0.0,9,0,0.7094,0.3103,0.2098,3,0,1
250.32,1,1,93.27,0,2.2088,0.0,5,0,0.3562,0.3813,0.0559,1,1,1
210.04,3,4,171.59,1,2.3028,0.0,6,0,0.559,0.4632,0.1346,0,1,1
227.3,5,1,75.6,0,0.8955,6.0123,5,0,0.4963,0.3162,0.0849,1,0,1
77.46,1,4,120.35,1,0.9799,0.0,7,0,0.643,0.2451,0.1594,1,0,0
266.25,5,3,95.48,0,1.7074,0.0,4,0,0.2288,0.3558,0.1499,0,1,1
237.4,2,4,85.57,3,1.7754,0.0,5,0,0.3352,0.3886,0.0957,2,0,1
472.6,2,3,39.42,1,3.9042,0.0,2,0,0.7216,0.4846,0.0413,2,1,0
191.43,5,3,134.05,0,1.7915,0.0,2,1,0.6289,0.7969,0.0836,1,1,1
176.39,1,1,128.3,1,2.9721,0.0,2,0,0.4608,0.8539,0.2693,0,0,1
123.05,1,2,15.13,0,1.4913,6.7225,3,0,0.4407,0.5055,0.178,2,0,0
313.94,6,5,135.17,0,1.7227,5.267,3,0,0.2935,0.8406,0.0804,1,0,1
119.57,3,1,46.19,0,0.7542,0.0,3,0,0.2852,0.3455,0.1292,1,1,0
393.14,1,3,115.83,0,1.1834,0.0,3,0,0.4732,0.5545,0.0915,0,0,0
194.7,1,1,159.78,1,2.7128,0.0,4,1,0.1236,0.6648,0.1657,1,1,0
252.28,3,1,182.94,0,0.8102,0.0,1,1,0.2348,0.2962,0.041,0,1,0
295.6,2,4,37.74,2,0.8532,10.0778,7,0,0.6395,0.4483,0.1102,1,0,1
164.99,0,0,12.89,2,0.6612,4.2687,6,0,0.3976,0.5048,0.0479,1,0,1
290.59,6,1,85.64,0,1.083,0.0,6,0,0.4325,0.6337,0.2296,2,1,1
435.02,8,5,102.83,1,1.8889,0.0,4,0,0.2221,0.6516,0.0287,2,0,1
119.63,2,3,78.64,3,3.0194,3.1845,6,1,0.4058,0.5876,0.0234,0,0,1
161.7,2,2,46.49,1,2.9865,7.9396,3,0,0.248,0.6207,0.0506,0,1,1
368.76,3,0,139.01,0,1.2511,11.7741,3,1,0.7029,0.7295,0.1034,2,1,1
184.84,4,1,80.33,3,2.3852,11.492,7,0,0.7368,0.5931,0.0475,0,0,1
182.52,3,3,107.79,1,1.2542,0.0,6,0,0.5808,0.5173,0.0078,0,1,1
451.35,1,2,153.07,0,2.0421,4.642,5,1,0.2193,0.7131,0.0704,1,0,0
471.6,6,3,164.86,0,0.6202,0.0,4,0,0.6247,0.3134,0.1792,3,1,1
77.33,0,0,9.65,1,1.2277,0.0,3,1,0.5249,0.4118,0.0473,0,0,1
331.57,1,0,191.15,0,1.1166,10.6488,1,0,0.105,0.4315,0.0229,1,0,1
301.83,1,2,113.95,0,1.0289,7.3804,5,0,0.2657,0.5478,0.0174,0,0,1
600.0,8,3,110.35,1,1.1242,0.0,5,0,0.6999,0.7213,0.0329,5,0,1
372.74,5,2,15.88,2,0.8783,3.8529,6,0,0.0561,0.3144,0.074,1,1,0
434.18,5,2,76.99,1,1.1667,0.0,8,0,0.6337,0.3691,0.0464,5,0,1
217.73,1,3,72.23,3,0.9418,14.0878,6,1,0.3476,0.4782,0.0747,0,0,1
254.21,6,5,205.29,4,1.697,0.0,8,0,0.5787,0.5946,0.0429,2,1,1
101.08,2,2,85.46,0,0.9174,0.0,3,0,0.5627,0.5741,0.2053,4,0,0
237.27,1,0,147.67,3,1.5133,0.0,5,1,0.4105,0.6621,0.0129,0,1,1
242.77,2,4,60.69,2,2.1146,0.0,6,0,0.7226,0.5767,0.1304,0,0,1
208.01,3,3,125.46,1,0.6735,7.2153,2,1,0.5625,0.4671,0.0346,1,0,1
529.93,5,2,54.79,1,1.7063,6.9354,7,0,0.6448,0.7001,0.0965,0,0,1
229.96,4,2,145.94,1,0.6531,7.147,5,1,0.4222,0.5987,0.0342,1,1,1
93.05,1,3,89.4,1,1.5414,0.0,5,0,0.2277,0.4239,0.2076,3,1,1
141.64,3,3,34.74,1,0.3463,0.0,2,0,0.7856,0.2244,0.1703,3,0,0
79.21,2,0,124.62,0,1.5976,12.7785,1,0,0.2158,0.6109,0.0409,1,1,0
182.77,0,2,96.68,3,1.0178,6.8594,4,0,0.1984,0.5236,0.0217,0,0,1
137.82,1,4,19.55,4,1.1725,0.0,1,0,0.5838,0.6397,0.1853,2,1,1
414.52,9,5,64.74,1,0.5133,7.9519,4,0,0.3917,0.4,0.1369,3,1,1
287.75,6,3,90.16,2,0.6597,0.0,5,0,0.421,0.3573,0.0873,1,1,1
263.65,4,2,169.04,0,0.8658,0.0,2,1,0.3552,0.2939,0.2521,1,0,1
311.73,2,3,108.39,0,0.6822,1.5494,2,0,0.3534,0.3737,0.0334,0,0,0
471.1,2,0,65.51,0,1.6644,0.0,4,0,0.6505,0.5053,0.0312,2,1,1
186.01,2,1,9.47,2,1.7369,0.0,5,0,0.3213,0.4769,0.0841,0,1,0
216.63,1,1,114.34,1,0.606,0.0,2,1,0.3348,0.7241,0.114,1,0,0
138.06,4,3,53.26,0,1.309,0.0,5,0,0.5808,0.5689,0.107,3,1,1
397.21,1,3,23.81,0,0.8895,0.0,3,0,0.9018,0.5622,0.0902,2,0,1
91.87,2,3,83.75,3,1.2513,0.0,2,1,0.4478,0.6057,0.2207,2,1,1
88.0,1,4,118.53,3,1.7685,0.0,8,0,0.4208,0.753,0.2453,2,0,1
20.8,0,3,98.25,1,2.3929,0.0,4,0,0.1002,0.4277,0.1372,2,1,1
282.53,1,3,82.64,1,0.8325,1.8992,3,0,0.2114,0.2768,0.2853,1,1,0
298.83,4,5,184.68,1,1.8652,0.0,4,0,0.4355,0.5961,0.0506,2,1,1
133.32,1,1,45.51,2,1.1774,9.5989,4,0,0.3742,0.6997,0.1334,1,0,1
303.42,1,2,85.1,1,1.5367,0.0,3,0,0.594,0.5524,0.1027,3,0,0
600.0,3,2,101.77,1,0.7646,4.3359,8,0,0.6153,0.5818,0.0353,1,0,0
241.46,3,3,133.41,0,3.438,11.1626,4,1,0.2327,0.6303,0.1798,2,1,1
324.56,1,4,19.5,0,0.5632,9.4673,2,1,0.3534,0.5249,0.0705,3,0,1
600.0,4,2,147.69,0,1.1101,0.0,5,0,0.5912,0.3518,0.132,1,0,1
122.06,2,6,51.98,2,1.0793,0.0,3,1,0.186,0.4487,0.0915,2,1,1
182.53,2,3,99.87,0,2.0126,0.0,6,0,0.571,0.5361,0.108,1,0,1
157.44,1,3,135.48,0,1.8446,0.0,3,0,0.2382,0.4551,0.0877,0,0,0
383.88,4,5,66.93,0,2.4758,0.0,5,0,0.6143,0.797,0.0591,1,0,1
175.73,1,1,5.63,2,0.8636,8.6194,5,0,0.2011,0.3389,0.0137,1,1,0
141.12,1,2,3.57,0,0.8574,0.0,6,0,0.5527,0.188,0.1371,1,1,0
158.65,2,1,196.23,2,0.5961,11.2319,10,0,0.59,0.1581,0.0643,2,0,0
185.36,4,2,78.25,1,2.6318,0.0,4,0,0.6362,0.7126,0.1225,3,0,1
301.95,3,3,38.12,4,1.5242,0.0,10,0,0.3788,0.2091,0.0991,0,1,0
148.07,2,1,64.95,0,1.5175,0.0,5,0,0.7818,0.4386,0.3081,2,1,1
199.65,1,2,187.48,2,0.8299,9.1472,4,0,0.4067,0.3829,0.1516,1,0,1
223.29,2,2,199.89,1,0.772,0.0,4,0,0.6379,0.4379,0.2734,0,1,0
263.9,3,1,102.09,1,1.4153,0.0,7,1,0.5673,0.6073,0.2009,1,0,1
485.6,3,4,86.13,1,1.5723,8.0011,9,0,0.545,0.6061,0.1195,1,1,1
208.14,1,1,177.29,2,1.1806,2.337,5,0,0.6054,0.4139,0.2301,2,0,0
176.97,1,0,152.14,1,1.9743,0.0,3,1,0.5649,0.5468,0.3456,0,1,0
214.21,3,6,214.92,0,0.7606,6.6006,4,0,0.1938,0.3737,0.0224,1,1,0
222.52,0,1,82.22,1,0.4806,0.0,8,1,0.5684,0.6915,0.1157,1,0,0
73.5,2,1,40.44,2,1.3378,6.3676,5,0,0.3787,0.3951,0.2119,1,1,0
170.24,4,4,82.2,2,1.1267,13.1115,5,0,0.6526,0.4481,0.0246,3,0,1
182.78,2,2,152.56,0,1.3625,1.6253,4,0,0.3353,0.3621,0.1314,2,0,1
224.22,3,1,103.63,1,1.4606,12.5391,2,1,0.5367,0.3326,0.1163,1,0,1
422.0,5,4,104.21,4,1.1991,0.0,3,1,0.4739,0.395,0.1093,2,1,0
187.09,4,2,124.26,1,1.7192,0.0,2,0,0.4085,0.7584,0.2773,1,1,0
322.81,5,2,12.52,2,1.0051,8.6949,2,0,0.6571,0.5285,0.172,1,0,0
230.71,2,0,73.97,0,1.0977,10.3708,3,0,0.6556,0.356,0.05,4,0,0
563.74,3,4,29.17,1,1.8414,0.0,4,0,0.7073,0.4876,0.0868,2,0,1
293.74,4,2,100.77,0,1.8992,0.0,3,1,0.7291,0.6651,0.311,5,0,1
167.53,2,0,230.55,2,0.7233,8.2359,8,0,0.6811,0.5734,0.0371,3,0,0
152.29,5,1,41.4,0,2.2103,0.0,7,1,0.689,0.5279,0.1617,1,0,1
476.46,2,2,54.78,0,2.8058,0.0,3,0,0.1401,0.6611,0.2161,3,0,1
249.53,3,1,26.83,1,0.6379,5.7958,5,1,0.5113,0.4115,0.0305,3,1,0
402.23,4,2,56.81,0,2.0093,8.0794,6,0,0.3387,0.3047,0.1469,1,1,1
78.34,2,2,139.81,1,1.0174,11.7426,5,1,0.5142,0.5589,0.0666,1,0,1
244.55,3,4,118.26,4,2.4246,8.9296,8,1,0.3663,0.2386,0.1211,2,1,1
457.43,4,3,38.85,1,1.6539,8.0671,5,1,0.5952,0.6341,0.3335,0,0,1
349.49,3,0,214.7,2,1.9495,3.4262,7,0,0.3975,0.5043,0.1654,0,1,1
185.88,2,2,18.51,0,1.7574,10.2834,1,0,0.1311,0.5502,0.0077,1,1,1
279.08,4,3,115.84,1,1.7412,0.0,6,0,0.2836,0.3983,0.0477,0,0,1
180.39,2,4,61.66,1,0.6898,2.2991,3,0,0.2377,0.7016,0.0726,0,1,1
566.65,4,2,165.93,0,1.1555,5.007,4,0,0.24,0.4236,0.1765,2,0,1
197.28,2,3,207.26,1,0.7094,5.8109,4,0,0.6722,0.8112,0.0857,1,0,1
214.01,2,1,24.53,0,1.0522,0.0,2,0,0.4294,0.6061,0.1184,0,1,1
600.0,2,1,63.22,1,0.9263,0.0,3,0,0.4282,0.4533,0.0485,0,0,0
319.67,3,0,101.56,0,1.1784,0.0,3,1,0.6481,0.3642,0.1095,0,0,0
172.06,3,0,111.52,1,1.1513,2.4084,4,0,0.3274,0.8302,0.095,2,0,0
303.78,7,0,125.72,1,1.1376,7.8448,3,0,0.6353,0.699,0.0116,2,0,1
92.46,0,3,102.56,4,2.7836,0.0,9,0,0.4882,0.6772,0.0899,0,0,1
239.61,2,3,190.21,2,0.9007,0.0,9,0,0.4784,0.344,0.1119,2,0,1
320.01,9,2,111.23,0,3.6198,0.0,6,1,0.5683,0.7388,0.0403,2,0,1
204.12,6,4,128.43,2,1.065,0.0,1,0,0.5953,0.4788,0.143,1,0,1
181.16,2,2,42.01,2,3.5735,0.0,3,0,0.3782,0.656,0.0112,0,1,1
165.76,0,0,8.67,0,0.9366,0.0,2,1,0.3729,0.3052,0.0151,0,0,0
173.48,1,3,193.72,2,1.6633,8.8813,9,0,0.732,0.2563,0.0893,2,0,1
244.41,3,1,67.06,1,1.6859,11.2509,5,0,0.6732,0.4675,0.0608,2,1,1
600.0,8,5,155.65,2,3.8208,6.3463,10,0,0.7781,0.6805,0.1898,1,0,1
337.56,0,1,96.24,2,0.7183,0.0,2,0,0.5762,0.2996,0.0477,1,0,1
233.19,4,1,61.02,0,1.9091,0.0,10,0,0.5981,0.745,0.2249,2,1,1
306.2,1,2,144.84,1,0.7579,9.0102,6,0,0.7386,0.5254,0.2064,3,1,0
293.44,4,4,172.07,1,2.3523,0.0,5,0,0.6659,0.3105,0.0961,4,0,1
126.25,1,3,28.17,2,0.8165,0.0,6,0,0.5894,0.707,0.1992,2,1,0
279.37,2,3,85.51,0,1.4596,0.0,3,0,0.4234,0.5077,0.1175,1,1,0
247.17,3,2,196.71,3,0.6702,0.0,4,0,0.7627,0.3024,0.0678,0,1,1
561.32,5,5,63.47,1,2.1675,0.0,4,0,0.3336,0.4124,0.0772,1,0,1
304.6,6,4,114.26,0,0.6992,5.8404,5,0,0.3636,0.4067,0.0693,0,0,1
288.92,3,3,117.99,3,0.8877,0.0,8,1,0.4359,0.2075,0.0912,2,1,0
241.15,2,1,50.03,3,0.8807,8.7721,4,0,0.2388,0.5376,0.1953,1,1,0
420.34,4,4,133.96,1,0.7299,6.8726,1,1,0.6177,0.2848,0.2046,2,0,0
427.35,2,0,40.77,2,0.9111,0.0,5,0,0.7928,0.6164,0.1159,3,1,0
97.28,1,2,105.71,0,1.0382,0.0,7,0,0.4249,0.3113,0.253,1,1,1
189.64,3,4,38.81,2,1.1659,9.319,7,0,0.7436,0.8646,0.2141,0,0,1
111.86,1,1,100.67,2,0.9752,0.0,8,0,0.2979,0.3751,0.1748,0,1,1
326.18,2,4,40.76,0,1.7792,0.0,2,1,0.5474,0.6964,0.2497,1,1,1
177.63,0,0,105.08,2,1.9794,0.0,6,0,0.4962,0.4399,0.0851,1,0,1
388.92,4,4,51.91,1,0.4647,0.0,10,0,0.7695,0.2765,0.2327,0,1,1
195.89,2,5,14.4,0,1.7549,1.1447,1,0,0.1666,0.5461,0.0279,2,0,0
305.21,2,3,79.27,1,1.0063,9.4439,2,0,0.5362,0.4637,0.2009,1,0,0
600.0,4,0,56.08,1,0.7047,7.3828,4,0,0.6386,0.3504,0.2094,1,0,1
231.81,0,1,68.76,0,1.9424,0.0,5,0,0.2691,0.3767,0.134,1,0,0
239.98,3,4,45.1,0,1.0976,7.7844,4,1,0.3424,0.5342,0.169,1,1,1
349.01,7,4,102.19,1,1.5628,0.0,7,1,0.6285,0.3743,0.1323,2,1,1
600.0,7,3,150.61,0,0.8599,0.0,3,0,0.2052,0.1041,0.1081,3,0,1
280.21,4,4,102.9,0,2.0202,0.0,4,1,0.3376,0.7336,0.1471,2,1,1
335.09,5,2,152.84,1,0.8698,5.4812,3,0,0.5499,0.4894,0.3137,4,0,1
153.02,1,0,83.88,1,0.5881,8.7843,6,0,0.5454,0.3358,0.1181,1,0,1
252.27,3,2,33.58,1,0.9499,0.0,3,0,0.7543,0.3198,0.0235,0,0,0
257.2,4,2,40.73,0,0.9728,0.0,7,1,0.363,0.5144,0.1256,1,0,0
312.6,7,5,116.19,1,1.8121,0.0,6,1,0.3075,0.5988,0.1723,2,1,1
260.52,2,1,62.28,2,1.4283,0.0,4,0,0.6946,0.5254,0.3846,2,0,1
325.85,2,1,104.82,3,0.607,4.8302,2,1,0.628,0.4769,0.0613,0,0,0
128.84,2,1,109.79,2,0.9675,0.0,7,1,0.338,0.3791,0.2108,1,0,1
247.58,2,5,49.84,0,0.5257,0.0,5,0,0.5692,0.4185,0.145,1,0,0
316.42,6,5,108.9,3,1.4171,0.0,9,0,0.3929,0.7258,0.1477,1,0,1
307.94,3,2,101.99,0,0.7584,4.9986,5,1,0.1054,0.5264,0.0175,3,1,0
556.87,2,4,116.41,1,0.7232,13.0639,5,1,0.4763,0.5323,0.2627,1,1,0
299.41,3,4,79.35,0,2.5007,1.5045,5,0,0.5192,0.4746,0.1663,3,0,1
309.64,4,3,201.92,0,1.0142,0.0,3,1,0.4088,0.6385,0.1549,2,1,1
245.35,3,2,29.2,3,1.0505,0.0,7,1,0.352,0.268,0.1958,0,1,1
374.44,5,2,91.31,1,0.6182,8.7423,5,1,0.3116,0.4862,0.0413,0,0,0
301.44,1,4,66.5,2,1.0832,0.0,2,1,0.3004,0.3862,0.173,2,0,0
296.93,2,5,49.16,1,1.3599,0.0,3,0,0.6259,0.4599,0.163,0,1,0
82.24,1,2,26.74,0,1.5566,4.8197,3,1,0.6428,0.3614,0.0642,1,0,0
600.0,7,2,89.4,1,1.6465,6.3399,4,0,0.4647,0.6141,0.0495,4,0,1
244.47,2,1,89.79,1,1.0142,8.036,2,0,0.1859,0.5385,0.0619,2,1,1
252.65,5,3,86.93,1,1.6961,8.1043,8,0,0.5769,0.4682,0.1706,1,0,1
321.16,4,3,68.65,0,0.6337,8.7953,1,0,0.8539,0.5642,0.0531,3,1,0
209.84,4,2,112.15,1,1.3492,3.8655,9,0,0.3312,0.3812,0.2202,4,1,1
406.64,2,3,76.34,1,1.9172,0.0,7,0,0.3698,0.5323,0.2799,0,0,1
160.74,2,0,143.66,2,1.227,6.2664,7,0,0.5356,0.4139,0.1687,1,1,0
87.34,1,3,24.25,0,1.3733,0.0,6,1,0.2686,0.4723,0.2095,0,0,0
410.39,1,2,120.73,2,1.921,0.0,3,0,0.3748,0.6751,0.1733,1,0,1
138.02,1,1,30.76,2,2.2583,0.0,3,0,0.2744,0.4309,0.0741,2,1,0
374.24,3,1,185.42,1,1.5335,0.0,3,0,0.2367,0.3798,0.0903,1,1,0
128.31,3,5,109.57,0,0.9254,1.0231,4,0,0.4204,0.2787,0.1223,1,0,0
119.16,3,2,22.39,0,2.3873,0.0,5,0,0.4512,0.7152,0.1323,1,1,1
202.71,1,3,116.95,1,1.4838,6.3551,3,0,0.731,0.4395,0.0436,0,0,0
98.22,0,1,74.9,1,1.3144,0.0,6,0,0.2986,0.6481,0.1978,0,0,1
34.52,0,2,34.61,1,2.2413,0.0,2,0,0.6022,0.9164,0.125,1,0,1
484.91,4,6,142.68,3,0.8076,0.0,4,1,0.4834,0.4353,0.1587,0,1,1
541.16,6,3,233.28,2,0.4538,0.0,2,1,0.3684,0.2651,0.2544,2,0,1
600.0,2,1,74.85,0,1.4668,0.0,4,1,0.3793,0.5265,0.0334,0,0,0
117.26,2,1,78.17,2,0.5475,0.0,7,0,0.437,0.5689,0.0201,1,0,1
133.38,0,4,140.84,3,2.9932,0.0,9,0,0.2387,0.3863,0.0766,1,1,0
181.79,1,0,76.78,1,1.8076,0.0,6,0,0.4946,0.4784,0.1357,1,1,0
246.44,5,0,60.97,3,2.7248,8.3602,5,0,0.1251,0.6065,0.0846,0,1,1
411.95,5,3,250.14,2,1.0594,0.0,5,0,0.2991,0.5994,0.057,5,0,1
600.0,3,2,64.08,0,0.8279,7.2697,7,0,0.7429,0.5212,0.1512,3,1,0
334.32,2,4,28.02,0,0.551,0.0,2,1,0.2597,0.2738,0.0657,2,0,0
163.56,3,3,178.73,0,1.5005,9.8616,2,1,0.1812,0.6771,0.1417,5,1,1
413.03,2,3,127.19,2,0.7669,3.7061,6,0,0.7531,0.701,0.0688,0,0,1
154.33,1,2,34.61,1,1.6215,0.0,4,1,0.3409,0.2674,0.072,0,0,1
503.28,4,5,174.84,2,1.9002,5.677,6,0,0.8373,0.643,0.1192,4,1,1
135.91,4,2,54.17,5,2.183,0.0,10,1,0.1708,0.2181,0.235,1,0,1
207.38,2,3,3.76,1,0.966,0.0,3,0,0.3463,0.3588,0.1962,2,0,0
381.81,3,0,109.86,1,1.5209,9.6455,5,0,0.47,0.639,0.0099,2,0,1
488.16,5,2,170.84,1,1.5554,5.1195,2,1,0.4019,0.4122,0.1008,1,1,0
174.2,2,0,100.66,1,1.8817,0.0,4,0,0.6983,0.7795,0.1892,0,0,1
261.56,0,0,65.25,0,2.2707,0.0,2,0,0.7779,0.3427,0.0856,1,1,1
137.1,2,0,52.78,0,2.8215,0.0,1,0,0.36,0.5656,0.1859,1,1,0
561.44,10,1,45.39,0,1.3492,0.0,2,0,0.6401,0.6264,0.1025,3,0,1
186.8,3,3,41.57,1,1.9356,0.0,6,0,0.7923,0.596,0.1011,2,0,1
137.59,1,1,49.61,2,2.2839,0.0,4,0,0.8481,0.2868,0.2191,1,1,1
231.79,5,2,177.79,0,1.0452,0.0,2,0,0.5652,0.3821,0.0837,0,1,1
493.7,2,1,122.91,0,1.9827,0.0,2,0,0.8804,0.6118,0.1257,2,1,1
176.63,3,0,192.08,0,1.3058,0.0,2,0,0.478,0.3873,0.1518,0,1,0
121.47,2,5,115.49,1,2.6196,0.0,9,1,0.6629,0.845,0.1057,0,1,0
446.52,2,2,123.54,0,1.4145,0.0,2,1,0.3443,0.5032,0.1609,2,0,0
122.37,0,2,6.9,1,1.1647,0.0,5,1,0.2155,0.6526,0.1013,1,0,1
143.62,0,0,114.08,3,1.2301,6.9034,7,1,0.4786,0.3733,0.2033,0,1,0
177.57,2,6,76.36,1,0.9573,0.0,5,1,0.846,0.6236,0.07,2,0,0
219.97,1,1,27.2,0,0.7432,8.5975,3,0,0.8053,0.3779,0.1914,0,1,1
183.46,5,7,83.29,2,2.4482,0.0,5,1,0.6321,0.5398,0.1749,3,0,1
245.46,2,5,44.81,0,0.8918,10.8513,3,1,0.5737,0.606,0.0527,2,0,1
311.95,4,4,167.11,1,1.1451,0.0,5,0,0.827,0.445,0.1407,0,0,1
289.49,6,2,59.55,4,0.9273,0.0,8,0,0.2043,0.3662,0.1299,1,0,1
455.64,8,3,99.65,0,2.5792,0.0,5,0,0.1578,0.5859,0.1816,2,0,1
433.6,4,1,206.2,0,1.2282,0.0,4,1,0.7497,0.2928,0.251,3,1,1
118.45,2,2,64.94,0,1.1326,0.0,2,1,0.5664,0.4003,0.3221,1,0,0
87.79,1,2,103.06,0,0.637,0.0,2,1,0.3744,0.3047,0.1742,0,1,0
507.75,1,3,180.13,1,1.127,5.6399,2,0,0.8262,0.4981,0.0544,0,0,0
298.09,5,2,86.2,2,1.7866,0.0,6,0,0.7336,0.5271,0.1707,2,1,0
58.37,1,1,59.59,0,0.7712,0.0,3,0,0.3126,0.4519,0.2301,0,1,0
297.34,6,1,139.24,1,0.8616,5.6209,1,0,0.2102,0.5494,0.2112,0,0,0
82.14,2,0,128.21,3,1.5962,7.8114,4,1,0.4598,0.4289,0.1491,1,0,0
265.07,1,6,128.36,1,2.301,3.4228,4,0,0.781,0.3262,0.0985,1,1,1
538.52,2,2,58.15,2,3.0712,4.9269,8,0,0.5504,0.7018,0.0488,1,1,1
600.0,1,0,115.24,2,2.8568,6.121,5,1,0.595,0.5176,0.1083,0,1,1
245.73,1,3,44.22,1,1.6041,0.0,5,0,0.1752,0.3564,0.308,1,1,1
106.03,0,0,87.89,2,0.9076,0.0,6,0,0.418,0.5161,0.0652,0,0,0
179.62,2,1,26.64,1,2.8195,0.0,4,1,0.1809,0.252,0.1204,0,0,1
68.42,1,3,72.4,0,0.6757,3.0413,4,1,0.6153,0.4589,0.0534,1,1,0
282.94,3,1,53.28,2,0.4523,6.6412,4,0,0.242,0.5687,0.1844,0,0,1
508.45,2,4,89.43,1,0.9038,0.0,4,1,0.4096,0.452,0.0718,0,0,1
142.7,3,4,126.74,1,1.4515,9.5191,5,1,0.2412,0.8159,0.055,1,1,0
248.7,3,4,7.5,1,1.6059,0.0,4,0,0.1733,0.4968,0.0443,0,1,1
207.9,5,4,77.83,1,1.9342,0.0,5,1,0.5224,0.3572,0.1238,0,0,1
119.12,2,0,31.8,3,1.9154,7.8007,1,1,0.5757,0.5203,0.1531,2,0,0
587.38,7,3,39.75,1,0.8759,0.0,6,0,0.6423,0.5069,0.17,2,0,1
104.64,1,2,53.62,0,2.879,0.0,3,0,0.6476,0.768,0.2117,1,0,1
146.65,1,1,107.15,2,1.4009,0.0,4,0,0.6851,0.4067,0.1129,0,0,1
181.96,3,1,93.3,1,0.805,5.628,9,0,0.4829,0.3395,0.0631,1,1,0
344.6,1,4,147.98,1,1.5984,4.9225,9,0,0.7729,0.5533,0.1497,2,0,1
199.39,1,3,86.6,2,2.4551,0.0,4,0,0.397,0.2476,0.1219,2,0,1
153.66,2,4,4.71,0,2.0083,0.0,4,0,0.4653,0.6409,0.044,0,0,0
156.13,0,0,34.34,2,0.7807,6.2018,3,0,0.6163,0.3098,0.0522,0,0,0
180.71,2,1,29.88,0,0.6799,0.0,2,0,0.5033,0.377,0.138,1,0,0
250.13,3,1,96.45,1,1.5296,7.2508,3,0,0.1457,0.437,0.1396,2,0,1
142.62,2,1,77.55,2,1.6832,0.0,9,1,0.101,0.5055,0.3233,1,1,1
332.6,5,5,118.13,2,1.3792,7.5029,1,0,0.8396,0.3699,0.2065,2,1,1
222.67,3,5,100.03,3,0.7763,3.6555,4,1,0.6385,0.4986,0.1194,1,0,1
325.89,4,3,103.82,0,1.0987,0.0,2,0,0.7489,0.2988,0.1391,1,0,1
225.63,3,4,53.94,0,0.7013,0.0,3,0,0.2815,0.5313,0.0187,1,1,0
235.05,2,2,133.9,0,1.0089,0.0,8,1,0.2153,0.5676,0.0411,0,0,0
100.49,1,0,70.01,2,0.5816,3.5851,8,1,0.3696,0.2661,0.0349,1,0,0
298.81,3,3,102.34,1,0.9378,0.0,4,0,0.3072,0.4851,0.26,2,0,1
348.75,4,3,92.89,2,0.4276,4.2403,7,0,0.1904,0.1771,0.1499,5,0,1
230.45,1,2,63.6,1,0.9512,8.9908,1,0,0.2137,0.4387,0.3541,3,1,1
57.31,0,1,53.15,2,0.8825,0.0,2,0,0.6265,0.3789,0.1949,1,0,0
176.24,2,3,47.25,2,0.5419,0.0,9,0,0.2095,0.1922,0.1198,2,1,0
434.25,3,3,174.79,2,1.9665,0.0,9,0,0.5021,0.4762,0.0613,2,1,1
252.58,1,1,53.37,1,1.0518,2.3219,4,1,0.5998,0.6109,0.0153,0,0,1
177.54,4,5,92.2,1,1.5023,6.8463,4,0,0.822,0.6444,0.074,1,0,1
95.44,1,1,6.99,0,1.7345,0.0,1,0,0.6361,0.1932,0.0421,1,0,0
211.04,2,3,79.6,0,3.4949,9.6653,4,1,0.6148,0.7943,0.1198,0,0,1
300.4,2,3,143.81,1,1.6759,0.0,5,0,0.7853,0.5872,0.167,2,0,1
306.63,1,2,126.83,0,1.6482,0.0,4,0,0.5669,0.6937,0.0015,0,1,1
371.77,3,3,25.33,0,0.6238,6.1566,4,0,0.5256,0.3427,0.0048,1,1,1
143.3,3,2,233.35,1,1.212,0.0,8,0,0.2647,0.5478,0.1963,3,0,1
199.12,2,1,59.06,0,0.7483,0.0,2,0,0.5184,0.5344,0.0462,0,1,0
159.83,2,2,168.53,1,0.8598,3.4982,3,0,0.4315,0.2833,0.0108,0,1,0
273.42,3,2,57.3,1,0.8609,6.727,6,0,0.2233,0.593,0.1779,0,0,1
342.7,3,3,70.23,1,0.7043,4.7413,3,0,0.6233,0.4096,0.0365,0,0,1
361.28,4,4,69.32,1,1.142,0.0,5,0,0.7606,0.5362,0.1978,2,1,1
90.63,2,0,180.39,1,1.2067,6.9392,5,0,0.4825,0.6881,0.0704,3,0,0
400.08,1,1,77.48,2,1.1803,0.0,5,0,0.2182,0.4687,0.0334,0,0,0
128.64,1,2,62.75,4,1.0599,3.7849,7,0,0.6129,0.4544,0.0875,2,0,1
459.45,5,3,161.27,2,1.2324,0.0,3,0,0.3187,0.5196,0.1147,0,0,1
407.11,4,2,188.44,2,1.4219,0.0,2,0,0.4,0.7723,0.072,3,1,0
415.12,4,3,3.53,0,0.9782,0.0,3,0,0.3702,0.5166,0.0749,4,0,1
201.65,0,2,153.11,2,0.8333,0.0,3,0,0.7231,0.4733,0.2946,0,0,0
110.77,2,2,40.4,1,0.9962,0.0,3,0,0.4238,0.5139,0.0812,1,1,1
184.34,3,3,204.91,0,1.5099,0.0,5,0,0.2762,0.6595,0.1206,0,0,0
194.85,3,2,42.48,0,0.9089,0.0,2,1,0.2395,0.6422,0.0665,0,1,0
130.63,3,5,138.99,2,1.0622,0.0,5,0,0.7574,0.6634,0.0752,0,1,0
318.46,5,7,144.69,1,0.8388,7.9063,2,0,0.5095,0.5014,0.0807,2,1,1
223.18,2,3,58.22,0,1.4637,0.0,1,0,0.4072,0.5838,0.1314,1,1,1
310.33,2,3,72.26,1,0.9954,0.0,5,0,0.6868,0.4094,0.0614,1,0,0
75.3,1,3,203.29,0,1.1288,4.5314,3,0,0.4028,0.4137,0.1293,2,1,0
433.05,0,4,182.36,1,0.7799,0.0,6,1,0.5363,0.59,0.0425,3,0,1
213.46,4,6,125.52,1,2.1515,6.3032,2,0,0.3849,0.5711,0.0993,2,0,1
335.24,1,2,75.14,0,1.2559,9.2728,3,0,0.7932,0.5209,0.052,1,0,1
230.5,3,1,235.21,0,1.2828,0.0,4,1,0.5176,0.4634,0.1417,2,1,0
55.71,1,0,89.55,1,2.2914,0.0,5,0,0.8561,0.3261,0.1562,0,0,0
435.64,3,4,57.48,1,1.314,0.0,4,0,0.5568,0.5907,0.1404,3,1,0
499.6,4,4,176.88,1,2.6478,0.0,3,0,0.4203,0.4521,0.1608,3,0,1
512.32,6,5,171.22,0,1.251,0.0,2,0,0.2014,0.5987,0.0926,2,0,1
281.96,7,3,170.04,3,1.178,14.1306,4,0,0.3051,0.4129,0.3177,0,0,1
290.07,0,4,143.7,1,1.272,0.0,3,1,0.4725,0.486,0.0372,3,1,1
212.52,1,2,43.04,5,0.4299,0.0,10,0,0.5917,0.4134,0.059,2,0,1
218.63,2,2,87.74,2,2.8205,11.1419,5,0,0.5916,0.389,0.1016,1,1,1
303.84,3,2,78.49,2,1.106,0.0,6,0,0.4655,0.2925,0.1621,0,0,1
100.49,1,2,46.29,2,1.245,0.0,3,0,0.2094,0.4087,0.2793,0,0,0
403.27,2,2,121.94,2,2.4498,0.0,9,1,0.8156,0.6953,0.0733,0,0,1
451.75,4,4,18.36,2,1.6801,9.6945,5,0,0.5202,0.804,0.0167,0,0,1
153.57,2,3,119.5,3,0.835,0.0,8,0,0.6372,0.7197,0.1644,1,0,1
159.54,2,0,111.84,2,0.7346,8.3829,4,0,0.7079,0.6566,0.0998,1,0,0
284.49,4,4,223.37,2,0.5216,0.0,2,0,0.5311,0.4113,0.1031,4,0,0
191.73,5,4,15.78,2,1.137,0.0,1,1,0.7715,0.4345,0.0538,2,1,0
237.32,0,3,84.51,1,1.028,0.0,2,0,0.8078,0.3731,0.0251,0,0,0
588.72,4,2,131.05,0,1.948,0.0,2,0,0.2883,0.4816,0.143,3,0,1
195.95,2,2,89.48,0,2.1939,8.0384,4,0,0.1012,0.2579,0.1349,0,0,1
365.07,4,3,92.07,1,2.445,0.0,2,0,0.4293,0.7484,0.1685,2,0,1
156.78,3,2,76.3,1,0.7876,0.0,5,0,0.6791,0.2744,0.1526,2,0,1
485.7,4,6,248.32,0,1.625,0.0,4,0,0.2213,0.3255,0.0769,3,0,1
391.55,9,1,122.79,1,1.9154,6.4402,4,1,0.8356,0.4884,0.1564,1,1,1
215.24,2,3,85.48,2,1.1818,0.0,4,0,0.5713,0.2778,0.0516,1,0,1
455.57,8,4,64.42,0,1.0985,0.0,5,1,0.4428,0.2023,0.0218,0,1,1
229.36,1,3,141.78,1,1.8269,0.0,2,0,0.7139,0.3464,0.0468,0,0,0
118.81,0,2,177.8,0,2.1109,0.0,3,0,0.0816,0.6082,0.1936,0,1,1
349.17,4,5,48.01,0,1.3447,0.0,4,0,0.5022,0.4835,0.0452,1,1,0
98.53,2,3,75.95,1,0.9698,0.0,2,0,0.7335,0.4548,0.1746,1,1,0
588.57,6,4,117.54,1,3.8994,0.0,2,0,0.4063,0.6274,0.2605,1,1,1
177.31,2,2,31.43,1,1.5846,7.6486,4,0,0.5859,0.6296,0.2577,2,0,1
371.69,4,3,130.73,1,1.2878,0.0,5,0,0.5511,0.4781,0.1713,3,1,1
422.21,1,1,63.1,0,1.5833,8.143,3,1,0.1968,0.6331,0.0151,1,0,0
265.29,2,3,33.23,3,0.719,0.0,7,0,0.6026,0.4559,0.128,0,1,1
227.75,6,5,57.95,1,1.8948,9.3173,7,0,0.5581,0.5247,0.2729,2,0,1
244.59,1,2,149.6,3,1.7476,3.9934,10,0,0.1172,0.3908,0.1268,0,1,1
291.63,5,1,38.58,1,1.0552,0.0,4,0,0.5085,0.5958,0.2157,1,1,1
52.62,0,4,232.42,1,1.8851,3.2233,8,0,0.5054,0.4755,0.1793,0,1,1
430.44,1,3,29.79,0,0.624,0.0,2,0,0.3623,0.3972,0.2186,4,1,0
454.36,3,4,16.03,1,1.6826,0.0,4,1,0.4588,0.5086,0.11,1,0,1
86.27,0,1,169.53,1,1.2507,0.0,3,0,0.4481,0.5999,0.1096,0,1,0
320.68,5,4,176.12,2,0.6621,9.7128,5,0,0.5524,0.5023,0.0242,4,1,1
600.0,8,3,100.63,1,2.1914,6.4985,2,0,0.6702,0.4028,0.0869,4,0,1
236.11,2,2,37.04,3,0.9443,0.0,9,1,0.3654,0.6427,0.2399,3,0,1
228.73,1,0,64.41,2,1.8345,0.0,2,0,0.1637,0.3557,0.1842,2,0,0
302.46,4,2,25.29,0,1.6546,0.0,8,0,0.5773,0.5052,0.1551,1,0,1
79.33,0,0,53.48,0,1.2998,0.0,8,1,0.5649,0.4712,0.0634,0,0,1
186.01,2,1,51.25,0,0.9202,8.9032,9,0,0.2338,0.4276,0.1486,2,1,1
314.76,2,4,66.39,2,0.8004,0.0,2,0,0.4149,0.1245,0.1309,3,1,0
414.71,5,3,116.68,1,2.5954,0.0,3,0,0.7157,0.5527,0.1988,1,1,1
511.11,4,1,50.81,1,2.0382,0.0,1,0,0.2715,0.396,0.0598,0,1,1
170.94,4,2,66.16,1,0.6904,0.0,6,0,0.6435,0.6559,0.1229,1,0,1
390.81,5,3,148.07,1,1.6804,4.1471,5,0,0.5037,0.4494,0.0238,0,0,1
178.21,4,0,18.34,2,1.4218,4.6754,1,0,0.3778,0.6138,0.1155,2,0,1
118.38,0,0,4.93,0,1.221,0.0,2,0,0.3697,0.4379,0.0507,0,0,1
223.38,2,1,76.96,1,0.9198,0.0,5,1,0.4501,0.5389,0.0791,0,0,0
251.82,4,4,24.94,1,0.8504,0.0,5,0,0.206,0.3662,0.0564,2,1,0
304.56,5,4,90.32,1,1.3071,0.0,6,0,0.6438,0.6202,0.1756,2,0,1
220.95,5,2,71.93,1,1.4905,0.0,10,0,0.1119,0.6806,0.0807,1,0,1
252.95,2,5,83.22,2,1.1487,3.5806,8,0,0.319,0.2897,0.1258,1,1,0
452.44,10,4,194.88,1,1.086,0.0,9,0,0.6831,0.5421,0.0619,3,0,1
293.55,4,4,87.05,1,0.6353,0.0,3,0,0.3889,0.6792,0.2072,2,0,1
167.15,4,0,77.28,1,2.6205,0.0,7,0,0.3401,0.4219,0.1333,2,0,1
150.15,3,4,123.37,1,2.028,9.2726,3,0,0.3005,0.3257,0.1659,1,1,1
241.25,1,2,45.12,5,0.7277,3.9326,9,0,0.3336,0.5312,0.132,1,0,0
223.42,1,2,148.01,3,2.1499,0.0,10,0,0.1949,0.6106,0.0881,3,0,0
96.23,3,3,231.57,0,0.7548,9.0753,3,1,0.3151,0.4703,0.0907,0,0,0
121.48,1,0,34.49,3,1.2569,7.5273,4,0,0.494,0.594,0.0207,0,0,0
278.94,5,2,104.69,0,2.0677,0.0,6,0,0.2297,0.4175,0.1242,0,1,1
296.31,3,0,83.04,1,0.8574,10.3049,5,1,0.2813,0.7409,0.0298,1,0,1
600.0,5,3,131.02,0,1.9775,0.0,4,0,0.7494,0.5647,0.0902,3,0,1
369.96,4,4,65.08,1,1.1859,0.0,6,1,0.2669,0.5855,0.1087,3,0,1
264.7,1,0,53.57,1,1.0914,3.9235,5,1,0.3932,0.4803,0.0768,0,1,0
435.03,2,3,168.96,1,1.3232,9.9891,3,0,0.3795,0.3587,0.2354,3,1,0
126.06,1,0,57.61,4,1.1824,3.5063,5,1,0.5937,0.2451,0.0974,0,0,0
113.01,2,2,2.26,2,0.5726,2.5152,9,0,0.3789,0.299,0.1239,1,0,0
129.33,2,3,65.99,0,1.0788,0.0,8,0,0.7569,0.2359,0.0283,1,0,1
279.45,3,0,153.53,1,0.8393,0.0,6,0,0.3569,0.2013,0.0191,1,0,1
102.76,3,0,1.39,1,3.3725,0.0,8,1,0.9063,0.4431,0.007,0,0,1
493.12,6,4,99.95,1,1.5733,0.0,1,0,0.2575,0.3133,0.1383,3,1,1
239.78,2,4,59.68,0,1.5557,0.0,3,1,0.5496,0.6465,0.0988,2,1,0
314.92,5,1,40.96,1,1.1384,0.0,4,1,0.603,0.5361,0.0873,2,0,1
588.92,4,1,73.35,2,1.1923,0.0,3,1,0.3183,0.4431,0.0753,0,0,1
562.86,5,6,85.61,1,1.1695,0.0,2,0,0.2884,0.2923,0.1719,2,1,1
370.07,5,6,182.63,1,1.8445,0.0,3,0,0.5735,0.499,0.1466,5,1,1
419.79,2,2,162.43,0,1.0226,8.5122,3,0,0.3442,0.6102,0.0238,1,1,1
428.11,5,1,107.75,1,1.586,0.0,4,0,0.613,0.6495,0.0766,1,0,1
517.01,3,4,213.86,0,1.7249,0.0,4,1,0.2408,0.5716,0.0334,0,1,0
275.52,4,4,117.72,0,1.0918,8.7115,10,0,0.562,0.1295,0.024,1,1,1
310.06,2,0,217.24,2,2.4835,0.0,8,1,0.4148,0.5346,0.0698,4,1,1
67.7,1,1,130.35,0,1.3193,0.0,4,1,0.8033,0.2745,0.0369,1,0,1
173.82,3,2,56.48,1,1.9663,7.286,2,0,0.41,0.2406,0.3001,3,0,1
352.41,10,2,26.67,2,0.9461,0.0,4,0,0.8125,0.493,0.0959,2,1,1
459.26,1,3,204.53,0,0.8843,0.0,2,1,0.4019,0.3517,0.0152,0,1,0
148.05,1,4,68.15,0,1.7804,3.4919,8,0,0.4839,0.6961,0.0964,1,0,1
30.97,0,2,169.05,1,1.8785,0.0,8,0,0.4388,0.3734,0.1194,0,1,0
212.52,3,1,66.94,2,1.6234,0.0,7,1,0.6088,0.4913,0.1305,0,1,1
188.19,4,0,110.94,0,0.7024,0.0,3,0,0.3373,0.3179,0.1254,1,0,1
92.98,0,2,51.58,0,1.1241,0.0,4,0,0.3675,0.466,0.1408,0,0,1
326.1,4,3,130.84,1,1.8465,11.9787,2,1,0.506,0.8139,0.0451,2,0,1
281.39,1,2,89.87,0,0.8858,0.0,1,1,0.4788,0.406,0.088,0,0,1
236.37,3,0,158.67,2,2.2407,3.1589,5,0,0.4943,0.5606,0.2668,0,0,1
288.37,2,7,96.38,0,1.1562,4.6681,1,0,0.3747,0.6385,0.0097,0,0,1
74.36,2,3,36.78,0,1.1064,0.0,9,0,0.1552,0.6243,0.0249,1,1,0
287.83,2,4,56.27,0,0.7319,10.4737,2,0,0.3364,0.7068,0.0875,1,0,0
218.08,4,1,76.44,1,1.1794,7.831,4,0,0.3756,0.5094,0.0402,0,1,1
261.87,3,1,32.33,0,1.3735,6.7667,3,0,0.5513,0.3868,0.1756,0,1,1
556.49,4,1,150.29,1,1.1984,0.0,7,0,0.3473,0.2992,0.1644,2,0,1
466.32,3,4,37.05,4,1.939,4.5869,8,0,0.904,0.6498,0.1499,3,0,1
161.71,4,3,39.88,1,1.6368,9.9786,6,1,0.4887,0.8582,0.1041,2,0,1
397.45,3,2,87.39,1,0.6981,0.0,7,0,0.3284,0.5159,0.2212,1,0,1
272.18,3,2,55.12,3,0.9259,1.4887,7,0,0.7239,0.5992,0.2694,1,1,1
332.98,2,2,101.6,0,0.6292,0.0,5,1,0.5333,0.4022,0.1151,2,1,0
326.61,4,1,35.47,1,0.7099,2.1747,6,0,0.6907,0.3564,0.3021,0,0,0
184.31,2,2,81.77,0,1.5097,0.0,3,1,0.5079,0.3922,0.0716,0,0,1
364.61,7,5,93.24,0,0.8124,0.0,6,1,0.4397,0.3675,0.2304,2,0,0
343.16,3,2,5.15,3,1.0012,0.0,6,0,0.6932,0.3872,0.2907,1,0,1
69.63,2,0,60.53,2,1.8689,0.0,10,0,0.1155,0.4731,0.2036,0,1,0
397.54,3,6,176.49,0,1.6439,0.0,5,0,0.8396,0.6227,0.163,2,0,1
302.34,1,1,52.46,0,1.2262,0.0,5,0,0.4717,0.2833,0.1603,1,1,0
559.22,3,1,133.21,1,1.3728,0.0,5,0,0.5183,0.3264,0.194,2,0,0
309.85,2,4,215.89,1,3.5699,0.0,6,0,0.1146,0.239,0.1582,1,1,1
160.88,3,4,24.91,1,0.8372,0.0,5,1,0.6092,0.2353,0.0889,1,0,0
548.27,4,2,171.05,2,1.8228,6.5464,5,0,0.4471,0.6198,0.0367,1,0,1
393.64,0,2,115.33,0,1.7601,0.0,2,0,0.4055,0.6907,0.1972,2,0,1
171.8,0,0,7.08,2,0.7472,0.0,9,0,0.1359,0.3146,0.0171,0,0,0
235.55,2,0,26.85,2,0.5177,9.1422,7,0,0.3766,0.4858,0.0834,2,0,1
110.07,1,5,102.15,1,1.4682,5.8198,3,0,0.3701,0.248,0.0236,2,1,0
155.38,3,2,128.9,0,1.103,0.0,6,0,0.4144,0.4988,0.1032,0,1,1
136.49,2,0,71.51,3,0.5349,0.0,4,1,0.5041,0.4038,0.2198,0,0,1
201.26,1,1,56.62,1,0.6165,7.1135,8,0,0.6316,0.3776,0.1862,1,1,1
342.67,2,5,115.79,0,0.8702,13.5467,1,0,0.2378,0.345,0.1393,4,0,1
155.98,1,2,84.55,1,1.0768,0.0,8,0,0.317,0.5138,0.1072,0,1,0
330.82,1,5,131.21,1,1.8868,10.4248,3,0,0.2799,0.2486,0.042,2,0,1
600.0,1,4,120.77,3,1.8215,13.9032,8,0,0.8465,0.5156,0.2491,2,0,1
202.97,0,0,107.2,3,0.7867,12.8352,7,0,0.7899,0.3468,0.1681,0,1,0
393.11,7,6,228.64,1,1.4072,0.0,3,0,0.5906,0.31,0.1821,3,1,1
90.23,1,3,172.26,2,0.8104,0.0,3,0,0.2986,0.4163,0.0813,0,0,0
179.71,2,2,114.41,1,1.4111,0.0,3,1,0.3736,0.6754,0.2547,3,1,1
239.76,4,2,238.19,0,1.1907,7.4159,4,0,0.4703,0.5938,0.1488,2,0,0
60.06,2,2,99.4,0,0.9968,0.0,2,0,0.6162,0.4034,0.0074,1,0,0
196.37,3,2,46.34,0,1.4898,13.0946,6,1,0.5289,0.5311,0.008,2,1,0
164.86,1,0,69.14,0,1.066,0.0,4,0,0.1567,0.2616,0.2727,0,0,1
160.4,2,3,21.71,0,0.8001,0.0,8,0,0.9219,0.3942,0.193,0,0,1
206.01,1,1,43.21,0,2.1859,0.0,4,1,0.9184,0.2093,0.2545,2,0,1
204.28,2,1,45.72,1,1.2958,0.0,4,0,0.6186,0.6011,0.1137,0,0,1
422.6,2,2,49.11,0,3.8679,0.0,3,0,0.6484,0.4715,0.0552,1,0,1
205.46,2,1,60.36,1,0.8904,0.0,7,0,0.4272,0.4114,0.2475,1,0,1
533.7,6,1,38.29,0,2.2823,0.0,7,1,0.4277,0.6457,0.1436,1,1,0
594.76,3,0,130.84,1,1.3917,0.0,6,0,0.577,0.4842,0.0245,0,0,1
274.49,2,3,101.65,2,0.6027,0.0,5,0,0.4647,0.582,0.0214,0,1,0
422.86,1,2,98.87,1,0.7811,11.4747,4,0,0.6905,0.3868,0.1597,2,0,1
239.06,3,2,60.83,0,1.4895,0.0,8,1,0.1836,0.5703,0.0394,2,1,1
334.76,4,2,164.09,1,1.4391,9.732,1,0,0.6863,0.7956,0.0969,2,1,0
289.43,1,3,100.44,2,1.4237,0.0,3,0,0.4131,0.358,0.1952,1,1,1
138.22,2,0,16.49,0,0.9818,0.0,5,0,0.4102,0.2025,0.1566,0,0,1
26.31,1,1,25.92,1,0.5873,8.495,3,0,0.4288,0.418,0.2162,2,0,1
160.89,1,2,54.36,2,1.744,10.7184,5,0,0.6156,0.6355,0.2309,1,0,1
280.19,3,3,201.9,0,1.4833,3.117,1,0,0.3228,0.4676,0.0508,1,0,0
265.15,1,3,131.11,0,1.3135,0.0,3,0,0.6141,0.3027,0.2624,2,1,1
214.66,4,3,63.48,1,2.1046,0.0,7,1,0.121,0.4473,0.0247,0,0,1
241.55,6,7,180.26,1,1.1782,0.0,5,0,0.4918,0.3958,0.1366,1,0,1
174.48,3,0,147.83,3,1.8526,0.0,4,1,0.2079,0.2543,0.0559,0,0,0
61.13,1,1,79.25,3,2.7902,0.0,7,0,0.1664,0.4344,0.0384,1,0,1
379.01,7,1,117.57,1,0.8256,7.1398,6,0,0.3082,0.5684,0.0952,3,0,1
301.47,3,3,53.95,1,1.3775,0.0,6,0,0.6407,0.4883,0.116,4,0,1
173.57,2,3,110.22,1,0.9398,9.7423,3,0,0.2019,0.3811,0.1014,1,1,0
305.45,0,1,162.63,0,0.6165,2.3792,5,0,0.4434,0.284,0.3203,0,0,0
177.58,4,2,186.76,1,1.4145,9.606,3,1,0.2868,0.3275,0.0769,0,0,0
251.56,2,3,100.28,1,1.2555,0.0,2,0,0.0996,0.3839,0.157,1,1,0
331.26,2,2,32.6,1,0.7528,0.0,5,0,0.1408,0.2613,0.0637,1,0,1
389.55,1,3,135.16,0,0.5451,6.2838,6,0,0.8217,0.6702,0.1071,0,0,1
445.27,3,1,132.83,1,0.8659,0.0,3,1,0.6473,0.5228,0.0436,3,0,0
554.78,7,1,121.54,3,0.7823,0.0,7,1,0.7679,0.2703,0.1295,1,0,1
178.04,0,4,71.35,1,1.2777,0.0,5,0,0.4239,0.618,0.2184,1,1,0
124.01,1,2,42.72,1,1.6788,0.0,5,1,0.4001,0.6146,0.2012,0,1,1
160.92,2,4,196.96,1,1.3132,0.0,1,1,0.4459,0.5339,0.02,3,0,1
210.1,2,2,23.2,1,0.9204,8.4942,6,0,0.6086,0.6849,0.2215,0,0,1
164.14,1,2,68.3,1,0.8817,0.0,5,0,0.408,0.5399,0.195,0,1,0
95.56,2,3,135.04,0,1.8875,0.0,3,0,0.3378,0.1614,0.0216,1,1,1
37.36,0,3,89.97,1,0.9344,0.0,4,0,0.0662,0.4975,0.0924,1,0,0
319.18,4,3,65.82,3,1.2066,0.0,8,0,0.5989,0.6096,0.1623,1,1,0
180.65,2,4,195.01,1,2.143,5.3805,6,0,0.8706,0.2719,0.2577,0,0,1
267.28,3,2,14.62,1,0.9377,0.0,8,0,0.4335,0.2301,0.0955,0,0,1
308.54,3,2,36.97,4,0.4234,7.5698,5,0,0.2893,0.3981,0.0825,0,0,0
50.48,1,2,79.95,2,1.6634,0.0,7,0,0.1497,0.2718,0.1408,0,1,0
93.14,1,2,82.02,0,1.8427,7.2259,5,0,0.8061,0.6801,0.1247,1,1,1
327.31,2,2,86.78,0,1.2213,0.0,2,1,0.7213,0.3321,0.2584,1,0,1
162.14,2,4,111.25,0,1.0034,0.0,8,0,0.1632,0.7048,0.1434,0,1,1
600.0,2,3,134.59,1,2.5891,7.9344,5,0,0.7374,0.6304,0.2642,2,0,1
504.86,3,3,106.06,1,2.8496,9.6832,6,1,0.2851,0.7076,0.0132,1,1,1
206.91,3,3,46.6,0,1.1304,9.0914,1,0,0.8685,0.649,0.1179,1,0,0
439.47,5,1,131.12,0,0.8232,0.0,3,1,0.8276,0.5969,0.0628,1,0,0
555.27,6,3,56.67,0,2.2283,0.0,2,1,0.5939,0.5951,0.0514,2,1,1
215.75,3,1,188.69,2,0.8277,6.7237,3,0,0.3378,0.479,0.1768,2,0,1
463.24,7,2,144.9,1,1.8588,0.0,3,0,0.7293,0.5114,0.1402,0,0,1
312.46,3,1,88.95,0,2.9455,0.0,2,1,0.6066,0.549,0.0991,0,0,1
187.79,2,3,25.28,3,1.4571,8.8654,2,0,0.5278,0.3588,0.0528,1,0,1
356.62,2,1,158.79,2,0.8508,1.9895,5,0,0.206,0.2549,0.1717,2,0,1
222.63,3,2,97.71,2,0.8819,0.0,5,0,0.1842,0.5814,0.0852,1,1,0
450.97,4,2,182.93,0,1.3578,10.5455,3,0,0.6384,0.4063,0.1075,2,0,1
279.42,4,3,145.03,1,0.9006,12.6611,4,0,0.6773,0.6537,0.0211,1,1,1
499.49,6,4,98.27,0,1.4012,0.0,2,0,0.6833,0.4592,0.1916,2,0,1
171.13,1,3,45.74,2,1.6583,0.0,2,1,0.2587,0.4502,0.1303,4,1,0
216.05,4,3,104.98,1,1.0799,0.0,4,0,0.2412,0.3439,0.1059,2,1,1
166.97,2,4,117.78,2,0.8914,0.0,8,1,0.2841,0.4865,0.1471,1,1,0
280.47,5,0,124.5,1,1.4468,0.0,1,1,0.3458,0.6977,0.0378,0,1,0
358.4,0,1,100.62,2,1.2689,0.0,9,0,0.4567,0.659,0.1215,1,0,0
170.34,4,0,56.79,0,0.7162,0.0,4,1,0.3822,0.6219,0.0689,0,1,0
235.11,0,0,40.41,1,0.901,0.0,3,1,0.2751,0.4868,0.2111,0,1,0
428.32,2,0,37.65,1,0.7024,0.0,8,0,0.2549,0.7037,0.1256,1,0,1
242.36,1,0,10.53,2,0.8673,0.0,4,0,0.3381,0.5456,0.097,0,1,0
513.57,4,2,39.13,0,0.9262,0.0,4,0,0.2811,0.7811,0.0849,1,0,1
387.51,3,6,124.34,2,2.115,8.8438,4,0,0.3411,0.423,0.2204,0,1,1
417.3,2,1,41.06,2,1.3838,0.0,6,1,0.2089,0.4125,0.0982,0,0,0
114.86,3,2,224.48,3,1.5549,12.3516,3,0,0.4196,0.5943,0.1443,0,0,1
154.8,2,2,159.51,0,2.0352,0.0,1,0,0.8389,0.6031,0.0478,0,0,1
124.11,2,1,64.19,3,2.5196,0.0,5,0,0.6289,0.4823,0.0946,0,1,0
208.11,0,0,181.82,2,1.0029,0.0,3,0,0.7429,0.6293,0.1051,3,0,1
484.77,2,2,76.19,0,1.5989,5.6229,4,0,0.5312,0.193,0.0661,0,0,0
74.04,1,2,210.47,0,1.0269,0.0,3,0,0.5868,0.6907,0.1312,1,1,1
232.39,3,1,108.98,0,2.6721,0.0,4,0,0.7629,0.6353,0.0442,3,0,1
171.38,2,1,50.07,4,0.8654,0.0,8,0,0.2455,0.5153,0.0114,1,0,1
213.19,2,2,216.39,0,1.1148,0.0,6,0,0.3028,0.2156,0.1597,2,0,1
286.19,2,2,48.53,2,1.2248,0.0,4,0,0.3214,0.2383,0.0448,0,1,0
248.96,2,5,119.49,1,1.7751,0.0,4,0,0.4927,0.8071,0.0589,0,0,1
195.07,4,4,96.16,3,1.5307,0.0,7,0,0.5997,0.6451,0.273,0,0,1
62.54,0,0,60.83,0,0.851,5.6222,4,0,0.6031,0.7014,0.2529,0,0,0
210.58,0,6,172.9,1,1.2104,6.563,8,0,0.488,0.5218,0.0944,1,1,1
386.08,4,3,67.73,0,1.4021,12.8515,6,0,0.3738,0.359,0.1632,2,0,1
167.92,4,1,25.97,1,1.0919,0.0,3,1,0.1302,0.6142,0.0343,3,1,0
195.02,1,4,134.4,0,1.1502,7.2145,4,1,0.1006,0.751,0.0172,0,1,0
32.11,0,3,29.23,2,1.9309,11.4492,4,0,0.3689,0.6456,0.1059,1,1,1
235.12,3,1,137.14,1,0.997,12.9048,10,0,0.6147,0.6689,0.0995,1,0,1
206.81,4,4,130.86,2,1.0336,0.0,7,0,0.3653,0.3905,0.1694,2,0,1
60.2,2,3,172.0,1,1.7991,0.0,4,0,0.1628,0.3275,0.0457,0,1,1
446.43,3,3,139.61,2,0.968,5.261,3,0,0.2411,0.5882,0.2267,1,0,1
151.41,2,5,65.78,3,1.3623,0.0,2,1,0.9359,0.3263,0.1827,4,0,1
438.9,4,2,41.09,0,1.0189,0.0,1,0,0.5268,0.6163,0.2884,1,0,1
205.21,2,1,138.54,2,0.6556,0.0,7,0,0.6249,0.2572,0.037,1,1,0
272.91,5,0,187.32,0,0.9003,12.6814,6,0,0.5212,0.4522,0.0673,2,0,0
291.03,3,0,49.5,0,1.4975,4.3609,3,0,0.4215,0.5816,0.1999,2,0,1
45.72,0,1,151.95,1,1.6727,1.7566,6,1,0.5328,0.5435,0.2553,1,0,0
201.08,3,3,147.68,2,0.6809,0.0,7,0,0.3902,0.2071,0.0733,1,1,0
475.68,2,5,130.29,0,0.8788,7.8403,3,0,0.4503,0.1701,0.0881,2,0,1
172.48,4,0,22.95,0,1.1327,0.0,8,0,0.4401,0.7053,0.2669,0,0,1
151.76,0,2,65.88,0,1.2794,0.0,1,0,0.4259,0.3722,0.1543,0,1,1
190.21,4,2,74.77,0,1.0946,0.0,6,0,0.5506,0.4189,0.1492,1,0,0
201.64,2,0,85.87,0,1.084,9.4555,3,0,0.7417,0.2682,0.1308,2,0,1
375.16,4,3,34.44,0,1.049,3.7453,3,0,0.3074,0.5282,0.0522,1,1,1
67.06,1,1,141.36,1,3.8849,0.0,6,0,0.1581,0.5551,0.1035,1,0,1
489.79,3,2,126.05,0,1.254,4.5364,2,0,0.1104,0.6672,0.1369,1,1,1
288.56,3,5,54.12,2,1.2021,10.7703,6,0,0.465,0.5711,0.0941,0,0,1
288.28,1,1,47.63,2,1.5326,0.0,4,0,0.8201,0.2479,0.0815,1,0,0
188.84,0,4,153.33,0,2.4581,4.9149,2,0,0.3817,0.3618,0.0768,1,0,1
390.15,3,6,185.49,2,2.0218,0.0,5,1,0.6243,0.4613,0.0554,3,0,0
279.59,2,3,147.98,0,0.8736,2.4414,2,0,0.2138,0.5217,0.1591,0,1,1
305.22,2,1,31.46,1,1.3598,0.0,4,0,0.5484,0.5658,0.0177,2,0,1
296.7,2,3,65.64,2,0.8971,0.0,8,0,0.3928,0.4504,0.0339,1,0,1
364.23,6,0,27.37,3,1.0695,0.0,8,0,0.7992,0.2815,0.0503,0,0,1
600.0,4,0,85.03,1,1.4937,5.8231,2,1,0.3452,0.7645,0.273,2,0,1
191.68,2,1,54.55,1,0.9865,7.8224,3,0,0.3013,0.345,0.0273,0,1,1
329.89,4,1,89.48,2,1.1345,0.0,9,0,0.4522,0.4632,0.0547,3,0,0
240.99,1,2,56.65,2,1.1357,0.0,5,0,0.3602,0.588,0.0977,0,1,1
146.59,1,3,35.95,2,1.5854,0.0,4,1,0.4202,0.5477,0.0388,0,0,0
85.17,1,2,160.28,1,1.5186,3.3048,7,0,0.3422,0.0707,0.0487,5,1,1
361.77,3,0,127.38,2,1.9722,0.0,5,1,0.4879,0.6697,0.111,0,1,1
347.92,3,5,125.52,1,2.7751,6.0918,3,1,0.1206,0.359,0.0346,1,0,1
600.0,2,3,58.31,1,0.811,0.0,3,1,0.5544,0.4424,0.0807,0,0,1
258.26,5,1,242.44,1,1.7291,0.0,4,0,0.54,0.6976,0.1355,1,0,0
29.67,0,1,50.45,3,1.2093,0.0,7,0,0.7149,0.2823,0.0875,0,0,1
285.18,3,3,144.45,0,0.7672,9.8952,5,0,0.547,0.2537,0.041,3,0,0
102.9,1,3,33.62,0,1.0933,0.0,4,1,0.4011,0.5155,0.0808,1,0,0
165.61,1,1,46.82,0,1.7686,6.153,3,0,0.026,0.7152,0.1183,1,0,1
318.32,3,2,61.54,1,0.8744,0.0,2,0,0.4766,0.3444,0.084,0,1,1
331.37,4,1,141.26,0,0.8509,0.0,3,0,0.1354,0.5901,0.0771,2,1,0
155.38,2,2,100.91,0,0.5854,0.0,6,0,0.4348,0.3377,0.0889,0,0,1
387.63,4,2,166.05,2,1.7469,2.1536,9,0,0.581,0.4309,0.0809,3,1,1
141.6,2,2,257.08,3,1.9018,2.3502,9,1,0.4814,0.2999,0.0301,0,0,1
133.01,2,3,83.04,0,0.7688,8.0347,3,1,0.5949,0.284,0.3027,0,1,0
220.08,4,2,155.42,0,1.1444,0.0,8,0,0.364,0.3383,0.3175,1,0,1
237.82,2,2,37.68,2,0.9913,1.6376,7,0,0.6525,0.3876,0.0606,1,1,0
376.55,2,2,79.75,1,1.19,0.0,4,0,0.1635,0.6356,0.1092,0,1,1
372.71,0,3,114.19,1,2.3112,12.6442,5,0,0.9215,0.4296,0.0764,0,1,1
146.94,0,4,148.04,0,1.6526,7.0965,5,0,0.3428,0.2909,0.2154,1,1,1
548.11,2,5,147.12,1,1.0967,0.0,3,0,0.4653,0.4158,0.18,1,0,1
147.37,0,3,53.3,1,0.9591,2.6896,3,1,0.146,0.2841,0.0517,0,0,0
493.64,2,4,143.56,0,2.94,3.9076,3,0,0.5861,0.6275,0.0927,0,1,1
176.73,2,2,149.69,1,2.2117,0.0,5,0,0.3132,0.554,0.1975,3,1,0
110.55,1,1,43.87,1,1.5864,3.5191,1,0,0.3632,0.3392,0.1328,1,0,0
386.81,3,3,151.04,2,0.7503,1.927,7,0,0.4264,0.2063,0.0361,2,1,1
110.7,3,3,22.67,1,1.0227,9.0661,7,0,0.6247,0.4087,0.2087,2,1,1
84.46,1,5,149.22,1,1.5916,0.0,3,1,0.4902,0.4321,0.2064,0,1,0
261.93,2,0,11.99,1,1.2399,6.1581,3,0,0.8321,0.2783,0.0267,0,0,0
221.17,6,3,133.47,2,2.4749,5.7944,7,0,0.3812,0.6781,0.2913,0,0,1
406.27,2,1,99.73,1,1.2435,0.0,7,1,0.3559,0.4623,0.2359,1,0,1
238.38,4,4,102.41,1,1.6805,12.0582,2,0,0.4438,0.3673,0.028,3,1,1
226.15,2,2,25.56,1,0.9862,0.0,4,0,0.1897,0.4052,0.0314,1,0,0
376.78,7,1,39.74,1,2.3649,9.3283,4,0,0.2153,0.4592,0.0953,1,1,1
190.81,5,0,82.71,2,2.4326,0.0,7,1,0.3686,0.6908,0.1476,1,0,1
372.26,5,4,67.36,2,1.8376,0.0,6,1,0.697,0.6721,0.3723,2,1,1
114.58,3,2,56.2,0,0.7183,7.6548,5,1,0.7513,0.7276,0.0717,2,1,0
275.47,2,1,28.47,1,1.0788,0.0,5,0,0.1726,0.4172,0.0525,1,0,0
401.95,6,3,41.29,0,2.0845,7.745,7,0,0.6212,0.7417,0.0556,2,1,1
403.61,1,5,214.88,0,2.4267,0.0,2,1,0.4668,0.6245,0.1753,2,1,0
53.24,0,0,40.25,2,1.1312,0.0,5,0,0.4556,0.4127,0.2242,0,0,0
186.05,5,1,46.7,1,1.3488,0.0,4,0,0.4174,0.5917,0.0643,1,0,0
148.66,0,2,133.48,1,1.7361,0.0,5,0,0.0964,0.5592,0.0643,4,0,1
285.51,4,1,102.66,0,1.4527,0.0,3,0,0.3895,0.3344,0.125,1,1,1
134.92,3,6,191.77,1,1.4059,0.0,1,0,0.6308,0.407,0.2135,2,0,1
310.38,7,4,83.65,1,0.9492,0.0,5,1,0.6766,0.5063,0.1992,1,0,1
191.38,2,3,93.87,2,1.4858,0.0,7,0,0.5411,0.2746,0.1777,2,0,1
138.73,1,3,39.87,2,2.4273,11.0594,4,0,0.5551,0.2502,0.0371,1,0,1
133.46,1,2,112.38,1,2.0073,10.1819,4,0,0.6068,0.8158,0.043,1,0,0
235.07,3,1,57.7,0,1.0386,0.2149,4,1,0.138,0.1322,0.0081,2,1,1
241.14,4,4,52.19,0,0.8623,0.0,6,0,0.2307,0.4516,0.1606,0,1,0
568.65,5,1,58.51,0,1.9937,0.0,5,0,0.4928,0.5653,0.0598,2,0,1
253.06,1,2,13.7,0,1.1508,0.0,3,0,0.5862,0.3284,0.1735,1,1,1
252.37,0,1,46.04,1,1.3509,4.4153,1,0,0.5955,0.2822,0.3835,0,0,0
406.71,2,5,72.25,2,0.6556,0.0,3,1,0.4888,0.343,0.0723,2,1,0
221.62,1,0,121.44,2,1.3133,0.0,6,0,0.4243,0.15,0.2653,0,0,1
52.57,0,0,5.59,1,0.8537,4.6782,5,0,0.386,0.1286,0.019,1,0,0
266.49,4,5,188.2,3,2.7201,6.25,10,0,0.4188,0.8125,0.1951,0,0,1
415.77,3,5,179.2,1,2.1124,0.0,3,0,0.4591,0.4621,0.2028,3,0,1
76.92,1,0,28.73,2,0.8559,0.0,8,0,0.4601,0.494,0.1234,2,0,1
97.11,2,2,160.2,1,1.3099,10.9902,4,0,0.5345,0.1692,0.0677,1,1,1
222.71,3,1,81.65,3,1.3967,0.0,4,0,0.5418,0.7063,0.1069,0,0,0
473.88,3,1,174.01,0,1.4296,0.0,6,0,0.2122,0.4214,0.0223,4,0,1
151.04,3,3,33.07,1,1.5483,10.6992,7,1,0.4573,0.4205,0.1245,1,0,1
247.21,1,0,175.06,0,1.2957,0.0,1,1,0.3402,0.5768,0.0244,3,0,0
336.44,2,2,48.18,1,1.7365,8.6022,2,1,0.2652,0.6015,0.0831,0,1,1
255.71,2,5,164.88,0,2.0427,5.5618,3,0,0.2799,0.5855,0.197,0,1,1
161.82,3,3,102.02,0,1.8702,0.0,5,0,0.684,0.3208,0.3773,0,0,1
244.85,2,2,73.39,2,1.5274,0.0,9,1,0.1048,0.729,0.1453,0,0,1
149.14,2,4,81.31,2,1.2781,0.0,7,0,0.7567,0.5397,0.1371,1,0,1
70.34,1,2,46.16,0,1.4403,6.7517,7,0,0.2314,0.6956,0.0376,2,0,1
201.54,2,2,45.43,1,0.5451,6.9867,3,0,0.1316,0.3687,0.0797,0,0,0
247.39,5,2,25.11,2,2.8936,0.0,8,0,0.6389,0.7639,0.09,0,0,1
283.46,4,2,142.2,3,0.8372,10.3981,3,1,0.2597,0.6426,0.0541,0,0,1
521.65,3,2,76.17,1,0.6587,0.0,4,1,0.6229,0.4803,0.256,2,1,0
221.89,2,2,14.97,2,2.2451,10.3822,2,0,0.8076,0.5599,0.0301,2,0,1
420.83,2,3,63.53,0,1.7179,0.0,3,1,0.4976,0.4541,0.2278,0,0,1
190.04,4,3,193.23,1,1.6013,0.0,4,1,0.7211,0.7211,0.2051,2,1,1
145.35,3,3,30.52,1,1.5294,0.0,5,0,0.4147,0.6121,0.0577,0,1,0
419.78,2,3,105.59,2,0.9711,6.9845,6,1,0.4942,0.6803,0.201,1,0,1
332.82,5,3,125.99,2,2.2326,0.0,1,1,0.5971,0.4225,0.2981,1,1,1
266.2,2,3,77.32,0,1.7499,9.0829,2,0,0.3338,0.5184,0.173,3,0,1
340.57,7,3,119.93,2,1.0258,12.1052,7,0,0.2892,0.4181,0.0642,1,1,1
297.33,3,6,70.31,1,2.4796,8.0019,6,0,0.1001,0.7446,0.2419,5,0,1
277.01,4,3,141.84,1,3.2046,0.0,2,1,0.4419,0.3958,0.2621,3,0,1
215.69,1,4,145.42,4,1.6912,0.0,9,1,0.1404,0.4883,0.0132,2,1,1
197.07,4,3,159.54,2,1.5241,2.9579,5,0,0.6504,0.3586,0.0084,0,1,1
377.2,5,4,96.28,0,0.8796,0.0,3,0,0.552,0.465,0.082,2,1,0
164.75,3,2,36.4,1,1.0715,8.8849,1,0,0.4387,0.5526,0.1856,2,1,0
348.17,1,1,34.26,0,1.9688,0.0,6,0,0.4501,0.672,0.1226,0,0,1
189.22,2,4,41.17,1,0.9151,9.7737,5,1,0.7023,0.5336,0.1523,0,0,1
178.92,2,5,164.22,0,0.419,7.5762,10,0,0.2498,0.2622,0.0097,1,0,0
600.0,4,6,131.28,0,2.7351,0.0,6,0,0.3179,0.7295,0.1528,3,1,1
203.55,5,0,6.31,4,0.946,0.0,9,0,0.4817,0.3457,0.0949,2,0,0
257.73,6,5,35.4,0,1.7359,0.0,3,0,0.5579,0.542,0.2057,3,1,1
349.87,1,4,51.04,3,0.7016,9.1254,2,0,0.2532,0.5983,0.0694,1,1,0
321.12,6,4,62.7,3,1.5708,1.5806,9,1,0.4359,0.5281,0.0819,1,1,1
324.51,4,5,143.88,1,0.8047,9.4629,5,0,0.446,0.5071,0.0695,2,1,0
307.85,5,2,156.98,0,1.369,6.0563,3,0,0.2132,0.4187,0.034,2,1,0
146.47,0,2,8.85,0,1.1392,7.5082,4,0,0.3397,0.6042,0.0913,0,1,0
397.63,1,2,20.88,1,1.0263,9.7189,5,0,0.2282,0.3978,0.2001,1,0,1
115.46,2,3,159.34,2,0.785,3.329,6,1,0.5715,0.5497,0.2687,3,0,1
233.36,4,3,83.14,0,0.6041,12.1512,1,0,0.1799,0.4554,0.1838,2,0,1
213.77,1,3,113.9,0,0.7484,0.0,1,0,0.4509,0.4402,0.3508,1,0,1
42.15,1,1,33.49,2,1.0394,8.313,7,0,0.3089,0.6728,0.1241,0,0,0
313.78,2,3,22.11,1,2.1892,0.0,2,0,0.4105,0.6148,0.1658,1,1,0
276.89,1,4,34.04,0,0.8631,0.0,2,1,0.9168,0.5195,0.1735,1,0,0
381.83,5,2,186.99,1,1.0112,4.732,2,0,0.3633,0.4416,0.1252,1,1,0
256.5,3,3,66.62,1,1.9034,0.0,3,1,0.5095,0.5207,0.0465,1,1,0
358.38,7,2,182.18,0,1.9348,0.0,1,0,0.6757,0.4918,0.1838,2,1,1
413.36,4,2,77.13,0,0.8718,6.6556,4,0,0.41,0.8256,0.3958,3,0,1
127.01,2,1,71.87,1,2.0696,8.2966,8,0,0.2206,0.6169,0.0604,1,0,1
67.73,0,3,110.95,3,2.336,0.0,5,0,0.3047,0.4645,0.0909,1,0,1
121.32,1,3,22.07,1,1.7145,0.0,2,1,0.7858,0.4731,0.0974,0,0,0
191.51,1,1,81.48,2,0.9302,8.7828,3,0,0.3823,0.1587,0.1381,1,0,1
180.04,2,4,89.63,0,1.107,8.9584,2,0,0.3313,0.7755,0.1505,2,0,1
176.52,0,1,56.98,3,2.8819,0.0,7,1,0.3246,0.5242,0.1818,1,1,1
168.5,2,2,111.08,1,2.3131,8.0175,5,1,0.639,0.5235,0.1488,3,0,1
339.63,4,5,97.33,0,0.4243,6.0506,3,0,0.5916,0.7478,0.1042,0,1,1
250.72,1,0,60.67,1,2.8986,0.0,3,0,0.4813,0.5069,0.0595,1,1,0
133.35,1,2,49.24,0,0.8182,0.0,4,0,0.6532,0.3912,0.0918,2,0,0
225.04,4,1,69.57,1,2.0117,0.0,1,0,0.0598,0.6268,0.0285,2,0,1
498.17,1,2,27.44,0,0.4842,8.8081,8,0,0.2392,0.6055,0.0958,1,1,1
249.38,3,4,46.18,1,0.8973,0.0,4,1,0.3972,0.6234,0.0411,0,1,0
269.64,3,5,124.42,0,0.9896,2.6531,7,0,0.2737,0.4138,0.2056,2,0,1
208.0,2,5,25.92,1,0.9272,0.0,5,1,0.5457,0.4207,0.1878,3,0,1
191.17,4,1,71.81,1,1.6429,11.0969,9,0,0.5701,0.6023,0.0348,0,0,1
549.1,7,4,22.71,2,1.9701,3.0549,6,0,0.3975,0.4213,0.163,0,0,1
305.06,6,2,29.01,1,1.0367,11.3473,7,0,0.8254,0.6278,0.078,0,0,1
144.68,2,1,113.25,2,2.4532,8.7152,5,1,0.4656,0.4938,0.1562,0,0,1
210.2,6,7,68.67,0,1.3858,10.2994,1,0,0.5374,0.6223,0.2226,2,0,1
231.36,2,3,19.51,0,0.846,4.5533,10,0,0.5039,0.3524,0.0978,1,1,0
438.98,2,5,205.21,1,0.7593,0.0,1,1,0.2139,0.4649,0.0879,1,0,0
218.96,2,2,83.24,2,0.72,8.5127,1,0,0.4573,0.6807,0.1139,0,0,0
356.24,3,2,105.87,2,4.0,0.0,3,0,0.3141,0.4598,0.1668,2,0,1
60.59,1,0,89.98,0,2.3808,0.0,2,0,0.2332,0.582,0.1324,0,1,0
192.72,3,1,169.92,3,0.6973,9.729,3,1,0.1472,0.4972,0.097,0,0,0
388.79,7,6,67.41,0,0.9801,0.0,2,0,0.3984,0.3614,0.0525,0,0,1
283.56,6,6,214.82,1,1.0353,0.0,5,1,0.6858,0.4402,0.0869,2,0,1
204.07,1,2,46.94,0,1.5913,2.099,5,0,0.8755,0.6071,0.0437,0,0,1
223.84,3,3,169.1,0,2.2247,1.7434,2,0,0.7684,0.5329,0.1818,0,0,1
250.87,2,4,37.78,3,1.4333,2.8271,9,0,0.4424,0.4686,0.0698,3,0,0
226.53,4,3,219.44,1,4.0,4.4873,3,0,0.5962,0.6292,0.0716,4,0,1
192.2,1,0,34.61,1,0.8514,2.7919,5,0,0.1568,0.2168,0.199,0,0,1
286.99,3,3,76.19,0,1.0157,10.2814,4,1,0.4315,0.4351,0.1867,1,0,0
333.5,4,2,116.05,0,2.9544,2.9239,4,0,0.4983,0.6017,0.0536,2,0,1
371.93,4,2,45.63,2,0.6939,3.8954,2,0,0.5352,0.8579,0.0384,0,0,1
214.52,2,0,96.06,0,0.4948,0.0,5,0,0.4319,0.3459,0.0946,3,0,0
61.58,1,1,57.44,0,1.7429,4.8098,4,0,0.7074,0.5704,0.1682,0,1,1
255.59,0,2,52.68,0,2.1632,0.0,5,0,0.4118,0.6053,0.0354,1,1,1
597.45,2,2,159.27,0,1.1728,11.1007,5,0,0.4701,0.4495,0.0564,1,1,0
431.41,4,2,159.74,0,1.7764,4.1365,7,0,0.2355,0.7001,0.1715,2,0,0
399.2,3,3,160.57,0,0.8945,0.0,7,0,0.3042,0.464,0.1373,0,0,1
465.47,6,5,149.53,1,2.3507,0.0,2,0,0.7095,0.5708,0.182,1,1,1
178.61,2,5,96.41,0,1.9866,0.0,4,0,0.6299,0.3282,0.1056,0,0,0
250.24,4,4,122.05,1,0.6006,0.0,7,0,0.5669,0.3583,0.1846,3,0,1
229.86,0,0,140.92,2,1.3089,0.0,5,1,0.1752,0.335,0.0685,0,0,0
244.58,4,1,241.07,1,1.4513,0.0,2,0,0.5086,0.5703,0.1627,1,0,1
222.9,4,2,6.67,0,0.991,0.0,4,0,0.0905,0.5397,0.1276,0,1,0
323.86,2,0,133.55,1,1.3776,7.2329,3,1,0.5714,0.1905,0.0795,3,0,0
157.15,3,3,232.0,1,1.1711,4.8082,6,0,0.6933,0.616,0.2052,5,0,1
293.66,2,4,128.23,2,0.7348,0.0,7,0,0.5409,0.54,0.0559,1,1,0
247.32,2,2,57.8,0,2.2454,8.892,6,0,0.6695,0.7433,0.1098,0,0,1
473.12,7,3,176.7,0,1.2496,0.0,3,0,0.3218,0.1535,0.1542,1,1,1
314.23,7,2,27.71,1,0.8559,4.1108,7,0,0.6091,0.5092,0.0505,0,1,0
432.95,4,3,153.7,1,0.9727,0.0,5,0,0.3577,0.4174,0.048,3,0,1
311.94,6,2,132.58,1,0.5551,0.0,4,0,0.7181,0.5069,0.0301,0,1,0
123.26,2,2,151.55,2,2.0346,0.0,5,0,0.1654,0.3319,0.0382,0,0,0
306.22,2,2,30.92,0,1.5917,3.4736,2,0,0.763,0.3912,0.0912,1,1,0
290.05,3,1,145.69,0,1.1898,0.0,1,0,0.8135,0.6699,0.1588,3,0,1
237.95,6,5,164.38,0,1.0161,8.5201,5,0,0.3492,0.3081,0.0467,0,0,1
91.36,1,2,94.62,1,1.4867,4.1151,1,0,0.1373,0.5893,0.1275,0,0,0
490.85,9,2,98.1,1,0.8982,9.6388,6,0,0.7492,0.6729,0.1809,1,0,1
115.25,0,3,34.5,1,0.5492,0.0,10,1,0.6375,0.2524,0.0193,0,0,0
261.84,3,4,76.53,0,1.3918,2.6771,3,1,0.6908,0.3555,0.1457,0,0,0
223.15,4,0,73.24,1,1.0163,0.0,9,0,0.5723,0.6743,0.2813,0,1,1
324.32,2,3,148.3,1,0.4671,4.0354,4,0,0.1633,0.1825,0.0747,0,0,0
284.52,5,1,79.45,1,1.4011,0.0,6,0,0.3361,0.5112,0.0843,1,1,0
452.45,3,3,75.61,1,0.6976,10.7905,5,0,0.2915,0.489,0.1801,3,1,0
242.97,4,2,248.32,0,1.3542,2.3071,2,0,0.3475,0.5523,0.0166,1,1,0
345.32,4,7,128.21,3,1.5937,0.0,2,0,0.7797,0.4537,0.028,2,0,1
291.78,6,2,55.26,1,2.6897,0.0,1,0,0.7399,0.4669,0.0353,2,1,1
163.18,2,0,55.64,1,0.9114,6.807,6,0,0.294,0.3144,0.0365,0,0,1
572.53,5,3,38.38,3,1.0552,0.0,5,1,0.1619,0.1565,0.0932,2,0,1
316.4,5,3,116.06,1,1.6968,0.0,4,0,0.25,0.2748,0.2491,3,1,1
85.0,1,0,49.35,1,1.8203,0.0,6,0,0.5946,0.2123,0.252,1,0,0
279.28,1,4,159.05,3,1.4129,0.0,9,0,0.3764,0.4959,0.0296,2,0,0
456.42,7,2,47.37,2,0.8463,0.0,8,1,0.659,0.6469,0.0243,1,0,1
177.32,1,2,196.18,1,0.9593,6.3279,4,0,0.693,0.6837,0.1016,2,1,0
400.56,1,3,55.54,1,2.8123,0.0,4,0,0.0553,0.1862,0.2147,2,1,1
600.0,7,3,57.06,2,2.0783,0.0,8,1,0.6315,0.5967,0.26,2,0,1
425.86,4,2,91.74,1,1.7863,10.1372,1,0,0.8157,0.6147,0.2084,0,0,1
272.83,4,5,84.19,0,1.8801,7.2213,6,0,0.4493,0.769,0.0857,1,0,1
213.08,1,5,172.3,2,0.5351,8.2669,6,0,0.5613,0.4886,0.0663,2,1,1
206.23,7,1,154.91,0,1.5814,0.0,3,0,0.267,0.4576,0.3325,1,0,1
373.25,3,6,128.3,0,1.0861,10.2989,9,0,0.312,0.5452,0.1315,2,0,1
360.53,5,3,89.33,0,2.1657,0.0,4,1,0.218,0.5353,0.0732,1,0,0
25.77,0,0,42.41,0,1.5128,1.8883,5,0,0.2576,0.2056,0.0295,1,1,0
385.3,3,1,58.46,1,1.5708,8.9658,5,0,0.4115,0.3209,0.008,0,0,0
196.38,1,1,150.68,2,1.1654,0.0,6,0,0.298,0.6904,0.0545,2,1,1
377.72,2,0,55.78,2,1.7815,0.0,7,0,0.1937,0.4598,0.1563,2,1,1
309.33,1,1,133.18,0,1.5496,0.0,3,0,0.2251,0.5104,0.1058,0,1,1
564.39,2,2,62.19,1,1.1554,0.0,3,1,0.7997,0.5677,0.2165,1,0,1
255.19,4,1,58.15,0,0.8269,0.0,3,0,0.0816,0.4283,0.0355,2,0,1
434.09,3,1,131.96,3,2.7953,0.0,4,1,0.5273,0.7255,0.0559,1,1,1
398.77,2,1,58.8,0,1.8052,0.0,2,0,0.7005,0.328,0.1341,3,0,1
182.74,3,5,179.95,1,1.1469,0.0,5,0,0.5751,0.5947,0.0953,3,0,1
375.47,3,4,125.18,1,1.046,0.0,6,1,0.2873,0.3456,0.0277,1,0,1
90.45,2,3,84.08,2,0.8774,0.0,6,0,0.2506,0.3517,0.2125,1,1,1
407.48,9,2,160.03,1,2.1491,0.0,2,0,0.581,0.5896,0.0353,2,1,1
52.75,1,1,57.19,0,1.5545,0.0,3,1,0.0688,0.4469,0.1093,0,0,1
536.83,4,1,61.24,0,2.7181,0.0,1,0,0.3353,0.306,0.0592,0,1,1
222.11,4,1,68.07,0,1.0973,0.0,4,0,0.2004,0.5942,0.0191,0,1,0
217.27,4,2,51.45,0,1.08,0.0,3,1,0.4495,0.5148,0.0904,3,0,0
338.52,2,1,85.29,2,1.7273,0.0,4,0,0.1443,0.4843,0.0939,2,1,0
208.87,2,4,129.08,1,0.7935,0.0,5,0,0.3532,0.1952,0.0955,0,0,0
154.22,0,6,135.1,1,1.1286,9.3842,7,0,0.3022,0.3277,0.2262,2,0,1
514.66,3,2,197.85,2,0.5147,14.1019,4,0,0.3172,0.3622,0.2173,1,0,1
192.11,1,3,39.59,2,0.6996,6.8289,9,0,0.7692,0.577,0.2112,1,0,1
579.81,3,3,127.67,2,3.2168,0.0,5,0,0.5462,0.6729,0.181,4,0,1
324.59,3,2,15.21,1,2.0555,0.0,6,0,0.4141,0.3184,0.2609,2,0,1
296.68,1,2,59.99,2,1.0734,8.2119,5,0,0.4088,0.2176,0.0445,1,1,0
236.35,6,2,125.19,3,1.8985,6.7206,2,0,0.1948,0.8344,0.0786,2,1,1
508.67,3,3,113.29,3,1.0367,9.8416,7,1,0.4825,0.698,0.1503,1,1,1
99.38,2,0,195.76,1,0.7053,0.0,7,0,0.1691,0.7184,0.0743,1,0,1
220.76,3,5,50.55,0,1.1003,0.0,1,0,0.7397,0.3273,0.1399,2,1,1
161.9,3,2,21.03,2,0.691,4.6104,6,1,0.4759,0.5824,0.0505,1,1,1
350.73,3,3,69.37,2,0.845,2.6039,6,0,0.287,0.3806,0.1826,1,1,1
177.37,0,1,13.09,0,0.8309,0.0,3,1,0.3278,0.4019,0.0311,0,1,0
600.0,2,1,6.85,2,1.282,0.0,8,0,0.5298,0.2016,0.1825,0,0,1
386.44,6,0,108.04,0,1.0491,0.0,3,0,0.5145,0.4067,0.2744,3,0,1
198.38,1,1,174.17,3,3.0074,8.1913,9,0,0.5089,0.7477,0.1325,1,0,1
158.3,4,2,151.24,0,0.5089,6.2654,2,0,0.4378,0.4417,0.216,0,0,0
279.2,7,1,93.17,2,1.0592,10.6036,3,1,0.4165,0.6155,0.0334,0,1,0
570.67,5,1,151.11,2,0.6381,1.8832,5,0,0.3513,0.417,0.1438,1,1,0
309.72,5,5,127.05,1,2.1695,6.6434,8,0,0.4872,0.2431,0.2245,1,0,1
319.32,3,1,154.94,1,2.129,0.0,4,1,0.3496,0.2227,0.0942,1,0,0
265.91,4,6,132.64,3,2.4589,0.0,10,0,0.1986,0.3868,0.1148,2,1,1
268.32,4,2,51.35,0,1.1971,0.0,7,0,0.4306,0.5181,0.1389,3,0,0
342.25,7,5,118.99,0,1.1733,0.0,4,1,0.3322,0.3527,0.1016,2,1,1
408.68,4,3,32.3,1,0.3093,0.0,4,0,0.4966,0.3759,0.089,0,0,1
600.0,2,1,123.42,1,1.0044,0.0,3,0,0.5897,0.4512,0.2108,3,1,1
275.81,2,3,32.74,2,0.8606,8.6945,6,0,0.8075,0.4323,0.0884,0,0,1
430.72,9,2,122.21,2,0.7872,0.0,1,0,0.1968,0.662,0.0427,1,1,0
299.74,3,3,78.25,1,2.2186,0.0,6,1,0.5986,0.7888,0.2059,1,0,1
253.81,1,2,35.71,2,1.0725,6.089,2,1,0.6737,0.3794,0.0367,1,1,0
111.54,2,2,61.47,2,1.0846,9.3569,6,0,0.3683,0.5823,0.1097,0,0,1
276.82,7,3,206.27,3,2.124,0.0,3,0,0.4488,0.4509,0.1663,1,0,1
288.76,3,2,177.08,1,1.3991,0.0,3,0,0.7534,0.7292,0.1179,1,0,0
529.14,5,4,216.63,1,1.4408,0.0,4,1,0.4899,0.3752,0.1297,0,0,1
435.78,5,7,119.92,1,2.9931,2.7391,6,0,0.2788,0.4293,0.14,2,0,1
196.9,2,1,141.97,2,1.0677,0.0,9,0,0.4337,0.4185,0.0385,1,1,1
107.56,2,5,91.72,0,0.9755,7.1707,9,0,0.4784,0.4346,0.0308,0,0,1
339.68,2,4,86.17,2,1.0611,0.0,1,0,0.4355,0.4265,0.0584,4,1,0
541.96,4,5,118.43,0,0.6273,3.3936,8,0,0.5845,0.2957,0.0943,1,1,1
493.58,6,6,121.88,1,1.2724,5.1072,5,0,0.6444,0.2277,0.051,2,0,1
402.38,2,2,113.62,2,1.6712,0.0,5,0,0.0638,0.4657,0.1118,1,0,0
597.19,3,2,58.2,2,1.3933,0.0,8,1,0.446,0.8177,0.0967,2,1,1
336.77,1,3,165.6,0,1.7147,0.0,2,0,0.5646,0.6408,0.286,1,0,0
262.1,2,1,133.34,3,0.8456,0.0,8,0,0.3537,0.3378,0.092,1,1,1
583.24,2,0,83.01,1,1.5472,0.0,4,0,0.3612,0.3574,0.1076,2,0,0
415.79,3,3,157.84,3,1.5497,0.0,3,0,0.2116,0.654,0.1116,0,0,1
378.03,2,3,73.8,2,0.9114,0.0,1,1,0.3795,0.4665,0.0142,0,0,0
582.91,5,6,126.98,0,1.3785,7.5025,4,1,0.4253,0.4301,0.1108,3,1,1
254.25,4,0,158.44,1,0.7144,3.7336,4,0,0.0894,0.5712,0.0345,0,0,1
175.37,1,1,59.47,0,2.0366,0.0,5,1,0.8567,0.6833,0.0623,2,0,1
380.47,5,0,232.45,1,1.9388,8.6675,4,1,0.4708,0.4149,0.0523,0,1,1
498.59,3,4,186.44,0,1.2542,9.5516,3,0,0.2794,0.4343,0.2307,2,1,0
126.13,2,1,131.29,1,2.9617,10.4069,7,0,0.4558,0.6441,0.1811,1,1,1
390.3,5,3,52.17,1,0.7384,2.5724,5,0,0.2299,0.4528,0.0778,2,0,1
94.45,2,2,147.41,2,1.3836,0.0,7,1,0.4576,0.7304,0.1553,0,1,1
426.3,9,5,113.77,1,0.5484,13.111,3,1,0.6802,0.3687,0.2078,0,1,1
240.88,0,2,44.53,1,1.0944,4.038,2,0,0.4937,0.4865,0.1124,2,0,0
231.27,4,6,72.07,0,1.1712,9.3669,4,0,0.2839,0.7836,0.0909,2,1,1
43.0,1,1,21.13,2,0.5588,9.836,5,0,0.4951,0.2676,0.0198,0,0,1
109.38,3,2,150.32,2,0.5276,8.5508,7,1,0.103,0.5637,0.2348,1,0,1
320.74,2,2,88.37,1,1.7319,7.2074,4,1,0.3531,0.5149,0.0413,2,0,0
269.22,3,1,153.29,0,1.0993,0.0,7,0,0.3637,0.4647,0.1455,1,0,1
138.32,2,2,131.99,1,1.5637,0.0,9,0,0.5818,0.5296,0.1067,1,1,1
129.71,1,1,79.74,3,0.7052,0.0,1,0,0.6624,0.524,0.137,0,0,1
237.36,3,4,135.36,0,1.7993,0.0,1,0,0.3402,0.6848,0.038,2,0,1
96.48,3,1,66.37,0,0.5181,0.0,3,0,0.4634,0.4798,0.1267,3,1,0
78.9,2,1,132.48,2,1.7801,0.0,1,1,0.7654,0.6292,0.0272,0,1,1
246.21,3,3,111.01,0,1.8689,6.5253,6,1,0.2805,0.7175,0.0724,2,1,1
560.46,10,5,49.74,0,1.2325,2.5509,2,0,0.521,0.5636,0.1837,3,1,1
371.0,3,2,43.78,1,1.0146,0.9215,3,0,0.8761,0.4129,0.2068,1,1,1
367.01,1,3,92.36,0,0.8726,8.3367,2,0,0.5446,0.2951,0.1722,1,1,1
65.45,1,4,55.23,0,1.0959,0.0,3,1,0.3603,0.7592,0.149,3,1,0
294.63,2,1,72.83,3,0.8694,0.0,6,0,0.6875,0.4805,0.1186,1,0,1
164.96,3,2,67.12,0,1.2684,0.0,6,1,0.627,0.1406,0.031,2,1,1
212.25,4,4,124.68,2,2.469,10.3096,6,0,0.835,0.6463,0.0397,3,0,1
452.49,3,7,102.66,2,0.4054,0.4217,8,1,0.3322,0.0783,0.1099,3,1,0
500.28,4,2,197.84,0,1.9701,0.0,3,0,0.3305,0.2886,0.0567,0,0,1
194.77,4,1,88.08,0,1.7554,0.0,3,1,0.2482,0.7456,0.253,0,1,1
126.2,3,0,75.53,1,0.9466,0.0,4,0,0.3463,0.4995,0.0859,1,0,0
179.79,4,5,50.77,1,2.69,10.097,1,0,0.3361,0.5112,0.098,0,1,1
100.87,1,1,145.71,0,1.118,0.0,1,0,0.4055,0.6039,0.1586,2,0,1
83.58,1,1,10.91,2,2.231,0.0,4,0,0.2117,0.616,0.0674,1,1,1
150.06,4,1,119.78,1,1.0657,0.0,3,1,0.2133,0.6382,0.0317,3,1,0
507.19,6,2,237.22,2,1.4203,0.0,5,0,0.7514,0.742,0.0999,0,0,1
382.95,1,0,31.42,3,1.2299,2.0688,7,0,0.2324,0.1269,0.2719,4,0,0
418.72,2,3,154.75,2,1.2709,0.0,4,0,0.4837,0.7815,0.127,2,1,0
360.05,8,3,126.11,2,1.7475,6.6865,3,1,0.8365,0.7218,0.2289,0,1,1
63.18,2,1,154.5,1,1.0982,0.0,1,0,0.2948,0.4432,0.0146,2,1,1
188.38,3,1,150.39,1,0.6151,0.0,3,0,0.335,0.3025,0.1346,3,1,0
476.29,6,3,86.63,0,2.3795,0.0,2,0,0.4202,0.5327,0.1061,0,1,1
156.41,4,2,94.79,3,1.2257,0.0,7,0,0.2558,0.72,0.129,0,1,0
274.75,2,2,164.04,3,2.4321,0.0,1,0,0.4869,0.6488,0.0548,3,1,0
290.35,3,2,41.68,0,0.5985,0.0,2,0,0.8265,0.5504,0.1663,5,0,1
321.18,5,3,24.57,1,1.9826,0.0,8,0,0.1895,0.2825,0.0475,3,0,1
116.27,1,2,177.86,0,0.7298,0.0,4,0,0.498,0.5835,0.1577,0,0,1
136.1,1,2,149.65,0,1.833,8.7804,4,0,0.5069,0.3742,0.0826,2,1,0
471.74,6,5,70.95,1,1.1359,0.0,6,0,0.5581,0.4239,0.0519,1,0,1
334.28,2,2,128.21,3,1.2036,0.0,4,0,0.6238,0.56,0.0435,3,0,1
139.48,4,4,101.1,2,0.6247,0.0,7,0,0.4462,0.3228,0.1507,0,1,1
287.39,5,2,68.38,1,1.1776,0.0,4,1,0.7629,0.6201,0.0371,3,0,1
228.48,2,0,168.73,1,0.9,0.0,3,1,0.8379,0.6085,0.057,0,1,0
137.32,1,3,79.61,1,1.4482,7.4773,5,0,0.562,0.4267,0.1421,3,1,0
238.9,6,4,76.6,0,0.5699,6.6844,6,1,0.8511,0.7254,0.1405,0,1,1
300.97,2,1,27.46,0,1.7031,13.8971,5,1,0.5442,0.5359,0.1219,0,0,0
325.77,0,3,140.15,1,2.6512,0.0,2,0,0.7692,0.3085,0.1496,2,0,0
314.28,2,2,41.73,2,0.4886,0.0,5,0,0.1664,0.556,0.1359,2,0,1
120.27,2,1,181.87,1,0.8312,0.0,8,0,0.706,0.304,0.0431,1,0,1
207.33,2,3,172.45,3,0.6541,1.6557,9,0,0.4714,0.2341,0.0661,1,1,1
93.94,1,1,36.59,2,1.4766,5.9387,8,1,0.4566,0.6743,0.0072,0,1,1
225.48,4,4,197.16,1,2.5196,11.4955,6,0,0.4352,0.7488,0.18,1,0,1
209.25,4,1,134.09,1,1.0896,0.0,2,0,0.6267,0.4685,0.0907,1,0,1
372.35,3,1,114.05,1,0.7849,5.8169,7,1,0.5725,0.4962,0.0373,2,0,1
398.56,5,3,120.63,1,1.5517,7.9035,5,0,0.4642,0.5718,0.1203,0,0,1
369.13,7,5,124.13,0,0.7649,5.3767,2,1,0.6953,0.6468,0.1282,2,1,1
461.24,4,2,28.44,3,0.7758,5.0428,6,0,0.7354,0.3655,0.024,1,0,0
407.78,5,3,105.22,2,1.3065,0.0,7,1,0.4263,0.4046,0.1445,1,0,1
98.18,1,2,8.76,0,0.6526,0.0,3,0,0.5379,0.6461,0.1317,1,1,0
210.23,0,1,75.65,1,1.684,0.0,4,1,0.1396,0.6185,0.0339,0,0,0
579.07,5,3,157.09,1,0.6702,7.1485,7,0,0.8856,0.2438,0.208,0,0,1
260.24,2,2,112.33,2,0.4408,5.6831,1,0,0.5273,0.3669,0.0174,1,1,1
238.86,4,3,170.81,1,2.3619,0.0,5,0,0.486,0.1976,0.09,1,0,1
89.18,2,2,38.01,0,1.3772,5.9536,3,0,0.2518,0.4568,0.2092,0,1,1
447.08,2,3,81.71,1,1.2559,0.0,3,0,0.4665,0.4491,0.0795,5,0,0
244.55,2,0,102.3,0,1.0098,0.0,5,1,0.4253,0.6035,0.1236,1,0,0
600.0,6,1,5.25,1,1.157,10.8384,1,0,0.2356,0.5237,0.3083,0,0,1
450.46,4,1,183.47,1,0.8505,0.0,4,1,0.6561,0.6388,0.1016,2,0,1
106.8,1,2,88.18,0,1.2586,0.0,3,0,0.7182,0.3138,0.0732,1,1,1
399.93,2,4,176.12,2,0.6708,7.8887,7,0,0.5951,0.3222,0.1278,1,0,1
438.48,3,3,106.64,0,1.3914,0.0,6,1,0.3283,0.7733,0.1896,2,1,1
120.34,0,2,9.94,0,1.5465,0.0,3,0,0.3943,0.2479,0.1065,1,0,1
256.94,2,3,135.73,0,1.0452,0.0,2,0,0.4923,0.2956,0.0464,1,0,1
98.38,3,1,18.9,1,1.2044,0.0,3,0,0.5474,0.556,0.066,0,0,0
467.14,5,4,93.72,1,0.7545,0.0,7,1,0.6016,0.7124,0.2203,0,0,1
271.76,1,3,127.75,1,1.1701,0.0,5,0,0.6682,0.7096,0.1629,0,0,1
59.15,0,0,141.1,1,1.0205,5.4205,5,0,0.2623,0.4608,0.1772,1,1,0
165.71,3,2,57.87,1,2.3639,6.7422,1,0,0.7871,0.5687,0.1473,0,0,0
529.63,4,2,67.85,1,0.925,0.0,5,1,0.5424,0.4935,0.1099,1,0,0
150.7,3,2,230.87,1,0.895,7.6889,4,0,0.1675,0.673,0.0224,0,0,1
256.62,3,0,30.76,0,1.4854,5.9499,4,0,0.1009,0.8063,0.1156,0,0,0
503.21,4,3,132.77,2,1.2482,0.0,6,1,0.4685,0.7983,0.1318,0,0,1
296.1,3,4,64.19,2,1.443,0.0,7,0,0.633,0.5036,0.1722,2,0,1
166.41,1,1,108.75,2,1.0201,0.0,3,1,0.6013,0.6365,0.0413,1,0,1
163.16,0,1,34.67,0,1.8185,0.0,4,0,0.6358,0.5258,0.096,0,1,0
218.29,2,0,30.42,1,0.8093,5.2476,3,0,0.6285,0.7394,0.1414,3,1,0
140.12,1,1,64.9,1,1.1063,0.0,1,0,0.7866,0.6658,0.1776,3,1,1
204.9,2,1,103.32,0,1.4181,0.0,2,1,0.486,0.572,0.049,1,0,1
107.31,2,1,22.99,1,1.2801,6.4793,6,0,0.0915,0.7466,0.1295,0,0,0
292.57,7,4,156.16,1,0.9076,5.9582,4,0,0.437,0.523,0.1394,3,0,1
36.7,0,0,116.95,2,1.7615,9.2618,7,1,0.3424,0.5079,0.1061,0,0,1
108.56,1,2,25.59,3,0.9658,6.0085,7,1,0.2168,0.271,0.212,1,0,1
402.09,4,3,127.99,1,1.8679,0.0,2,0,0.6544,0.33,0.2066,2,1,1
304.67,1,3,129.99,1,1.0723,3.5685,3,0,0.4731,0.5988,0.087,1,1,1
346.77,3,0,115.53,0,0.7815,0.0,3,0,0.5964,0.6376,0.1358,3,1,1
128.29,0,1,45.96,4,2.0107,0.0,8,0,0.8735,0.3229,0.0229,1,1,0
432.11,4,3,137.52,0,1.5696,8.5122,6,0,0.2941,0.7411,0.0698,3,1,1
163.6,3,4,56.22,1,1.0002,0.0,3,0,0.5328,0.6248,0.2352,5,0,0
23.57,0,3,116.29,0,1.7012,13.8389,3,0,0.6253,0.63,0.0143,2,0,0
550.91,8,4,140.58,2,1.0971,0.0,8,0,0.1063,0.5034,0.2753,0,0,1
243.81,1,2,64.69,1,1.9236,5.6935,5,0,0.5435,0.4173,0.0228,0,1,1
159.96,0,2,75.28,2,0.8894,0.0,5,0,0.265,0.5808,0.1878,2,1,0
266.44,5,4,171.27,1,1.5683,0.0,2,1,0.4316,0.2615,0.096,3,0,1
166.91,2,0,31.32,0,1.2979,7.7736,2,0,0.2152,0.5831,0.066,0,1,1
156.76,0,5,150.08,1,0.9504,0.0,2,0,0.4414,0.4849,0.1432,1,1,0
387.27,2,3,127.47,3,1.0695,0.0,6,1,0.3308,0.7625,0.2813,0,1,1
501.64,5,3,93.39,0,1.0784,0.0,4,1,0.4183,0.2969,0.1266,4,0,1
170.92,1,6,69.67,0,1.1779,0.0,3,1,0.6937,0.6667,0.1286,1,1,1
313.04,6,2,97.27,2,2.2047,0.0,4,0,0.2895,0.4253,0.082,0,1,1
163.98,2,4,100.65,2,0.8675,11.8172,7,0,0.8831,0.6458,0.0935,2,0,0
202.61,1,0,113.48,2,1.9847,0.0,4,0,0.7634,0.6533,0.1177,1,0,1
265.97,2,5,96.89,0,2.9068,11.4437,3,1,0.3197,0.5904,0.2103,5,1,1
346.02,2,1,145.55,0,1.8668,7.7671,2,1,0.4632,0.5842,0.0636,1,0,0
234.3,4,3,25.7,1,0.5519,0.0,6,0,0.4058,0.2959,0.1586,2,1,1
109.39,2,2,82.62,0,3.0793,0.0,4,1,0.6369,0.3195,0.0944,2,0,0
248.04,2,3,64.9,1,1.4889,11.545,2,0,0.0617,0.4953,0.0918,0,1,0
162.32,3,4,156.3,1,1.0167,0.0,2,0,0.6561,0.2015,0.1553,1,0,1
473.42,7,2,107.06,0,1.1384,3.5414,3,0,0.2557,0.4732,0.0863,1,1,1
263.49,2,2,127.33,0,1.3043,0.0,3,1,0.8125,0.4101,0.0716,0,0,1
361.38,3,3,96.56,1,0.5821,6.4797,6,0,0.1295,0.5459,0.1399,0,1,1
600.0,7,5,181.63,1,1.3888,9.1096,2,0,0.253,0.4605,0.336,5,1,1
221.58,5,5,50.39,1,2.5123,9.3334,2,0,0.5933,0.7502,0.015,2,0,1
258.41,3,4,102.51,0,0.833,0.0,8,0,0.3716,0.2686,0.285,1,1,0
254.73,4,2,104.97,1,0.5707,0.0,5,1,0.4837,0.3397,0.0024,1,0,0
180.08,1,3,226.97,1,1.7676,0.0,2,0,0.3046,0.4038,0.0243,1,0,1
401.59,3,2,190.0,1,0.639,9.2211,4,0,0.5295,0.3236,0.0727,2,1,0
183.5,2,1,17.41,3,2.2024,4.9782,7,0,0.5645,0.5663,0.1172,1,0,0
284.83,3,3,27.12,1,2.8792,0.0,4,0,0.411,0.6797,0.1092,0,0,1
129.96,1,0,92.29,2,1.2327,3.2639,7,0,0.3166,0.3883,0.1628,1,1,0
197.89,4,3,13.4,0,3.3018,0.0,2,1,0.4808,0.4257,0.1155,1,0,1
329.73,5,2,69.25,3,0.72,0.0,7,1,0.3042,0.3776,0.065,1,1,0
288.07,3,0,54.74,0,0.7681,0.0,7,0,0.5179,0.621,0.0633,1,1,0
197.91,5,4,95.15,1,0.6445,0.0,2,1,0.3298,0.5994,0.1062,2,0,1
316.88,5,3,142.18,2,1.0932,7.0027,5,1,0.1926,0.6813,0.1508,3,1,1
215.61,2,3,91.55,1,0.7788,6.5367,5,1,0.2806,0.1961,0.2082,0,1,0
164.08,3,2,61.07,0,2.1935,0.0,2,0,0.1743,0.3324,0.1504,0,1,0
518.28,2,3,115.56,0,2.553,8.7502,5,0,0.4418,0.407,0.2736,3,1,1
197.56,2,3,84.42,1,1.4201,8.5262,1,0,0.6598,0.4629,0.1745,1,1,1
144.47,2,3,146.04,0,1.3756,12.9356,2,0,0.4015,0.6307,0.0431,1,0,0
28.37,0,1,75.54,0,2.0899,0.0,4,0,0.0763,0.4951,0.1011,1,1,1
262.61,5,7,40.12,2,0.7,0.0,5,0,0.8227,0.3253,0.052,1,0,1
395.08,3,1,169.0,2,3.2137,0.0,9,0,0.5296,0.7599,0.0346,1,1,1
159.73,2,1,21.84,0,0.6199,0.0,5,0,0.4949,0.3387,0.1502,0,0,0
430.4,4,3,154.27,0,1.0908,0.0,2,1,0.4911,0.2748,0.087,0,0,1
259.83,5,3,132.52,1,1.0555,5.8252,2,1,0.5048,0.2576,0.1175,2,1,1
518.71,1,3,51.25,2,0.5773,0.0,9,1,0.8831,0.3957,0.1872,2,0,1
492.69,3,1,125.29,0,2.4993,0.0,2,1,0.6222,0.4857,0.0471,0,0,0
98.49,3,2,117.43,0,2.6289,0.0,4,0,0.8179,0.2876,0.0146,1,1,0
383.76,5,3,111.92,0,2.2609,5.4013,4,0,0.3193,0.6048,0.2433,2,0,1
99.93,1,2,100.56,0,1.6293,13.0944,3,1,0.7253,0.3707,0.0363,4,0,1
38.7,1,1,92.34,0,1.3957,0.0,2,1,0.4455,0.3468,0.0915,0,0,1
158.67,1,0,26.94,0,2.3165,0.0,2,0,0.2815,0.3618,0.1921,0,0,1
326.16,4,4,119.82,0,0.6895,0.0,3,0,0.7552,0.5726,0.1235,1,0,1
223.65,2,1,163.74,2,1.6064,0.0,4,1,0.8437,0.6273,0.2108,0,0,0
184.66,1,2,165.83,0,0.5236,7.5872,4,0,0.6344,0.4569,0.1492,1,1,0
91.58,0,0,59.79,1,1.0795,0.0,6,0,0.1959,0.6225,0.1028,1,0,1
153.72,3,1,20.82,1,2.2862,0.0,9,0,0.0914,0.833,0.0287,0,1,0
296.95,4,2,112.59,0,1.2018,5.1213,4,0,0.3626,0.4615,0.1865,5,0,0
175.56,2,1,108.8,2,2.5953,0.0,8,0,0.5969,0.5205,0.014,0,0,1
280.76,3,2,27.29,1,2.5812,0.0,9,0,0.2951,0.542,0.1892,2,1,1
131.92,0,0,123.78,1,1.3532,4.6562,4,0,0.3713,0.6215,0.015,2,1,1
600.0,3,2,199.14,2,1.2546,0.0,4,0,0.2674,0.2079,0.1899,2,0,0
405.62,4,6,222.83,0,1.0505,0.0,5,0,0.1841,0.5389,0.1381,1,0,1
281.74,5,1,20.75,3,0.8845,0.0,10,1,0.5927,0.776,0.1259,1,1,0
326.82,4,1,93.33,1,0.5173,0.0,3,0,0.717,0.177,0.1884,3,1,1
121.98,2,2,69.44,4,0.9335,0.0,9,0,0.4947,0.4742,0.0742,0,0,0
308.62,2,0,161.18,1,0.8403,0.0,2,0,0.056,0.5239,0.2351,2,0,1
271.82,4,4,26.66,1,0.8961,0.0,4,1,0.3509,0.6114,0.346,1,1,1
129.06,3,1,110.94,0,0.5726,0.0,1,0,0.2345,0.4575,0.0183,3,0,0
263.57,1,0,137.59,1,0.5284,6.4158,3,1,0.3633,0.3762,0.2473,1,1,0
199.14,4,4,130.71,1,1.8258,4.2955,4,0,0.403,0.4751,0.0879,1,0,1
371.84,1,1,172.52,2,0.723,12.0581,2,0,0.3665,0.7912,0.0755,4,1,0
405.12,5,4,42.86,0,1.6057,0.0,3,0,0.2681,0.6085,0.0492,3,0,1
383.4,3,2,220.28,1,0.9076,0.0,5,1,0.5488,0.3088,0.1393,2,1,0
294.31,2,3,61.75,2,1.654,0.0,8,0,0.6638,0.4534,0.2461,1,0,1
269.51,4,3,104.69,0,1.3798,11.9786,6,1,0.5961,0.524,0.1517,0,0,1
494.84,5,5,42.18,2,2.3857,10.2608,4,1,0.1493,0.6618,0.2861,2,1,1
305.79,7,3,38.15,3,2.0613,0.0,6,1,0.3509,0.522,0.1205,1,1,1
440.42,3,0,159.82,2,1.9681,0.0,5,0,0.5789,0.5805,0.2056,2,1,1
416.1,1,2,184.35,0,0.6352,0.0,3,0,0.4377,0.1163,0.1636,1,0,0
432.14,6,5,148.16,1,1.5713,2.6603,3,0,0.5188,0.7535,0.1969,5,0,1
106.62,0,1,108.51,3,2.3418,10.0981,5,0,0.7227,0.5569,0.2294,3,0,1
173.62,1,7,69.66,1,1.7347,0.0,7,0,0.4684,0.6387,0.2736,0,1,1
89.2,1,1,116.18,1,1.4061,0.0,8,1,0.8004,0.6356,0.0226,0,0,1
303.51,1,3,147.68,0,1.615,0.0,9,0,0.2325,0.4396,0.0218,2,0,1
187.19,3,5,128.39,2,1.2587,12.9168,3,1,0.1939,0.5119,0.1479,0,0,0
143.89,3,3,68.94,2,1.0699,9.3162,2,0,0.2768,0.5145,0.034,1,0,0
290.65,4,5,65.88,0,2.1325,3.0272,5,0,0.141,0.5991,0.1919,3,0,1
566.2,0,0,211.63,2,0.8252,12.838,2,0,0.5429,0.513,0.0093,0,0,1
171.3,3,3,81.12,0,1.9572,0.0,2,0,0.6542,0.49,0.0524,1,0,1
150.83,3,3,65.73,1,1.6128,0.0,1,0,0.2895,0.7658,0.2052,1,1,0
381.72,8,1,132.96,5,1.3043,0.0,5,0,0.7648,0.7195,0.3423,4,0,1
391.42,4,4,140.63,1,1.3607,0.0,4,0,0.695,0.5918,0.0783,1,0,1
201.22,1,4,171.88,3,1.5541,12.7301,8,1,0.3276,0.4729,0.2862,1,0,1
97.95,0,1,85.85,2,1.063,1.7258,8,1,0.2415,0.1703,0.009,0,0,0
402.25,5,1,189.37,1,2.0503,0.0,6,1,0.4616,0.7123,0.0268,1,1,1
62.06,1,0,93.27,2,1.3772,0.0,7,0,0.5061,0.1494,0.1973,2,1,1
202.34,4,2,39.85,3,2.208,0.0,3,0,0.4281,0.5656,0.3503,1,1,1
440.33,3,3,98.24,0,1.0701,0.0,3,0,0.1695,0.4805,0.1348,2,0,1
314.94,4,3,104.53,1,1.6572,0.0,6,0,0.449,0.8261,0.1489,2,0,1
365.14,4,3,80.14,0,0.8952,11.9242,2,1,0.6646,0.5563,0.1638,0,0,1
281.7,3,0,54.2,1,0.4853,4.1934,5,1,0.4344,0.4725,0.1012,3,1,1
10.0,0,0,112.75,0,2.1392,6.6488,3,0,0.465,0.5669,0.015,0,0,0
84.64,2,2,84.13,1,1.0374,0.0,3,0,0.4995,0.5668,0.1018,0,0,0
319.85,1,4,87.8,1,1.7811,0.0,6,0,0.3972,0.5752,0.3121,2,1,0
213.24,1,4,150.39,2,1.0144,0.0,5,0,0.3537,0.2693,0.0786,1,0,1
266.88,6,3,162.4,0,1.8743,0.0,4,0,0.7473,0.5035,0.0942,4,0,1
339.36,2,1,98.28,1,1.1588,0.0,5,1,0.2054,0.5679,0.1215,0,1,0
305.74,2,6,66.59,2,1.0772,0.0,3,0,0.5224,0.5392,0.1056,0,1,0
397.26,4,1,50.85,1,1.1496,9.4436,2,1,0.1966,0.503,0.0444,1,0,1
181.76,3,2,66.57,3,0.8014,12.334,9,1,0.4203,0.6925,0.2221,1,0,1
221.35,5,3,146.48,1,1.0687,0.0,2,0,0.4675,0.6338,0.0493,1,0,1
455.08,3,4,108.11,0,1.1198,5.9931,4,1,0.5081,0.5022,0.0755,2,1,1
324.19,3,4,98.75,0,1.0569,0.0,5,1,0.9002,0.5316,0.2924,2,0,0
193.32,2,2,201.74,1,0.883,0.0,7,0,0.7511,0.4883,0.1099,1,0,1
476.53,5,2,122.27,0,1.2965,0.0,3,0,0.4509,0.4346,0.0823,1,0,1
277.75,3,0,137.96,3,0.812,0.0,5,1,0.6383,0.6171,0.0824,0,1,0
225.33,2,3,30.21,0,1.5898,7.298,3,0,0.5276,0.2743,0.0122,0,0,1
214.97,3,1,167.95,0,0.8803,0.0,5,1,0.4724,0.6219,0.0212,0,0,0
202.49,1,0,116.43,0,2.1145,0.0,3,0,0.7469,0.6297,0.0719,1,1,1
442.14,0,1,161.38,2,1.5546,0.0,6,0,0.2865,0.7264,0.0283,3,1,1
399.03,3,1,100.59,1,1.8663,7.2536,5,0,0.5595,0.3815,0.0798,0,0,1
275.96,2,1,100.49,0,1.8345,8.2109,6,0,0.5507,0.4973,0.052,0,1,1
108.1,0,1,55.79,3,0.9454,5.0865,8,0,0.458,0.6734,0.0317,0,0,1
249.88,1,3,45.34,0,1.0816,0.0,2,0,0.2747,0.4526,0.2003,4,0,0
246.34,2,1,4.12,0,0.6205,4.4061,3,0,0.1888,0.3679,0.2922,0,1,0
348.46,4,3,132.85,0,1.1669,0.0,3,1,0.6795,0.4168,0.2802,2,0,0
150.05,0,2,47.17,2,1.225,6.9658,7,1,0.5537,0.4267,0.0412,1,1,1
86.55,0,1,7.43,1,0.5554,7.3933,5,0,0.782,0.322,0.1865,0,0,0
164.33,0,0,41.69,2,0.5263,10.3471,8,0,0.5393,0.3468,0.059,0,0,0
29.43,0,3,138.35,2,3.7285,7.5111,8,0,0.7554,0.5095,0.2731,0,0,1
157.04,2,3,129.77,3,1.176,0.0,5,0,0.8315,0.6227,0.0504,2,0,1
286.39,2,0,134.8,2,1.0686,0.0,9,0,0.2745,0.6767,0.0443,1,0,1
461.86,2,0,63.62,0,0.6667,7.3122,3,1,0.2991,0.5497,0.0533,0,1,0
378.57,5,7,154.31,1,1.062,0.0,5,1,0.4157,0.7539,0.0179,0,0,1
313.0,2,3,79.28,0,1.2828,0.0,5,0,0.5793,0.5583,0.1236,1,0,1
314.45,4,5,76.38,2,1.9022,9.25,3,0,0.2898,0.3413,0.208,2,0,1
117.57,1,2,136.63,1,1.9758,0.0,4,1,0.4475,0.3659,0.076,0,0,1
328.94,3,2,152.22,0,1.1295,0.0,3,0,0.4545,0.5139,0.3236,1,0,0
241.96,0,3,72.7,3,0.6873,2.2207,6,0,0.5745,0.1484,0.0198,1,0,0
268.44,1,0,41.92,1,1.5826,0.0,5,0,0.5754,0.6017,0.013,3,0,0
285.35,6,4,154.65,1,3.4411,7.2026,4,0,0.1116,0.7098,0.3302,5,0,1
97.61,1,3,132.61,0,0.9402,10.2635,4,0,0.3414,0.1508,0.2964,1,0,0
162.33,1,3,9.49,0,0.9874,13.4616,2,1,0.1544,0.4718,0.0382,0,1,0
127.63,0,0,31.44,1,1.9421,1.8554,4,0,0.1848,0.3619,0.0225,0,0,1
222.19,4,3,62.92,1,1.7955,0.0,2,1,0.2329,0.756,0.1222,2,0,1
582.08,4,3,272.64,1,1.0208,0.0,9,1,0.7534,0.4382,0.1285,3,0,1
22.88,0,3,72.4,2,1.4474,1.5373,9,0,0.8352,0.275,0.0725,2,0,1
403.58,9,3,139.81,4,1.3647,4.4539,8,0,0.4336,0.1735,0.0934,5,1,1
274.3,6,4,173.33,1,1.018,0.0,2,0,0.3568,0.3436,0.0997,1,1,1
88.61,1,5,110.46,2,1.5642,0.0,7,0,0.8302,0.5468,0.118,1,0,1
482.98,1,3,123.88,2,1.0264,0.0,9,0,0.5284,0.4287,0.0805,1,0,1
114.52,2,2,124.93,2,0.5959,7.4705,8,0,0.5697,0.6701,0.0281,2,0,1
136.61,1,0,147.28,0,0.8308,0.0,6,0,0.2112,0.4654,0.2579,0,0,0
600.0,3,2,64.31,0,1.0133,0.0,3,0,0.7514,0.6369,0.2315,1,1,1
229.93,1,3,82.54,0,0.9807,5.8581,2,0,0.483,0.4871,0.1019,1,0,1
328.25,5,2,73.49,1,1.1165,0.0,6,0,0.3262,0.6349,0.1785,2,1,0
183.39,3,3,73.02,0,0.7487,0.0,4,0,0.3025,0.3972,0.0421,1,0,1
245.17,4,2,138.82,2,1.2153,4.6996,10,1,0.8104,0.5844,0.1752,0,0,1
416.62,6,3,135.63,1,1.0671,0.0,1,1,0.4092,0.4585,0.1501,1,1,1
600.0,5,7,121.24,2,0.9346,0.0,9,0,0.8036,0.732,0.3065,2,0,1
196.12,0,1,147.12,2,0.9766,4.1907,5,0,0.4234,0.4625,0.3663,1,0,1
216.39,2,3,53.29,1,1.1102,7.8686,3,1,0.5984,0.121,0.0134,1,0,0
439.61,3,3,142.97,1,0.6542,1.9533,1,0,0.7303,0.5404,0.3299,2,0,0
367.48,2,3,210.74,2,1.5593,0.0,10,0,0.6317,0.4783,0.2318,0,0,1
376.67,2,3,71.41,1,1.0861,6.0075,2,0,0.2138,0.2408,0.2678,2,0,1
378.65,2,3,88.09,0,1.3938,0.0,5,0,0.5219,0.2182,0.2046,1,0,0
212.47,2,3,81.67,0,1.7177,5.598,1,0,0.5153,0.8661,0.1255,3,0,0
190.91,2,4,130.6,0,0.8661,12.0633,3,0,0.341,0.8023,0.0552,2,0,1
289.48,2,0,56.9,2,1.2658,0.0,5,0,0.3052,0.674,0.1586,3,0,1
245.62,1,2,117.03,1,0.4901,3.3349,6,0,0.7062,0.5637,0.1221,0,0,0
151.55,0,0,75.83,0,1.3472,0.0,2,0,0.6452,0.622,0.0025,0,0,0
229.27,3,0,86.02,1,2.7186,6.0238,1,0,0.4565,0.6461,0.0668,2,1,1
153.39,1,5,71.55,1,1.3374,8.1468,6,0,0.4577,0.5919,0.1459,0,0,1
333.94,6,3,90.38,1,0.7623,8.2999,7,0,0.6197,0.3608,0.0918,1,1,1
71.96,0,1,89.44,3,0.427,0.0,2,0,0.5659,0.5011,0.1869,3,1,0
301.84,0,0,77.51,1,0.994,9.1018,4,0,0.7259,0.6725,0.2925,1,0,1
168.11,3,1,67.66,0,0.6037,0.0,3,0,0.3167,0.5447,0.2384,2,1,0
204.92,2,0,148.3,1,1.5595,12.1623,1,0,0.2894,0.5322,0.0217,2,0,0
100.23,1,1,102.58,1,1.5821,0.0,5,0,0.4499,0.3374,0.1169,1,0,1
349.04,5,2,109.06,1,1.6591,0.0,6,0,0.4698,0.4068,0.0695,3,1,1
121.65,1,2,74.39,2,0.9062,0.0,4,0,0.268,0.3045,0.0849,1,1,0
181.21,2,5,143.07,2,0.9241,0.0,8,0,0.9101,0.2493,0.0867,2,0,1
424.16,9,5,161.17,2,2.1059,0.0,3,0,0.7411,0.4303,0.2927,5,0,1
399.72,6,1,89.95,0,1.1496,4.1966,6,1,0.5868,0.2779,0.1319,0,1,1
255.68,1,1,25.3,2,2.2956,0.0,4,0,0.7583,0.4684,0.1215,0,0,1
122.14,2,1,38.96,2,1.7823,0.0,6,1,0.5593,0.7031,0.111,2,1,1
193.59,2,6,29.23,1,1.2134,12.7394,2,1,0.6003,0.3029,0.1874,1,1,0
384.11,2,3,55.53,2,0.6622,4.0268,6,0,0.2568,0.3621,0.2447,0,0,1
195.69,0,1,195.4,0,0.6433,7.1164,4,0,0.7956,0.233,0.1434,1,0,0
240.36,0,0,35.16,2,1.0456,0.0,5,1,0.417,0.504,0.1665,0,0,0
561.05,4,3,125.54,1,0.5951,0.0,5,0,0.5658,0.395,0.1784,2,0,1
163.97,2,3,116.42,2,0.806,3.9648,4,0,0.2515,0.4108,0.1591,1,0,0
335.61,3,3,83.99,1,3.902,8.5785,2,0,0.288,0.5512,0.0822,0,0,0
298.37,7,2,57.71,4,1.8413,0.0,3,0,0.502,0.8219,0.0339,0,1,0
600.0,5,5,56.1,1,0.8616,14.191,7,0,0.522,0.3668,0.1861,0,0,1
277.16,2,2,14.78,2,0.6918,6.3021,5,0,0.2407,0.417,0.2219,3,0,0
330.88,5,6,131.33,1,0.8037,2.8647,3,0,0.5603,0.4129,0.3737,0,0,0
104.54,1,0,20.5,0,0.5339,0.0,4,0,0.2455,0.5287,0.1272,0,1,0
181.02,2,0,62.3,3,0.9936,0.0,6,0,0.3659,0.4823,0.1675,0,0,1
424.26,5,4,83.33,0,0.9563,0.0,3,1,0.4273,0.3475,0.0977,2,1,1
394.33,3,3,23.54,1,1.1164,7.4646,5,1,0.1393,0.2006,0.0572,1,0,0
263.51,1,4,12.99,1,0.8437,7.0916,2,1,0.278,0.286,0.2273,1,0,0
450.55,10,3,123.65,0,1.3409,10.5555,5,0,0.6891,0.7962,0.2708,3,0,1
216.08,1,3,63.49,0,1.4841,8.9245,3,1,0.6245,0.5804,0.1209,1,1,1
310.95,3,5,206.95,1,0.7078,0.0,4,0,0.5134,0.1831,0.041,2,1,1
174.34,2,0,57.89,2,2.2772,8.4565,8,0,0.6028,0.4673,0.1766,1,1,1
223.38,2,1,165.7,2,1.4206,0.0,2,0,0.2681,0.4667,0.272,2,0,1
185.3,2,1,112.39,1,2.0076,7.108,5,1,0.6323,0.4525,0.0671,0,0,1
302.22,5,2,113.59,0,1.4601,0.0,4,1,0.7093,0.8412,0.2185,1,1,0
293.5,2,4,112.7,1,1.4841,0.0,5,0,0.5377,0.5477,0.1476,2,1,0
274.57,6,6,49.84,0,1.1938,2.214,2,0,0.4509,0.2815,0.2772,4,0,1
41.98,1,1,76.54,1,1.1419,0.0,4,0,0.2328,0.4085,0.0362,1,1,0
356.95,4,2,99.83,0,1.9527,0.0,1,1,0.3826,0.1908,0.0959,3,0,0
447.05,6,5,55.46,0,2.9779,10.0089,2,1,0.7846,0.7066,0.0357,2,1,1
481.9,1,1,31.7,2,1.0557,0.0,6,0,0.3831,0.3961,0.1806,1,1,0
369.02,2,2,133.45,1,1.3769,12.2477,5,0,0.466,0.6183,0.1436,1,0,1
325.01,2,6,217.3,0,1.5787,0.0,7,0,0.5984,0.7994,0.1618,2,1,1
49.39,0,1,107.26,1,0.5031,10.6582,4,0,0.286,0.344,0.0144,0,0,0
244.24,0,1,209.09,0,1.2052,0.0,5,1,0.5739,0.426,0.1068,3,1,0
181.52,4,2,163.19,1,1.5743,0.0,4,1,0.5321,0.4754,0.0419,0,0,1
228.1,3,0,73.89,0,1.3267,0.0,4,1,0.6329,0.3084,0.105,0,1,1
215.72,4,0,87.29,0,1.2164,0.0,3,0,0.6305,0.7536,0.2346,0,0,1
500.85,4,4,161.31,1,1.8648,0.0,4,0,0.2431,0.3624,0.1425,2,1,1
88.69,0,1,42.52,2,1.18,3.3258,2,1,0.8101,0.5581,0.0871,1,0,0
394.37,3,5,67.69,0,1.3875,0.0,10,1,0.1832,0.3389,0.0901,0,0,1
417.72,6,4,99.54,0,0.5113,6.9572,2,1,0.2263,0.1995,0.2005,2,0,1
323.06,2,2,80.92,1,1.3704,7.123,3,1,0.7196,0.3394,0.1126,0,0,0
302.67,3,3,117.88,1,0.7777,0.0,1,1,0.4318,0.2624,0.0251,3,0,0
225.78,2,3,66.51,4,2.6758,0.0,9,0,0.2791,0.681,0.1943,2,1,1
210.39,2,1,13.93,1,1.0848,8.2364,7,0,0.6276,0.3882,0.191,1,0,1
112.79,0,4,144.7,1,0.8104,0.0,5,0,0.2167,0.5014,0.0128,0,0,1
211.98,2,3,28.5,1,0.8597,0.0,7,1,0.5888,0.7218,0.1996,1,1,0
174.18,2,0,99.59,1,2.2761,0.0,5,1,0.4424,0.577,0.1103,0,0,1
245.39,2,4,152.5,1,1.2672,0.0,4,0,0.5714,0.3608,0.0457,0,0,1
332.68,4,2,97.41,1,0.8051,4.6727,3,0,0.6861,0.4179,0.2474,2,0,1
325.87,4,4,211.51,1,1.0946,9.9452,1,0,0.7495,0.2226,0.0811,1,0,1
145.72,1,5,115.21,0,2.0754,4.5992,2,1,0.4457,0.4001,0.1037,1,0,0
187.91,4,1,81.76,2,1.9894,7.6916,7,1,0.4224,0.5296,0.0561,1,0,1
274.14,4,0,66.02,1,1.1119,0.0,6,0,0.5399,0.389,0.0469,2,0,0
378.58,3,1,172.89,0,1.4115,0.0,2,0,0.4938,0.2858,0.0876,1,1,0
275.84,3,1,107.68,0,0.7408,1.95,3,0,0.7876,0.2986,0.1242,1,0,1
91.49,2,4,126.4,2,1.6569,5.989,5,0,0.6514,0.4453,0.0332,2,1,1
418.73,3,1,12.14,0,1.7967,0.0,3,1,0.2097,0.8342,0.1318,0,1,1
249.36,4,2,149.78,1,1.3916,6.1276,5,1,0.7556,0.5274,0.122,1,0,1
179.63,1,2,87.93,0,1.3071,0.0,3,0,0.323,0.6398,0.0834,0,1,0
95.3,2,1,111.13,0,1.2397,7.7142,3,1,0.5767,0.6237,0.2506,0,0,0
262.55,6,2,186.98,1,0.6016,0.0,7,0,0.7489,0.5986,0.0324,2,0,1
354.5,2,1,3.9,3,1.8251,0.0,2,0,0.5974,0.6456,0.0503,3,0,0
247.86,4,2,164.24,1,0.6898,11.6565,5,0,0.6193,0.4009,0.0441,0,0,1
166.18,1,3,68.27,0,2.6499,7.7135,3,1,0.1904,0.6464,0.2165,1,0,1
431.37,4,2,160.07,1,1.0282,10.7542,2,1,0.2292,0.5897,0.0473,2,0,1
344.84,3,4,96.06,1,1.4951,0.0,7,0,0.6831,0.3645,0.2796,2,0,1
600.0,5,2,157.99,1,0.7373,11.9634,2,1,0.2776,0.4936,0.0455,1,0,1
281.74,1,1,14.29,1,1.2479,11.6128,6,0,0.8483,0.4396,0.0458,2,0,1
162.27,3,4,99.22,1,3.2457,0.0,5,0,0.6058,0.7266,0.0834,3,0,0
133.72,1,1,79.67,2,1.0384,4.0289,7,0,0.4001,0.6445,0.192,0,0,0
243.24,1,2,115.34,3,1.9402,0.0,7,1,0.5147,0.3595,0.1055,2,0,1
256.71,3,3,27.45,1,0.6157,0.0,4,0,0.5196,0.4084,0.1352,0,0,1
600.0,6,4,81.41,1,2.3617,8.5265,9,0,0.1791,0.547,0.1785,0,0,1
327.72,0,1,46.33,1,0.7944,0.0,7,0,0.6798,0.2443,0.0522,1,0,1
259.43,0,2,109.32,3,1.3341,0.0,9,1,0.2702,0.402,0.1247,0,0,1
400.64,4,5,205.42,1,1.0619,0.0,5,1,0.5569,0.8678,0.1989,2,0,1
515.57,6,1,19.38,0,1.4017,0.0,1,0,0.5571,0.4812,0.1054,2,0,1
323.09,1,1,64.26,0,1.1688,11.583,2,0,0.3947,0.654,0.1276,0,0,1
116.72,1,1,72.84,3,1.8127,10.3538,10,1,0.4308,0.4423,0.0147,1,0,0
565.89,6,4,49.2,1,2.1207,0.0,9,0,0.3285,0.3619,0.1284,4,1,1
204.84,4,4,93.37,2,1.7895,0.0,7,0,0.4535,0.4684,0.2178,2,0,1
412.05,4,4,165.7,1,0.721,0.0,4,0,0.3348,0.2691,0.1494,3,1,1
352.57,3,5,66.71,1,1.1562,0.0,3,0,0.4592,0.3279,0.1565,1,0,1
183.19,2,1,31.39,1,0.8788,0.0,8,1,0.4168,0.2855,0.0836,0,0,0
196.51,3,1,75.27,0,2.953,0.0,2,1,0.465,0.9018,0.104,1,1,0
241.92,1,1,173.15,1,1.1549,0.0,3,0,0.4834,0.5922,0.2273,0,0,1
420.95,6,7,62.56,2,0.5757,4.001,7,0,0.334,0.3334,0.1089,3,0,1
174.32,2,3,111.15,3,0.8079,0.0,9,0,0.803,0.4434,0.0234,3,0,1
466.58,7,3,43.61,3,0.6831,12.0042,7,0,0.356,0.5406,0.1516,1,0,1
366.39,5,3,132.63,2,0.9983,0.0,2,1,0.5585,0.5551,0.1758,2,0,1
158.21,4,1,141.58,2,1.0671,1.969,7,0,0.3146,0.3011,0.0373,2,1,1
467.82,5,3,132.93,2,1.088,2.549,3,1,0.5987,0.4224,0.0245,2,0,1
78.49,1,4,155.73,1,1.2626,0.0,2,0,0.3645,0.642,0.1246,0,0,1
600.0,10,4,149.74,1,0.6325,4.3958,5,0,0.6297,0.107,0.1388,5,0,1
366.57,2,1,137.85,0,1.2991,0.0,3,0,0.7614,0.3656,0.0757,0,0,1
186.04,3,3,107.02,0,1.066,6.5828,5,0,0.3388,0.3168,0.0566,2,0,1
521.49,5,3,157.46,2,1.1336,0.0,6,0,0.3405,0.2538,0.0858,3,0,1
145.37,1,1,95.62,1,0.7732,0.0,8,1,0.375,0.3105,0.0967,0,1,0
199.75,1,0,70.43,2,1.3092,0.0,5,1,0.4746,0.3286,0.1276,0,0,1
231.7,1,1,134.34,1,0.7096,8.4153,4,0,0.3472,0.7235,0.2824,0,0,1
600.0,5,2,152.39,2,1.0143,0.0,1,0,0.3004,0.4116,0.1095,2,0,0
207.84,3,2,121.98,1,1.5505,13.8794,4,0,0.8527,0.6179,0.1399,1,1,1
144.93,1,3,19.05,1,0.4272,0.0,4,0,0.114,0.4659,0.0221,0,0,1
236.79,3,2,215.3,0,1.1767,0.0,4,0,0.6854,0.5149,0.0963,2,1,1
265.63,3,1,86.27,3,1.8858,0.0,5,0,0.5811,0.3374,0.1063,1,0,1
248.83,4,5,49.17,1,1.8965,0.0,6,1,0.2293,0.6565,0.0554,0,0,1
383.67,2,2,144.47,0,1.1207,6.1845,4,1,0.6112,0.4645,0.3717,1,1,0
125.7,2,3,150.94,1,1.174,3.1066,2,0,0.526,0.4741,0.0843,2,0,1
338.11,3,2,36.16,2,0.8327,8.5331,6,0,0.2319,0.2771,0.0208,0,0,1
202.4,4,3,34.17,1,1.3058,0.0,6,1,0.2018,0.5292,0.1233,1,1,0
201.84,1,2,140.44,0,1.5724,0.0,4,0,0.6231,0.2643,0.1726,0,0,0
470.17,1,4,171.86,1,1.1202,0.9214,3,0,0.6069,0.3516,0.0716,1,1,0
287.92,3,0,12.43,0,1.3757,4.5803,4,0,0.4498,0.6084,0.1406,1,0,0
210.4,1,3,68.2,2,1.3362,8.9912,9,0,0.6956,0.4624,0.1373,1,1,1
207.96,3,0,76.13,1,1.0984,1.8426,6,0,0.1209,0.5895,0.1242,1,0,0
190.2,0,2,158.13,1,0.5397,0.0,2,0,0.4827,0.3333,0.2419,2,0,1
278.34,1,2,52.78,3,1.464,0.0,3,0,0.6153,0.322,0.1544,1,0,1
446.98,3,4,149.7,1,0.3937,5.3984,6,0,0.2425,0.4113,0.0588,5,1,1
306.56,4,0,144.04,2,1.5126,0.0,7,0,0.2608,0.7288,0.1127,0,0,0
243.75,2,2,50.73,2,0.9473,7.034,2,0,0.5992,0.3496,0.1417,1,0,1
173.86,3,2,54.49,1,0.6507,8.4273,7,0,0.5087,0.3845,0.0595,2,0,1
282.41,2,1,106.23,1,1.5742,0.0,5,0,0.6565,0.5307,0.3088,1,0,0
327.9,2,1,57.59,2,1.285,4.5022,8,0,0.8627,0.4337,0.0792,0,1,1
28.74,0,0,32.52,1,1.4818,9.9429,2,0,0.4502,0.1638,0.1976,3,0,1
317.31,2,4,73.58,0,1.0782,0.0,2,0,0.4708,0.3977,0.1378,1,1,0
143.82,0,0,34.08,2,0.654,6.8778,9,0,0.4926,0.2427,0.002,2,0,1
202.27,3,2,13.84,0,2.4079,0.0,4,0,0.6533,0.6837,0.0324,1,1,0
183.14,1,0,84.77,2,2.0075,8.354,7,0,0.4097,0.7395,0.0533,0,0,1
370.08,6,3,101.57,1,1.3274,5.1947,4,0,0.4849,0.6704,0.1224,2,0,1
296.68,4,3,128.83,0,1.1298,0.0,4,0,0.4572,0.3741,0.1018,1,0,1
356.05,4,5,164.58,1,3.1308,0.0,8,0,0.3499,0.3434,0.0543,3,0,1
348.15,4,0,160.39,1,1.432,0.0,2,0,0.3261,0.6735,0.0233,1,1,0
255.18,1,1,167.06,1,0.8438,0.0,3,1,0.2555,0.2383,0.3433,1,1,0
293.21,7,3,89.53,2,1.9265,8.7649,4,0,0.3955,0.6667,0.1064,1,1,1
461.16,2,3,66.01,0,1.1754,0.0,3,1,0.6837,0.3541,0.029,0,1,1
509.6,5,3,141.97,2,0.7435,5.9564,9,1,0.4127,0.2111,0.1801,0,0,1
154.31,3,2,26.24,2,1.9213,11.0673,3,1,0.5464,0.7616,0.2857,1,0,1
138.19,1,2,148.27,0,0.2884,0.0,5,0,0.1983,0.4278,0.094,0,1,0
350.05,3,7,209.86,1,1.3903,7.6851,1,0,0.2322,0.4829,0.0572,1,0,1
137.4,3,3,109.71,0,1.6725,0.0,3,0,0.2552,0.2885,0.1258,2,0,0
384.37,5,2,110.28,0,0.5789,10.6354,5,0,0.1899,0.3782,0.1142,1,0,1
600.0,6,6,115.7,0,1.2562,0.0,3,1,0.5125,0.3751,0.2777,0,0,1
143.42,2,3,19.81,1,1.7901,0.0,3,0,0.6068,0.3675,0.0424,0,0,0
107.24,1,1,106.34,0,2.2556,12.1742,3,0,0.3909,0.6141,0.111,0,0,1
417.55,3,0,34.11,1,1.5653,0.0,4,0,0.2023,0.6062,0.0584,0,0,0
286.78,1,0,8.28,0,2.1306,11.6895,2,0,0.5976,0.2996,0.0555,2,1,0
266.66,3,2,125.44,3,1.2366,0.0,7,0,0.4661,0.6506,0.1573,2,0,1
24.29,0,2,59.77,2,1.6436,0.0,8,1,0.8069,0.548,0.0528,1,0,1
447.26,1,5,133.81,2,1.1635,0.0,6,1,0.4568,0.4799,0.0118,2,0,1
181.5,2,5,131.16,0,1.5385,4.3096,3,0,0.5972,0.3306,0.1686,1,1,1
175.99,1,2,114.94,2,1.0061,0.0,1,0,0.3692,0.4614,0.158,1,1,0
233.16,6,2,82.58,1,0.9939,0.0,7,0,0.3692,0.3568,0.0065,2,0,1
38.63,0,1,55.41,1,1.3362,0.0,2,0,0.2092,0.2435,0.2872,1,0,0
244.43,3,0,112.12,0,0.7666,0.0,3,0,0.3403,0.3625,0.1686,1,0,0
279.49,5,3,179.64,0,0.476,7.5099,4,0,0.71,0.1824,0.0959,2,1,0
394.43,1,0,40.43,1,1.5446,8.4529,10,0,0.6704,0.6469,0.1003,2,1,1
105.7,1,0,43.25,0,1.1604,6.3354,2,0,0.5074,0.4756,0.2278,2,1,0
244.28,1,1,128.16,1,1.7471,0.0,3,0,0.3723,0.5089,0.1962,1,0,1
276.37,4,1,74.8,1,1.1922,0.0,2,0,0.5606,0.3006,0.0719,1,1,1
89.24,1,2,78.47,1,1.5096,0.0,3,0,0.6432,0.3894,0.0464,1,0,1
236.13,4,0,58.3,0,1.1011,0.0,4,0,0.2923,0.4984,0.0609,0,0,1
551.24,8,1,94.56,2,2.7392,6.612,1,0,0.4174,0.5463,0.0677,4,0,1
472.82,2,4,95.04,1,1.291,7.9574,8,0,0.3207,0.6443,0.1099,1,1,1
205.97,2,2,33.78,0,0.6856,0.0,3,1,0.2703,0.2752,0.0472,1,0,0
282.19,5,6,48.61,2,0.9694,8.4347,7,0,0.3279,0.3117,0.025,3,0,1
335.23,4,2,38.09,3,1.5185,0.0,6,1,0.3779,0.5855,0.046,0,0,1
320.49,4,3,60.81,3,2.5349,6.0818,4,1,0.138,0.6854,0.1059,1,1,0
308.58,4,2,129.12,0,3.415,0.0,3,0,0.2741,0.7111,0.0186,4,1,1
600.0,6,0,111.9,1,1.6027,0.0,7,1,0.3322,0.5821,0.1716,3,0,1
201.41,3,4,82.39,0,1.2311,0.0,4,0,0.7716,0.4921,0.0632,1,0,1
146.01,1,1,65.19,1,2.8572,12.4478,9,1,0.2823,0.4764,0.0153,1,0,1
338.26,5,4,66.44,0,1.4419,0.0,1,0,0.5121,0.5541,0.0475,4,0,1
298.93,2,3,98.49,0,1.7411,0.0,6,0,0.2294,0.1537,0.0207,0,1,1
212.43,0,2,102.7,0,1.6508,0.0,2,0,0.4532,0.5059,0.0825,1,1,0
509.03,1,3,56.81,0,1.5322,2.9365,5,0,0.5701,0.4126,0.1071,2,1,1
523.86,1,3,164.17,2,1.1296,0.0,4,0,0.5541,0.3307,0.1684,1,1,0
157.28,1,1,1.38,3,0.5436,0.0,7,0,0.3283,0.3526,0.0264,0,1,0
347.65,6,2,169.7,2,1.2215,7.9391,2,1,0.2283,0.7157,0.1326,0,0,1
313.14,3,3,199.78,0,1.4995,7.7894,2,1,0.2829,0.6251,0.1811,2,1,0
390.8,5,3,32.48,1,1.8396,2.4067,4,0,0.7268,0.3924,0.2977,0,0,1
117.37,1,2,151.0,1,0.9547,3.6517,2,0,0.4338,0.6047,0.067,1,1,1
149.39,2,4,39.86,1,1.1426,0.7625,5,0,0.8165,0.3418,0.1412,1,1,1
305.53,1,2,104.3,1,2.0328,8.3699,3,0,0.1477,0.6739,0.0852,1,1,0
516.33,4,3,222.91,2,0.7182,0.0,6,0,0.5345,0.4899,0.1949,4,0,1
265.14,3,3,132.55,1,0.8942,0.0,4,1,0.5524,0.0984,0.0914,0,0,0
137.52,0,0,33.26,0,1.64,3.2221,1,0,0.5323,0.2819,0.0221,0,0,1
353.92,5,2,118.14,3,0.9373,2.9247,1,1,0.6373,0.2408,0.1027,1,0,1
162.72,1,0,135.75,3,0.7633,0.0,7,0,0.429,0.3301,0.0916,1,0,0
325.46,3,1,83.74,2,2.9869,6.8606,9,0,0.4209,0.6814,0.2898,4,1,1
195.84,2,1,17.91,3,1.6001,0.0,7,1,0.2822,0.6699,0.224,0,1,1
600.0,7,1,245.17,2,1.3092,6.826,5,1,0.8711,0.6235,0.0942,0,0,1
589.44,5,5,166.97,2,0.7414,0.0,7,1,0.3219,0.5457,0.0722,1,0,1
312.76,1,1,104.33,2,0.914,0.0,4,0,0.4203,0.3015,0.0992,0,0,1
161.0,3,3,191.31,0,1.5594,0.0,5,1,0.363,0.4839,0.1032,3,0,1
239.71,1,2,86.91,1,1.3441,0.0,1,1,0.3795,0.3483,0.137,0,0,0
294.66,4,1,106.9,0,2.4848,0.0,4,1,0.451,0.409,0.1395,1,1,1
352.16,3,4,170.6,0,2.2339,0.0,7,1,0.4979,0.6954,0.0483,0,1,0
115.18,2,1,81.54,1,1.3627,8.9097,6,1,0.4366,0.4069,0.1221,1,1,0
445.82,3,3,126.21,2,2.0991,0.0,2,0,0.7291,0.5708,0.0331,0,1,0
126.04,2,2,166.98,2,0.8403,0.0,9,0,0.7563,0.5084,0.2568,1,0,1
248.83,3,2,78.84,0,0.7107,0.0,4,1,0.1567,0.4465,0.107,1,0,1
213.61,2,0,72.63,1,1.2619,0.0,5,0,0.6024,0.5189,0.0279,0,1,1
437.04,6,3,74.02,0,0.9673,0.0,7,0,0.7066,0.4679,0.0579,2,1,1
104.68,1,1,8.7,0,1.4775,8.7355,5,1,0.4407,0.5904,0.1426,0,0,0
195.57,2,3,122.48,2,1.0274,0.0,8,0,0.6844,0.729,0.1402,1,1,1
120.92,0,2,39.4,1,1.0112,0.0,2,0,0.453,0.3733,0.0411,1,0,1
541.4,5,3,116.49,0,1.4709,0.0,2,1,0.2044,0.4842,0.1179,1,0,1
189.4,3,3,63.62,0,1.9337,0.0,3,0,0.3852,0.1969,0.0672,0,0,1
188.24,2,2,119.93,0,1.2674,9.0641,2,0,0.8974,0.5814,0.0643,1,0,1
130.0,2,3,103.81,2,1.4115,0.0,4,0,0.2524,0.6111,0.0576,0,0,1
249.59,4,3,133.51,2,0.471,0.0,3,0,0.4651,0.6328,0.1211,1,0,1
144.54,5,2,56.59,0,1.0958,0.0,4,1,0.296,0.6465,0.1077,3,1,1
269.94,6,5,58.57,0,0.4758,0.0,4,0,0.4704,0.4098,0.1463,4,0,0
198.3,1,1,10.43,1,0.6327,13.856,2,0,0.748,0.4037,0.0851,1,0,1
59.16,1,3,79.53,2,2.0143,10.1717,2,0,0.6592,0.4483,0.0192,0,1,1
102.89,2,0,124.5,2,0.8302,0.0,8,1,0.1417,0.507,0.1607,0,1,1
227.56,4,1,53.92,1,0.8645,4.2462,6,0,0.1334,0.2377,0.0159,1,1,1
433.63,9,3,109.13,2,2.3239,6.4689,1,0,0.4591,0.6231,0.0184,0,0,1
94.83,2,0,57.57,0,0.8434,0.0,1,0,0.8367,0.6368,0.1133,0,0,0
161.1,1,2,151.24,2,0.8392,0.0,2,0,0.4432,0.6728,0.105,1,1,0
298.33,2,4,126.81,1,1.3656,0.0,9,0,0.4433,0.5073,0.2687,3,1,1
400.5,1,5,26.55,2,1.6435,5.5725,7,0,0.1185,0.1911,0.0432,2,0,1
179.12,1,2,133.95,1,0.8985,8.2752,5,0,0.3094,0.3551,0.1081,1,1,0
107.22,1,1,88.5,0,1.07,11.2775,1,0,0.6169,0.4395,0.0197,3,0,0
18.54,0,1,107.39,0,2.1917,0.0,4,1,0.539,0.7534,0.0288,1,0,0
370.7,3,2,160.44,2,0.9765,0.0,5,1,0.5269,0.8237,0.0974,3,0,0
391.25,5,2,64.91,0,2.9659,0.0,3,0,0.5093,0.8097,0.1677,3,1,1
56.8,0,1,53.95,2,1.0374,10.6912,3,0,0.7003,0.3406,0.2916,1,0,0
341.56,3,3,99.26,5,1.2358,10.6722,9,0,0.5493,0.5447,0.0592,2,0,1
523.99,6,4,62.76,1,1.2595,7.5732,2,0,0.4127,0.5584,0.2146,3,0,1
453.72,3,4,57.55,2,1.1918,0.0,5,0,0.4315,0.5935,0.1596,2,1,1
233.31,4,1,101.41,1,1.0079,0.0,5,1,0.4757,0.6391,0.0498,1,0,0
161.4,2,4,15.7,0,1.1085,12.2498,2,0,0.4899,0.3752,0.256,1,0,1
242.93,2,6,83.48,1,1.0576,9.613,4,0,0.503,0.5533,0.1302,1,0,1
126.99,0,0,30.55,0,0.8383,0.0,1,0,0.2109,0.2939,0.02,2,0,0
160.04,1,5,128.2,2,1.4145,10.6696,6,0,0.4977,0.5013,0.1012,1,1,1
107.89,2,3,55.72,0,1.7266,0.0,4,0,0.3333,0.7886,0.1396,1,0,1
311.99,3,3,54.66,1,2.6732,0.0,2,0,0.4762,0.549,0.2021,1,0,0
162.69,1,0,75.12,1,1.6576,7.8479,5,0,0.3888,0.571,0.0549,0,0,0
163.93,3,2,53.41,1,1.0718,0.0,2,1,0.5699,0.1733,0.0926,3,1,1
540.72,1,3,124.17,0,1.2146,8.6056,2,0,0.2972,0.5519,0.0438,0,1,0
221.38,3,3,193.7,2,1.5086,0.0,2,0,0.2546,0.6259,0.0337,2,1,0
179.0,4,0,168.34,2,1.0993,7.8592,2,1,0.6971,0.8218,0.1292,4,1,0
506.95,4,4,136.97,3,0.9751,11.275,10,1,0.4042,0.8641,0.0847,1,0,1
256.08,4,4,174.95,1,2.0692,0.0,4,0,0.7359,0.4088,0.1349,3,1,1
305.22,6,4,62.69,1,0.8573,0.0,4,0,0.5001,0.6049,0.2596,1,0,1
299.69,2,3,123.8,0,0.6066,12.2478,5,0,0.4711,0.751,0.0949,2,1,0
116.64,2,0,47.67,2,1.5021,0.0,8,0,0.3863,0.6749,0.3488,2,0,1
198.6,1,2,85.61,0,0.4911,7.2679,3,0,0.6985,0.3076,0.1418,2,0,0
271.71,5,3,220.45,2,2.6456,0.0,5,1,0.2234,0.3647,0.0889,2,1,1
187.01,1,0,74.18,1,1.1085,3.8077,5,1,0.2841,0.1825,0.0803,0,0,1
179.42,2,2,88.18,2,1.3493,4.9753,8,1,0.4424,0.5189,0.1734,1,1,0
301.62,2,4,133.67,0,0.8895,0.0,5,0,0.371,0.3717,0.1542,4,0,1
150.45,1,4,33.96,1,1.2937,3.5191,3,1,0.819,0.5444,0.1583,3,1,1
478.35,4,3,53.13,2,0.8615,0.0,2,1,0.6245,0.6237,0.0416,0,0,1
134.42,1,2,103.41,1,1.1562,0.0,4,0,0.8756,0.6647,0.125,0,0,0
569.59,6,6,133.19,1,0.7628,5.4923,2,0,0.7558,0.3067,0.1104,5,1,1
338.12,4,5,184.64,1,1.3696,0.0,8,1,0.5374,0.5947,0.126,2,1,0
173.73,3,3,43.42,0,1.9743,0.0,7,0,0.3522,0.1961,0.1588,1,0,0
206.46,1,1,34.97,1,1.3414,0.0,3,1,0.5249,0.2629,0.0669,0,0,1
292.48,3,4,142.97,0,0.9471,4.6992,3,0,0.5783,0.7641,0.0867,1,0,1
156.16,1,0,68.44,1,0.772,0.0,5,0,0.4484,0.5486,0.1117,0,0,0
215.2,1,2,77.79,2,1.541,9.2956,9,0,0.5534,0.5519,0.2579,0,1,1
218.51,2,2,201.89,1,0.7354,9.8114,2,0,0.2234,0.4691,0.2607,5,1,1
92.66,1,1,172.47,0,0.8578,0.0,1,0,0.62,0.3005,0.2163,0,1,0
311.63,3,4,43.46,0,1.4011,2.2682,5,0,0.6666,0.304,0.1283,2,0,1
310.19,1,1,6.71,2,1.2677,2.6727,6,1,0.5629,0.6517,0.1496,0,0,1
185.48,2,2,61.21,0,1.2538,9.1633,3,1,0.2645,0.5793,0.1642,3,0,0
512.7,3,4,148.45,1,1.4121,0.0,1,0,0.6579,0.3536,0.1118,1,0,1
224.87,2,2,84.15,3,1.7234,6.8727,8,0,0.5261,0.686,0.0317,1,0,1
146.48,0,2,56.51,1,1.1232,3.8476,3,0,0.6231,0.4018,0.162,0,0,1
481.04,4,1,88.31,0,0.9583,10.119,2,0,0.2478,0.6178,0.2865,1,0,1
170.63,1,2,76.81,0,1.3952,0.0,2,0,0.1752,0.3106,0.126,0,1,0
170.7,2,2,62.56,1,1.2758,0.0,7,1,0.1664,0.3018,0.1277,5,0,0
287.18,3,3,191.31,0,1.6095,0.0,2,0,0.6688,0.4023,0.1168,2,0,0
177.0,3,1,43.68,1,0.9171,12.557,3,0,0.3095,0.4335,0.0659,0,0,1
600.0,7,5,130.15,1,1.059,9.4769,4,0,0.3681,0.4974,0.0546,0,0,1
279.03,4,4,82.53,2,0.4673,2.0927,4,0,0.3112,0.2525,0.1568,1,1,1
189.61,5,3,57.11,0,1.9681,0.0,3,1,0.4247,0.353,0.2508,2,1,1
134.27,4,1,139.1,0,2.6127,5.2222,4,0,0.2761,0.3978,0.1118,2,0,1
187.79,3,2,112.07,2,1.0143,8.5873,6,0,0.1504,0.5319,0.0544,1,1,1
167.65,1,4,17.51,3,0.7925,6.6042,10,0,0.6004,0.4395,0.0078,1,0,1
600.0,2,4,162.26,2,1.3201,0.0,3,1,0.6661,0.5011,0.0855,4,1,1
600.0,8,2,111.67,2,1.7359,0.0,7,1,0.5688,0.3696,0.2219,3,0,0
201.76,6,3,49.61,0,2.1099,5.2945,3,0,0.9238,0.4675,0.0848,1,0,0
319.57,4,1,97.44,2,0.9864,11.8978,3,0,0.4826,0.6881,0.0768,0,0,1
251.36,4,1,117.07,2,1.6923,0.0,3,0,0.5455,0.6916,0.0621,1,0,1
145.96,3,0,47.4,1,0.5009,0.0,7,0,0.1119,0.7076,0.0557,0,0,0
377.18,0,3,161.25,0,0.9656,3.9566,2,1,0.2717,0.6371,0.188,2,1,0
297.58,4,1,147.88,0,2.0555,0.0,4,1,0.6086,0.5209,0.0657,0,0,0
140.75,2,3,111.58,0,0.8378,0.198,5,0,0.238,0.4473,0.0596,2,0,0
144.35,2,1,69.64,1,0.9892,11.582,6,0,0.4545,0.5736,0.2082,0,1,1
218.01,2,2,44.1,0,0.9122,0.0,3,0,0.2321,0.5099,0.0247,1,0,1
289.8,3,1,62.09,0,1.2212,10.7174,1,0,0.8508,0.6622,0.2431,0,1,0
339.24,2,1,98.8,1,1.4945,0.0,5,1,0.5332,0.7418,0.0671,0,0,1
390.04,2,2,24.36,1,0.4258,10.985,2,1,0.6086,0.2584,0.2134,3,0,1
312.57,1,2,91.15,3,0.9995,0.0,3,0,0.7512,0.3574,0.1501,1,0,0
360.23,2,3,138.23,0,1.971,0.0,2,0,0.7475,0.6685,0.2197,3,0,1
105.04,1,0,57.54,2,1.8686,10.475,6,0,0.0961,0.6465,0.0752,1,0,1
280.3,3,2,22.48,0,2.0366,10.0242,5,0,0.2261,0.2609,0.1765,1,0,1
435.16,5,3,98.55,0,1.0853,0.0,3,1,0.4448,0.6168,0.0874,1,0,0
255.44,1,1,37.15,1,1.017,0.0,1,0,0.4443,0.4465,0.0308,1,1,0
174.7,2,0,66.6,0,0.9818,0.0,6,1,0.8002,0.4979,0.0565,2,0,1
327.07,0,2,85.17,1,0.9635,10.9001,4,1,0.5122,0.4158,0.2687,2,0,1
159.3,2,4,63.79,0,0.8587,9.8295,2,0,0.4623,0.4571,0.1179,2,0,1
30.75,0,1,27.72,1,0.7059,0.0,8,0,0.0911,0.3101,0.016,0,1,0
141.1,1,1,38.51,1,1.2457,5.3367,8,1,0.5601,0.5813,0.0246,1,0,1
508.64,4,6,83.09,0,0.8241,0.0,2,1,0.1899,0.6158,0.3026,2,0,1
163.38,1,0,44.67,1,1.1684,0.0,2,0,0.6747,0.4471,0.0631,0,0,0
174.8,3,0,43.57,1,0.5868,6.3402,9,0,0.5446,0.294,0.0801,1,1,1
148.46,0,4,37.03,0,2.8305,6.7417,6,0,0.5056,0.6181,0.2826,3,0,1
112.63,1,2,165.2,3,0.9076,6.4953,9,1,0.3753,0.5678,0.1248,4,1,0
198.2,3,0,46.3,1,1.4581,0.0,8,0,0.2071,0.5409,0.0137,1,1,1
77.04,0,1,131.83,1,1.37,0.0,4,0,0.3398,0.7179,0.0973,0,0,0
319.77,2,3,29.46,3,0.7487,5.4094,9,1,0.6149,0.7388,0.1104,0,1,1
181.12,2,6,121.45,0,0.5542,0.0,2,0,0.4735,0.3609,0.0283,0,1,0
338.6,4,0,46.38,1,2.4158,0.0,5,0,0.4725,0.5688,0.2549,0,1,1
191.62,3,1,90.57,0,0.6398,11.242,4,0,0.7089,0.6062,0.1146,0,1,0
445.39,10,4,170.61,1,0.9279,10.9939,4,1,0.6915,0.6514,0.0395,2,1,1
223.86,4,2,123.81,0,0.9248,0.0,2,0,0.4178,0.5641,0.3614,1,0,1
210.15,4,4,46.23,3,0.8865,0.0,6,1,0.0837,0.3939,0.0122,0,0,1
298.52,5,2,136.06,1,0.6513,0.0,2,0,0.5477,0.736,0.1773,1,0,0
209.21,1,4,227.06,0,1.5298,0.0,5,0,0.3577,0.4441,0.0433,1,0,0
232.71,1,2,45.09,2,1.7851,0.0,4,0,0.5599,0.4811,0.0841,0,0,1
292.89,5,1,32.27,0,0.6074,0.0,5,0,0.5206,0.6449,0.143,4,0,0
387.66,6,5,206.61,1,1.5816,0.0,6,0,0.6881,0.424,0.0758,2,0,1
346.49,5,4,70.33,1,1.2602,11.5468,8,0,0.4492,0.6948,0.128,0,0,1
191.73,2,2,28.92,1,1.047,0.0,5,0,0.7345,0.5188,0.2146,0,0,1
279.53,3,5,53.51,0,1.3027,0.0,6,0,0.2166,0.1927,0.091,2,0,1
400.39,6,5,27.97,1,0.7269,0.0,10,0,0.1672,0.599,0.2554,2,0,1
235.38,5,5,63.68,1,1.1761,0.0,9,0,0.7257,0.5169,0.1857,5,1,0
211.19,1,4,56.41,1,0.5491,12.7763,3,0,0.1627,0.4183,0.1343,2,0,1
534.9,6,1,127.36,3,0.8036,0.0,8,1,0.522,0.3066,0.1293,4,0,1
275.52,2,2,60.42,1,1.3675,0.0,3,0,0.7727,0.5849,0.114,2,0,0
136.88,2,2,18.95,1,0.6544,0.0,4,0,0.0883,0.5905,0.1362,1,0,0
198.33,1,1,152.92,0,1.5407,5.3389,6,0,0.1775,0.4065,0.0311,1,1,0
308.62,4,2,51.95,0,0.6977,6.5246,2,0,0.7944,0.5779,0.0515,1,1,0
292.06,3,2,24.23,2,0.7211,2.2218,7,1,0.4052,0.517,0.1108,0,0,0
215.05,4,2,85.62,1,2.8339,8.1469,4,0,0.5074,0.5167,0.1867,2,1,1
379.97,4,4,32.81,0,1.8064,12.55,1,0,0.4989,0.6414,0.0888,2,1,1
451.48,1,3,130.89,0,1.2907,0.0,2,0,0.6229,0.37,0.1358,1,0,1
212.57,5,3,72.2,1,1.1703,0.0,5,0,0.1143,0.6965,0.0449,2,0,1
389.32,3,1,90.69,1,1.8505,4.1877,5,0,0.4408,0.7898,0.0607,1,0,1
148.33,2,0,74.57,0,1.424,0.0,4,1,0.6995,0.3304,0.0341,0,0,1
564.42,5,2,56.04,2,3.5917,3.1065,1,0,0.3308,0.4793,0.0127,4,0,1
145.22,0,1,93.51,2,1.3145,0.0,5,0,0.3937,0.5463,0.1577,1,0,1
181.61,2,3,119.03,2,1.5795,0.0,6,1,0.4364,0.797,0.1155,0,0,0
241.74,1,2,161.85,1,0.765,0.0,8,0,0.506,0.6583,0.093,4,0,1
187.56,2,1,96.6,3,0.9704,0.0,10,0,0.9325,0.3574,0.2224,0,0,1
258.47,3,3,73.0,3,0.5168,6.6253,4,0,0.1937,0.585,0.1147,1,0,1
296.38,5,5,117.64,1,1.6786,0.0,4,1,0.3483,0.5333,0.0698,2,0,1
226.97,2,2,54.4,3,4.0,3.0199,5,0,0.3622,0.5393,0.2183,2,0,1
264.43,3,0,164.5,1,1.2526,10.0798,5,0,0.8079,0.5288,0.0514,1,1,1
234.0,3,5,68.94,0,1.5297,0.0,3,0,0.2661,0.415,0.0254,1,1,1
281.21,4,0,39.61,1,1.4773,4.8683,6,1,0.3187,0.6026,0.0739,4,0,0
189.81,3,2,180.45,1,2.853,0.0,9,0,0.9123,0.4015,0.1201,4,0,0
74.17,1,0,48.28,1,1.3471,0.0,5,0,0.6554,0.3734,0.0313,0,1,1
600.0,5,3,122.7,3,1.0125,1.4842,7,1,0.3146,0.4147,0.0733,3,0,1
523.87,3,5,200.39,1,1.13,5.8387,6,1,0.4773,0.1208,0.1571,3,0,1
358.06,1,3,165.86,2,0.9546,4.9267,7,1,0.6028,0.3841,0.1847,1,0,1
223.47,5,1,117.01,0,1.4479,0.0,2,0,0.5522,0.6657,0.0117,0,1,0
330.39,5,2,95.48,1,1.8753,0.0,5,0,0.5372,0.3721,0.1304,1,1,1
392.84,4,2,102.73,1,0.8006,0.0,4,0,0.2385,0.4215,0.0638,0,0,1
395.05,4,4,159.24,0,0.8056,7.9463,2,0,0.5448,0.5266,0.0427,1,0,1
140.42,1,1,87.96,2,0.6284,0.0,3,0,0.2176,0.4773,0.2509,1,1,0
274.75,4,2,82.91,1,0.9392,0.0,10,0,0.4353,0.3887,0.3056,2,0,1
323.6,4,3,102.75,1,1.3549,0.0,5,0,0.4396,0.5002,0.1507,3,0,1
427.39,1,3,202.74,0,1.4161,0.0,5,0,0.549,0.5585,0.164,3,1,1
513.41,6,2,73.99,1,1.716,0.0,7,0,0.5788,0.5888,0.0405,0,1,1
83.63,1,0,22.96,0,1.3396,0.0,3,1,0.2763,0.1925,0.0668,0,0,0
243.88,5,3,165.38,4,1.6277,0.0,6,0,0.6102,0.7886,0.0125,0,1,1
231.52,3,2,96.42,2,1.9478,7.5498,5,0,0.2092,0.4728,0.1022,1,0,1
139.46,0,1,46.41,0,0.7963,0.0,4,0,0.5547,0.4509,0.1473,1,1,0
160.44,1,3,93.04,0,1.7173,0.0,2,0,0.3566,0.5408,0.0303,2,1,1
162.69,1,0,129.51,1,0.803,0.0,5,0,0.6037,0.563,0.0332,1,1,0
159.85,3,1,171.33,3,1.8343,0.0,6,0,0.4829,0.5754,0.1168,2,0,1
222.42,2,5,77.85,3,1.1127,3.8812,7,0,0.628,0.5707,0.0345,0,0,1
148.83,2,0,14.98,0,1.8565,0.0,2,0,0.7011,0.2901,0.0492,1,0,1
481.78,3,4,26.99,0,1.5423,0.0,3,0,0.7559,0.5113,0.0558,2,1,1
322.71,3,4,193.81,0,1.8986,8.0193,3,1,0.7236,0.5457,0.1492,1,0,1
238.44,1,3,59.6,1,1.2682,0.0,4,0,0.4533,0.1938,0.1657,1,0,1
337.74,2,1,124.42,3,1.553,0.0,5,1,0.5982,0.6885,0.0852,3,0,1
377.9,4,2,86.34,2,1.3123,0.0,2,0,0.6533,0.5586,0.2759,2,0,1
228.75,3,0,90.57,2,2.3168,6.1901,5,1,0.4578,0.4758,0.054,1,0,1
358.31,3,3,77.55,2,2.1566,0.0,4,0,0.4973,0.8209,0.1616,0,1,1
406.85,1,2,142.47,1,1.1815,0.0,7,0,0.2444,0.3655,0.0782,0,1,1
79.16,0,2,103.88,1,0.4783,3.8173,8,0,0.4377,0.3988,0.1,2,0,1
240.23,5,1,161.93,0,1.7581,5.7328,4,0,0.4454,0.6459,0.1821,0,1,1
498.08,4,6,43.29,2,1.4804,0.0,3,0,0.5694,0.4257,0.1621,1,0,1
225.41,5,1,102.8,1,0.4668,0.0,7,0,0.538,0.3583,0.0849,1,0,1
430.2,4,2,163.46,1,1.2658,0.0,8,0,0.559,0.5751,0.3065,1,0,1
147.09,1,1,10.69,1,1.6625,0.0,6,0,0.3777,0.176,0.175,0,1,1
385.53,4,3,189.2,0,1.746,0.0,3,0,0.7902,0.6282,0.1625,2,1,1
37.11,1,1,34.19,1,1.0908,0.0,3,1,0.2505,0.4163,0.0568,0,1,0
528.87,10,4,68.17,0,1.2986,0.0,2,0,0.6037,0.8016,0.1334,0,0,1
500.79,3,3,47.47,0,1.4558,0.0,7,0,0.8979,0.5651,0.0886,2,1,0
440.94,6,2,77.91,0,1.4033,10.6136,4,0,0.5109,0.3944,0.3049,1,1,1
178.37,2,0,64.34,1,0.4516,0.0,7,0,0.3642,0.508,0.0865,1,1,0
419.68,4,2,182.23,2,0.838,0.0,7,1,0.6097,0.243,0.1671,2,0,1
210.78,0,2,93.12,1,1.0318,3.9989,9,1,0.5965,0.2655,0.1283,0,0,1
344.86,2,1,59.0,0,0.783,0.0,5,0,0.5562,0.4699,0.0238,0,0,1
55.93,1,2,141.64,0,1.5942,8.7741,1,0,0.693,0.521,0.2667,1,0,1
194.22,2,0,109.77,0,1.1418,0.0,1,1,0.352,0.5544,0.0398,1,0,1
185.26,2,4,97.27,1,0.7948,12.1588,1,0,0.4659,0.3525,0.2814,0,1,1
265.69,3,3,47.05,3,1.404,0.0,5,0,0.4676,0.4705,0.3595,1,0,0
212.44,2,3,215.39,2,2.7772,0.0,4,1,0.4931,0.6466,0.1086,2,0,1
322.8,0,1,5.12,1,0.7425,2.6114,2,0,0.5653,0.5634,0.0301,0,1,0
113.72,2,0,43.78,0,1.9668,0.0,5,1,0.6539,0.5304,0.0631,0,0,1
216.64,3,1,148.27,2,0.5452,4.3079,5,0,0.5064,0.4177,0.0548,0,0,0
391.89,6,4,139.29,0,1.361,0.0,2,0,0.8779,0.9149,0.0747,2,0,1
472.06,3,4,195.23,2,2.1194,2.6176,8,0,0.1583,0.2835,0.1836,3,1,0
433.18,4,4,140.19,0,0.5584,0.0,2,0,0.2358,0.1597,0.1919,2,1,0
257.56,4,2,54.21,1,1.0357,0.0,10,0,0.2631,0.5389,0.0088,1,0,1
94.93,2,1,100.75,3,0.7225,3.7218,8,0,0.6625,0.1451,0.0876,1,0,0
261.28,4,1,46.15,0,0.9394,0.0,1,0,0.3198,0.7734,0.1676,2,1,0
238.5,3,2,47.18,2,1.4101,0.0,5,0,0.5097,0.4309,0.0317,1,0,1
489.07,9,2,81.5,0,0.9652,0.0,9,1,0.5874,0.3076,0.1256,2,0,1
257.33,1,3,1.42,1,1.7484,0.0,2,0,0.297,0.2326,0.0254,0,1,0
273.36,4,2,9.28,1,0.8902,0.0,4,0,0.3882,0.4143,0.1287,2,1,0
185.58,1,2,74.12,1,2.3719,0.0,3,0,0.2093,0.2719,0.0822,0,0,0
362.78,5,0,122.05,2,0.8021,0.0,6,0,0.4781,0.2965,0.083,3,0,1
497.93,7,7,107.63,2,2.3141,8.4371,9,0,0.7292,0.4601,0.1074,1,1,1
305.38,1,1,64.88,1,1.3723,9.5012,6,0,0.7213,0.2059,0.1519,1,1,1
261.43,1,3,52.48,3,1.2716,9.0818,5,1,0.2477,0.633,0.2134,2,0,1
300.77,4,6,174.13,2,1.1392,0.0,7,0,0.335,0.168,0.0426,0,0,1
89.89,2,1,157.34,2,0.7261,0.0,5,0,0.4508,0.216,0.1859,0,1,0
158.5,2,1,48.43,0,1.1559,0.0,2,0,0.5736,0.4267,0.1715,0,1,0
600.0,5,4,93.84,3,0.8407,9.9713,10,0,0.2835,0.5526,0.038,1,0,1
90.56,1,2,39.2,1,2.8049,10.2996,6,0,0.4044,0.7154,0.1568,1,0,1
409.93,4,3,110.4,0,1.4185,4.6111,4,0,0.4754,0.8469,0.2114,0,1,1
506.83,2,3,168.3,0,2.0606,0.0,4,0,0.6279,0.1783,0.1625,2,0,0
234.21,4,3,138.5,3,3.1369,0.0,6,1,0.4456,0.3433,0.137,1,0,1
260.47,3,3,98.23,0,1.0254,0.0,2,1,0.6995,0.8156,0.1289,1,0,0
317.39,3,4,121.54,1,1.9136,4.8275,7,0,0.7509,0.6587,0.1562,3,0,1
174.24,2,1,120.84,0,1.2277,0.0,5,0,0.5358,0.6356,0.0661,2,0,0
313.55,5,1,50.37,0,2.153,7.0418,3,0,0.381,0.6446,0.1346,3,0,0
355.27,2,3,170.14,3,2.3977,6.708,2,0,0.2078,0.4316,0.0304,0,0,1
329.2,7,4,14.87,2,0.6516,0.0,4,0,0.359,0.2653,0.057,1,0,1
317.62,5,4,25.12,2,0.7378,9.2941,2,1,0.5261,0.3111,0.1321,1,0,1
163.39,2,1,89.5,1,0.4779,1.4532,2,1,0.7579,0.2869,0.1604,0,0,0
305.32,1,2,36.0,1,0.9832,0.0,7,1,0.6784,0.4325,0.0719,2,0,1
162.76,4,0,68.82,0,1.1746,0.0,2,1,0.4208,0.5238,0.2539,0,1,1
254.79,1,2,35.88,2,1.1892,0.0,4,0,0.6653,0.3131,0.2099,1,1,1
591.37,4,2,44.7,1,0.6853,6.4306,4,0,0.0679,0.346,0.0637,0,0,1
200.3,5,0,153.85,2,1.4572,0.0,8,0,0.8358,0.7415,0.2288,4,1,0
118.38,3,5,23.61,1,1.8037,0.0,2,0,0.1476,0.6658,0.1861,1,0,1
182.52,4,3,81.01,2,0.7534,0.0,1,0,0.4804,0.2285,0.0773,1,1,1
223.04,1,4,114.8,0,1.6803,0.0,7,1,0.5854,0.4127,0.0876,2,0,1
259.93,0,1,122.88,3,1.6044,0.0,2,0,0.4645,0.472,0.1587,0,1,1
338.57,4,0,133.52,1,1.136,0.0,5,0,0.5752,0.3288,0.1138,1,0,1
444.81,1,0,125.26,3,0.6743,5.7019,4,0,0.3891,0.6887,0.0372,0,1,1
218.91,1,2,22.11,1,0.993,0.0,5,0,0.2875,0.6855,0.0386,0,1,1
594.55,3,3,138.27,1,1.1625,0.0,7,0,0.5713,0.6208,0.1508,4,1,1
178.23,2,0,19.69,0,1.5081,0.0,2,0,0.7568,0.4387,0.2215,0,0,0
275.12,0,1,104.73,0,0.7212,0.0,2,0,0.5158,0.2953,0.1518,1,0,0
294.44,6,5,128.11,3,0.6569,1.7399,10,0,0.5347,0.3824,0.3136,3,0,1
210.36,5,1,130.32,0,1.4992,8.0474,2,1,0.4893,0.6788,0.077,1,0,1
446.42,4,4,42.88,1,0.5887,0.0,5,0,0.5221,0.4322,0.1025,1,0,1
80.87,1,0,49.49,2,1.5755,7.1879,6,0,0.6465,0.3944,0.0506,1,0,1
313.96,4,3,165.22,0,1.8784,0.0,4,0,0.7855,0.6177,0.0776,0,0,1
104.44,2,2,113.01,1,1.9072,6.7248,5,0,0.4765,0.696,0.039,0,1,1
219.88,6,2,111.29,0,1.8934,0.0,2,0,0.4742,0.4433,0.1192,2,1,1
188.97,2,2,173.49,0,1.7908,12.4449,2,0,0.3165,0.5072,0.2301,1,1,1
600.0,5,4,122.43,2,2.4095,0.0,6,1,0.6442,0.1616,0.0835,2,0,1
192.1,2,1,114.28,1,2.4194,1.7598,9,1,0.5434,0.8312,0.4285,0,0,1
305.54,3,5,64.09,1,1.9582,5.6273,4,0,0.9295,0.5994,0.1063,3,1,1
248.22,2,3,171.29,0,1.2376,2.7312,3,0,0.4662,0.449,0.1497,1,0,1
162.97,3,3,52.74,2,1.2413,10.2408,9,1,0.0807,0.7536,0.0359,1,0,1
158.55,2,4,74.79,1,1.5684,7.3059,6,0,0.3148,0.4347,0.0946,1,0,1
189.86,2,4,74.4,1,0.8664,8.0953,5,1,0.5862,0.4422,0.0989,0,0,1
257.69,5,2,34.89,1,1.656,8.7685,4,0,0.5066,0.851,0.05,0,0,1
247.22,4,0,52.41,0,1.3595,0.0,4,1,0.5758,0.6318,0.1183,1,0,1
366.88,4,2,140.69,1,1.2596,8.4726,6,0,0.4022,0.2398,0.2503,0,0,1
571.87,4,2,19.98,0,2.5301,0.0,5,0,0.7419,0.8127,0.1399,2,0,1
600.0,9,4,109.49,0,1.3767,12.674,3,0,0.2769,0.5816,0.1928,0,1,1
440.34,4,2,70.33,3,2.0654,0.0,8,0,0.2606,0.7061,0.2288,1,1,0
192.69,4,1,104.54,1,2.8388,7.2565,4,0,0.0605,0.4534,0.1379,1,0,1
357.63,2,4,165.53,0,1.7804,0.0,5,0,0.6857,0.4195,0.0916,1,0,0
406.19,3,2,174.25,1,3.4028,8.9738,5,0,0.329,0.5585,0.1348,0,0,1
186.74,2,1,37.51,1,2.1056,0.0,5,1,0.6066,0.6772,0.0825,0,0,0
478.42,3,1,152.72,0,1.3447,0.0,5,0,0.3766,0.4995,0.0402,0,1,1
151.76,2,2,83.59,3,0.4464,6.5608,8,0,0.6139,0.3059,0.06,2,0,0
350.43,3,2,138.49,3,1.0962,0.0,7,0,0.2668,0.5928,0.0137,1,0,1
184.73,0,2,43.18,0,1.1828,0.0,8,0,0.1604,0.5708,0.1739,0,0,1
544.76,2,0,172.22,1,0.8243,7.9342,7,0,0.4479,0.4796,0.1086,2,0,1
223.55,4,4,113.1,1,0.7402,6.6149,7,0,0.6482,0.1908,0.182,1,1,1
599.74,9,2,86.03,0,0.9434,13.5583,3,1,0.7306,0.6857,0.1834,0,0,1
208.58,1,2,35.75,0,1.4853,0.0,3,0,0.7924,0.3904,0.1361,3,0,1
600.0,4,3,33.12,1,1.516,0.0,6,0,0.7891,0.6458,0.219,2,0,1
245.29,4,5,81.19,2,1.2235,0.0,6,1,0.8952,0.2681,0.1168,0,0,1
329.04,2,7,107.48,0,1.428,0.0,5,1,0.4203,0.7885,0.1584,0,1,1
348.75,3,4,143.42,1,1.4482,0.0,7,0,0.5457,0.4741,0.113,1,0,1
216.95,5,1,31.28,3,0.7951,10.2771,9,0,0.4067,0.4423,0.0856,2,1,1
495.21,0,3,146.97,0,1.1582,0.0,5,0,0.5627,0.4583,0.0855,0,0,1
273.93,1,5,32.15,1,0.7038,6.817,5,0,0.4066,0.2028,0.0969,1,0,1
175.64,2,3,47.38,0,1.0857,0.0,5,0,0.6629,0.6287,0.0317,3,0,0
512.15,5,6,221.22,2,1.7714,3.0584,6,0,0.5591,0.6945,0.2198,3,0,1
223.16,3,1,174.19,0,1.366,8.2701,5,0,0.1166,0.3155,0.021,1,0,1
186.37,3,3,155.81,1,1.3352,0.0,5,1,0.3384,0.293,0.1647,2,0,0
181.13,2,4,122.94,2,1.0415,0.0,10,0,0.6146,0.545,0.0392,1,1,0
243.35,3,2,49.6,1,0.706,5.4094,3,0,0.5693,0.2566,0.0825,3,0,1
237.31,3,3,79.35,1,1.2256,0.0,8,1,0.4425,0.5224,0.1152,1,1,1
207.87,4,3,55.05,0,1.4414,0.0,2,1,0.2963,0.4726,0.1303,1,1,0
408.43,2,5,82.74,0,1.0699,0.0,3,0,0.5131,0.3034,0.1223,0,1,0
318.61,2,2,85.43,0,1.0819,0.0,3,0,0.3441,0.3277,0.1574,2,0,1
270.52,2,3,72.08,1,1.012,0.0,8,0,0.324,0.3949,0.0137,0,1,1
116.23,1,3,187.82,1,1.4352,13.6297,5,0,0.5767,0.6395,0.0888,2,0,0
129.68,1,1,37.71,2,1.1264,11.5839,3,1,0.3053,0.4695,0.1175,1,1,1
227.31,1,3,94.27,1,0.9092,2.8598,2,0,0.284,0.3728,0.225,1,0,1
187.45,1,0,199.83,0,1.237,0.0,3,1,0.5112,0.5028,0.0265,1,1,1
322.1,3,4,37.86,1,1.375,0.0,3,1,0.2309,0.5392,0.1171,2,0,1
289.86,5,5,121.01,0,1.9433,0.0,4,0,0.3032,0.5901,0.1298,0,1,1
221.87,0,0,175.78,1,1.8311,0.0,2,0,0.3597,0.6366,0.0201,0,0,1
192.48,6,1,57.57,1,1.875,8.4934,3,0,0.4107,0.5584,0.1235,0,0,1
600.0,1,3,144.65,2,1.2985,0.0,10,0,0.2182,0.8881,0.1942,1,0,1
221.49,4,2,91.51,2,0.5736,0.0,5,0,0.3157,0.3461,0.1353,3,0,1
245.26,1,2,49.53,0,2.5437,7.775,1,0,0.429,0.4139,0.1626,5,0,1
187.47,2,2,39.73,0,0.8387,6.8407,4,0,0.6104,0.6728,0.0903,0,1,0
165.0,2,4,0.71,1,1.4533,0.0,6,0,0.4131,0.5468,0.0176,0,0,0
133.59,1,3,144.33,1,1.3882,0.0,8,0,0.4064,0.5552,0.053,2,1,1
79.9,0,2,81.88,0,2.3808,0.0,3,1,0.6481,0.4894,0.0754,0,0,0
274.81,4,2,125.91,1,0.8218,6.3801,4,0,0.5593,0.5243,0.2045,1,1,0
398.84,3,2,135.0,1,1.0408,0.0,9,0,0.4654,0.3428,0.113,2,0,1
367.8,2,4,137.0,1,0.775,0.0,5,0,0.5535,0.4071,0.206,2,0,1
264.33,5,3,121.05,3,0.661,11.881,3,0,0.4445,0.2934,0.1087,1,0,1
97.49,2,2,137.79,2,1.2514,4.4597,2,0,0.3583,0.4697,0.0783,2,0,0
166.46,1,4,90.77,0,1.2704,0.8971,4,1,0.3909,0.5186,0.0283,0,1,0
197.61,2,4,48.8,0,0.5949,7.2427,4,1,0.6488,0.5656,0.12,0,0,1
235.05,0,0,140.71,0,0.9368,0.0,2,0,0.235,0.4573,0.0916,3,0,1
300.65,1,5,29.67,2,1.6727,0.0,7,0,0.3708,0.8283,0.1309,1,1,1
490.59,6,3,18.63,0,0.983,9.215,2,1,0.1509,0.5993,0.2793,2,0,1
600.0,2,1,112.0,3,2.259,6.6961,3,0,0.8679,0.5704,0.1257,2,0,0
256.54,2,3,72.58,2,2.5674,6.2605,8,0,0.3931,0.4194,0.1821,2,1,1
600.0,5,4,164.01,0,2.3088,0.0,5,0,0.6652,0.526,0.2584,0,0,1
138.18,2,3,44.86,0,1.187,0.0,8,0,0.5315,0.2085,0.0392,0,0,1
146.3,2,2,69.02,1,1.5319,0.0,6,1,0.7759,0.4681,0.0303,0,0,0
235.53,6,3,73.05,2,0.9754,6.8827,5,0,0.3371,0.3139,0.111,2,0,1
90.08,1,3,139.78,0,0.5941,0.0,5,1,0.1724,0.4752,0.0503,1,0,0
69.36,2,0,118.77,0,1.1574,0.0,5,0,0.6106,0.4951,0.237,1,0,0
160.94,2,1,20.18,1,0.5584,0.0,3,1,0.4077,0.1689,0.0198,0,1,0
230.43,1,2,8.77,1,1.444,7.0182,5,0,0.1498,0.279,0.2705,1,0,1
376.5,0,1,80.42,1,1.1027,0.0,3,0,0.6285,0.3715,0.0896,2,1,1
259.58,1,2,128.2,1,1.2448,0.0,2,0,0.6303,0.4137,0.1431,1,0,0
74.43,1,2,37.65,0,1.883,0.0,6,0,0.1636,0.8571,0.2116,0,1,1
385.45,4,3,134.09,0,1.3393,0.0,1,0,0.4394,0.5308,0.2039,2,1,1
80.33,1,2,80.98,1,1.2179,0.0,5,0,0.2723,0.5091,0.0866,1,1,1
384.15,1,1,50.47,1,0.8103,0.0,5,0,0.2771,0.4604,0.1357,0,0,0
120.58,1,0,24.32,1,1.2508,0.0,7,1,0.4605,0.355,0.0159,0,1,1
123.79,1,4,75.35,3,1.0817,0.0,5,0,0.5014,0.7729,0.1579,0,0,1
156.01,2,0,43.1,1,1.5926,9.8775,2,0,0.1626,0.3871,0.0973,0,1,0
341.29,2,4,90.18,0,3.0361,6.9881,3,0,0.6985,0.5189,0.0738,2,1,1
414.13,4,4,157.66,0,0.8577,0.0,4,0,0.2692,0.214,0.1193,4,0,1
280.04,1,6,106.45,1,2.5043,0.0,2,0,0.5646,0.309,0.1626,1,0,1
197.25,5,5,46.78,1,0.9734,0.0,5,0,0.4201,0.3491,0.0494,2,1,0
413.67,1,1,100.65,1,1.0531,7.3092,2,0,0.5389,0.6565,0.0149,0,0,0
214.08,2,6,77.71,0,1.1722,0.0,3,0,0.6693,0.4509,0.0641,3,0,1
189.33,1,4,138.3,1,0.8673,0.0,4,0,0.5408,0.5067,0.1809,3,0,1
332.9,2,1,234.47,1,3.0836,0.0,3,0,0.6567,0.8329,0.0279,0,1,1
529.33,3,0,48.15,2,1.4972,0.0,8,1,0.2998,0.8081,0.0951,1,0,1
134.68,1,2,74.04,2,1.7772,0.0,8,0,0.3369,0.3352,0.0146,0,1,0
380.55,3,3,73.57,1,1.9126,0.0,6,0,0.5903,0.5856,0.1964,2,0,1
170.56,2,2,43.29,1,0.8078,0.0,5,0,0.6261,0.1874,0.0867,0,0,1
244.88,3,2,24.23,3,0.8796,0.0,5,1,0.45,0.6674,0.1379,0,0,1
233.42,2,6,92.28,2,1.0817,0.0,4,0,0.7296,0.1857,0.1933,3,0,1
136.28,1,1,49.81,1,0.4768,5.3732,1,0,0.4162,0.3634,0.0863,4,1,0
600.0,8,2,67.01,1,2.2606,0.0,6,1,0.364,0.454,0.0846,2,0,1
393.53,3,4,46.54,1,0.873,0.0,3,0,0.3157,0.5067,0.2169,3,0,1
273.06,1,4,149.97,0,1.1403,0.0,3,1,0.4794,0.5696,0.1392,0,1,1
359.33,6,5,130.53,0,1.3669,0.0,2,0,0.4242,0.686,0.0263,0,1,1
320.94,1,4,40.43,0,1.0155,0.0,10,1,0.6978,0.4748,0.0489,2,1,1
355.95,3,2,57.52,1,1.1742,0.0,7,0,0.6557,0.4556,0.1464,3,0,1
201.13,1,5,96.14,0,1.0835,0.0,3,0,0.4326,0.6896,0.0553,2,1,0
160.11,1,1,112.17,3,2.2205,0.0,10,0,0.8402,0.6227,0.0311,0,1,1
361.67,5,3,77.37,0,1.1412,7.3388,2,1,0.2322,0.6039,0.0845,3,1,0
301.58,0,4,97.69,0,0.6798,9.8509,4,1,0.5561,0.7054,0.0857,1,1,0
245.79,0,1,32.34,0,0.999,7.0741,4,0,0.6174,0.2312,0.0967,1,0,1
411.22,3,0,7.95,0,1.8393,0.0,5,1,0.5512,0.7274,0.1918,0,0,1
147.22,3,2,65.75,0,1.6831,0.0,5,0,0.722,0.5289,0.2005,0,1,0
171.69,3,2,134.4,0,1.0344,0.0,6,0,0.569,0.5772,0.2069,0,0,1
289.62,5,1,98.02,1,1.0712,0.0,6,1,0.0807,0.5259,0.1213,2,0,1
534.6,3,0,38.67,1,1.0684,7.94,4,0,0.4489,0.4874,0.1,0,0,1
379.13,3,1,62.04,2,0.7167,5.6152,3,0,0.7682,0.3114,0.0645,3,0,0
559.42,3,3,93.41,2,0.8263,0.0,9,0,0.6282,0.4961,0.1889,0,0,1
222.09,0,4,112.27,0,0.976,11.8209,5,0,0.4359,0.4223,0.0203,2,0,1
184.53,1,0,146.82,2,0.8127,2.1575,3,0,0.6906,0.6232,0.2339,0,0,1
197.41,5,3,46.76,2,1.8542,13.5285,8,0,0.4126,0.6849,0.0869,3,1,1
294.4,3,2,103.22,1,1.3972,0.0,4,0,0.6277,0.4171,0.0617,2,0,1
141.17,2,2,47.35,0,2.4301,0.0,5,0,0.1663,0.7573,0.0573,0,1,0
90.66,0,3,121.78,3,1.1387,0.0,5,0,0.2682,0.5329,0.048,0,0,1
330.63,3,1,85.97,1,0.8776,0.0,2,1,0.1406,0.6472,0.1705,1,1,0
264.15,8,4,83.45,4,2.4875,0.0,8,0,0.4413,0.6626,0.1833,2,0,1
253.22,2,5,136.43,0,1.1015,0.0,6,0,0.8042,0.7109,0.0699,2,0,1
108.04,2,2,143.62,0,1.6878,0.0,4,0,0.7512,0.5044,0.1659,0,0,1
383.1,1,3,224.35,2,1.071,7.9461,4,1,0.494,0.5436,0.1297,1,0,1
355.71,3,2,150.78,0,1.2427,0.0,7,1,0.4702,0.6408,0.1196,0,0,1
161.09,2,1,232.13,3,0.7153,4.9164,10,0,0.3919,0.484,0.1498,3,1,1
228.82,4,5,200.69,2,1.5364,7.4362,3,0,0.609,0.2931,0.0992,2,0,1
276.83,3,5,141.64,2,1.1397,0.0,3,0,0.3731,0.3925,0.1369,3,0,1
329.81,5,1,201.34,0,0.6726,0.0,3,0,0.2312,0.6204,0.0801,2,1,0
342.11,5,3,189.2,1,2.2157,0.0,4,0,0.7542,0.2829,0.1311,2,0,0
137.8,4,2,21.19,1,0.9236,0.0,6,1,0.3773,0.8045,0.1404,3,0,0
600.0,4,1,217.95,1,0.9542,0.0,3,0,0.4816,0.5038,0.1287,2,0,1
600.0,5,6,115.42,1,1.6099,0.0,5,0,0.3509,0.3463,0.1687,2,0,1
224.7,3,2,12.24,0,2.4036,11.9895,1,1,0.5202,0.6971,0.0136,1,0,1
174.73,5,4,59.83,0,1.6034,0.0,7,0,0.9064,0.7801,0.309,0,1,1
308.65,8,4,125.57,1,0.3945,9.6117,2,0,0.3187,0.21,0.0305,0,0,1
600.0,5,3,30.54,1,2.5843,0.0,3,0,0.576,0.4571,0.0674,1,0,1
109.93,3,4,110.69,1,1.113,6.6233,2,1,0.4184,0.2004,0.1405,1,0,1
263.92,2,1,162.78,2,1.0579,3.5456,1,0,0.3475,0.5875,0.0771,1,0,1
600.0,5,5,186.43,0,0.6583,0.0,4,1,0.1147,0.3034,0.2329,0,1,1
16.4,0,0,40.08,3,1.9864,9.5439,7,0,0.5309,0.7985,0.1483,1,0,1
562.66,2,1,168.34,1,1.2081,0.0,4,0,0.3695,0.5086,0.0353,0,0,1
418.42,3,1,172.79,1,2.5721,7.5637,3,0,0.4666,0.6676,0.1067,5,0,1
370.62,4,2,117.83,0,0.7991,13.3259,1,1,0.5068,0.6982,0.0376,0,0,1
156.89,2,1,87.93,0,1.3065,14.2694,1,1,0.1515,0.3122,0.1125,2,0,0
471.76,4,4,150.11,0,1.338,0.0,1,0,0.7923,0.5592,0.1086,3,0,1
315.08,3,3,124.84,2,1.1494,3.4987,4,1,0.3966,0.3301,0.1663,3,0,0
437.68,4,1,180.99,2,0.8226,3.5236,1,0,0.6837,0.6627,0.1306,5,0,1
108.97,1,4,114.24,0,1.0573,0.0,8,0,0.525,0.6878,0.124,0,0,1
477.13,0,0,6.09,1,2.8639,0.0,7,0,0.3614,0.4907,0.0008,1,1,1
145.38,2,0,60.62,1,1.2208,2.5335,3,0,0.2637,0.2238,0.1666,1,1,0
600.0,3,2,67.32,0,1.6219,0.0,4,0,0.5274,0.4607,0.0889,1,0,1
80.93,2,2,52.77,0,1.0681,0.0,4,0,0.6156,0.1872,0.1946,2,0,1
335.84,1,0,38.82,1,1.1079,0.0,5,0,0.7318,0.4466,0.0132,1,0,0
127.85,2,1,100.73,2,1.2558,0.0,5,1,0.4915,0.4515,0.3008,1,0,0
213.36,3,4,94.28,2,3.0647,0.0,5,1,0.9166,0.5746,0.1314,3,0,0
284.96,1,2,134.11,0,0.4709,0.0,4,0,0.4459,0.2461,0.1567,0,0,0
318.31,3,5,57.4,0,0.5674,7.176,5,0,0.3216,0.2205,0.1348,3,0,0
446.03,3,5,174.33,2,2.8808,10.4758,5,0,0.2816,0.354,0.1478,3,1,1
286.01,3,1,12.42,1,1.3386,0.0,3,0,0.6855,0.5539,0.0217,1,0,0
142.79,0,0,62.72,2,2.02,0.0,4,0,0.9316,0.5787,0.2309,1,0,1
600.0,2,2,73.23,0,1.8591,0.0,1,0,0.5058,0.4999,0.0614,3,0,1
165.4,0,2,98.03,1,1.2268,0.0,8,1,0.6378,0.9225,0.0706,1,0,1
33.66,1,0,72.88,2,0.9796,10.5808,7,1,0.6257,0.3917,0.0152,0,1,0
366.59,3,1,130.82,2,1.277,0.0,8,0,0.591,0.4829,0.0499,2,0,1
245.58,2,5,68.71,1,1.2835,10.9986,6,1,0.7608,0.8235,0.0087,4,0,1
327.65,3,1,112.44,1,0.8342,11.3205,3,1,0.5527,0.5943,0.206,3,0,1
163.94,1,0,153.28,2,0.4908,0.0,2,0,0.2803,0.3954,0.0775,2,0,0
377.69,3,2,78.61,1,1.8041,0.0,3,1,0.7963,0.7258,0.2441,1,1,0
417.93,3,1,94.98,3,2.1484,0.0,10,0,0.5684,0.5508,0.0358,0,0,1
313.41,3,4,97.03,1,1.04,6.2894,5,1,0.9112,0.4757,0.0122,2,0,0
97.48,1,4,259.28,1,0.8846,8.232,4,0,0.0442,0.2356,0.1958,1,0,1
198.7,2,2,95.04,1,0.7256,5.6503,4,1,0.5,0.5736,0.053,1,1,1
431.98,3,4,108.47,1,2.3206,10.1392,7,0,0.659,0.5479,0.0517,0,0,1
156.56,2,0,125.38,0,1.022,2.4935,6,1,0.5966,0.5516,0.1887,0,0,1
376.16,1,2,120.03,3,1.4184,8.0935,2,0,0.6634,0.3428,0.1562,3,0,0
253.32,3,5,167.37,3,0.6154,6.3572,5,1,0.6965,0.1802,0.2944,3,1,0
77.43,1,2,89.38,0,3.2945,0.0,3,1,0.1463,0.2054,0.0518,0,0,1
600.0,7,3,13.28,0,3.0371,7.1416,9,0,0.7258,0.6131,0.1831,5,0,1
397.22,2,4,102.64,3,1.015,5.3464,7,0,0.5882,0.2506,0.0293,4,0,1
352.25,7,3,95.64,0,1.8076,0.0,4,0,0.617,0.6947,0.0518,5,1,1
454.26,6,7,128.84,2,2.5829,0.0,1,1,0.0922,0.5624,0.0836,1,0,1
162.62,1,0,54.63,0,0.7903,13.4487,6,1,0.4409,0.3522,0.0993,0,0,1
89.17,0,1,89.74,2,1.0408,6.6543,8,0,0.599,0.6367,0.1439,0,1,1
480.9,4,2,243.34,0,0.697,3.3711,3,0,0.365,0.3704,0.1403,2,0,1
296.42,6,2,159.59,0,0.6916,0.0,4,0,0.5007,0.2627,0.0947,1,1,1
126.8,0,0,217.12,3,2.2113,5.4431,4,0,0.267,0.2485,0.0721,2,1,0
600.0,4,4,57.57,1,1.242,10.458,2,0,0.2015,0.4848,0.061,2,1,1
468.09,2,2,122.09,1,1.0245,0.0,6,0,0.7269,0.476,0.0424,2,1,1
355.98,3,5,111.84,1,0.6406,0.0,8,1,0.2793,0.2822,0.2686,1,0,1
66.88,2,1,75.38,2,1.6321,4.9019,5,0,0.0978,0.4978,0.1631,0,0,1
245.15,3,3,9.92,0,1.1139,0.0,4,0,0.6362,0.2476,0.1973,2,0,0
388.35,6,5,180.68,0,0.9664,0.0,3,0,0.2106,0.5659,0.1849,3,0,1
478.42,2,4,124.73,2,0.6944,0.0,5,0,0.7517,0.2827,0.181,2,0,1
133.73,3,2,131.88,1,1.5376,0.0,10,0,0.2627,0.7734,0.1661,1,1,0
40.76,0,4,70.75,1,1.1001,6.3287,7,0,0.1559,0.4824,0.2189,0,1,1
216.72,5,5,77.87,1,0.719,0.0,2,0,0.8474,0.7658,0.0348,0,1,1
169.94,0,0,99.63,1,1.4916,0.0,3,0,0.3819,0.3418,0.0584,0,0,1
339.23,3,3,60.47,1,0.7971,7.5782,3,0,0.4767,0.4272,0.3217,1,0,1
532.47,5,4,128.22,0,1.2987,5.9395,2,0,0.633,0.3086,0.3323,1,0,1
511.61,0,2,32.57,0,1.2568,4.5628,2,0,0.4889,0.3845,0.0451,2,1,1
101.36,1,7,190.68,2,1.7195,7.0363,6,1,0.3097,0.4857,0.0794,2,1,0
530.36,5,2,120.55,1,1.6163,7.6189,1,0,0.8457,0.7114,0.0771,2,1,1
60.36,0,6,159.23,0,1.3471,9.0508,7,0,0.4355,0.2768,0.0517,4,1,0
316.97,4,5,67.95,2,1.7061,7.9159,5,0,0.1581,0.4779,0.0587,0,1,0
498.97,7,5,203.65,4,1.5729,9.0071,9,0,0.593,0.3838,0.1711,3,0,1
223.79,1,3,159.36,1,1.5462,0.0,2,0,0.6315,0.491,0.0104,1,1,1
172.51,3,3,76.99,0,1.4948,9.9178,1,0,0.6635,0.3802,0.157,1,1,1
274.18,5,2,109.43,1,1.4846,0.0,1,0,0.2018,0.434,0.0143,3,1,0
286.02,3,2,182.6,1,1.2323,12.1908,1,0,0.5504,0.7342,0.1879,3,0,1
322.31,4,4,58.66,0,1.011,6.7503,2,0,0.2251,0.2692,0.0869,1,0,1
288.94,1,2,60.87,0,1.7856,0.0,3,0,0.4593,0.7013,0.1798,0,1,1
164.64,4,4,121.54,1,0.8391,6.5438,2,1,0.5837,0.734,0.169,4,0,1
370.01,6,2,185.53,1,1.9305,10.8579,2,0,0.4773,0.7303,0.1532,4,1,1
375.87,2,2,152.68,1,0.8982,0.0,3,1,0.3112,0.6874,0.055,1,0,0
463.8,5,3,62.37,0,1.7869,0.0,3,0,0.3472,0.7508,0.1101,2,0,0
300.05,7,1,166.45,0,2.1165,5.7873,8,0,0.3685,0.8511,0.0876,2,0,1
531.38,4,2,136.86,0,1.3131,0.0,4,0,0.4119,0.7215,0.1968,1,1,1
331.16,8,4,50.88,1,2.146,0.0,4,1,0.5952,0.5124,0.0719,2,0,1
254.74,2,1,53.67,1,1.5813,0.0,1,0,0.3428,0.6746,0.1765,1,1,1
441.3,3,1,122.52,0,1.4725,0.0,4,0,0.5462,0.5343,0.0873,1,0,1
62.64,0,0,128.46,1,1.2476,0.0,6,0,0.5418,0.5573,0.2185,1,0,1
397.08,7,3,148.24,3,0.8421,2.4466,6,0,0.6493,0.3421,0.1499,0,0,1
310.75,5,2,42.76,0,1.6842,7.6534,9,0,0.5034,0.7404,0.0644,2,0,1
253.1,4,0,140.31,1,1.44,0.0,4,0,0.1475,0.4157,0.0353,0,0,1
230.0,1,2,27.93,2,1.6754,0.0,2,0,0.5466,0.4148,0.1017,4,0,1
207.74,5,4,50.98,1,1.0963,0.0,8,0,0.4916,0.4482,0.182,0,0,1
330.19,1,1,51.3,2,0.9107,0.0,5,0,0.5406,0.8361,0.1141,1,0,0
333.56,2,0,153.41,0,1.0807,0.0,3,0,0.3564,0.3582,0.2168,0,0,0
145.79,3,6,126.37,1,1.573,7.313,2,0,0.538,0.3376,0.225,2,0,1
173.64,0,1,36.57,1,0.6198,0.0,6,1,0.3374,0.2105,0.1828,0,0,1
344.02,3,5,212.74,1,1.9573,0.0,5,1,0.4962,0.2801,0.0728,4,0,1
145.01,3,3,164.28,1,0.7009,3.2638,1,0,0.5187,0.1538,0.1155,2,0,0
261.73,5,3,132.37,3,0.8332,1.8308,5,1,0.3117,0.3272,0.2813,1,0,1
273.71,2,1,101.6,1,1.1474,6.0053,5,0,0.309,0.6959,0.2036,0,0,1
255.16,2,4,40.14,0,1.1122,8.8554,2,0,0.5085,0.4786,0.1674,0,0,1
284.63,2,1,93.79,0,1.5028,0.0,7,0,0.2996,0.3491,0.0668,3,0,1
79.92,2,0,137.86,0,1.556,0.0,2,1,0.5035,0.3959,0.1402,1,0,1
354.7,1,5,138.09,1,1.3661,0.0,1,0,0.6234,0.4547,0.2069,3,1,1
116.35,0,2,99.3,1,1.129,0.0,5,0,0.2408,0.3484,0.1861,1,0,1
249.7,5,1,226.09,1,2.1557,0.0,3,0,0.2632,0.5986,0.1764,2,0,1
318.28,1,2,168.56,1,1.3162,4.934,6,0,0.0273,0.5974,0.0829,2,1,0
274.08,4,5,111.41,2,1.4413,0.0,8,0,0.7082,0.4822,0.1893,2,1,1
199.23,2,3,70.44,1,0.8906,7.6186,7,0,0.5691,0.4914,0.1963,2,1,1
295.79,4,4,43.61,3,1.4863,10.3744,3,1,0.1885,0.5572,0.0756,2,1,0
293.35,4,1,47.74,1,2.5124,0.0,7,0,0.1923,0.4228,0.0749,0,0,1
65.92,1,2,35.62,0,0.6818,3.1224,4,0,0.1826,0.3729,0.0952,1,1,0
306.0,4,3,210.51,2,1.7238,0.0,5,0,0.3972,0.4844,0.0459,0,1,1
86.91,1,4,61.19,2,1.9334,0.0,3,1,0.3092,0.5043,0.1526,2,0,1
321.65,4,3,118.19,2,0.6261,12.373,7,1,0.6557,0.4042,0.1386,1,1,1
454.76,5,3,95.34,0,1.9407,0.0,5,1,0.5817,0.5547,0.127,2,1,1
330.15,4,0,105.18,1,0.831,9.211,4,1,0.5442,0.6223,0.0353,2,1,0
285.74,6,7,206.82,0,1.6202,0.0,4,0,0.7053,0.6355,0.1335,2,1,1
314.85,5,7,58.44,2,1.3002,0.0,5,0,0.4329,0.6219,0.0773,3,0,1
443.3,7,5,181.26,0,2.2421,9.1605,1,0,0.5276,0.7481,0.1173,3,1,1
283.05,2,2,14.51,1,1.4094,0.0,7,1,0.4055,0.5427,0.0553,1,1,1
328.03,3,5,109.87,3,2.1777,9.7389,6,0,0.519,0.424,0.3504,2,0,1
345.0,4,4,27.97,1,1.5949,7.7562,7,0,0.5692,0.8044,0.0292,1,0,1
324.69,10,3,102.93,1,1.8189,0.0,6,0,0.6991,0.5215,0.2819,1,0,1
140.32,1,5,35.31,0,1.1668,0.0,3,0,0.4166,0.5611,0.0995,4,1,0
167.94,1,0,20.07,0,1.3832,1.0667,1,0,0.6469,0.6321,0.2439,0,1,0
135.8,3,1,26.92,0,1.2418,0.0,3,1,0.4335,0.7731,0.0659,2,0,0
424.77,3,1,122.45,1,0.7779,0.0,1,1,0.8561,0.0722,0.1947,3,1,0
444.61,2,2,80.26,1,1.0035,6.868,8,0,0.361,0.3827,0.0616,2,0,1
109.21,2,1,121.3,2,0.501,2.4393,6,0,0.4477,0.3856,0.2562,0,0,1
338.98,3,1,94.8,3,1.9349,9.0991,4,1,0.5472,0.5897,0.0034,1,0,1
214.09,3,3,37.18,0,2.1205,0.0,5,0,0.2154,0.5578,0.0895,1,0,1
600.0,6,4,159.29,2,0.94,0.0,4,0,0.4284,0.086,0.1828,1,1,1
133.84,2,0,34.47,1,2.3324,0.0,4,0,0.4462,0.8233,0.1535,0,1,1
159.1,2,2,14.08,4,0.8558,0.0,6,1,0.2875,0.6517,0.0485,1,1,0
231.8,2,1,100.86,1,0.7693,9.9863,2,0,0.5521,0.4149,0.1396,1,1,0
553.47,5,3,54.9,0,1.7871,0.0,3,0,0.5809,0.4973,0.2308,1,0,1
600.0,8,7,82.74,1,2.94,8.9725,6,1,0.7657,0.6391,0.1148,0,1,1
375.16,2,1,221.7,1,0.9521,0.0,4,0,0.2865,0.2423,0.0613,0,0,1
466.93,3,2,77.62,0,2.5816,11.1457,2,0,0.5965,0.8132,0.1243,0,0,1
152.6,2,2,21.23,2,0.8977,0.0,4,0,0.3226,0.7468,0.1553,2,0,0
183.31,2,1,32.72,1,1.5042,4.4392,4,0,0.5625,0.1067,0.034,2,0,1
589.33,2,0,71.7,1,2.0572,0.0,10,0,0.213,0.2395,0.0968,0,1,1
176.71,2,1,140.11,0,1.3201,0.0,1,0,0.6287,0.7109,0.1099,0,0,1
262.22,0,4,141.35,0,0.9092,9.4199,3,0,0.5248,0.405,0.0582,0,0,1
168.24,2,2,200.49,1,1.2626,0.0,2,0,0.5901,0.7465,0.0797,0,1,0
271.83,3,2,90.93,2,1.6882,0.0,6,0,0.2969,0.7947,0.0764,0,0,1
600.0,6,4,91.57,2,2.0258,0.0,6,0,0.1763,0.5329,0.0178,3,0,1
587.65,4,1,193.78,0,1.5862,0.0,6,1,0.5149,0.4816,0.0506,5,1,1
59.7,1,4,105.61,0,1.291,0.0,3,0,0.7536,0.5557,0.1257,1,0,1
203.78,3,3,211.2,2,1.8057,0.0,4,0,0.5399,0.7006,0.273,3,1,1
95.86,1,1,58.35,0,1.6261,9.7118,1,1,0.3509,0.6301,0.1083,0,0,1
600.0,7,6,178.15,1,1.1116,4.1646,4,0,0.5563,0.7546,0.0195,3,0,1
319.62,2,3,46.13,2,1.6598,0.0,4,0,0.1851,0.6916,0.0402,4,1,1
362.67,2,2,188.47,0,1.5124,0.0,5,0,0.685,0.4383,0.26,2,1,1
262.44,2,3,46.1,1,1.1435,0.0,3,1,0.5554,0.714,0.2496,1,0,1
371.56,5,4,113.59,1,1.2387,3.0149,6,1,0.638,0.7378,0.2544,4,0,1
144.9,3,0,118.14,1,1.8443,0.0,3,1,0.4656,0.4371,0.1505,0,1,0
50.25,1,0,47.92,0,2.372,0.0,5,0,0.5779,0.8582,0.0548,0,1,0
168.3,3,1,48.62,0,2.7327,0.0,3,1,0.3755,0.5692,0.0471,0,0,0
363.56,7,5,70.12,2,1.9529,0.0,6,1,0.5761,0.7474,0.2481,0,0,1
249.6,6,4,244.43,0,0.804,9.6016,4,0,0.4127,0.6912,0.163,2,0,1
350.43,4,2,197.82,1,0.6641,7.1861,3,0,0.5027,0.511,0.3472,4,0,1
211.4,2,2,45.9,1,2.342,0.0,3,0,0.6677,0.6634,0.0252,0,1,1
17.45,0,2,21.1,1,0.7959,3.177,3,0,0.7734,0.4767,0.1383,0,0,0
146.03,3,3,166.53,2,1.0016,0.0,10,1,0.3963,0.2772,0.0631,0,0,1
273.92,2,3,48.59,0,1.2858,0.0,4,0,0.4616,0.6007,0.2827,0,0,0
180.61,2,3,142.81,2,0.7696,0.0,6,0,0.7971,0.3337,0.1673,2,0,1
159.43,2,1,140.84,0,2.0051,0.0,3,0,0.3151,0.5688,0.0554,1,1,1
137.79,1,5,166.28,0,0.6107,0.0,3,0,0.5902,0.4925,0.0978,2,0,0
480.43,5,7,119.86,1,0.5803,3.0294,6,0,0.6205,0.2483,0.1897,2,0,1
600.0,3,4,129.37,1,2.6797,3.4011,5,0,0.7389,0.494,0.1118,5,0,1
459.93,2,2,117.17,0,1.4414,4.6395,4,0,0.5939,0.3897,0.0725,2,1,0
124.75,0,2,85.01,2,1.1012,0.0,4,0,0.6084,0.7,0.1732,0,1,1
250.94,3,1,116.02,1,1.115,0.0,5,1,0.7119,0.3538,0.1261,2,0,1
377.25,2,2,97.04,2,1.224,3.3845,5,0,0.3851,0.3155,0.1114,0,1,1
577.18,4,4,213.08,1,1.1041,0.0,3,0,0.5709,0.7998,0.0989,1,1,1
170.98,4,1,27.29,2,0.5399,0.0,7,0,0.4007,0.3034,0.2992,1,0,1
248.23,3,5,98.14,1,0.6724,0.0,3,0,0.4659,0.6331,0.1376,0,0,1
77.67,2,1,22.97,0,3.4592,0.0,4,0,0.5278,0.5876,0.0929,1,0,1
561.14,2,3,56.1,1,1.3614,7.9042,9,1,0.604,0.5275,0.0248,0,1,0
181.56,1,2,94.83,1,0.8113,7.1914,1,0,0.2953,0.454,0.0966,0,0,1
429.58,4,5,142.17,2,1.4313,0.0,5,1,0.4406,0.2405,0.1717,2,0,1
409.75,5,2,115.77,1,2.0194,0.0,5,0,0.439,0.4068,0.1481,0,1,1
206.16,2,2,3.75,2,0.5722,2.7809,4,0,0.4161,0.4058,0.1283,0,0,1
135.81,2,4,135.29,2,0.588,0.0,5,0,0.5664,0.4447,0.0534,0,0,0
206.03,2,5,156.88,3,1.2686,6.6361,5,0,0.7156,0.1372,0.1873,2,0,1
206.68,3,3,56.34,0,1.9868,3.3382,4,0,0.4895,0.4806,0.2218,0,0,0
110.88,3,0,99.29,3,1.3851,0.0,5,0,0.3103,0.2807,0.0285,1,0,0
404.18,3,1,200.63,0,1.7031,0.0,4,0,0.927,0.7785,0.0567,3,0,1
585.19,5,3,156.29,2,1.4263,12.3886,6,0,0.7161,0.7007,0.1303,2,0,1
209.36,2,1,28.72,1,1.0134,2.9779,3,0,0.4432,0.2921,0.2421,1,0,0
317.77,3,1,128.82,3,1.4622,0.0,6,1,0.6146,0.3553,0.0879,0,0,1
216.79,5,5,84.26,2,1.2198,0.0,8,0,0.3035,0.6022,0.0849,1,1,0
397.52,5,4,90.23,1,0.8966,0.0,8,0,0.5174,0.5199,0.1012,1,1,1
156.33,2,2,56.89,2,2.7414,0.0,6,1,0.5292,0.5362,0.1963,1,0,1
114.64,2,2,220.12,3,1.442,12.1471,8,1,0.098,0.5092,0.2912,0,1,1
404.25,7,1,123.53,2,0.717,2.932,4,1,0.4121,0.42,0.1081,3,0,0
213.17,7,4,36.73,1,0.7088,0.0,10,0,0.4049,0.3395,0.2357,2,0,1
344.94,2,3,206.29,1,2.191,0.0,3,0,0.4436,0.4264,0.0397,1,1,1
317.33,3,1,92.36,1,2.2022,5.1169,2,0,0.4784,0.4896,0.1029,1,0,1
426.38,1,4,141.07,1,1.4862,0.0,6,0,0.5914,0.3152,0.1449,5,1,1
378.65,1,1,48.73,1,2.0789,0.0,3,0,0.7138,0.5508,0.1124,0,1,1
204.24,3,4,49.85,0,1.5338,1.6548,3,0,0.4984,0.2782,0.1149,2,1,1
184.01,2,1,57.57,2,0.8394,0.0,5,0,0.3763,0.4543,0.2043,0,0,0
107.25,2,4,74.96,2,1.2827,0.0,3,1,0.5604,0.7141,0.0717,0,0,0
289.41,4,4,218.86,1,0.9703,13.3219,3,0,0.3868,0.5551,0.1525,5,0,1
216.33,3,2,103.71,1,2.2359,0.0,3,0,0.6131,0.6175,0.0685,2,0,1
172.88,1,1,57.81,0,1.2218,0.0,3,1,0.2111,0.6777,0.165,0,0,0
470.04,3,3,65.36,0,2.5915,0.0,5,0,0.4171,0.3368,0.0395,1,1,1
133.32,2,3,91.16,1,2.1841,5.8527,7,1,0.2707,0.3595,0.2517,5,0,1
467.85,7,2,23.75,0,1.0902,12.7568,4,0,0.4209,0.6593,0.08,1,0,1
451.89,3,2,123.86,2,2.3497,5.7654,5,0,0.4939,0.3675,0.0339,1,0,1
252.19,7,3,148.22,1,1.5054,0.0,5,0,0.6302,0.5718,0.1483,0,1,1
480.05,1,3,27.83,1,0.6029,2.3947,7,0,0.4885,0.2517,0.15,1,1,1
93.85,1,3,225.35,1,1.7606,0.0,5,0,0.8389,0.6106,0.1083,2,1,1
480.92,7,3,127.15,3,1.0449,4.7301,10,1,0.5517,0.4457,0.2053,4,1,1
600.0,5,4,65.57,3,1.8248,0.0,2,0,0.7599,0.694,0.0844,1,0,1
592.99,7,4,42.05,3,0.7641,0.0,5,0,0.4703,0.536,0.1323,3,1,1
312.25,3,3,174.83,0,1.4861,13.2843,4,0,0.5614,0.5948,0.1031,1,1,1
185.1,2,2,176.33,1,3.2242,0.0,7,0,0.366,0.5021,0.1131,0,0,0
170.6,1,0,18.46,0,1.0396,1.4997,2,0,0.8273,0.3433,0.1351,2,0,0
275.62,1,0,33.97,1,2.7725,0.0,4,0,0.4937,0.6087,0.1108,1,0,0
322.67,0,0,76.41,1,0.9326,0.0,3,1,0.6616,0.2811,0.0786,0,0,1
295.0,2,6,76.51,0,1.4061,0.0,4,1,0.5936,0.2841,0.1802,2,1,1
202.45,0,1,120.39,1,1.7153,0.0,3,0,0.4136,0.5033,0.008,0,1,0
115.46,2,2,150.7,3,0.9855,7.0099,4,1,0.3064,0.4749,0.1117,1,0,1
158.01,2,3,39.93,2,1.1258,0.0,3,1,0.2292,0.433,0.0889,4,1,1
562.57,10,5,114.8,1,1.3782,3.3516,8,1,0.6329,0.4569,0.023,3,1,1
492.71,4,1,29.37,3,0.6699,0.0,8,0,0.0409,0.1058,0.1657,1,1,0
281.79,1,1,27.97,2,0.6487,8.7649,1,0,0.7389,0.0812,0.0923,2,0,1
371.09,5,3,49.21,0,1.5856,1.1669,2,1,0.4803,0.3031,0.19,3,0,0
173.64,2,2,15.14,0,1.2199,0.0,3,0,0.3703,0.6839,0.0889,2,1,1
405.7,6,4,108.17,0,0.9165,13.4399,4,0,0.4061,0.7793,0.1848,2,1,1
273.42,2,0,31.59,1,2.6264,10.5967,2,1,0.8005,0.6795,0.0813,1,0,1
294.6,5,0,129.92,0,2.5472,0.0,4,0,0.7278,0.6623,0.1866,1,1,1
262.34,2,2,272.02,1,0.6007,2.5539,2,0,0.423,0.1673,0.0796,3,1,0
586.8,7,1,40.41,2,1.0371,0.0,4,0,0.5292,0.7231,0.0831,1,1,1
600.0,3,2,203.37,5,0.6681,0.0,10,0,0.1498,0.5057,0.1546,1,0,0
168.99,3,3,65.67,2,1.5884,11.345,3,0,0.4788,0.6332,0.1586,1,1,0
39.3,0,0,183.85,0,1.564,0.0,5,1,0.3714,0.5051,0.0722,0,0,1
197.35,1,6,65.72,1,2.3013,2.6738,8,0,0.9247,0.5327,0.1991,1,1,1
199.75,3,2,132.48,0,1.4551,4.7817,3,0,0.4358,0.4642,0.1033,1,0,0
500.18,2,4,165.49,1,1.7093,5.3231,4,0,0.4756,0.4679,0.1168,4,0,1
323.44,4,3,75.39,3,1.061,4.6886,8,0,0.4014,0.3334,0.1259,1,0,1
219.93,0,1,73.43,0,1.1823,0.0,4,1,0.4815,0.6421,0.0629,1,1,0
127.34,3,1,85.73,1,1.3425,0.0,3,0,0.1966,0.519,0.089,2,0,1
197.61,3,1,20.1,0,1.2057,0.0,4,0,0.3799,0.5724,0.2123,1,0,1
285.47,3,3,68.29,3,1.5977,0.0,3,1,0.4413,0.4858,0.16,0,0,0
452.19,3,2,82.19,3,2.8386,3.6267,8,0,0.598,0.5159,0.1407,0,0,1
600.0,5,6,144.2,2,0.8654,0.0,3,1,0.2397,0.4558,0.3395,3,0,1
105.61,1,1,133.83,4,1.1678,0.0,6,0,0.3676,0.6465,0.0794,2,0,0
184.99,0,1,40.76,0,0.9477,0.0,4,0,0.4445,0.5113,0.0592,1,1,0
338.21,4,3,140.07,0,1.0308,0.2263,3,1,0.7785,0.2655,0.2332,1,1,1
333.7,2,3,136.46,0,1.0211,0.0,2,0,0.5938,0.337,0.2389,3,1,0
196.58,4,2,26.42,3,1.0474,7.0373,2,1,0.1949,0.4449,0.0568,0,1,1
285.01,4,5,54.63,2,2.1416,0.0,4,0,0.4839,0.5789,0.2196,3,0,1
204.46,4,4,46.98,1,0.9233,10.9159,2,0,0.2096,0.5399,0.0654,1,1,1
224.16,2,2,84.39,2,1.0397,0.0,3,0,0.6637,0.5533,0.2273,1,0,1
600.0,5,4,125.22,1,1.1896,0.0,4,0,0.4919,0.3142,0.125,2,1,1
322.01,0,4,42.43,0,0.8946,0.0,3,0,0.2345,0.6147,0.2288,1,0,0
239.5,1,0,41.53,2,0.7345,8.9452,1,0,0.2338,0.2131,0.164,1,0,0
319.29,1,4,142.59,1,1.1071,0.0,2,1,0.4579,0.4543,0.0654,0,0,1
600.0,1,4,122.52,2,1.2784,10.6164,6,0,0.8337,0.374,0.0677,1,1,1
242.5,3,3,122.93,0,1.2611,0.0,3,0,0.5185,0.3516,0.2163,2,0,0
128.2,3,3,79.09,1,1.3154,0.0,5,0,0.8327,0.3052,0.0835,3,1,0
83.74,1,2,19.19,0,1.3119,0.0,1,0,0.6024,0.5199,0.047,1,0,1
214.5,0,1,20.15,1,1.662,4.2158,6,1,0.4822,0.4272,0.1044,0,1,0
149.67,1,0,78.73,0,1.1771,4.7961,3,1,0.649,0.5405,0.0279,0,1,0
142.63,4,4,209.04,1,2.689,0.0,6,0,0.3788,0.5897,0.0366,3,0,1
424.77,5,3,38.34,2,1.7225,0.0,7,1,0.5397,0.4684,0.2692,0,1,1
313.32,3,4,108.41,1,1.1204,0.0,5,0,0.7004,0.5616,0.1403,1,1,0
322.41,2,0,92.16,1,0.6827,7.0615,5,0,0.5671,0.5041,0.1812,2,0,1
173.04,3,1,87.74,1,1.6737,0.0,1,0,0.4199,0.5841,0.0402,2,0,0
493.81,3,3,68.08,0,0.7776,3.919,3,1,0.254,0.0881,0.027,0,0,1
447.23,7,4,111.02,0,1.9917,0.0,3,0,0.5264,0.8212,0.1484,2,0,1
345.39,3,0,201.22,0,0.9726,0.0,3,1,0.4941,0.5166,0.0416,1,1,0
153.89,2,3,78.01,2,1.1596,6.6543,2,0,0.2736,0.6021,0.0153,2,1,0
242.16,5,2,70.7,0,0.8988,8.5701,6,0,0.5755,0.4722,0.0539,4,1,1
108.6,1,0,52.02,3,1.0958,0.0,5,0,0.8517,0.4083,0.0204,3,0,0
403.26,5,2,167.89,3,2.6553,0.0,5,1,0.6351,0.6496,0.2414,1,0,1
208.37,1,3,126.89,1,0.4375,4.7345,2,0,0.5136,0.5038,0.2107,0,0,1
93.66,1,1,123.25,1,1.0973,10.6612,4,0,0.2289,0.4267,0.1167,0,0,1
253.94,3,4,97.77,1,1.0304,4.737,2,0,0.4892,0.5847,0.1944,1,0,1
297.65,6,5,122.63,1,0.6389,3.4831,3,0,0.4597,0.4937,0.059,1,1,1
127.49,1,0,108.7,0,0.5512,0.0,3,1,0.1523,0.6363,0.0142,1,1,0
226.25,4,0,92.42,0,1.4101,0.0,2,1,0.6999,0.3128,0.2856,3,0,1
342.16,0,1,28.03,4,0.9834,0.0,5,0,0.2096,0.3173,0.2869,0,0,1
388.93,6,4,262.62,0,1.77,0.0,4,0,0.6274,0.6763,0.2289,1,1,1
258.47,5,5,98.23,1,1.366,0.0,6,0,0.3985,0.3022,0.2695,1,0,1
274.17,4,4,80.29,0,1.1346,0.0,4,0,0.1715,0.7787,0.1859,3,0,1
248.01,3,3,102.46,1,1.1885,0.0,5,1,0.7086,0.3131,0.2011,2,1,1
216.74,2,0,26.71,1,0.7606,0.0,5,0,0.7043,0.3603,0.0085,1,0,1
150.14,0,0,84.05,1,1.7089,0.0,5,0,0.2964,0.6934,0.0584,1,1,0
202.72,3,0,72.16,1,1.6195,0.0,6,0,0.5924,0.6457,0.0034,2,1,1
293.33,3,1,92.16,2,2.4356,0.0,1,0,0.4107,0.7994,0.0874,1,0,1
482.61,6,4,109.29,2,1.3668,0.0,1,0,0.313,0.6331,0.1009,2,1,1
196.56,2,3,138.05,1,0.5352,0.0,7,1,0.301,0.5535,0.2378,1,0,0
257.53,4,2,14.1,2,1.7313,0.0,3,0,0.6023,0.5634,0.1822,4,1,1
290.47,4,1,44.49,1,1.1053,0.0,2,0,0.6807,0.4857,0.0764,1,0,1
166.27,1,1,25.02,0,0.6716,0.0,6,0,0.4634,0.2955,0.0821,0,1,0
333.74,3,5,125.0,0,1.0474,0.0,2,0,0.4759,0.5594,0.0832,0,0,0
297.97,1,4,137.4,3,2.5605,0.0,7,0,0.7825,0.4692,0.0755,1,1,1
213.48,3,2,200.4,1,1.0838,10.9054,2,1,0.0707,0.333,0.1818,0,1,1
338.17,2,2,166.4,3,1.512,0.0,5,0,0.3348,0.7438,0.1332,0,0,1
305.16,0,1,68.74,1,1.4432,0.0,6,0,0.1771,0.3637,0.099,1,0,1
282.88,1,0,64.57,2,1.1252,2.0179,4,0,0.438,0.3591,0.0199,1,0,0
223.41,3,5,232.47,2,0.769,13.4566,2,0,0.3133,0.4647,0.1267,3,1,1
585.17,3,2,57.57,1,1.1767,0.0,1,0,0.5637,0.5034,0.0896,1,0,0
165.0,2,1,64.17,2,2.4591,0.0,7,0,0.816,0.5473,0.2087,2,1,1
150.23,2,0,157.72,0,0.6594,0.0,6,0,0.4138,0.5683,0.1137,1,0,1
312.35,3,2,108.76,0,2.2728,0.0,3,0,0.7881,0.5295,0.2782,1,0,1
449.95,3,2,83.39,3,1.3505,7.5692,5,0,0.53,0.5377,0.1062,2,0,0
204.47,1,1,78.63,1,1.2592,5.7232,4,0,0.1959,0.6475,0.0757,1,0,0
151.59,1,4,99.06,0,0.9642,0.0,6,0,0.2234,0.3198,0.0193,0,0,1
238.0,1,2,77.78,2,0.7158,7.2548,4,0,0.4241,0.3127,0.1486,2,0,0
192.03,2,2,80.81,1,0.768,0.0,5,0,0.7195,0.5379,0.1412,2,0,0
158.47,1,1,110.22,0,1.3749,0.0,2,0,0.8288,0.7749,0.0804,0,1,0
81.84,2,1,116.43,1,0.8461,5.6123,5,1,0.6696,0.5248,0.0181,1,0,1
331.35,3,1,164.39,1,1.6357,0.0,8,1,0.429,0.6379,0.0417,4,1,1
192.24,5,3,203.08,1,1.0658,0.0,10,0,0.5985,0.4414,0.0666,0,0,1
397.17,2,5,61.98,1,2.8475,0.0,4,0,0.7096,0.592,0.1636,4,0,1
220.17,0,1,2.39,2,0.6929,5.0673,5,0,0.2037,0.2096,0.149,0,1,0
230.91,6,1,52.26,1,0.9316,0.0,6,1,0.3738,0.5163,0.0187,0,0,1
172.63,4,1,84.27,0,1.8008,8.7855,4,1,0.3243,0.3276,0.121,2,0,0
242.47,1,0,94.5,0,1.0179,0.0,3,0,0.1661,0.5157,0.1397,2,1,0
309.92,5,4,173.1,0,0.8824,0.0,3,0,0.7602,0.5315,0.0964,1,1,1
315.03,2,0,129.27,3,1.134,0.0,7,0,0.1164,0.5489,0.0768,2,1,1
164.76,4,1,142.53,0,1.1045,5.2341,4,1,0.5197,0.4932,0.1442,0,0,1
288.69,5,5,117.54,2,0.7112,10.646,1,0,0.6424,0.2991,0.0311,0,1,1
168.71,0,2,58.78,0,1.0336,0.0,4,0,0.7653,0.3455,0.025,1,1,1
326.01,7,3,60.39,0,2.436,0.0,2,0,0.1549,0.5161,0.1132,0,0,1
486.52,6,3,169.16,1,1.3462,0.0,5,0,0.6034,0.5059,0.0623,1,0,1
151.11,2,3,40.57,3,1.4312,4.9795,8,0,0.3486,0.3625,0.048,0,1,1
201.47,2,4,80.86,0,1.0812,3.2904,2,0,0.7846,0.416,0.1289,3,1,1
373.92,3,3,138.83,2,1.0441,2.702,4,0,0.3069,0.2661,0.1142,1,1,0
404.56,4,3,119.52,0,1.1276,0.0,4,1,0.5098,0.5721,0.0591,0,1,1
113.98,1,0,46.28,0,1.0701,0.0,4,0,0.6847,0.5418,0.0694,0,0,0
136.57,3,1,0.84,2,1.0617,0.0,5,0,0.5548,0.5688,0.0759,1,1,0
428.05,2,2,122.07,2,1.6687,0.0,4,0,0.4723,0.5696,0.071,2,0,1
376.98,2,3,36.78,2,0.893,8.5976,8,0,0.3394,0.7434,0.0874,1,0,1
85.89,0,4,124.73,0,2.3468,2.581,4,0,0.7552,0.2978,0.3683,1,1,1
289.69,5,1,128.33,1,1.8863,6.7231,1,1,0.0992,0.3247,0.0579,1,1,1
600.0,3,2,218.28,1,2.8688,3.6492,3,0,0.6757,0.651,0.0508,2,1,0
384.52,3,6,60.84,1,1.068,0.0,4,1,0.3804,0.5497,0.2484,1,0,1
168.93,3,4,163.35,1,1.6999,0.0,5,0,0.363,0.7455,0.1281,0,0,1
328.81,1,5,71.06,2,0.9259,0.0,8,1,0.6532,0.5373,0.2439,4,0,0
431.66,1,3,137.87,1,2.0758,0.0,1,0,0.2922,0.6276,0.1101,1,0,0
536.47,4,4,100.17,0,3.5131,0.0,2,0,0.4064,0.5887,0.1598,1,0,1
228.58,1,5,37.3,0,1.0023,10.5914,2,1,0.2928,0.3412,0.0696,2,1,0
331.58,2,4,99.57,1,1.7315,0.0,6,1,0.2613,0.3434,0.1386,3,1,0
91.53,2,2,82.21,1,1.5125,0.0,4,0,0.7181,0.6082,0.0523,3,0,1
128.9,3,3,135.3,2,1.0542,8.0463,5,0,0.4887,0.5844,0.1215,1,0,1
498.3,4,2,187.03,2,3.5411,0.0,7,0,0.4085,0.6884,0.1098,1,0,1
277.16,1,1,59.95,1,1.0033,0.0,9,0,0.1833,0.2628,0.1247,1,1,1
245.11,3,2,87.83,2,2.1346,0.0,6,0,0.4951,0.5097,0.1692,2,0,1
302.73,4,2,54.86,2,0.6012,4.7954,2,0,0.6131,0.5059,0.1258,0,0,1
527.82,6,4,71.42,3,1.0109,11.5818,1,0,0.4917,0.6628,0.0372,0,0,1
333.75,4,4,82.77,1,1.8786,8.4623,3,0,0.1247,0.7624,0.2326,3,1,1
236.37,4,2,173.06,1,2.2082,0.0,2,0,0.0766,0.3556,0.0824,1,1,0
186.84,2,4,109.81,2,1.0639,4.7802,9,1,0.3148,0.3519,0.1949,1,1,0
185.33,3,1,40.98,0,0.907,0.0,3,1,0.4043,0.4716,0.0233,2,0,0
497.0,2,2,155.17,1,0.8559,4.8327,7,0,0.3538,0.6648,0.0744,5,0,1
109.16,1,1,20.43,1,0.9005,13.3883,6,0,0.1297,0.4231,0.1136,0,0,1
271.75,2,4,113.71,2,1.256,0.0,2,1,0.3453,0.4235,0.0552,1,1,1
194.65,1,1,7.1,0,0.9386,0.0,3,0,0.2612,0.5583,0.1425,0,1,0
429.75,2,4,54.2,0,0.5313,0.0,3,0,0.3073,0.3369,0.0833,1,0,1
415.27,0,4,93.7,1,0.9281,0.0,2,1,0.3787,0.8592,0.0819,2,1,0
246.62,0,1,15.84,0,1.7131,0.0,6,0,0.2448,0.4217,0.1108,2,1,1
191.02,1,5,60.0,1,1.8281,0.0,2,0,0.7059,0.3813,0.3327,1,0,1
288.66,3,3,67.67,4,2.0237,0.0,2,0,0.6185,0.2721,0.2625,2,1,1
376.69,0,0,18.02,0,0.6827,9.3118,5,1,0.8563,0.689,0.0443,0,0,1
318.09,5,4,89.82,1,2.6064,0.0,10,0,0.5096,0.4294,0.2314,1,0,1
273.95,4,1,165.87,1,2.0338,0.0,7,0,0.4808,0.48,0.1681,3,1,1
409.22,7,3,169.67,1,1.857,0.0,4,0,0.5902,0.2589,0.0859,1,0,1
164.66,4,3,41.54,3,1.2703,0.0,8,1,0.7997,0.3956,0.0366,0,0,1
483.74,2,1,160.14,1,1.6403,3.2601,4,0,0.8966,0.5451,0.0674,1,0,1
62.32,0,1,184.04,3,2.5259,3.6446,9,1,0.4289,0.8405,0.1821,1,0,1
233.14,4,0,136.21,4,1.3349,0.0,8,0,0.5488,0.6344,0.3341,1,0,1
240.91,4,2,108.03,0,1.7702,0.0,2,0,0.3368,0.523,0.208,0,0,0
170.28,1,3,92.87,1,0.6674,0.0,1,0,0.3127,0.3258,0.1518,3,1,0
144.0,3,1,31.52,0,0.7942,6.0967,4,0,0.4363,0.3346,0.0419,0,1,0
362.45,5,3,125.45,0,2.1368,9.4435,4,0,0.6491,0.5469,0.3043,0,0,1
248.16,4,0,96.89,3,1.2948,6.782,4,0,0.5558,0.2874,0.183,1,0,0
205.84,5,3,4.48,0,0.5854,0.0,2,0,0.1447,0.5319,0.0423,2,1,1
373.4,6,3,108.42,1,0.8086,0.0,7,0,0.7663,0.2637,0.1732,5,0,1
181.18,1,1,100.07,0,2.0199,10.0669,3,0,0.4376,0.6554,0.0539,3,0,1
583.88,6,5,176.6,3,2.1599,8.1606,6,1,0.6546,0.8086,0.1705,0,1,1
140.93,3,4,234.07,0,2.2724,3.5295,7,1,0.3521,0.5494,0.1267,0,1,1
231.0,2,2,87.57,0,0.8617,0.0,3,0,0.4897,0.139,0.0514,2,0,0
261.11,4,5,98.99,2,1.1429,0.0,8,0,0.7048,0.4359,0.0589,0,0,1
76.58,1,0,79.39,0,0.9591,0.0,2,1,0.3924,0.3175,0.1001,1,0,1
62.38,1,3,220.95,2,0.9981,0.0,2,0,0.1442,0.197,0.0871,2,0,0
180.7,0,3,53.63,2,2.0254,8.5151,5,0,0.3943,0.5013,0.1647,2,1,1
226.89,3,1,34.99,0,1.1225,0.0,1,0,0.4701,0.4352,0.0968,3,0,0
230.48,0,3,59.35,1,0.5733,9.2088,8,1,0.9436,0.6455,0.0724,1,1,1
569.39,8,2,127.19,1,0.9334,0.0,5,0,0.5105,0.6611,0.1817,1,1,0
113.11,2,2,42.04,0,1.7537,0.0,4,0,0.3155,0.4265,0.0127,1,0,0
508.74,1,4,53.05,1,1.3553,0.0,4,0,0.4758,0.607,0.0246,2,0,1
308.76,3,1,111.29,0,1.5605,0.0,6,0,0.3057,0.6708,0.0383,0,1,1
436.59,4,3,118.9,1,1.9052,0.0,1,1,0.7317,0.7932,0.2632,0,0,1
167.02,0,2,26.06,1,1.3726,0.0,1,0,0.4467,0.5402,0.1247,1,1,0
420.04,2,2,131.6,1,0.767,0.0,6,0,0.6284,0.3533,0.0888,0,0,1
285.39,5,0,162.83,0,0.9678,0.0,5,1,0.148,0.4206,0.1179,1,0,0
300.15,1,3,122.05,1,1.249,0.0,5,0,0.6546,0.3465,0.2023,1,0,1
251.95,3,4,114.71,1,1.4142,4.7392,8,0,0.3295,0.7497,0.1188,1,0,0
593.37,2,3,58.46,0,0.8642,0.0,4,1,0.4196,0.487,0.1301,1,1,0
393.88,2,1,103.96,1,1.0485,0.0,4,0,0.1986,0.5017,0.1138,0,0,1
199.21,3,4,47.02,1,3.0266,12.5077,3,1,0.6163,0.6584,0.192,0,0,1
337.09,4,3,112.6,0,1.7578,12.6281,1,0,0.3843,0.6992,0.1227,0,1,1
208.19,4,1,111.37,2,1.6606,7.7619,3,0,0.6473,0.455,0.4055,2,0,0
136.25,2,3,87.44,0,1.3773,0.0,4,0,0.3146,0.5389,0.013,1,0,0
47.71,0,0,50.75,3,1.9461,5.0946,7,0,0.3974,0.7339,0.0983,0,0,1
259.27,3,5,126.64,2,1.5527,9.5822,6,0,0.6053,0.2202,0.4184,3,0,1
418.71,4,3,137.85,0,1.4062,0.0,7,1,0.3441,0.4099,0.0888,1,1,0
243.78,2,1,38.26,0,0.9798,0.0,3,0,0.3032,0.7346,0.1427,0,0,0
307.37,1,1,71.35,1,1.1302,0.0,6,0,0.6274,0.6097,0.1567,3,0,1
275.77,4,6,191.76,0,0.8234,0.0,6,1,0.3526,0.4135,0.0687,2,1,1
193.74,4,2,127.9,2,1.0248,0.0,4,0,0.4381,0.379,0.2577,0,1,0
200.07,1,3,30.18,1,0.5357,3.4762,1,0,0.6415,0.4664,0.0559,1,1,0
131.63,3,1,79.09,3,1.5078,0.0,2,0,0.6754,0.7849,0.0428,0,1,1
300.6,6,4,69.6,2,2.6513,11.8279,8,0,0.6761,0.5849,0.1471,2,1,1
121.83,3,2,31.96,2,0.5798,0.0,9,0,0.5443,0.5869,0.0113,0,1,0
268.88,3,4,28.5,1,0.8849,0.0,2,1,0.1442,0.5606,0.0426,4,1,0
189.73,3,2,131.39,2,0.5892,0.0,8,0,0.297,0.3956,0.2259,1,0,1
210.92,1,1,48.71,3,1.6955,0.0,8,0,0.1009,0.8065,0.0932,1,1,0
477.27,3,3,47.49,4,1.8215,0.0,7,0,0.2198,0.5497,0.1966,1,0,1
190.54,2,2,67.63,2,1.4803,0.0,3,0,0.4812,0.674,0.2507,3,0,1
278.38,5,1,119.87,0,1.6487,0.0,4,0,0.6199,0.5609,0.0713,2,0,1
253.91,2,2,183.03,3,1.5062,0.0,3,0,0.8159,0.6439,0.1196,3,0,1
268.2,3,5,95.39,1,1.2842,0.0,7,1,0.6581,0.8273,0.112,5,0,1
137.6,3,1,74.47,1,1.3656,2.6544,3,1,0.3113,0.5964,0.0348,5,1,0
192.99,0,0,84.5,1,0.8705,0.0,7,1,0.4516,0.6616,0.3009,0,0,1
191.83,2,5,144.15,3,1.4758,0.0,8,0,0.5157,0.6664,0.0736,0,1,0
467.5,2,4,113.61,1,1.3955,0.0,6,1,0.3918,0.5446,0.1456,0,0,0
540.27,2,2,59.52,1,1.4427,0.0,2,1,0.4042,0.376,0.0848,1,1,0
256.91,3,7,103.16,0,1.3583,0.0,3,1,0.6698,0.4399,0.1297,0,1,0
230.16,2,1,54.18,1,1.3637,10.7732,6,1,0.2457,0.444,0.031,0,1,1
129.81,1,0,71.58,2,0.7888,9.003,4,0,0.4427,0.4717,0.0897,1,0,0
244.47,3,3,144.46,3,1.0313,0.0,8,0,0.6249,0.419,0.0878,2,1,0
130.21,0,0,118.41,2,0.889,0.0,3,0,0.3476,0.5106,0.0591,2,0,0
347.81,2,2,85.46,0,0.4473,0.0,5,0,0.2155,0.5118,0.1044,2,1,1
269.54,4,2,138.24,1,2.4015,2.7593,3,0,0.3439,0.6149,0.2007,3,0,1
424.93,4,4,55.98,1,0.8751,9.1046,6,0,0.1126,0.7697,0.0754,0,0,1
485.53,6,2,65.25,0,1.0709,0.0,3,0,0.6232,0.4223,0.0505,2,1,0
129.79,3,1,64.9,1,1.0499,0.0,2,0,0.3032,0.4539,0.2328,1,0,0
245.05,2,0,55.25,1,0.7519,0.0,4,0,0.6073,0.3231,0.0086,0,0,1
243.83,6,2,126.11,1,2.1847,0.0,5,0,0.5934,0.6696,0.16,1,0,1
136.83,2,2,92.17,0,2.1474,5.8504,2,0,0.2815,0.5538,0.0686,1,0,1
151.75,3,0,124.61,1,1.7297,0.0,6,0,0.283,0.7007,0.0543,1,0,1
231.54,5,3,217.35,2,1.1042,7.8757,5,0,0.7379,0.3855,0.061,1,0,1
400.05,7,2,82.59,1,0.9421,0.0,5,0,0.69,0.5484,0.1094,1,0,1
267.46,6,4,89.73,2,0.884,0.0,4,0,0.6395,0.689,0.1395,3,1,1
328.13,2,0,23.97,0,2.7566,9.642,3,1,0.8721,0.6908,0.3282,1,0,0
584.08,5,3,95.62,1,0.8644,9.6029,8,0,0.3784,0.6031,0.1089,2,0,1
396.82,6,3,174.96,0,1.068,0.0,2,1,0.7988,0.634,0.03,2,0,1
162.83,1,2,191.54,2,1.7326,11.655,4,1,0.345,0.4087,0.0845,0,1,0
269.95,5,0,76.18,2,1.1677,0.0,5,0,0.5711,0.1878,0.0459,1,1,0
177.81,3,4,242.17,3,1.2422,7.0905,9,1,0.5049,0.5512,0.1021,1,1,1
185.42,2,1,81.81,2,1.3858,0.0,6,0,0.0893,0.6361,0.1537,2,0,1
562.47,4,3,126.44,4,0.471,0.0,10,0,0.8771,0.327,0.2604,2,0,1
334.29,3,2,43.06,1,0.5221,1.7001,4,1,0.3386,0.5089,0.1467,3,1,0
111.72,0,1,24.25,0,1.6723,0.0,6,0,0.7454,0.429,0.0569,0,0,1
201.15,3,4,214.29,0,2.3008,0.0,3,0,0.4326,0.5141,0.271,3,0,0
416.44,4,6,106.98,1,0.6427,0.0,3,0,0.2377,0.4489,0.0138,0,1,0
403.39,5,3,110.59,0,1.3795,0.0,7,0,0.5524,0.1754,0.097,1,0,1
138.47,0,5,145.57,3,1.127,0.0,7,0,0.1141,0.3299,0.1336,2,0,1
237.28,1,3,213.75,2,1.2603,0.0,1,0,0.5146,0.42,0.2021,0,0,1
151.04,1,4,91.8,2,2.0691,0.0,4,0,0.328,0.5271,0.1163,2,0,0
310.62,1,4,65.65,2,0.9081,0.0,8,0,0.8995,0.5672,0.1539,4,0,1
233.14,3,5,213.46,3,0.7678,0.0,5,1,0.2288,0.3078,0.2215,1,1,1
155.4,5,0,42.7,2,1.6436,7.2839,2,0,0.3652,0.3517,0.0534,0,0,0
366.79,6,2,156.63,0,1.0005,0.0,3,0,0.3825,0.4652,0.2193,0,0,1
260.92,4,2,105.6,1,0.807,0.0,3,0,0.6086,0.5491,0.1045,3,1,0
365.01,4,3,68.14,0,0.9659,6.4234,4,0,0.6843,0.1796,0.0813,0,0,1
89.62,2,0,26.38,1,0.6585,0.0,4,0,0.6794,0.2783,0.049,1,0,0
221.08,1,1,118.98,0,1.3227,6.3027,5,0,0.6323,0.4502,0.0491,2,0,1
135.77,2,1,56.26,0,1.7385,0.0,4,0,0.6238,0.47,0.1459,0,1,0
203.08,0,2,81.77,1,0.6604,6.9942,6,1,0.6677,0.1208,0.2178,1,0,0
425.26,9,2,85.87,0,2.5185,0.0,1,0,0.4771,0.4513,0.0121,0,0,1
261.91,3,2,15.95,2,1.9194,7.1319,6,0,0.2968,0.5258,0.3141,0,1,0
440.96,2,1,86.28,0,1.452,0.0,1,1,0.4943,0.4082,0.2108,0,0,0
423.89,2,0,41.19,2,0.9041,0.0,7,0,0.3322,0.2889,0.0354,1,1,0
137.3,1,2,26.12,2,1.3411,0.0,10,0,0.3976,0.6795,0.0588,1,0,1
302.83,1,1,127.1,1,1.1773,9.6936,3,0,0.4653,0.2765,0.162,1,1,0
284.73,0,1,172.57,2,1.3747,11.5756,2,0,0.2729,0.3548,0.0198,1,0,0
374.75,4,4,80.03,2,0.9826,3.1984,5,0,0.8226,0.356,0.0778,1,0,1
234.07,3,2,113.58,1,0.6452,10.6739,4,0,0.6051,0.6511,0.2119,2,1,0
213.4,4,1,196.7,3,1.413,5.1795,8,0,0.5108,0.2477,0.1166,0,1,1
122.53,2,2,105.1,1,0.7035,0.0,3,0,0.2617,0.6157,0.2057,0,0,0
320.45,6,5,33.01,1,0.5769,4.9259,5,0,0.3285,0.302,0.0546,2,1,0
441.94,3,2,10.35,1,1.8289,0.0,6,0,0.7279,0.3663,0.2597,1,1,1
233.2,2,1,64.12,1,1.8863,2.4862,4,1,0.4875,0.6087,0.0779,0,1,1
185.31,1,4,43.96,2,1.7567,6.928,6,0,0.5371,0.658,0.0952,2,1,0
79.35,1,0,220.53,1,1.2178,0.0,2,1,0.0594,0.4801,0.2094,3,0,1
130.2,1,2,144.36,1,1.135,0.0,1,1,0.4901,0.5478,0.2323,1,0,0
476.56,4,2,114.32,2,1.2989,0.0,7,0,0.2679,0.405,0.2293,1,1,1
146.33,3,2,87.09,2,1.0308,0.0,8,1,0.8455,0.5121,0.0983,2,0,1
241.05,5,1,118.7,1,2.3894,0.0,2,0,0.6085,0.6043,0.1486,0,0,0
252.52,4,3,192.29,0,1.2809,3.5894,2,1,0.3616,0.4572,0.0653,1,0,1
429.21,6,5,170.95,1,0.6147,0.0,8,0,0.7195,0.6605,0.0901,3,1,1
116.97,3,2,172.3,1,1.1213,0.0,5,0,0.0927,0.5306,0.0089,0,1,1
282.24,1,0,32.26,2,1.9317,2.0097,7,0,0.4284,0.8001,0.0224,0,1,1
125.92,1,1,70.27,0,2.5404,6.4744,4,0,0.5376,0.7301,0.0019,1,1,1
242.99,1,4,153.94,1,1.0744,0.0,4,0,0.6438,0.355,0.132,0,0,1
129.26,1,2,49.89,2,0.9789,5.345,10,0,0.6403,0.3494,0.0924,1,0,1
256.96,6,2,76.77,2,1.72,0.0,5,0,0.0597,0.5398,0.033,1,0,1
556.48,6,3,56.45,2,1.1958,2.9784,9,0,0.4987,0.3781,0.1147,1,1,1
302.15,5,3,204.43,1,1.227,0.0,6,0,0.4371,0.3287,0.1461,0,1,1
182.59,3,1,145.89,2,0.5023,0.0,8,1,0.3181,0.6186,0.0362,1,0,0
176.06,0,2,116.78,1,0.6188,5.7479,6,0,0.2034,0.3208,0.079,2,0,1
358.85,6,2,115.66,1,1.1435,11.8217,1,0,0.838,0.8349,0.0503,0,1,1
136.35,2,3,93.34,2,1.2364,5.7375,6,1,0.2798,0.494,0.0169,0,1,0
175.17,1,2,143.76,3,2.1521,0.0,9,0,0.5707,0.472,0.102,1,0,0
429.92,2,2,112.09,2,0.7012,1.895,6,0,0.5271,0.4022,0.2454,2,1,0
238.31,3,1,176.97,1,0.6907,8.7353,3,0,0.2556,0.3874,0.1683,0,0,0
373.46,0,0,147.42,0,1.3433,0.0,2,0,0.1085,0.4895,0.0194,1,0,1
312.87,1,0,43.46,1,0.6271,6.4404,10,0,0.2594,0.2287,0.0043,0,0,1
360.09,3,5,109.37,0,1.0088,0.0,4,0,0.3229,0.3811,0.1583,4,1,0
158.49,3,2,131.68,2,0.9598,8.2897,5,0,0.5549,0.477,0.0529,1,0,0
429.28,2,2,126.03,0,1.0596,0.0,2,0,0.1658,0.6806,0.1248,4,1,1
174.38,3,1,44.52,1,3.0997,6.3922,2,1,0.3144,0.479,0.1023,0,1,1
306.36,6,4,81.88,2,0.8463,0.0,4,0,0.2011,0.4084,0.1148,1,1,0
288.52,6,4,36.67,1,0.8336,5.4405,2,1,0.214,0.7688,0.0552,0,0,1
507.15,4,3,192.82,3,1.4482,0.0,9,0,0.3069,0.5849,0.2754,2,0,1
207.81,4,2,9.51,2,0.8236,0.0,6,1,0.6995,0.7754,0.0276,3,1,1
170.14,4,3,79.17,0,1.6624,0.0,1,0,0.6361,0.6157,0.14,4,0,1
439.87,3,4,84.36,0,0.6894,0.0,4,0,0.4891,0.6553,0.1486,1,0,1
210.42,2,5,99.31,2,1.7839,0.0,8,0,0.4662,0.6206,0.1192,1,1,1
230.95,0,0,69.07,0,1.1959,0.0,1,1,0.4182,0.2956,0.0129,0,1,1
230.14,3,4,42.33,0,1.2411,0.0,7,0,0.2024,0.7421,0.0433,0,0,0
24.0,0,1,42.37,1,0.7528,4.1996,6,1,0.5188,0.3955,0.099,0,0,0
320.86,8,5,12.68,2,2.4558,0.0,6,1,0.4126,0.3927,0.2138,1,0,1
169.39,2,3,56.09,3,1.3356,12.8151,3,0,0.2134,0.6213,0.0704,0,0,1
60.64,0,4,113.52,1,0.4919,0.0,4,0,0.5033,0.284,0.0348,0,1,0
448.27,7,3,149.2,0,0.7186,0.0,4,1,0.3026,0.508,0.1785,4,0,1
318.67,2,0,134.94,0,0.6117,0.0,2,1,0.2109,0.3953,0.0885,1,1,0
122.77,4,0,138.79,1,1.5516,8.6327,6,0,0.6308,0.4858,0.1435,0,1,1
489.76,2,2,93.22,1,1.4198,7.9463,1,0,0.7995,0.5084,0.0764,0,1,0
129.66,1,1,62.75,0,1.2113,0.0,1,0,0.2489,0.3254,0.1306,0,0,1
225.36,2,2,121.64,0,1.0756,2.3195,3,0,0.7174,0.5571,0.0693,2,0,0
211.32,2,3,154.48,0,0.3935,5.1889,4,1,0.5954,0.1819,0.2729,1,0,1
362.77,2,4,160.1,1,1.3763,0.0,3,1,0.47,0.4629,0.1154,1,1,0
481.02,2,3,166.04,1,0.6286,0.0,6,0,0.3992,0.2665,0.0307,3,0,1
269.78,2,3,86.07,2,0.9265,8.6217,4,0,0.8978,0.5235,0.103,3,0,1
272.31,2,3,91.38,1,2.1852,0.0,3,0,0.499,0.5942,0.0578,1,0,1
360.04,2,0,179.68,2,3.1095,0.0,3,0,0.1222,0.7,0.1174,2,1,1
135.39,4,1,136.41,1,2.7177,0.0,2,0,0.2518,0.5681,0.1007,0,0,0
362.73,5,4,108.63,2,1.1456,5.9302,5,1,0.3101,0.3431,0.1765,1,0,1
387.55,4,5,175.72,2,1.5561,0.0,8,1,0.3473,0.5463,0.2023,1,0,1
82.23,2,1,21.11,2,0.8203,1.6127,4,1,0.7954,0.5501,0.0681,1,1,0
276.29,1,2,18.96,3,1.1742,0.2983,9,1,0.4484,0.3607,0.0079,2,1,1
229.16,1,2,77.02,3,3.0053,3.3648,9,0,0.3774,0.6869,0.0622,2,0,1
138.83,2,1,65.24,3,1.928,0.0,4,0,0.4038,0.3733,0.1644,1,0,0
517.15,3,2,193.5,1,0.8238,12.7802,5,0,0.6845,0.4499,0.1182,4,1,1
279.98,3,2,43.57,2,1.3324,7.4746,4,0,0.5633,0.3246,0.1369,0,1,0
253.95,3,1,24.52,0,0.9859,0.0,3,0,0.5804,0.5233,0.1275,2,0,1
149.86,3,3,1.71,3,1.5485,8.8366,5,0,0.7745,0.5121,0.0772,0,0,1
257.19,4,0,82.48,2,1.0093,5.8513,3,1,0.5698,0.4479,0.2017,0,0,0
326.94,4,3,63.31,1,2.2146,0.0,1,1,0.6269,0.5474,0.0983,5,0,1
173.73,5,1,27.55,0,1.039,7.4963,5,0,0.4909,0.4242,0.0305,1,0,0
138.85,0,4,63.84,1,2.8917,0.0,8,1,0.2463,0.5408,0.0855,1,0,1
390.88,4,2,86.46,0,0.8237,0.0,1,0,0.148,0.4398,0.0668,0,0,1
343.31,4,3,38.27,3,1.4969,0.0,8,1,0.7287,0.7793,0.0201,0,1,1
600.0,4,3,67.3,1,1.5429,5.934,3,1,0.8477,0.685,0.0994,3,0,1
329.67,5,3,142.87,1,1.0988,10.3375,5,0,0.2765,0.5417,0.1387,2,1,1
108.47,1,3,82.62,1,0.9844,13.9055,2,0,0.4004,0.5078,0.0571,2,0,1
95.12,2,2,84.65,1,0.8223,0.0,9,0,0.5231,0.5328,0.1154,1,0,0
197.61,2,1,162.0,0,1.2465,8.7646,6,0,0.5971,0.5637,0.0439,1,1,1
353.02,4,3,25.97,2,1.6405,10.4296,10,0,0.4897,0.7824,0.0616,2,0,1
318.38,5,0,130.07,2,1.9709,8.5939,9,1,0.7256,0.4828,0.084,0,1,1
501.16,3,5,51.63,1,0.7543,0.0,5,0,0.8136,0.5286,0.2666,2,0,1
227.17,4,3,81.57,0,0.9467,0.0,2,1,0.321,0.4698,0.0672,3,0,1
58.37,0,3,34.01,1,2.7477,0.0,3,1,0.4598,0.4767,0.0288,0,1,0
191.8,0,0,69.06,0,4.0,0.0,3,0,0.6605,0.2174,0.1099,5,1,1
242.73,1,2,160.54,2,0.6257,6.2178,2,1,0.5345,0.4008,0.0348,0,0,0
344.4,3,3,84.59,0,1.8121,0.0,2,0,0.5687,0.4112,0.2268,2,0,1
374.69,4,4,114.9,0,1.7391,0.0,4,0,0.4726,0.5994,0.0963,0,0,1
334.56,1,1,21.77,0,1.1622,0.0,10,0,0.7077,0.3464,0.1757,0,1,1
146.2,3,1,36.32,0,1.5138,0.0,3,0,0.3057,0.6738,0.1717,1,1,0
335.85,3,2,1.72,0,1.6357,0.0,3,0,0.0072,0.6525,0.1952,1,1,1
198.11,0,0,166.8,1,0.8139,0.0,1,1,0.3821,0.632,0.1634,0,0,0
355.38,2,0,97.38,1,2.083,5.7167,5,1,0.332,0.5352,0.1002,5,0,1
189.08,4,4,168.22,3,2.7039,0.0,8,1,0.5863,0.4721,0.0651,0,0,1
219.11,0,3,166.19,0,2.2402,0.0,8,0,0.7426,0.7236,0.3346,5,0,1
267.86,2,3,141.43,0,2.3415,0.0,3,1,0.3675,0.3105,0.1552,2,1,1
244.97,2,3,51.89,0,3.0067,1.3515,3,0,0.4247,0.351,0.2018,0,1,0
545.07,4,2,91.16,2,1.3994,0.0,8,0,0.2103,0.3455,0.1381,0,0,1
263.46,4,4,225.07,5,4.0,0.0,8,0,0.1818,0.5753,0.1199,1,0,1
355.12,2,2,89.5,0,1.4783,8.514,2,0,0.2968,0.5669,0.1779,2,1,0
37.59,1,2,141.33,0,2.1641,0.0,6,1,0.3303,0.5443,0.0371,0,0,1
504.86,2,5,125.29,1,0.9573,0.0,3,0,0.752,0.4116,0.2708,1,1,1
100.98,1,2,67.81,0,0.6995,10.9461,8,0,0.5538,0.6207,0.095,0,0,1
182.27,3,3,27.17,0,1.7761,4.6555,4,1,0.5833,0.4411,0.0428,1,0,0
172.7,3,2,46.54,1,1.0049,0.0,3,0,0.7106,0.4147,0.0725,0,1,0
328.56,4,2,78.59,1,0.7993,0.0,7,1,0.2762,0.4539,0.1854,0,0,1
325.57,4,3,66.48,2,0.9951,0.0,6,1,0.8885,0.493,0.364,0,1,1
113.9,1,2,68.49,2,1.6895,5.9428,3,0,0.432,0.47,0.1141,0,0,1
233.79,2,1,75.57,2,1.0822,0.0,8,1,0.0713,0.3684,0.0923,1,0,0
272.41,5,5,51.36,3,1.2551,13.096,4,1,0.2297,0.6864,0.1918,1,1,1
277.69,5,0,142.16,1,1.8056,0.0,6,0,0.2722,0.4941,0.0489,1,0,1
422.53,3,4,126.83,0,0.9826,0.0,5,0,0.4402,0.4574,0.1536,4,0,1
324.17,4,3,56.37,1,1.8844,0.0,8,0,0.7348,0.3987,0.1346,2,0,1
131.33,2,2,14.14,0,1.3057,0.0,7,1,0.858,0.521,0.2354,0,0,1
237.84,2,4,74.11,1,1.052,0.0,4,0,0.3012,0.2987,0.1455,1,0,1
173.77,3,2,146.28,0,2.763,0.0,5,0,0.4424,0.6237,0.0729,2,0,1
166.3,2,5,20.18,1,0.8927,0.0,2,1,0.3736,0.1077,0.1185,2,0,0
203.67,5,2,36.68,0,1.0621,0.0,3,1,0.6993,0.5577,0.1668,3,0,1
93.13,1,2,134.67,1,0.4253,13.696,3,0,0.5093,0.3432,0.155,0,1,0
290.8,5,4,70.79,2,1.9342,5.0717,6,0,0.6689,0.6008,0.2065,1,0,1
259.12,2,1,129.38,3,2.73,0.0,4,1,0.6155,0.692,0.1339,1,0,1
321.52,1,3,115.09,1,1.3826,0.0,5,0,0.5292,0.4769,0.0397,0,1,0
254.05,5,3,29.66,0,1.3688,13.2995,2,0,0.574,0.5508,0.1881,2,1,1
117.47,2,4,38.54,4,0.9039,5.1452,4,0,0.1561,0.5445,0.1013,3,0,1
273.79,5,2,81.46,0,0.7933,6.9521,1,1,0.9138,0.4233,0.0481,4,0,1
185.84,0,3,167.35,2,1.2257,6.5687,2,0,0.3781,0.5018,0.0257,1,0,1
197.75,2,3,44.76,1,1.8952,9.6551,4,1,0.2099,0.7321,0.1745,2,1,1
164.89,2,2,2.3,0,1.3715,8.9689,5,0,0.479,0.2635,0.0781,1,0,0
297.97,3,3,32.58,1,1.9554,10.1366,4,0,0.4781,0.3221,0.1512,3,0,1
276.21,3,3,95.29,0,1.3996,0.0,4,0,0.3433,0.5631,0.1256,2,0,1
145.9,3,0,31.77,4,1.8811,3.0917,10,1,0.8118,0.2469,0.1402,0,0,1
103.32,2,3,150.67,3,1.1852,9.8455,6,0,0.8508,0.5417,0.2294,4,0,1
244.69,4,0,113.75,2,1.1041,12.2908,9,1,0.3525,0.6127,0.1837,0,0,1
26.34,0,3,70.39,1,1.6829,0.0,7,0,0.8536,0.6477,0.2098,1,0,0
250.41,3,3,74.8,1,2.743,0.0,6,1,0.2144,0.7146,0.1292,2,0,1
587.4,2,3,137.77,1,0.7484,3.38,3,0,0.3927,0.2659,0.2451,0,1,0
104.54,0,1,200.15,0,1.7562,4.8561,3,1,0.5532,0.4411,0.1548,2,0,1
259.24,2,5,87.64,1,0.8636,3.4523,3,0,0.6234,0.4028,0.1853,4,0,1
308.63,2,5,148.09,0,0.5607,8.6206,5,1,0.705,0.4869,0.1217,4,0,1
129.86,3,2,63.07,1,0.9387,5.261,4,0,0.0933,0.3463,0.0138,1,1,1
369.84,3,0,28.03,1,1.748,0.0,3,1,0.3416,0.7944,0.2203,1,0,0
347.47,2,1,63.24,1,1.0491,0.0,9,0,0.6437,0.1473,0.0577,1,0,0
168.6,2,1,156.73,1,1.8378,0.0,2,0,0.3392,0.3258,0.264,1,0,1
41.3,0,1,214.92,1,0.5109,4.8513,7,1,0.393,0.2865,0.0272,1,1,0
263.32,3,5,129.08,0,0.8926,6.1548,6,0,0.6679,0.501,0.0249,2,0,1
246.47,1,1,117.73,0,1.1396,0.0,4,0,0.5218,0.3712,0.1361,1,0,1
211.89,2,1,93.59,3,1.8067,0.0,3,0,0.1727,0.583,0.0664,0,1,1
564.27,4,3,82.76,2,2.3298,0.0,2,1,0.694,0.5315,0.1326,1,0,1
318.19,5,0,28.72,1,0.3303,0.0,7,0,0.3103,0.2052,0.0902,1,0,1
144.24,0,0,96.93,0,1.4441,0.0,3,1,0.4585,0.6387,0.1982,0,1,1
106.29,2,3,177.5,1,1.848,0.0,7,1,0.544,0.2796,0.2844,3,1,1
265.17,2,4,194.04,0,1.403,0.0,1,1,0.7177,0.4811,0.166,1,0,1
130.34,0,2,170.11,3,0.8756,13.4606,4,0,0.5166,0.4572,0.0188,1,1,0
380.66,3,0,26.1,0,1.2036,14.1508,8,0,0.6128,0.7357,0.1734,1,0,1
368.18,4,2,203.83,2,0.6625,11.991,4,1,0.9517,0.7264,0.2425,0,0,0
126.06,2,2,48.12,0,1.3958,8.389,4,0,0.5313,0.1312,0.1776,3,0,0
272.31,1,2,112.74,1,1.3597,6.9512,5,0,0.4374,0.3492,0.157,0,0,1
302.04,4,1,116.25,2,1.8404,1.5663,5,0,0.7485,0.5421,0.1533,1,0,1
322.15,5,5,216.99,1,0.9842,0.0,6,1,0.5304,0.5736,0.2184,2,0,1
141.61,2,1,8.8,1,1.2991,0.0,4,0,0.2876,0.2318,0.1473,0,0,0
162.06,1,2,165.29,2,1.4025,0.0,9,0,0.2707,0.4227,0.214,1,0,0
159.57,2,0,47.36,0,0.5035,7.1613,4,0,0.5503,0.5085,0.077,0,1,0
199.2,0,1,166.46,1,1.7243,0.0,5,0,0.4779,0.4185,0.1166,3,1,1
355.04,2,2,82.75,2,0.9028,0.0,3,0,0.773,0.2235,0.1713,2,0,0
193.8,2,2,47.32,2,1.3295,0.0,8,1,0.4459,0.6717,0.0551,1,1,1
62.32,1,2,135.48,1,0.8623,0.0,2,0,0.3369,0.5031,0.0089,0,1,0
323.24,4,4,58.77,2,1.3854,0.0,2,0,0.6768,0.3346,0.1073,2,0,1
401.01,6,5,49.06,0,1.8681,0.0,7,0,0.6602,0.7487,0.1373,3,0,1
60.49,0,3,97.2,1,0.9492,11.8999,8,0,0.7303,0.7308,0.1254,0,1,1
340.16,5,2,80.38,2,4.0,8.48,5,1,0.4409,0.5085,0.0684,2,0,1
231.81,5,1,196.01,1,1.1219,7.293,10,1,0.5353,0.8096,0.0567,0,0,0
64.1,2,3,233.14,0,1.4728,2.7465,3,1,0.0943,0.5875,0.1883,1,0,1
199.53,6,5,118.27,1,1.4424,7.1281,3,0,0.5599,0.4821,0.1111,3,1,1
262.34,5,2,121.68,0,2.912,8.5777,4,0,0.2957,0.3874,0.2803,2,1,1
328.64,7,3,195.51,3,1.0319,0.0,4,0,0.409,0.3283,0.046,2,1,1
485.61,5,2,63.34,2,0.8755,6.9357,4,0,0.6259,0.4616,0.0866,1,0,1
274.49,2,2,64.52,0,1.3518,4.7372,4,0,0.7166,0.454,0.05,1,0,0
328.31,2,4,56.35,1,1.2158,4.7326,1,1,0.6397,0.3005,0.0507,2,0,0
206.64,1,2,62.64,2,1.2879,12.3351,5,0,0.2955,0.4815,0.2643,0,0,1
365.33,5,7,175.34,1,1.1207,0.0,1,1,0.6739,0.441,0.0423,0,1,1
355.84,3,0,25.57,1,1.1347,0.0,3,0,0.7353,0.2316,0.1141,1,0,0
333.06,4,1,85.44,3,1.5251,2.9823,1,1,0.3405,0.6535,0.0132,3,0,0
373.3,2,2,30.25,0,2.1549,0.0,5,1,0.7338,0.7855,0.1276,0,1,1
447.07,4,3,80.84,1,0.9517,0.0,9,0,0.3149,0.6179,0.2088,2,0,1
336.24,1,1,158.19,2,0.943,7.1844,6,0,0.303,0.0784,0.0752,0,1,0
369.9,3,3,9.45,3,0.7246,12.4702,10,1,0.2855,0.5293,0.1514,5,0,1
401.66,9,5,91.45,2,1.8738,0.0,8,0,0.3079,0.4204,0.1958,1,0,1
239.55,1,1,84.33,0,0.9792,0.0,3,0,0.2687,0.3889,0.1522,1,1,0
334.65,5,7,146.38,0,1.9786,3.8229,3,0,0.4038,0.1723,0.0877,0,0,1
168.65,2,4,169.03,0,0.8977,0.0,4,0,0.4077,0.5648,0.1241,1,1,0
349.98,3,5,103.38,1,1.1705,0.0,7,0,0.3733,0.3911,0.219,3,0,1
194.93,1,3,101.1,2,2.3767,0.0,4,1,0.3766,0.6209,0.0795,1,0,1
259.23,4,2,68.54,2,0.822,7.2442,1,0,0.444,0.3624,0.1789,0,0,1
99.08,0,2,131.71,0,2.0037,0.0,1,1,0.4893,0.6548,0.0167,0,0,0
319.1,10,5,203.62,1,1.5796,0.0,9,0,0.4144,0.6681,0.1839,3,0,1
311.79,1,3,53.67,1,1.5939,7.4713,4,0,0.468,0.5057,0.0631,4,0,1
198.15,4,0,49.81,3,1.0269,5.9844,7,0,0.3084,0.6661,0.0484,3,1,0
233.64,5,3,72.38,1,0.8452,0.0,2,0,0.2961,0.574,0.3168,0,0,1
192.79,3,3,79.61,3,0.8455,0.0,9,0,0.7492,0.3131,0.0883,2,1,1
361.51,4,2,77.65,0,2.2278,0.0,2,1,0.551,0.6038,0.0118,5,0,0
311.99,4,4,67.23,0,1.2301,1.8605,2,1,0.3216,0.6253,0.3234,2,1,0
220.71,3,4,30.51,3,1.2083,2.8213,8,0,0.6174,0.6785,0.12,1,0,0
337.99,2,1,133.93,0,1.4198,3.2415,1,1,0.5573,0.3385,0.1685,1,0,1
130.72,3,0,9.17,0,1.6591,0.0,6,0,0.663,0.4791,0.1076,0,0,1
405.68,3,4,32.85,1,1.7138,10.5979,5,0,0.2254,0.5374,0.2427,2,0,1
455.8,4,2,83.9,2,1.7365,0.0,1,0,0.2566,0.7017,0.0187,1,0,1
473.41,5,0,184.49,1,1.3867,0.0,3,1,0.2393,0.299,0.1335,1,0,0
173.53,1,0,20.36,3,1.7931,8.1779,9,1,0.3103,0.6152,0.0615,2,1,1
74.96,0,2,77.5,2,0.9936,0.0,7,0,0.2524,0.4023,0.1093,2,0,1
340.8,5,1,82.13,1,1.3634,0.0,3,0,0.2574,0.2118,0.0839,1,1,0
278.1,4,4,184.53,2,1.4645,9.9473,8,0,0.4526,0.2395,0.1665,2,1,1
109.13,1,4,46.57,1,1.0664,0.0,3,0,0.6898,0.1629,0.2281,4,1,1
470.67,2,2,160.15,0,1.0222,11.7052,2,1,0.263,0.3745,0.1033,1,0,0
212.07,3,3,221.35,1,0.6705,10.8835,6,1,0.7958,0.5512,0.0864,0,1,0
526.55,7,3,64.81,2,0.8101,2.9977,6,0,0.4089,0.5294,0.1358,3,1,1
230.85,2,3,222.33,1,1.8815,0.0,8,0,0.6095,0.8331,0.0903,1,0,1
330.35,5,3,36.28,1,0.8427,0.0,7,0,0.4318,0.5501,0.0965,1,0,1
196.86,5,5,186.84,3,0.5051,0.0,8,0,0.3076,0.6421,0.0465,2,1,1
211.63,3,5,141.35,0,1.993,10.311,2,0,0.6872,0.5349,0.1218,1,1,1
376.49,3,3,60.39,0,3.3019,0.0,2,0,0.3988,0.6646,0.1375,0,1,1
227.69,2,2,132.17,0,1.1206,0.0,8,0,0.5654,0.5118,0.038,2,1,0
328.99,5,5,25.7,3,1.2659,6.2737,9,0,0.6968,0.7069,0.1659,3,0,1
512.52,4,3,171.68,1,0.9612,8.5867,1,0,0.5038,0.3066,0.2144,1,1,1
326.1,0,2,116.3,1,1.9527,10.5348,1,0,0.356,0.4121,0.0331,0,1,1
376.66,1,2,5.35,1,1.829,4.9782,6,0,0.5559,0.4261,0.0512,0,0,1
216.69,4,4,95.43,2,1.0824,0.0,7,1,0.514,0.5903,0.1029,2,1,1
240.24,2,5,52.22,0,0.6885,8.8576,1,1,0.545,0.6207,0.2072,3,1,1
243.3,4,5,48.02,1,1.0343,0.0,4,0,0.2334,0.3626,0.1688,2,0,0
380.88,3,1,137.57,1,1.8734,0.0,2,1,0.3539,0.3243,0.1476,2,1,1
297.49,4,2,71.09,0,0.9268,0.0,7,0,0.8042,0.7487,0.0293,2,0,1
196.03,4,2,23.29,3,0.6117,0.0,4,0,0.421,0.3973,0.0832,0,1,0
193.49,3,1,31.31,3,0.8108,0.0,8,0,0.4227,0.2022,0.1072,3,1,1
209.63,3,3,86.82,1,1.7365,0.0,3,0,0.6851,0.4389,0.2334,0,1,1
121.71,1,0,104.35,0,0.5625,0.0,4,1,0.0948,0.3969,0.0844,0,1,0
196.03,2,0,2.62,1,0.7455,0.0,3,1,0.1474,0.5814,0.0671,0,0,0
229.84,3,3,120.22,0,1.1903,5.846,1,1,0.6152,0.1524,0.111,2,0,1
333.36,1,3,85.93,0,1.9903,0.0,4,0,0.4564,0.5671,0.095,0,1,1
465.04,4,4,152.0,0,1.0127,8.9989,3,0,0.5596,0.4066,0.1359,3,0,1
105.85,0,0,86.35,3,1.1305,3.7803,8,0,0.4191,0.3135,0.076,1,1,1
417.45,6,1,93.25,2,0.7291,5.3212,2,0,0.2978,0.4016,0.069,3,1,0
271.25,1,4,58.66,1,1.321,0.0,2,1,0.8041,0.6385,0.0364,3,1,0
372.96,5,5,76.75,2,1.1816,7.2402,1,0,0.4439,0.7011,0.307,1,0,1
449.0,2,3,119.46,2,1.8792,2.2595,7,0,0.3608,0.3427,0.0558,2,0,1
283.84,4,2,70.79,2,2.3847,0.0,5,0,0.7232,0.4683,0.0881,0,0,1
202.95,2,3,77.52,0,1.1858,13.4458,4,0,0.1124,0.7306,0.225,1,0,0
363.41,5,4,47.32,0,1.6041,0.0,7,1,0.6396,0.5762,0.1567,1,0,1
547.52,1,4,194.26,2,1.2873,0.0,5,1,0.5523,0.4099,0.2245,1,0,1
225.52,3,3,51.9,1,1.228,0.0,4,0,0.3309,0.4577,0.0304,1,1,1
243.05,6,1,168.47,2,0.8031,0.0,4,0,0.8255,0.4507,0.1445,2,1,0
600.0,8,6,53.89,2,1.1778,0.0,4,0,0.4533,0.6309,0.0291,2,0,1
243.96,3,1,98.94,1,1.9236,13.5072,3,0,0.212,0.5515,0.0087,1,1,1
253.16,6,3,39.45,1,1.2758,7.8492,5,0,0.588,0.3388,0.1668,2,1,1
243.78,4,3,44.68,0,0.6837,0.0,2,1,0.5289,0.6169,0.1621,4,0,1
170.88,2,4,100.12,0,1.6308,5.8215,6,1,0.5631,0.3666,0.0759,2,0,0
84.47,2,0,100.29,2,1.9763,6.1929,4,1,0.3673,0.7141,0.1496,1,0,1
99.07,1,1,35.07,2,0.816,0.0,8,0,0.0709,0.2373,0.1475,0,1,0
493.94,4,1,144.52,0,0.8667,7.1481,1,1,0.3693,0.5548,0.2899,1,0,1
337.42,3,0,132.62,0,2.4582,0.0,10,0,0.484,0.4157,0.0422,1,1,1
356.01,3,4,148.18,1,1.494,0.0,10,0,0.5003,0.5257,0.2577,1,0,1
521.97,1,2,149.56,1,0.6152,2.2228,5,0,0.3258,0.264,0.1086,3,0,0
147.94,4,1,52.46,1,1.4162,0.0,5,0,0.2062,0.4723,0.1083,1,1,1
148.47,2,4,169.51,0,1.6208,13.5891,5,0,0.4991,0.4486,0.1858,1,0,1
446.26,7,4,97.8,1,2.6538,0.0,6,0,0.5409,0.515,0.0947,2,0,1
133.47,3,2,178.08,0,0.5572,0.0,6,0,0.7994,0.3296,0.1203,2,0,0
267.22,0,4,129.57,2,0.9077,8.9966,7,0,0.1023,0.5459,0.1144,2,0,1
260.39,4,3,94.94,1,2.1059,0.0,2,0,0.7933,0.6534,0.1474,3,0,1
436.01,6,2,64.07,1,1.4467,0.0,7,0,0.311,0.7514,0.1594,2,0,1
193.14,5,2,117.24,0,1.0535,0.0,4,0,0.2926,0.359,0.2204,2,1,0
111.35,1,0,32.89,1,1.0156,0.0,2,0,0.0415,0.4545,0.0806,0,0,0
119.53,3,2,71.99,0,0.6751,0.0,3,1,0.5212,0.3249,0.1964,1,0,1
198.64,2,0,84.72,1,0.5192,4.989,8,1,0.1048,0.2698,0.142,0,0,0
487.09,5,3,89.66,1,1.1312,10.1104,2,0,0.4532,0.2948,0.0763,0,0,1
259.51,3,6,70.07,1,1.6185,10.6464,7,0,0.5506,0.5624,0.2356,3,0,1
344.4,3,2,119.53,1,1.5934,3.7883,2,0,0.6903,0.4483,0.1296,3,0,1
127.06,3,1,11.16,2,2.4855,0.0,8,0,0.6216,0.7114,0.2399,0,0,1
396.33,3,3,125.62,2,0.9531,0.0,4,0,0.5245,0.1443,0.1826,2,1,1
217.45,3,4,138.06,0,2.2076,0.0,9,0,0.2961,0.5427,0.1343,3,0,1
293.27,2,2,45.01,0,1.0304,7.8643,5,0,0.8795,0.3392,0.1913,2,1,0
285.96,8,3,165.64,0,0.9568,7.0653,7,0,0.3478,0.5339,0.1928,2,1,1
356.45,8,3,34.01,1,3.8061,0.0,2,0,0.3707,0.653,0.0948,3,1,0
403.0,2,2,80.94,0,1.1174,1.683,2,0,0.4966,0.4479,0.0182,2,1,1
210.97,0,3,252.99,1,0.9471,1.4242,2,0,0.4493,0.606,0.0829,0,0,1
117.9,0,1,58.55,1,0.9461,0.0,4,0,0.4753,0.7356,0.0578,0,0,0
177.33,1,2,98.8,1,2.5965,0.0,1,0,0.4578,0.6389,0.1833,0,0,0
95.39,0,3,27.91,2,1.5463,0.0,3,0,0.2079,0.4725,0.0668,1,1,1
256.06,2,0,15.81,2,1.4775,11.6865,10,0,0.3271,0.2866,0.0964,0,1,1
165.28,1,3,136.25,2,1.4934,0.0,4,1,0.0754,0.6859,0.1009,2,0,0
298.57,2,1,118.99,2,1.2649,0.0,4,1,0.2178,0.2341,0.2033,4,1,0
226.71,2,1,46.28,0,1.8791,0.0,7,0,0.1723,0.6836,0.0917,0,1,0
301.39,1,0,73.2,0,0.8356,0.0,5,0,0.4061,0.4571,0.0661,1,1,0
448.54,4,5,252.77,1,0.7561,7.2885,5,0,0.6074,0.2956,0.0533,2,0,1
133.75,2,2,56.5,0,1.422,0.0,4,0,0.1728,0.6654,0.0628,1,0,1
361.32,2,5,164.11,1,2.9198,0.0,1,0,0.254,0.6066,0.1087,4,0,1
179.26,3,2,144.67,0,1.0612,13.6765,5,0,0.3914,0.8266,0.1676,1,0,1
191.71,3,5,161.58,2,0.7467,8.4125,7,1,0.438,0.4566,0.0555,0,1,1
199.19,3,3,77.83,0,2.3048,0.0,6,0,0.53,0.595,0.0805,2,1,1
208.15,1,0,15.04,2,2.4496,0.0,3,0,0.5493,0.674,0.0716,0,1,0
201.91,1,4,118.43,1,2.0958,1.9732,3,1,0.5385,0.6149,0.0319,1,0,1
145.34,0,4,91.26,0,1.9151,14.0622,4,0,0.4526,0.4263,0.1027,1,1,1
322.12,5,3,159.26,2,0.5003,0.0,5,0,0.4197,0.5234,0.3412,3,0,1
317.83,3,2,157.28,1,0.7353,0.0,3,0,0.2516,0.344,0.1269,2,0,1
212.04,2,1,13.43,0,0.5999,0.0,2,1,0.2468,0.4001,0.1183,0,1,0
179.17,2,4,94.92,0,1.209,0.0,3,1,0.3879,0.6285,0.1939,1,0,0
242.71,2,3,138.2,1,0.8252,0.0,6,0,0.3236,0.4215,0.0439,3,1,0
240.37,4,7,106.43,0,0.6479,3.615,3,1,0.8261,0.2931,0.0271,0,1,1
303.55,4,2,91.26,1,1.3587,5.6875,3,0,0.0683,0.5304,0.1477,2,1,0
263.1,2,1,61.89,2,1.5684,0.0,6,1,0.5579,0.537,0.0916,2,0,1
226.9,3,0,49.59,0,3.0477,0.0,3,1,0.2689,0.3615,0.107,0,0,1
357.45,5,2,87.53,0,1.4958,0.0,1,0,0.6354,0.5568,0.1922,1,0,1
221.17,3,5,39.86,0,0.8542,10.4048,2,1,0.4803,0.4081,0.2634,1,1,0
211.49,2,4,58.95,0,1.1789,5.08,7,0,0.8246,0.5538,0.0195,1,0,1
93.19,2,3,85.91,1,1.4516,0.0,3,0,0.5749,0.5643,0.1688,5,1,0
407.86,2,6,97.13,2,1.2131,0.0,7,0,0.4493,0.3412,0.2253,0,0,1
271.95,2,3,133.38,0,1.0152,0.0,2,0,0.3529,0.2761,0.2008,2,0,0
368.28,1,3,118.18,2,2.376,0.0,3,0,0.7183,0.6584,0.1758,1,0,0
404.7,1,7,99.33,0,1.537,0.0,4,0,0.2496,0.4795,0.1168,3,1,0
367.65,4,3,96.33,1,0.798,0.0,4,0,0.3568,0.8007,0.0618,1,0,1
135.24,0,0,79.55,2,1.3251,0.0,6,0,0.4577,0.5317,0.0533,1,1,1
567.93,6,3,101.37,0,1.182,2.8725,3,0,0.3802,0.8173,0.2035,2,0,1
331.96,3,1,41.78,0,1.4141,5.7277,3,0,0.2954,0.5606,0.0805,0,1,0
295.37,7,4,168.62,1,1.2308,0.0,7,0,0.2093,0.553,0.1577,0,0,1
592.23,3,2,26.7,0,1.9015,0.0,2,1,0.1104,0.7596,0.1587,1,0,0
234.63,3,2,128.28,0,1.1304,1.1867,1,1,0.6569,0.5279,0.0669,2,0,1
143.38,2,6,63.36,0,1.5273,0.0,6,0,0.5651,0.5265,0.2555,1,1,0
85.01,2,0,122.28,3,1.708,4.3697,8,0,0.407,0.7221,0.056,1,1,1
549.87,8,2,178.02,0,0.6798,6.9597,2,0,0.7653,0.3436,0.0833,0,1,1
284.53,3,3,75.62,0,0.7902,11.8235,4,0,0.2487,0.3683,0.0492,0,0,1
214.06,3,2,56.4,1,1.1784,0.0,3,1,0.5007,0.8547,0.1129,1,0,0
255.1,2,1,8.68,1,1.5864,0.0,8,0,0.1485,0.5265,0.0568,0,0,1
600.0,2,4,17.59,2,1.041,6.5366,5,0,0.6641,0.2936,0.0947,2,1,1
600.0,5,1,22.8,0,1.3779,0.0,5,1,0.4744,0.4543,0.307,2,0,1
251.83,2,2,68.02,1,1.6346,5.8721,5,0,0.5129,0.5684,0.0359,0,0,1
195.25,0,0,100.97,0,1.365,7.8819,5,0,0.4088,0.5132,0.1914,2,0,1
104.05,1,2,74.33,0,0.8088,0.0,3,0,0.3321,0.2402,0.2542,0,1,0
306.9,2,4,115.82,1,0.7768,4.4877,1,0,0.6937,0.3676,0.1841,1,0,0
68.16,1,1,6.01,2,1.5443,12.47,5,1,0.3241,0.6145,0.0591,0,1,1
196.82,3,2,78.84,0,1.0506,2.4131,4,1,0.5125,0.7257,0.0889,3,0,1
251.33,1,2,20.03,1,1.9643,0.0,6,1,0.6155,0.32,0.0408,0,1,0
449.01,1,4,38.89,0,1.9552,0.0,5,1,0.4556,0.6181,0.0271,1,0,0
118.98,0,0,152.72,1,1.3484,0.0,7,0,0.1212,0.6199,0.04,0,1,0
377.05,1,2,94.66,2,1.1088,0.0,3,1,0.4485,0.732,0.0732,4,0,1
97.86,3,1,72.23,2,1.0722,0.0,4,0,0.7099,0.4094,0.0765,0,1,1
290.33,4,2,105.06,0,1.9688,0.0,5,1,0.6608,0.4657,0.0576,4,0,0
215.76,2,3,83.66,0,1.1394,5.9864,2,0,0.8538,0.5669,0.0645,3,0,1
122.48,1,5,178.67,1,1.2843,4.0529,7,0,0.487,0.3779,0.0686,0,1,1
344.72,3,3,147.53,1,1.1157,0.0,6,0,0.5561,0.2956,0.1223,4,0,0
600.0,3,3,138.31,0,0.5151,12.984,2,0,0.2401,0.7294,0.2499,3,0,1
66.88,0,0,81.29,0,0.787,10.4195,4,0,0.1448,0.1957,0.0496,1,1,0
113.22,0,2,121.43,0,1.0177,0.0,2,1,0.1035,0.5138,0.119,0,1,1
527.59,6,0,72.87,2,1.9855,0.0,5,1,0.4402,0.441,0.1119,0,1,0
159.94,1,2,25.67,0,1.4155,0.0,3,0,0.3317,0.6082,0.2333,0,1,1
253.9,7,3,185.53,1,0.8703,4.4398,5,1,0.8902,0.2523,0.0911,1,0,1
268.72,3,1,57.66,1,1.1061,8.3379,5,0,0.5439,0.5388,0.0673,0,1,0
600.0,5,2,87.63,0,1.3905,6.6661,3,0,0.7764,0.6479,0.0688,2,1,1
212.89,1,4,111.87,1,1.1158,4.5079,5,0,0.7624,0.3733,0.1238,1,1,0
206.14,6,3,11.06,0,0.5558,0.0,5,1,0.7671,0.7647,0.0897,1,0,1
315.36,3,2,25.18,1,1.3091,0.0,5,1,0.4298,0.5203,0.1617,2,1,1
451.98,2,3,66.42,2,0.9877,0.0,2,0,0.4673,0.3281,0.308,0,1,1
278.93,0,1,61.65,2,0.5854,1.9274,10,1,0.6427,0.3543,0.1072,0,0,1
364.74,4,1,46.02,0,1.0426,0.0,3,1,0.2223,0.4644,0.139,0,1,0
286.48,1,1,46.36,2,0.9605,8.8432,6,0,0.8069,0.1085,0.0475,1,0,0
496.3,4,4,33.76,0,0.8656,1.3996,8,1,0.7298,0.4062,0.126,0,1,1
178.99,3,1,156.59,1,3.2037,0.0,4,1,0.5618,0.7334,0.1869,0,0,1
80.27,0,2,190.4,1,0.6499,10.5495,3,1,0.4403,0.585,0.2017,1,0,1
396.55,5,4,146.83,0,0.825,0.0,3,0,0.5181,0.2318,0.192,3,0,0
391.52,3,3,109.84,2,2.2363,11.52,3,0,0.6767,0.7411,0.0208,2,1,1
439.85,2,2,59.33,0,1.188,0.0,1,0,0.4103,0.4446,0.111,0,0,1
214.77,3,2,132.31,0,1.0049,0.0,3,0,0.2413,0.4528,0.2871,1,0,1
267.01,2,2,34.8,2,1.3074,4.6229,7,0,0.7122,0.3833,0.0342,0,1,1
300.51,0,2,135.67,0,0.9266,4.512,7,0,0.4912,0.4274,0.2356,1,0,0
444.58,2,5,96.19,1,1.7198,0.0,7,1,0.1814,0.4039,0.0782,1,1,1
394.19,2,2,4.36,0,0.9411,10.9098,2,0,0.2359,0.492,0.1138,0,1,0
168.26,2,4,156.83,2,1.1141,3.0642,5,0,0.1548,0.4535,0.1544,1,0,0
205.07,1,1,83.65,1,1.4672,0.0,3,1,0.6709,0.5295,0.0596,1,0,1
296.65,3,0,69.03,2,2.5754,0.0,8,0,0.1421,0.4496,0.0853,2,0,1
576.59,4,3,188.69,1,1.5717,0.0,2,1,0.2222,0.5819,0.0068,2,0,1
219.7,3,3,127.2,0,1.1621,4.1963,3,0,0.4845,0.4776,0.1643,0,1,0
456.74,1,0,28.22,2,1.4886,0.0,4,0,0.1196,0.4969,0.1151,1,0,0
385.09,1,0,136.81,1,1.949,0.0,10,0,0.1586,0.3537,0.2699,0,1,1
281.12,5,3,212.79,2,0.7135,0.0,4,1,0.1949,0.529,0.1413,1,1,1
66.02,2,1,122.24,1,1.6715,0.0,3,0,0.8779,0.5357,0.1,0,0,0
222.28,2,1,65.14,2,1.7038,4.8935,6,0,0.475,0.6099,0.3044,3,0,1
189.8,3,0,17.22,2,4.0,0.0,3,0,0.747,0.3975,0.0423,0,0,1
487.5,2,1,36.1,2,0.66,0.0,5,0,0.5686,0.116,0.1488,1,0,1
73.28,2,2,10.88,2,2.1051,5.584,4,0,0.3406,0.4161,0.0238,1,1,1
204.11,3,2,35.08,0,2.5459,0.0,6,0,0.7129,0.5924,0.1167,1,0,1
208.72,3,3,71.35,0,1.7775,12.0941,3,1,0.8245,0.3946,0.0396,1,0,1
350.9,0,7,60.07,0,0.8394,7.3307,2,0,0.2575,0.4083,0.2279,0,1,0
228.12,5,4,156.71,2,1.1353,0.0,1,1,0.3318,0.3134,0.1577,1,1,1
599.66,4,6,186.97,2,2.869,13.749,8,0,0.6838,0.4817,0.1533,1,0,1
532.53,3,2,128.99,1,1.0966,0.0,5,0,0.5427,0.5331,0.0458,1,0,1
255.37,2,5,216.03,0,1.6421,0.0,1,0,0.2112,0.3819,0.1471,0,0,1
288.16,1,0,171.53,2,0.7572,7.7325,3,0,0.1551,0.2468,0.1318,0,0,1
298.57,6,4,67.33,1,1.1435,0.0,3,0,0.499,0.6461,0.2352,2,1,1
295.99,7,4,89.43,1,0.7887,8.9592,2,1,0.2151,0.6726,0.0896,1,1,0
419.06,3,2,49.08,0,1.2497,0.0,6,1,0.5305,0.6488,0.1763,3,0,0
187.63,3,3,237.36,0,1.2317,0.0,5,1,0.4942,0.3232,0.022,1,0,0
359.96,5,5,71.4,1,1.8718,10.3565,6,0,0.6647,0.6527,0.1958,1,0,1
165.45,3,1,64.64,1,1.0168,4.8442,4,0,0.6671,0.7513,0.2728,0,0,0
600.0,4,1,122.85,1,2.3197,0.0,7,0,0.2838,0.5381,0.3097,2,0,1
229.31,2,2,169.48,1,2.3353,0.0,7,1,0.3396,0.3918,0.1528,3,1,1
562.19,9,2,225.93,0,0.8781,0.0,2,1,0.7554,0.5086,0.1908,4,0,1
200.33,3,3,34.82,1,2.0553,7.0495,6,1,0.6922,0.6364,0.0405,0,1,1
156.5,1,2,5.31,1,1.89,0.0,4,0,0.1583,0.5768,0.0232,2,0,1
242.0,5,5,128.18,3,2.0945,0.0,6,0,0.7591,0.3891,0.2206,3,0,1
172.89,4,4,89.6,1,1.3534,0.0,5,0,0.353,0.6298,0.1291,2,0,1
291.81,2,3,99.63,2,1.0117,6.8791,2,0,0.2296,0.4564,0.1923,5,0,0
99.47,1,1,119.53,2,1.6196,7.7195,9,0,0.9339,0.4413,0.2315,0,0,1
600.0,2,3,56.88,1,0.8764,7.0198,1,1,0.5048,0.4486,0.0418,0,1,1
273.31,3,6,145.07,2,2.6413,0.0,5,0,0.8152,0.4372,0.1867,0,0,1
265.67,6,5,105.34,1,1.1658,0.0,9,1,0.5399,0.3782,0.07,1,1,1
13.26,0,1,55.92,3,1.6786,0.0,9,0,0.2076,0.4887,0.2174,2,0,1
145.34,4,3,116.39,3,1.4185,0.0,5,1,0.4165,0.5452,0.0862,0,1,0
259.23,0,1,92.71,2,1.6664,3.5115,9,0,0.3163,0.5685,0.1672,2,0,1
186.0,2,1,35.29,0,0.8703,14.515,4,1,0.2182,0.3919,0.0456,1,0,0
134.07,1,1,44.6,2,1.3737,8.3414,2,1,0.1308,0.5551,0.1215,2,0,0
213.04,1,1,48.27,0,0.639,3.9347,2,0,0.6174,0.3242,0.3089,1,0,0
380.45,2,2,144.08,1,0.7866,0.0,5,0,0.6839,0.2614,0.1217,2,1,0
145.27,3,2,39.8,0,0.9426,3.6254,5,0,0.7258,0.3074,0.1732,1,1,0
321.81,3,0,85.38,0,1.3287,4.0592,2,0,0.3359,0.7539,0.0179,0,1,0
389.92,5,0,23.62,2,2.0144,0.0,5,0,0.4401,0.6949,0.0229,1,0,1
475.21,4,3,105.86,0,1.5087,0.0,4,0,0.5811,0.5072,0.0979,1,1,1
158.1,1,0,55.59,0,1.5367,5.1875,5,0,0.4037,0.8053,0.009,1,1,0
169.35,2,1,64.41,0,2.348,0.0,4,0,0.2702,0.9374,0.2441,1,1,1
363.11,1,3,91.12,0,0.6813,0.0,6,0,0.5959,0.6784,0.2059,2,0,0
156.79,1,6,149.07,1,0.7455,0.0,5,0,0.2784,0.3703,0.1702,3,1,0
461.44,5,2,65.63,0,1.4368,0.0,2,1,0.572,0.5978,0.2889,1,0,1
358.66,7,3,39.27,1,1.4644,1.5968,10,0,0.1418,0.4656,0.2019,0,0,1
365.51,5,2,75.27,1,1.8865,0.0,6,0,0.3141,0.4627,0.1175,2,1,0
488.43,8,3,137.98,0,1.1351,8.3356,8,0,0.4734,0.4524,0.1251,4,1,1
389.45,0,1,88.62,0,1.2385,8.3997,3,0,0.5752,0.4411,0.2056,3,1,1
185.51,2,5,32.07,0,0.8218,0.0,4,0,0.519,0.5369,0.0561,2,0,0
78.13,0,0,7.57,1,1.3298,0.0,4,0,0.2917,0.2605,0.1809,0,0,0
600.0,1,1,128.23,1,1.3428,0.0,3,1,0.3206,0.3433,0.0371,0,1,0
368.51,3,3,13.6,2,1.7656,0.0,6,0,0.2363,0.6184,0.1529,2,1,1
376.4,2,4,21.19,1,1.7534,0.0,6,1,0.5321,0.5149,0.1655,2,1,1
600.0,10,4,124.91,0,4.0,0.0,5,1,0.419,0.606,0.0861,2,1,1
194.69,5,5,96.34,3,0.5212,12.3285,2,0,0.3503,0.3198,0.1246,2,1,1
448.87,6,5,169.18,0,1.4958,9.8975,4,1,0.6516,0.9191,0.0885,1,0,1
286.36,3,3,81.98,2,1.4899,0.0,8,1,0.6197,0.5293,0.0693,1,1,0
421.2,5,6,64.24,0,1.501,0.0,1,0,0.4841,0.2993,0.1472,2,1,1
250.68,2,4,168.66,1,3.2447,0.0,2,1,0.6464,0.6153,0.0615,1,0,0
113.73,2,1,27.87,0,1.2767,3.1137,4,0,0.3619,0.3718,0.2417,0,0,0
214.62,4,1,90.83,2,0.9037,0.0,3,0,0.6664,0.6481,0.2167,0,1,1
371.29,2,2,73.22,1,0.7018,0.0,2,0,0.4667,0.5731,0.3135,2,0,0
139.16,4,2,67.53,0,1.8718,0.0,3,0,0.7493,0.3228,0.1063,2,0,0
127.26,1,4,41.95,0,1.3426,0.0,5,1,0.1669,0.5369,0.217,2,0,1
266.89,0,2,59.13,2,1.505,0.0,2,0,0.628,0.4222,0.087,1,0,0
462.47,6,3,94.51,0,1.8072,12.8748,4,0,0.5021,0.4858,0.178,2,1,1
530.63,1,3,68.75,1,1.2131,0.0,3,1,0.4127,0.5681,0.1164,0,1,1
311.89,4,5,186.3,1,1.6566,0.0,3,0,0.5826,0.6247,0.3674,1,0,0
362.59,1,0,56.78,1,1.9004,0.0,4,0,0.4848,0.6857,0.159,1,1,1
255.8,4,0,33.24,2,0.7848,8.9044,5,1,0.15,0.3952,0.1242,0,0,0
205.47,5,5,33.88,1,0.9303,8.3125,4,0,0.3795,0.7104,0.2601,1,0,1
191.65,2,2,189.79,0,0.5991,0.0,3,0,0.3589,0.3157,0.1283,2,1,1
269.48,3,3,74.78,1,1.4272,0.0,3,0,0.3525,0.6181,0.1304,2,0,1
284.8,3,3,83.76,0,0.8063,0.0,5,0,0.7299,0.3218,0.1555,3,1,0
315.83,1,3,161.3,1,1.8753,0.0,1,1,0.3329,0.564,0.2652,1,0,1
270.95,1,1,67.66,0,0.9847,7.3991,5,0,0.227,0.4615,0.1535,1,0,0
281.17,4,4,38.29,2,1.4308,0.0,4,0,0.442,0.6087,0.087,0,0,0
303.19,2,2,219.8,1,1.8384,0.0,7,0,0.7093,0.5066,0.084,3,0,0
48.82,1,0,73.59,0,1.8235,0.0,5,0,0.6434,0.4678,0.2615,1,0,1
197.92,3,3,126.14,0,1.4179,0.0,1,1,0.4045,0.6351,0.2731,2,0,0
295.03,4,5,164.88,1,1.9885,0.0,1,1,0.7497,0.4503,0.1168,0,0,1
218.91,2,4,201.09,1,1.1343,0.0,1,1,0.5387,0.3788,0.0034,0,0,1
344.78,4,2,101.65,0,0.8203,0.0,6,1,0.1297,0.5394,0.0481,2,1,0
267.07,0,2,47.86,1,0.8729,0.0,7,0,0.4556,0.605,0.1914,1,0,1
146.35,3,2,221.02,1,1.7479,0.0,6,1,0.7596,0.5062,0.0786,1,0,1
234.18,2,4,134.38,1,1.6395,9.6726,5,1,0.1981,0.5796,0.2084,2,1,0
190.07,1,2,38.8,1,1.2239,0.0,5,0,0.7435,0.3846,0.0536,1,0,0
276.37,4,2,214.23,1,2.4049,1.9387,3,0,0.5212,0.4425,0.1909,3,0,0
314.04,6,4,137.73,0,1.3038,0.0,4,0,0.2154,0.3108,0.1786,4,0,1
138.67,2,1,34.59,0,1.6137,1.6549,6,0,0.5045,0.4432,0.1102,1,0,1
97.34,0,2,35.96,1,0.8702,0.0,1,0,0.5306,0.2823,0.1822,2,0,0
121.72,1,3,14.48,0,2.3621,0.0,6,1,0.949,0.4427,0.1684,1,0,0
145.03,2,1,72.28,0,1.5936,0.0,4,0,0.352,0.5248,0.1472,1,0,0
263.19,3,3,58.6,2,1.9562,10.0043,3,0,0.5213,0.8366,0.1069,4,0,0
127.24,2,1,63.63,1,1.4309,0.0,2,0,0.5037,0.3577,0.0611,0,1,0
511.58,2,5,38.36,1,1.3637,0.0,2,1,0.5791,0.1853,0.0791,1,1,0
224.18,2,1,162.25,3,0.4746,3.617,8,0,0.1863,0.3918,0.1061,1,1,0
208.89,3,6,41.34,1,1.5294,0.0,4,0,0.1379,0.6162,0.0749,1,1,0
194.84,4,3,101.82,1,1.4789,0.0,6,1,0.2834,0.6108,0.2282,1,0,1
417.59,2,4,53.59,1,2.217,3.6243,5,1,0.6053,0.4573,0.1173,1,0,1
398.26,4,2,226.92,1,1.1735,10.4771,3,0,0.3959,0.4472,0.2041,1,1,1
218.31,6,5,112.36,2,0.9994,0.0,5,0,0.5261,0.3602,0.0702,2,1,1
486.97,6,4,91.63,2,1.1647,8.6664,3,0,0.7527,0.3981,0.3009,0,1,1
166.32,2,3,102.2,2,1.4342,0.0,3,0,0.1529,0.5916,0.1591,0,0,0
227.84,1,2,37.76,1,3.2167,12.0986,5,1,0.4544,0.4954,0.0503,1,0,1
226.09,5,3,57.67,2,1.6514,0.0,5,1,0.5567,0.3552,0.2159,2,1,1
127.84,1,1,112.17,0,2.3883,0.0,2,1,0.2302,0.6574,0.159,2,1,0
470.56,1,2,82.84,3,1.0512,7.356,8,0,0.3127,0.3313,0.1734,1,0,1
320.89,3,3,159.14,1,2.0021,0.0,7,1,0.3561,0.6673,0.1843,1,0,1
115.48,2,0,59.64,1,0.5811,0.0,5,1,0.6648,0.248,0.0023,1,0,0
269.41,3,4,199.61,1,2.0119,4.4224,7,0,0.7973,0.6871,0.22,2,0,1
117.91,2,4,183.04,0,2.4514,4.4977,4,0,0.3738,0.3557,0.0862,1,1,1
191.33,4,4,57.14,2,0.9254,0.0,5,0,0.4771,0.199,0.1583,2,0,1
338.58,4,1,61.05,3,0.9715,0.0,6,0,0.4342,0.5989,0.1419,1,0,1
159.34,2,6,90.98,2,1.7813,0.0,9,0,0.4458,0.7164,0.3027,1,0,1
280.47,4,4,196.48,1,1.8581,0.0,7,0,0.6364,0.5139,0.0722,4,0,1
539.14,5,4,75.61,0,2.765,10.4992,2,0,0.3552,0.5208,0.2377,0,1,1
168.62,2,3,156.2,0,0.9794,6.7106,2,0,0.8635,0.3886,0.1318,2,0,1
348.98,0,5,116.31,2,0.3249,0.0,4,0,0.1395,0.1994,0.0557,0,1,0
432.85,4,2,101.0,2,0.454,0.0,8,0,0.4998,0.5993,0.061,2,0,1
297.83,5,3,144.32,4,4.0,0.0,4,1,0.6299,0.48,0.2528,3,0,1
232.82,4,3,52.03,0,2.3244,0.0,2,0,0.2042,0.3469,0.1671,1,0,1
295.79,1,0,59.53,1,1.8349,0.0,7,0,0.5622,0.5063,0.2337,4,0,0
111.16,2,1,32.37,0,0.7052,6.2938,4,0,0.4743,0.5104,0.1081,4,0,1
382.43,10,2,33.78,1,1.8119,4.2135,4,1,0.8934,0.5653,0.2106,1,0,0
231.42,3,4,216.12,2,3.6691,1.389,5,0,0.3112,0.5909,0.1197,1,0,0
600.0,5,1,158.2,0,1.8319,0.0,2,0,0.8986,0.4163,0.1356,2,1,1
367.28,4,4,216.33,2,1.195,0.0,5,0,0.5667,0.5462,0.2188,3,0,1
600.0,4,5,74.48,1,0.7057,5.8293,2,1,0.4365,0.3832,0.1375,0,1,0
226.52,5,5,107.48,1,1.0588,0.0,5,1,0.9714,0.5666,0.0318,2,1,1
101.05,1,1,33.23,3,1.5269,6.9783,6,0,0.1869,0.2363,0.125,1,1,0
600.0,3,2,23.73,1,1.1909,0.0,5,0,0.4434,0.9013,0.2661,1,0,1
83.17,2,1,35.63,3,2.2748,0.0,5,0,0.2216,0.6362,0.1144,1,1,1
600.0,2,4,50.31,3,1.9048,0.0,7,0,0.2047,0.6227,0.0864,4,1,0
207.51,1,4,63.96,1,1.2241,5.9102,3,0,0.4102,0.5143,0.2374,0,0,0
288.06,3,2,66.46,2,1.2467,13.2713,6,1,0.1558,0.36,0.0164,1,1,0
306.26,3,3,36.34,0,1.6217,0.0,3,0,0.5102,0.3243,0.0949,5,0,0
293.24,3,2,129.67,2,0.77,8.3964,1,0,0.6134,0.585,0.1126,0,0,1
315.04,1,5,100.42,2,0.8781,0.0,6,0,0.281,0.5201,0.2111,2,1,1
207.29,3,2,133.26,2,0.4936,7.1239,6,1,0.5778,0.1939,0.054,2,1,0
83.55,0,0,70.42,0,0.8335,0.0,1,1,0.7159,0.4332,0.2097,0,0,0
331.34,8,4,136.35,3,1.4547,5.1422,3,0,0.6675,0.6663,0.0668,3,0,1
195.89,3,4,99.42,2,0.9544,1.2241,4,0,0.464,0.2921,0.081,2,0,0
402.23,9,6,189.35,1,1.265,9.6506,4,0,0.4858,0.4949,0.2282,2,0,1
122.85,2,1,6.49,3,0.6594,0.0,8,0,0.3444,0.4049,0.1837,0,0,1
248.4,4,6,60.84,1,1.5584,14.4188,4,0,0.4033,0.6106,0.2512,1,0,1
371.3,3,1,66.29,0,2.0134,0.0,4,0,0.2493,0.2895,0.065,5,1,0
194.94,2,4,98.81,2,2.9719,0.0,1,0,0.1845,0.6053,0.1865,2,0,1
270.23,4,3,130.25,0,0.8173,0.0,7,0,0.5127,0.5442,0.0553,0,0,1
127.68,3,2,69.38,1,0.455,3.9397,2,0,0.2915,0.5658,0.1712,3,1,0
200.0,5,1,65.17,0,0.7738,9.375,3,0,0.375,0.7668,0.0324,0,1,0
592.85,8,3,111.21,1,2.3941,0.0,3,0,0.5184,0.5893,0.2438,4,1,1
330.05,6,2,97.23,1,2.1365,9.3885,4,1,0.4783,0.8136,0.0314,2,0,1
251.15,1,3,59.04,2,1.2839,0.0,9,0,0.5164,0.7,0.049,1,0,1
108.56,1,3,68.36,0,1.1148,0.0,2,0,0.2874,0.4272,0.098,0,1,1
367.46,6,4,130.91,1,1.5868,8.871,3,0,0.508,0.5475,0.0766,0,0,1
186.8,1,1,52.3,1,1.5602,4.516,7,1,0.6614,0.3115,0.2524,0,1,1
580.69,3,2,189.43,1,3.184,0.0,3,0,0.5922,0.5735,0.1768,1,0,1
400.05,4,2,31.6,0,2.0433,2.7957,4,0,0.7082,0.3457,0.0459,2,0,1
309.06,5,4,130.37,2,0.814,0.0,5,0,0.8997,0.4699,0.2002,0,1,1
301.65,4,1,22.83,0,1.7716,0.0,3,1,0.6518,0.8277,0.1275,1,0,1
263.53,6,4,176.0,0,0.808,0.0,3,0,0.5637,0.5382,0.1709,1,0,0
176.17,1,1,65.69,0,1.8448,0.0,1,1,0.2848,0.6557,0.0248,2,1,1
179.86,1,2,77.56,0,1.0368,11.481,4,0,0.3903,0.4095,0.1023,0,0,0
268.81,6,0,122.9,2,0.6539,7.6392,3,0,0.5474,0.8135,0.1653,1,1,1
509.11,2,3,112.8,1,2.0337,0.0,5,0,0.3433,0.5905,0.1711,3,1,1
342.06,4,1,231.34,1,1.1546,0.0,7,0,0.773,0.5854,0.0503,1,0,1
309.18,4,4,96.89,1,0.6621,0.0,3,0,0.4427,0.4135,0.2106,1,0,1
177.85,3,2,160.89,0,1.2926,8.6673,9,0,0.4105,0.568,0.1925,1,0,1
176.19,2,1,81.04,0,0.98,5.5241,6,0,0.5345,0.5807,0.0015,0,1,0
364.6,3,5,235.06,0,1.2867,9.5386,4,0,0.5238,0.5484,0.2019,1,0,1
268.47,4,1,157.39,0,1.0601,0.0,5,0,0.6016,0.5962,0.1924,1,0,1
118.25,1,0,157.73,1,2.1525,0.0,4,0,0.8686,0.7644,0.1511,1,0,1
200.44,1,3,25.37,2,0.8808,4.1083,7,0,0.2195,0.5938,0.1171,4,1,0
147.06,2,3,73.65,4,2.93,0.0,7,0,0.4471,0.1983,0.0698,2,0,1
106.6,0,0,57.81,2,1.2058,0.0,3,0,0.5509,0.5347,0.2006,1,0,0
360.88,4,4,113.64,1,0.8262,0.0,3,0,0.3294,0.1871,0.0821,3,0,0
142.38,3,0,154.66,0,1.2401,0.0,2,0,0.5199,0.2734,0.0757,1,0,0
453.24,4,1,64.39,2,2.0932,6.7619,5,1,0.9255,0.4838,0.2184,1,0,1
350.1,2,3,122.32,1,0.3621,4.8387,3,0,0.4839,0.2177,0.259,0,1,0
415.96,1,3,145.11,1,1.0902,0.0,4,1,0.2603,0.3649,0.1211,1,0,1
600.0,2,5,128.23,3,1.1332,0.0,4,0,0.8774,0.365,0.0823,1,0,1
442.68,5,4,134.86,2,0.9999,0.0,6,0,0.7276,0.7733,0.3592,2,0,1
269.69,1,2,176.52,1,1.7756,0.0,2,1,0.2995,0.6086,0.1824,0,0,1
388.35,1,2,74.77,1,1.2896,0.0,5,0,0.1857,0.6813,0.1171,1,1,0
147.16,2,5,33.51,0,0.7815,11.0438,2,0,0.4025,0.4909,0.0558,2,1,0
157.33,1,2,78.55,0,1.4335,0.0,3,0,0.2929,0.5822,0.1859,2,0,0
293.03,3,3,201.76,1,0.9289,7.7467,3,0,0.5522,0.3397,0.1181,3,0,1
303.26,4,5,35.02,0,0.9249,0.0,7,0,0.6878,0.1028,0.0477,0,0,1
211.53,0,1,3.24,1,1.6503,0.0,7,0,0.3107,0.5921,0.0514,0,0,1
580.38,4,5,117.78,0,0.8467,0.0,6,0,0.756,0.3396,0.1232,1,0,1
509.5,5,2,67.33,2,2.2709,13.7023,7,0,0.3386,0.6095,0.201,3,1,0
293.09,5,1,71.37,1,2.8815,0.0,9,0,0.3494,0.6291,0.1238,0,1,1
236.71,4,1,95.2,0,1.5192,11.1959,5,1,0.4986,0.6553,0.2452,2,0,1
281.97,4,3,88.9,2,1.5936,4.906,8,1,0.4353,0.4016,0.286,1,0,1
216.18,2,0,72.37,0,1.6203,0.0,8,0,0.5309,0.2447,0.0808,0,0,1
230.1,2,4,135.78,1,1.3966,0.0,8,1,0.3779,0.4929,0.1669,1,0,0
149.22,2,4,75.89,2,1.1382,8.72,3,0,0.5809,0.3793,0.0972,3,1,0
263.96,2,3,57.64,1,1.1871,11.3667,5,1,0.2224,0.3544,0.1815,0,0,1
181.07,1,3,13.42,0,1.636,0.0,5,1,0.3147,0.6077,0.1785,1,0,1
372.17,10,4,72.71,1,1.0257,0.0,1,0,0.5593,0.7635,0.194,1,0,1
108.52,1,3,27.37,0,0.9573,8.5186,3,1,0.4654,0.7127,0.2167,1,0,0
181.57,5,2,40.09,3,1.4907,9.0447,10,0,0.8316,0.4877,0.1718,1,0,1
214.61,2,0,189.24,2,1.8652,0.0,2,0,0.3835,0.5845,0.1137,0,0,0
122.0,1,5,71.97,1,1.6343,10.2946,5,0,0.1433,0.6231,0.1356,2,0,1
140.53,3,3,94.48,2,1.3319,0.0,2,0,0.1645,0.4023,0.1983,1,1,0
252.61,2,5,227.72,2,2.3962,6.3764,8,1,0.58,0.7908,0.0882,2,1,1
487.97,6,2,126.19,0,1.084,0.0,3,1,0.2625,0.5605,0.0264,3,1,1
144.03,2,1,108.34,4,1.03,0.0,10,0,0.6062,0.3784,0.0566,0,1,0
390.87,1,1,67.27,1,1.9198,6.9096,2,0,0.4526,0.7961,0.1958,1,0,0
358.81,1,1,95.48,2,1.0077,10.9446,3,0,0.6133,0.553,0.2667,1,1,1
454.58,0,4,81.86,0,1.1086,6.7762,3,0,0.4635,0.2728,0.053,2,0,1
428.34,5,5,108.1,0,0.6877,0.0,2,0,0.5202,0.4415,0.2857,1,0,1
264.62,6,2,31.37,1,1.1643,9.1257,3,0,0.2901,0.4699,0.1174,2,1,1
192.54,2,6,18.01,1,0.989,0.0,2,0,0.4486,0.6403,0.074,1,0,1
115.86,1,2,145.41,2,0.7393,3.7679,8,0,0.185,0.5175,0.0991,1,1,0
211.72,2,1,1.98,0,1.7716,0.0,6,0,0.7788,0.4936,0.0294,3,1,0
269.15,2,3,13.81,0,1.1978,1.5375,4,1,0.6765,0.2563,0.0644,3,1,1
335.46,2,3,51.18,0,1.1127,0.0,2,0,0.3788,0.83,0.0474,0,1,0
173.16,3,2,168.84,0,1.1189,0.0,3,0,0.2665,0.2873,0.1013,2,0,1
318.39,4,2,77.99,0,1.387,0.0,3,0,0.6207,0.5082,0.2743,1,1,1
209.13,2,6,63.06,1,1.8178,11.3585,4,0,0.4835,0.6114,0.1931,2,1,1
267.8,0,1,24.14,2,0.8047,0.0,8,0,0.7097,0.4872,0.2866,1,1,0
165.39,2,2,46.89,1,1.593,4.556,2,0,0.6535,0.385,0.1891,2,0,0
600.0,5,1,148.85,1,1.8095,6.7326,3,0,0.4351,0.7365,0.1153,2,1,1
112.6,3,1,147.88,1,1.6258,0.0,10,1,0.1602,0.3531,0.1914,1,1,1
69.82,2,2,186.24,3,1.1249,11.2062,4,0,0.4636,0.1252,0.2029,1,0,1
525.51,1,3,136.17,0,0.8663,4.5013,4,0,0.1668,0.366,0.1293,0,0,1
372.42,2,2,26.99,0,1.119,0.0,7,1,0.4594,0.4399,0.2321,0,0,1
414.01,4,0,195.52,2,0.9146,0.0,4,0,0.6515,0.3929,0.1523,2,0,0
160.1,1,4,123.15,0,1.7775,5.3855,2,0,0.2481,0.4499,0.0382,1,0,1
112.33,1,0,109.96,1,1.4753,4.677,6,0,0.2228,0.4417,0.0453,0,0,1
226.95,3,6,227.49,1,1.6538,2.1392,6,0,0.3489,0.2815,0.1937,1,0,1
166.92,0,0,14.97,3,1.261,0.0,9,0,0.3274,0.5447,0.0846,0,0,0
98.0,1,0,24.06,1,3.3362,3.7841,3,1,0.4623,0.3717,0.0517,0,0,1
301.93,4,3,92.79,2,0.9834,6.4715,5,1,0.2557,0.2191,0.276,0,0,1
372.7,4,5,47.9,3,1.536,9.4306,5,0,0.2567,0.6097,0.2394,3,0,1
154.27,3,3,40.08,1,1.0896,0.0,7,0,0.4436,0.5863,0.0461,1,0,1
294.24,3,5,5.06,1,1.3673,0.0,6,1,0.5126,0.6782,0.108,0,1,0
335.01,3,4,177.56,0,1.2092,2.8304,3,1,0.4205,0.5046,0.4074,1,1,1
410.41,5,5,46.15,0,2.3914,0.0,9,1,0.5427,0.6126,0.1968,0,0,1
64.87,0,1,76.84,0,2.3238,12.9118,5,0,0.8252,0.4636,0.0798,0,0,1
353.2,2,0,58.37,1,0.6895,10.4373,4,0,0.8621,0.1701,0.043,1,0,1
441.49,4,1,147.06,1,1.4677,0.0,4,0,0.9281,0.6201,0.1804,1,0,0
138.38,1,2,30.87,1,4.0,0.0,9,0,0.2906,0.5733,0.111,4,1,1
193.75,3,0,49.44,2,1.294,7.0117,5,1,0.4588,0.6423,0.1301,3,1,0
185.76,1,2,135.34,3,1.7994,0.0,3,1,0.6807,0.3663,0.2488,1,0,0
258.84,4,2,24.09,0,1.0098,0.0,4,0,0.6963,0.541,0.0712,2,1,1
600.0,4,0,38.92,1,2.0946,11.912,2,0,0.5194,0.4965,0.0906,2,0,1
271.62,3,0,66.73,0,1.1841,3.9128,6,0,0.8422,0.2338,0.2122,2,0,0
253.82,1,1,40.32,1,0.71,0.0,2,0,0.2799,0.4138,0.1141,3,0,0
309.55,7,2,115.76,2,0.7704,0.0,6,1,0.406,0.4829,0.1017,1,1,1
525.9,2,4,31.69,0,1.2691,0.0,6,1,0.5972,0.5955,0.1008,1,0,1
426.6,2,5,75.05,0,0.9501,0.0,1,0,0.4772,0.7535,0.0521,1,0,0
257.8,4,3,57.91,2,0.9518,0.0,3,0,0.4415,0.6516,0.0857,3,0,1
249.32,3,4,118.07,2,1.6531,0.0,6,0,0.3217,0.5459,0.2396,3,1,1
600.0,5,6,183.5,0,3.4943,0.0,8,1,0.4117,0.3265,0.0196,3,1,1
504.81,6,6,123.26,1,0.7658,9.1371,3,1,0.5855,0.4478,0.1267,1,0,1
156.66,3,0,51.52,2,1.5231,10.1781,7,0,0.5735,0.6622,0.1684,1,1,0
348.85,5,3,9.59,0,1.9894,0.0,6,0,0.5542,0.5046,0.1248,2,1,1
213.33,1,1,57.73,1,1.9628,7.0028,6,0,0.3302,0.3881,0.3352,1,1,1
256.29,5,4,61.17,1,1.2364,1.7893,1,0,0.4084,0.4757,0.021,3,1,0
405.17,6,3,15.2,1,1.428,0.0,4,1,0.5003,0.6691,0.0087,2,1,1
136.26,1,0,95.63,1,1.6361,8.5141,4,0,0.6922,0.747,0.1588,0,0,1
269.51,2,4,46.8,2,1.6468,9.6199,9,0,0.6041,0.35,0.0669,0,0,1
213.36,4,3,103.61,1,1.1304,0.0,7,0,0.495,0.6066,0.0426,1,0,1
374.96,5,3,143.2,2,1.4082,0.0,6,0,0.4393,0.6296,0.2732,0,0,1
133.37,1,1,68.06,0,0.6534,6.1993,4,0,0.6551,0.4023,0.0825,0,1,0
52.46,1,3,55.86,0,1.5261,0.0,8,0,0.5913,0.6131,0.0351,2,1,1
254.66,3,1,89.0,0,2.8424,1.9075,6,0,0.3965,0.3565,0.1719,1,0,1
271.52,6,1,88.99,0,1.8458,0.0,4,0,0.7563,0.4535,0.249,1,0,1
420.83,2,2,9.38,2,0.8077,0.0,2,0,0.709,0.3191,0.1131,0,0,0
190.01,2,0,29.84,2,0.9029,0.0,7,1,0.5406,0.5315,0.2901,0,0,1
115.85,2,2,136.59,0,1.0511,7.885,5,0,0.2222,0.3802,0.1324,0,0,1
574.21,4,5,138.4,3,0.5383,0.0,7,1,0.6893,0.3473,0.1454,2,0,1
253.02,1,3,97.0,2,1.1947,0.0,10,0,0.0794,0.4094,0.1165,1,1,0
588.54,4,4,55.6,1,1.5652,0.0,6,1,0.8538,0.3711,0.108,1,0,1
231.74,4,5,176.94,1,0.9403,0.0,9,0,0.5575,0.4123,0.0625,1,1,1
68.52,1,0,122.68,0,0.6241,0.0,5,0,0.44,0.3051,0.0096,3,0,0
233.68,2,1,47.91,2,0.4111,0.0,7,0,0.4774,0.2881,0.0541,0,0,0
243.86,1,2,18.15,2,1.175,0.0,5,1,0.2798,0.6266,0.1397,0,0,1
405.07,5,4,133.15,0,1.5586,0.0,5,0,0.4072,0.3698,0.0495,3,0,1
383.32,7,1,151.51,1,1.688,11.2023,3,0,0.4753,0.5273,0.1063,1,1,0
115.23,3,3,166.88,1,2.0143,0.0,7,1,0.5663,0.4313,0.1428,1,0,1
182.07,2,1,130.96,1,0.7083,7.2816,5,0,0.481,0.628,0.2757,3,1,1
359.31,2,2,65.09,1,1.2848,10.2877,7,0,0.6325,0.082,0.1683,1,0,1
101.77,3,4,121.87,0,1.4419,8.7158,5,1,0.4479,0.5703,0.0432,1,1,1
194.18,1,3,79.64,1,2.4678,4.4369,3,0,0.7282,0.7323,0.1317,0,1,1
73.25,2,1,14.34,2,1.0689,5.0888,7,0,0.1999,0.3458,0.061,0,0,1
101.32,3,3,76.43,0,0.5872,0.0,6,1,0.0807,0.3264,0.1888,0,0,0
225.42,3,0,77.97,3,1.9724,0.0,2,0,0.6636,0.75,0.0863,0,0,0
166.31,0,3,113.23,0,1.0642,0.0,1,0,0.4313,0.3174,0.223,1,1,1
535.88,3,1,151.54,1,2.0806,0.0,4,1,0.7416,0.7193,0.0365,1,0,0
367.53,6,3,53.65,0,1.9906,0.0,4,0,0.2948,0.6418,0.0385,4,0,1
600.0,2,2,95.8,2,2.9017,7.5782,4,1,0.859,0.4044,0.1618,1,0,1
131.35,2,1,135.65,0,0.5902,8.1682,6,0,0.4559,0.2425,0.1553,0,1,0
52.41,2,1,181.42,1,2.0368,0.0,3,1,0.3684,0.4659,0.1303,1,0,1
160.8,3,1,58.22,2,1.7512,0.0,5,0,0.5055,0.6649,0.1721,1,0,1
249.8,3,1,227.79,3,1.5713,0.0,8,1,0.6125,0.4767,0.284,0,1,1
86.29,1,3,65.11,1,1.185,0.0,2,0,0.3338,0.4886,0.0604,1,0,0
261.16,3,3,161.14,1,0.9631,0.0,4,0,0.2633,0.4062,0.0521,3,1,1
262.48,4,2,81.97,2,0.5733,0.0,4,0,0.2614,0.5558,0.0631,0,0,1
304.43,5,3,117.34,1,0.9978,0.0,4,0,0.7347,0.2797,0.0669,3,1,1
382.44,0,1,74.26,2,2.3786,13.47,9,1,0.6791,0.4507,0.0915,1,0,1
170.58,2,2,51.62,3,1.0997,0.0,2,0,0.3508,0.6184,0.083,1,0,0
399.51,8,2,25.44,2,1.3681,0.0,3,0,0.6435,0.6812,0.237,2,1,1
247.63,4,3,108.37,1,1.2709,0.0,3,0,0.6172,0.5221,0.0307,1,0,1
259.87,3,3,150.57,1,1.2625,0.0,2,0,0.6667,0.6889,0.072,4,0,1
272.6,5,6,67.09,0,0.9278,0.0,7,0,0.6609,0.654,0.1054,4,0,1
82.61,1,0,75.09,0,1.3868,0.0,1,0,0.421,0.4931,0.0605,1,0,1
322.3,5,3,48.78,0,1.9646,0.0,3,0,0.5997,0.2328,0.1724,0,0,1
418.96,1,1,78.67,0,1.0613,7.6761,3,1,0.5138,0.4844,0.0879,0,0,1
371.24,3,4,66.3,0,2.0473,0.0,6,0,0.1401,0.4007,0.0861,2,1,0
75.28,1,0,119.59,1,1.2036,3.9426,1,1,0.3928,0.7604,0.0674,1,1,0
228.97,2,3,48.59,1,0.5856,2.2912,8,0,0.7143,0.389,0.1045,1,0,1
314.51,4,0,96.24,0,0.9298,0.0,6,0,0.6457,0.2516,0.0681,1,0,1
375.83,1,1,25.77,2,0.9203,0.0,1,0,0.4417,0.3082,0.0131,0,1,0
170.67,2,1,101.95,0,1.1916,0.0,4,0,0.092,0.4007,0.3538,1,0,0
244.13,4,2,112.73,0,1.4337,0.0,2,0,0.6801,0.3162,0.1112,2,0,1
308.07,0,4,93.45,2,1.2701,0.0,7,0,0.3581,0.1381,0.0658,0,1,1
135.5,2,2,87.01,2,1.3582,0.0,6,1,0.1691,0.632,0.0168,0,1,0
313.76,1,4,83.67,2,1.3936,0.0,6,0,0.4081,0.5973,0.1457,1,0,1
248.73,1,0,1.24,2,0.8043,8.5535,8,0,0.299,0.2571,0.1764,0,1,0
269.39,3,4,86.24,3,1.126,5.5372,5,0,0.4624,0.4309,0.1804,2,1,1
465.14,1,2,87.94,2,1.9073,7.6172,5,1,0.8455,0.3237,0.1138,1,1,0
279.92,4,3,123.84,3,1.7219,0.0,2,0,0.3333,0.3078,0.0547,3,1,1
358.05,1,1,17.91,2,0.7523,0.0,2,0,0.5079,0.2602,0.1535,0,0,1
165.37,5,5,106.87,0,0.6462,3.2006,2,0,0.587,0.5667,0.226,1,1,1
313.56,4,1,138.9,1,1.8498,3.4162,5,0,0.4398,0.5628,0.0451,0,0,0
94.95,1,3,34.02,0,1.6197,0.0,7,1,0.2348,0.8794,0.072,2,1,0
216.68,4,1,157.85,1,1.6119,0.0,3,0,0.1929,0.505,0.1827,2,0,1
582.16,4,2,138.81,2,0.8497,0.0,3,0,0.6904,0.3549,0.1724,0,0,1
167.59,0,2,179.98,0,2.3265,0.0,5,0,0.283,0.5132,0.2093,0,0,1
207.84,2,0,108.96,0,1.5253,5.1385,4,1,0.4733,0.6664,0.1344,0,1,0
214.79,2,2,3.75,0,1.3204,0.0,3,0,0.2547,0.6613,0.0418,0,1,0
457.49,5,6,96.37,1,1.4536,0.0,5,0,0.3745,0.4297,0.1005,0,0,1
367.62,4,1,16.73,2,1.1846,0.0,2,0,0.5081,0.2389,0.1722,1,1,0
496.23,2,2,62.49,0,1.6707,0.0,3,0,0.5436,0.4828,0.0335,1,0,1
218.32,1,2,168.33,0,1.7485,0.0,4,0,0.7661,0.3581,0.0768,1,0,0
556.31,4,3,43.82,1,0.7488,2.2762,2,1,0.8339,0.3697,0.1634,2,1,1
116.91,3,2,98.03,1,1.7132,0.0,4,0,0.5577,0.8097,0.1746,0,0,1
126.95,2,3,92.16,1,1.6464,0.0,5,0,0.211,0.5173,0.1147,0,1,1
168.63,0,2,36.96,3,0.7398,8.7262,6,1,0.5057,0.5646,0.0897,3,1,0
315.5,5,3,113.34,1,0.9156,4.6746,4,0,0.0645,0.1969,0.0459,2,0,1
223.1,2,3,103.91,0,1.8632,4.5697,4,0,0.4856,0.4564,0.2491,1,1,1
287.93,2,5,104.94,1,1.0438,0.0,7,1,0.5518,0.4289,0.2243,0,0,1
64.35,2,1,142.34,2,0.698,0.0,6,0,0.4407,0.4285,0.0827,1,1,1
169.24,1,1,195.42,0,0.9937,4.1664,2,0,0.5159,0.481,0.0976,1,0,0
241.81,1,4,203.76,0,0.8465,0.8856,6,0,0.4919,0.2793,0.2013,3,0,1
280.0,1,3,58.27,2,1.4241,5.5859,1,0,0.3631,0.6015,0.1082,4,0,1
168.89,1,3,230.3,1,1.4971,0.0,4,0,0.4374,0.6314,0.0853,3,0,1
219.12,2,3,102.6,1,0.8099,0.0,3,0,0.5589,0.3309,0.0889,2,0,0
222.18,5,5,103.95,0,0.8085,0.0,5,0,0.7292,0.319,0.1303,1,1,1
229.25,2,0,135.93,0,1.3626,12.6528,1,0,0.2569,0.6326,0.0427,1,0,0
449.8,2,3,102.97,1,1.366,0.0,2,1,0.1808,0.4772,0.0429,4,1,0
177.35,4,4,26.51,1,0.4973,0.0,4,1,0.6379,0.3685,0.0426,4,1,1
98.8,1,0,118.0,1,1.2572,0.0,4,0,0.1044,0.5729,0.0449,0,1,0
130.49,4,0,82.56,2,1.9036,0.0,6,0,0.7318,0.6074,0.0942,3,0,0
165.08,1,2,60.11,0,1.8538,0.0,3,1,0.4858,0.3113,0.059,2,1,0
348.56,7,4,105.07,1,2.1235,12.6349,4,0,0.782,0.73,0.1833,4,0,1
262.69,4,1,137.05,0,3.2924,0.0,5,0,0.6118,0.7883,0.1724,0,0,1
435.57,2,0,93.15,2,0.6123,2.7804,7,0,0.2861,0.4471,0.2113,0,0,1
495.83,3,1,57.88,2,0.9331,9.0379,5,1,0.5383,0.597,0.0659,2,1,0
173.63,1,7,31.6,2,2.659,0.0,7,0,0.6346,0.4643,0.1098,3,0,0
147.52,1,2,70.12,1,1.162,9.5973,5,0,0.6731,0.3644,0.1909,0,0,1
374.25,1,5,101.02,1,2.0533,7.2886,2,1,0.4026,0.6117,0.2333,2,0,1
355.69,5,2,31.57,1,1.6004,0.0,8,0,0.4645,0.3988,0.1455,1,0,1
253.19,2,3,164.34,0,1.1177,8.7142,1,1,0.7105,0.5766,0.3499,0,0,1
393.09,2,2,56.55,1,1.0394,0.0,9,0,0.7614,0.2032,0.0669,1,0,1
264.81,4,3,123.66,1,0.4842,8.9884,9,0,0.7281,0.3496,0.0658,4,1,1
379.4,3,3,152.21,3,0.6315,6.424,9,1,0.6452,0.6056,0.025,1,0,1
160.28,2,2,66.78,3,0.9591,7.0133,4,0,0.3201,0.4636,0.0795,0,0,0
150.08,0,3,182.35,1,1.6641,7.4178,6,0,0.6164,0.6838,0.0931,3,0,0
97.63,0,1,108.68,1,0.6886,1.6085,5,0,0.7444,0.2364,0.184,0,0,0
224.9,3,2,177.45,0,0.6534,0.0,1,0,0.3652,0.6057,0.0896,0,1,1
226.95,4,3,229.73,2,0.8883,11.3556,6,1,0.6307,0.5935,0.0925,0,0,1
226.96,1,0,19.97,1,1.259,0.0,8,0,0.6279,0.5541,0.051,0,0,1
353.12,1,3,197.36,4,1.7698,0.0,9,0,0.4328,0.2928,0.0752,1,1,1
40.28,0,2,53.84,1,1.2477,0.0,2,0,0.2327,0.5173,0.0555,1,0,0
299.6,2,2,61.52,0,1.7864,0.0,4,1,0.6914,0.4555,0.085,0,0,1
88.89,1,3,171.87,1,1.4329,3.9389,5,0,0.5484,0.423,0.055,1,1,0
328.33,6,3,233.87,1,0.7135,0.0,3,0,0.7363,0.4986,0.1213,2,1,1
53.08,1,1,46.14,0,0.8756,5.8037,3,0,0.1464,0.4046,0.1644,0,0,0
256.2,4,3,195.71,0,1.0831,0.0,5,1,0.426,0.5154,0.0735,0,0,1
241.72,3,1,60.89,2,0.7163,0.0,2,0,0.272,0.4497,0.0751,1,1,0
164.24,2,2,66.69,0,0.5164,0.0,3,1,0.2359,0.4223,0.1641,1,0,0
136.35,3,5,117.25,2,1.471,0.0,8,0,0.432,0.6138,0.1471,1,1,1
305.2,6,6,160.57,0,0.7458,4.7926,1,0,0.5915,0.3827,0.1902,0,0,1
208.44,2,2,155.16,0,1.2632,0.0,3,1,0.3329,0.3096,0.1854,3,0,1
217.67,3,5,113.19,1,0.7958,0.0,7,0,0.0572,0.451,0.1383,2,1,0
153.15,1,6,118.68,0,0.9601,4.8449,3,0,0.3343,0.6215,0.3182,0,0,1
189.15,3,0,17.37,0,0.8217,3.8916,4,0,0.6767,0.2432,0.3438,0,0,1
242.48,3,3,134.23,1,0.5179,0.0,2,0,0.7221,0.486,0.2241,2,0,1
256.25,4,4,130.56,2,0.3827,3.4191,5,1,0.7036,0.3015,0.1432,3,0,1
545.18,2,2,27.35,1,1.1559,10.6532,3,0,0.6157,0.6031,0.0135,1,0,1
149.27,0,0,34.77,1,0.9506,0.0,4,0,0.4601,0.1453,0.0803,1,0,1
114.49,0,3,34.56,1,1.4325,0.0,1,0,0.5698,0.6254,0.3499,2,0,0
295.92,1,1,140.84,0,3.1938,0.0,1,0,0.8146,0.3435,0.1934,2,0,1
49.99,0,3,34.13,2,0.902,5.7884,6,1,0.6137,0.2493,0.0143,3,0,1
265.75,3,4,151.65,1,1.3271,6.7371,4,0,0.4379,0.4474,0.2586,1,1,1
261.94,0,2,52.69,1,2.246,5.911,8,1,0.2705,0.4579,0.0126,2,0,1
214.21,2,0,134.76,2,1.3215,10.7547,5,0,0.1487,0.693,0.1499,4,0,0
170.09,1,0,97.87,2,1.4734,0.0,2,0,0.5122,0.5898,0.2368,1,0,0
125.6,1,2,102.55,0,1.796,0.0,2,1,0.2106,0.3631,0.1557,2,0,1
362.17,4,4,81.16,1,1.2841,9.544,1,0,0.6287,0.6685,0.279,2,1,0
151.42,5,1,118.69,3,1.4974,0.0,10,0,0.2147,0.4718,0.1253,3,1,1
528.15,2,6,222.66,1,1.0531,0.0,6,0,0.6663,0.2723,0.0671,2,0,1
235.96,2,1,90.42,2,1.5411,0.0,3,0,0.1925,0.674,0.1259,3,1,1
111.68,2,2,124.57,2,1.0007,0.0,2,1,0.5564,0.2995,0.0585,1,0,0
327.47,6,0,255.41,1,1.3946,5.6844,1,1,0.4947,0.4446,0.3365,3,1,1
352.64,7,5,48.01,1,1.3094,0.0,6,0,0.7132,0.3996,0.1877,3,1,1
270.44,4,3,90.43,0,3.3723,0.0,4,0,0.2678,0.7747,0.127,0,0,1
365.06,3,4,22.12,1,1.988,11.7466,4,1,0.5958,0.5546,0.0473,2,0,1
214.18,1,3,13.12,2,1.7241,0.0,2,0,0.5789,0.4249,0.0562,2,0,0
600.0,6,2,127.09,2,1.1725,0.0,3,1,0.5173,0.3425,0.1738,2,0,1
245.0,1,2,145.89,1,1.0066,0.0,7,0,0.528,0.3379,0.2625,1,0,1
129.53,2,3,16.39,1,0.5568,0.0,3,1,0.6852,0.6451,0.0282,1,0,1
360.31,10,6,111.34,0,2.0312,7.8639,5,1,0.7806,0.5094,0.0116,1,0,1
125.61,1,2,116.99,0,0.8355,8.9749,7,1,0.6112,0.379,0.0169,0,0,0
155.49,1,0,50.65,1,0.8795,0.0,6,1,0.1829,0.6676,0.2449,0,0,0
270.58,4,1,190.46,0,1.9991,9.042,2,0,0.5051,0.3708,0.178,1,0,1
266.75,2,3,121.9,1,0.8956,0.0,5,0,0.5263,0.18,0.0315,4,0,1
313.8,1,3,197.13,2,1.3971,6.8943,9,0,0.2819,0.2856,0.3497,5,1,1
152.42,3,5,128.0,1,0.8234,0.9688,5,1,0.4324,0.2117,0.1753,2,1,0
483.2,4,2,38.38,1,0.817,7.0426,3,0,0.7238,0.3707,0.0228,1,1,1
189.0,3,3,147.15,1,2.6565,3.4755,4,0,0.6912,0.7767,0.2691,0,0,1
127.48,1,1,14.27,1,1.3649,0.0,6,0,0.1524,0.5817,0.0113,0,1,1
472.81,5,3,157.99,2,1.5093,0.0,8,0,0.6517,0.5662,0.1169,0,0,1
158.26,4,4,132.53,0,2.8759,8.1254,7,0,0.658,0.3751,0.246,0,0,1
389.87,5,2,104.57,0,1.8381,0.0,3,0,0.6823,0.8032,0.0422,2,0,0
202.32,5,2,139.81,1,1.0759,9.2043,2,0,0.4406,0.2649,0.1189,4,0,1
217.46,3,3,189.83,2,1.1032,0.0,6,0,0.571,0.2951,0.2129,0,1,1
203.7,3,5,103.89,1,3.1126,5.9097,4,0,0.9216,0.4577,0.1472,1,0,1
412.99,4,1,33.47,0,1.3224,0.0,3,0,0.8105,0.5947,0.0769,1,0,1
54.25,0,2,109.83,4,0.6339,0.0,9,0,0.3399,0.2525,0.1246,0,0,1
394.21,3,3,175.14,3,0.3852,10.413,5,0,0.6138,0.156,0.1744,3,0,1
458.31,4,3,128.63,2,1.2464,0.0,7,0,0.3487,0.4071,0.1312,0,0,1
281.75,2,2,194.3,0,0.7876,0.0,2,0,0.4563,0.2657,0.1351,0,1,0
388.58,3,7,54.87,0,1.6532,0.0,5,1,0.3723,0.4337,0.0442,3,0,1
134.04,2,3,160.85,2,0.724,0.0,1,0,0.5322,0.607,0.0903,0,0,0
247.1,6,4,53.0,0,4.0,13.4021,7,0,0.7181,0.6881,0.21,2,0,1
217.9,2,1,83.69,0,1.3338,0.0,8,1,0.6829,0.4124,0.055,0,0,1
600.0,0,4,56.66,2,0.5838,4.3318,5,1,0.5907,0.1767,0.0905,0,0,1
312.93,2,1,84.07,1,0.9421,9.0194,10,1,0.6191,0.2689,0.1231,2,0,0
320.55,3,2,64.66,1,0.8787,7.3305,4,0,0.4373,0.5501,0.004,1,0,0
190.96,4,1,133.53,0,1.958,0.0,3,0,0.3098,0.5933,0.1965,2,0,0
160.49,0,1,85.51,4,0.8692,6.3857,8,0,0.8968,0.466,0.0508,0,0,1
385.33,5,0,76.18,1,2.3763,0.0,2,0,0.5086,0.6204,0.2308,0,1,1
139.37,0,2,62.15,0,1.009,0.0,5,0,0.2333,0.3169,0.0158,1,0,0
600.0,5,3,254.7,1,1.457,5.4399,4,1,0.8609,0.3401,0.0814,2,0,1
360.13,7,2,180.54,0,2.1475,0.0,7,0,0.4874,0.6342,0.0448,0,0,0
85.45,1,1,45.65,1,1.0662,0.0,3,1,0.5648,0.4426,0.0782,0,1,0
187.95,2,0,155.79,4,1.7517,0.0,8,1,0.0605,0.4488,0.243,1,0,1
240.07,2,1,112.4,2,0.7345,7.1753,6,1,0.247,0.6154,0.0571,1,1,1
228.68,2,3,60.3,1,1.3217,6.7774,6,0,0.2553,0.2389,0.2467,3,0,0
166.01,4,3,64.37,1,1.3878,0.0,5,1,0.6614,0.6024,0.0554,0,0,1
122.06,1,3,108.43,0,0.8647,0.7693,4,1,0.774,0.4516,0.1456,0,0,0
239.54,2,4,195.94,0,1.2934,7.4762,4,0,0.5832,0.3422,0.2466,2,0,1
265.08,4,4,216.84,3,0.8374,3.2066,7,1,0.4885,0.3203,0.2724,2,0,1
197.83,2,2,164.14,1,0.9224,7.6468,2,0,0.4282,0.5119,0.175,0,0,0
524.8,1,5,171.46,0,1.6342,0.0,6,0,0.3251,0.1642,0.0796,0,1,1
595.74,3,5,206.56,2,1.2325,0.0,4,0,0.5049,0.3191,0.0828,1,0,1
204.43,2,1,16.72,1,0.5714,7.1182,4,0,0.4024,0.3911,0.2359,1,0,1
188.16,0,1,85.7,0,1.1053,0.0,4,0,0.2685,0.2437,0.1104,1,1,0
538.31,2,0,108.83,2,2.3301,9.523,5,1,0.6301,0.4949,0.1301,3,0,1
149.13,1,4,129.47,1,0.7915,5.9142,4,0,0.7458,0.16,0.4006,2,0,1
362.38,1,1,150.07,0,2.1537,4.9063,3,0,0.6503,0.4872,0.2101,2,1,1
475.86,3,6,179.48,0,1.2713,0.0,3,1,0.5866,0.2088,0.2832,0,0,0
202.14,4,2,126.71,0,0.9197,5.5927,5,0,0.7667,0.4581,0.2323,1,0,1
365.61,4,3,115.15,1,0.5958,0.0,5,0,0.4303,0.3466,0.1638,0,1,1
235.65,0,2,18.2,2,2.2139,0.0,6,1,0.7987,0.5527,0.1237,1,1,1
141.41,1,3,57.38,1,1.5075,0.0,10,0,0.5489,0.3343,0.1621,2,0,1
315.11,1,2,100.08,0,1.5801,0.0,1,0,0.7052,0.3759,0.0582,0,1,0
290.71,2,2,74.02,0,0.5401,6.4227,4,0,0.5736,0.4142,0.096,2,0,1
561.77,8,5,120.14,1,2.7831,0.0,3,1,0.2511,0.5198,0.0319,4,0,1
419.68,3,3,143.17,2,1.164,0.0,6,0,0.4364,0.6836,0.051,2,0,1
185.88,3,3,76.1,2,1.3216,0.0,4,1,0.2384,0.0823,0.0713,0,0,0
147.69,1,2,102.68,2,1.3475,4.8678,10,0,0.1769,0.3142,0.1156,2,0,1
310.06,6,5,146.26,0,2.9774,0.0,5,0,0.4995,0.593,0.157,1,1,1
468.21,6,2,81.02,0,0.7857,0.0,4,0,0.593,0.3645,0.0383,2,0,1
291.51,2,3,200.39,1,2.2591,0.0,5,1,0.1501,0.5344,0.0195,0,1,0
116.55,3,4,28.66,1,2.9236,0.0,4,0,0.4089,0.7044,0.024,1,0,1
137.56,0,3,113.58,0,0.8071,8.7211,3,1,0.3129,0.3497,0.1403,2,0,0
475.57,4,2,99.3,0,2.4645,0.0,1,1,0.6152,0.4397,0.1056,4,0,1
209.28,3,2,159.01,0,0.7566,9.996,2,1,0.5361,0.5779,0.058,1,0,0
264.42,2,0,105.49,3,1.2808,0.0,7,1,0.3369,0.2375,0.0269,0,1,1
273.47,3,3,90.59,1,0.7475,0.0,3,0,0.586,0.4741,0.222,2,0,0
175.07,1,3,166.03,1,0.6438,0.0,8,1,0.2985,0.1692,0.0966,4,1,0
238.44,3,2,16.11,3,0.688,9.9686,5,0,0.4642,0.3544,0.1209,2,1,0
117.53,1,2,84.31,1,0.8248,8.8349,9,0,0.4088,0.5348,0.1876,1,0,1
154.83,0,1,91.53,2,0.9301,0.0,4,0,0.534,0.5184,0.1146,1,0,0
231.36,4,0,68.94,0,1.2431,2.2973,2,1,0.7064,0.2636,0.1503,1,0,1
272.86,3,1,175.85,1,2.033,6.9107,8,0,0.6002,0.538,0.122,0,0,1
334.21,3,0,94.22,4,1.6062,0.0,7,0,0.5598,0.5939,0.1899,0,1,1
282.91,2,1,127.33,0,1.5375,0.0,3,0,0.738,0.4401,0.0396,0,0,1
279.33,3,2,23.3,2,0.5055,6.1149,5,0,0.1868,0.4222,0.1511,1,0,1
207.84,4,1,86.43,1,0.6186,5.6496,7,1,0.4236,0.3022,0.1372,2,0,0
161.35,3,1,126.07,1,1.1417,0.0,9,0,0.6502,0.4757,0.0355,2,1,1
501.49,7,4,108.07,0,0.3059,6.9813,2,0,0.3124,0.2564,0.1215,2,0,1
600.0,5,0,21.31,0,1.5776,1.9278,4,0,0.2544,0.677,0.2028,0,1,1
182.66,3,2,75.7,2,0.8035,0.0,3,0,0.7959,0.4177,0.0361,1,0,0
171.5,2,4,52.68,0,1.3885,0.0,4,0,0.5647,0.6597,0.2218,2,0,0
242.12,2,3,99.48,3,1.4972,0.0,5,0,0.268,0.6447,0.0162,2,0,1
224.92,0,3,54.24,4,3.6039,7.2076,8,0,0.3479,0.7372,0.2533,0,0,1
230.12,5,2,53.42,2,1.5402,10.6702,4,0,0.3264,0.3825,0.1611,1,0,0
378.95,5,1,84.96,3,1.1762,0.0,5,0,0.5242,0.488,0.0674,0,1,0
146.78,1,1,5.12,1,1.9784,0.0,6,0,0.5926,0.6478,0.0708,0,0,1
302.23,4,2,141.47,2,0.6099,13.5615,5,0,0.556,0.2004,0.2508,1,1,1
273.61,1,1,104.98,2,0.8797,0.0,8,0,0.3925,0.1921,0.0563,0,0,1
33.31,0,0,75.09,1,1.2117,0.0,4,1,0.8609,0.586,0.0637,1,0,0
120.43,1,0,49.37,3,1.1807,0.0,4,0,0.4113,0.2571,0.1425,0,1,0
600.0,6,2,106.76,1,1.3839,0.0,4,0,0.8804,0.5698,0.1725,4,1,0
227.4,2,1,30.62,0,2.7018,0.0,5,0,0.1833,0.6579,0.0433,1,0,1
151.78,2,2,156.87,2,0.4669,0.0,1,1,0.3103,0.5274,0.0221,0,0,1
95.02,1,1,34.44,0,0.7032,4.4248,5,0,0.6437,0.3934,0.1088,0,0,0
600.0,1,4,62.26,2,0.9496,0.0,6,0,0.3723,0.2993,0.2914,4,1,1
338.85,3,3,32.11,0,2.2927,11.1135,3,0,0.5125,0.5987,0.0802,1,1,1
190.79,1,2,9.81,0,1.0433,0.0,1,1,0.2392,0.2524,0.0111,1,0,0
183.89,3,2,52.68,3,0.8648,0.0,5,0,0.7554,0.514,0.1732,2,0,1
370.1,5,1,85.98,0,1.3156,0.0,3,0,0.0436,0.6406,0.1688,1,1,0
99.43,2,6,120.4,2,1.2498,9.6223,5,0,0.6329,0.7859,0.0492,1,1,1
116.51,3,4,110.02,0,1.4877,11.354,3,1,0.5418,0.5509,0.2751,1,0,0
514.45,7,4,156.97,1,1.7033,13.4589,3,1,0.5497,0.5908,0.1146,1,0,1
349.57,4,3,171.91,1,1.5918,9.1924,1,0,0.1649,0.4118,0.2696,0,0,1
126.28,3,5,81.41,1,0.8738,9.0924,6,0,0.3956,0.5597,0.1199,1,0,0
600.0,4,3,212.73,2,1.8863,2.2,8,0,0.3439,0.6603,0.2113,3,1,1
600.0,7,4,100.7,0,2.3179,11.4033,1,0,0.6399,0.697,0.358,0,1,1
302.86,3,4,216.64,1,0.5116,0.0,2,0,0.7557,0.3485,0.3018,3,1,0
461.01,1,3,72.44,0,3.8054,0.0,4,0,0.1574,0.5101,0.1384,0,0,1
184.25,3,2,71.83,0,2.2404,0.0,5,0,0.1273,0.2253,0.2386,0,1,1
375.61,2,1,219.76,0,1.5364,0.0,6,0,0.2833,0.3974,0.1154,3,1,1
160.93,4,0,13.91,4,1.4127,8.2104,7,1,0.1975,0.6634,0.0917,1,0,1
96.82,1,1,69.94,0,1.0474,0.0,5,1,0.5308,0.441,0.0587,0,0,1
445.94,3,4,15.81,0,1.3536,0.0,4,0,0.3586,0.2634,0.1011,0,0,0
452.35,2,2,42.75,2,3.0003,0.0,2,1,0.1798,0.689,0.1851,2,1,1
167.71,2,3,105.03,1,0.9987,11.7861,5,0,0.373,0.4729,0.0963,2,1,0
359.26,7,5,182.6,0,1.3968,5.1431,4,1,0.6849,0.648,0.0961,2,1,1
309.05,5,2,130.47,3,2.1306,6.2294,4,0,0.6283,0.4743,0.1556,4,0,1
386.84,9,4,26.18,1,1.5717,9.8664,3,0,0.6158,0.6808,0.1263,4,1,1
261.97,4,3,76.71,0,0.7049,12.9524,8,0,0.6031,0.3935,0.0318,1,0,1
75.45,2,2,64.13,1,1.7621,0.0,2,0,0.7035,0.4964,0.158,2,0,0
103.9,3,0,48.8,0,0.6942,11.8999,4,0,0.2303,0.4371,0.2141,0,0,1
209.73,4,2,15.49,0,0.9102,0.0,3,0,0.4813,0.4102,0.1289,1,1,1
347.14,3,1,69.5,1,0.7364,0.0,6,1,0.2238,0.234,0.1214,1,0,1
128.32,2,1,78.19,0,0.9071,0.0,4,1,0.2317,0.4697,0.043,1,0,0
424.22,4,3,167.25,2,1.8538,0.0,2,0,0.2673,0.6505,0.0242,1,1,1
211.61,4,4,60.17,0,1.0892,0.0,2,0,0.3854,0.699,0.1724,1,1,1
327.44,0,2,122.07,1,1.5154,7.9243,5,1,0.2895,0.5999,0.0161,2,1,0
487.09,2,2,85.82,0,1.5236,0.0,5,1,0.6498,0.5264,0.1247,3,0,1
17.5,0,1,88.72,1,1.6907,9.9599,6,1,0.2733,0.4428,0.0116,0,0,1
96.21,3,3,109.14,1,1.2742,0.0,8,0,0.5296,0.4804,0.0909,2,1,0
195.4,2,2,149.88,1,0.6537,4.787,6,0,0.6367,0.2228,0.2226,0,0,0
224.69,3,4,126.09,2,1.1261,0.0,5,1,0.8677,0.1961,0.0546,2,0,1
219.21,4,1,128.45,0,0.6854,0.0,1,0,0.3694,0.4481,0.1214,0,1,0
93.43,1,1,141.87,1,2.1284,0.0,2,0,0.4953,0.5631,0.0774,1,0,1
266.28,2,0,99.62,0,0.786,2.7148,3,0,0.2142,0.1987,0.0457,0,1,0
182.27,3,1,78.56,0,2.9392,0.0,4,1,0.5267,0.7685,0.2109,1,0,1
600.0,7,2,82.13,0,2.3429,0.0,4,0,0.651,0.2979,0.1221,1,0,0
187.12,1,1,53.65,0,0.9868,0.0,3,0,0.5455,0.526,0.0513,0,1,0
387.26,1,1,149.64,1,1.1304,6.934,4,0,0.3279,0.6127,0.3064,3,0,1
66.94,2,1,60.82,0,0.7313,0.0,2,1,0.4612,0.4829,0.0165,0,1,0
205.11,2,2,150.89,0,1.1222,0.0,5,0,0.5517,0.5834,0.1943,0,1,0
263.53,2,2,98.53,4,0.8762,0.0,5,1,0.1804,0.4235,0.1353,3,0,0
318.15,4,3,69.11,0,1.978,6.9709,2,1,0.23,0.6455,0.0951,2,1,0
321.45,3,4,199.73,2,2.4128,0.0,2,0,0.7037,0.559,0.0924,0,0,1
195.64,5,3,53.21,2,1.0293,3.8358,4,1,0.2819,0.5449,0.168,0,0,1
519.68,5,4,101.84,1,2.4993,6.9526,3,1,0.5836,0.4406,0.1472,1,0,1
565.51,4,4,50.6,2,1.5213,0.0,3,0,0.4321,0.7032,0.0231,1,0,0
337.72,4,4,83.61,3,0.9292,8.2732,3,0,0.3712,0.3388,0.1889,1,1,1
403.03,5,5,15.02,0,1.1232,0.0,9,0,0.3054,0.1427,0.1937,1,0,1
188.69,2,4,53.85,2,0.6913,6.4604,8,0,0.6178,0.1724,0.0734,1,0,0
176.94,3,1,19.29,2,0.8322,0.0,10,0,0.5295,0.4074,0.1036,1,1,1
300.56,3,3,57.08,1,0.7926,11.7963,10,0,0.2473,0.2745,0.1331,2,1,0
168.82,0,1,120.57,0,2.104,3.0585,2,0,0.6244,0.3025,0.0598,1,0,1
334.44,2,6,158.29,1,0.8964,11.0386,5,0,0.5291,0.3873,0.2154,4,0,1
222.54,4,2,150.48,1,1.9755,0.0,4,1,0.5621,0.3889,0.1431,0,0,1
383.26,6,4,68.8,1,1.9401,0.0,6,1,0.2427,0.3469,0.2163,2,1,1
452.57,3,4,68.17,2,0.8875,0.0,10,1,0.5732,0.3466,0.0254,3,0,1
183.66,1,1,199.78,1,0.66,9.0771,4,0,0.5192,0.293,0.2538,2,0,1
126.22,2,1,112.73,0,0.8531,5.8268,9,0,0.285,0.4514,0.0433,2,1,0
221.95,3,2,127.51,0,0.5312,7.1225,2,1,0.475,0.2428,0.0535,0,0,1
285.37,6,1,115.12,1,1.5765,0.0,8,0,0.4496,0.6187,0.2202,0,0,0
258.89,8,5,52.92,2,1.7853,0.0,10,0,0.6899,0.7606,0.0673,2,1,1
170.02,3,1,72.46,1,0.7318,0.0,6,0,0.6866,0.4316,0.1193,1,0,1
301.36,2,3,109.0,1,2.1299,1.8551,6,0,0.6001,0.5101,0.0722,1,1,1
96.64,0,2,88.64,2,1.5739,0.0,7,1,0.7343,0.5298,0.18,1,1,1
303.93,4,0,75.07,2,1.152,5.4539,2,0,0.416,0.6143,0.0451,1,0,0
534.08,4,4,68.66,1,0.9562,0.0,1,0,0.5552,0.3529,0.1539,3,1,1
185.46,1,1,79.73,1,1.1532,8.6438,7,1,0.5497,0.4424,0.1371,0,0,0
514.61,3,5,207.03,0,1.3843,10.5471,5,1,0.6418,0.6395,0.3129,4,0,1
300.18,4,2,13.8,1,0.6899,5.1174,4,0,0.4808,0.4284,0.1671,0,1,0
294.9,2,3,127.39,0,1.0751,9.1477,4,1,0.2968,0.7395,0.2544,5,1,1
343.57,3,1,67.29,0,1.4571,5.0425,4,1,0.801,0.7815,0.1924,0,0,1
131.8,0,1,81.69,2,1.2486,11.5963,8,0,0.2402,0.6988,0.1153,2,1,1
288.24,5,4,24.76,2,0.8165,0.0,7,0,0.7174,0.6621,0.13,2,0,1
170.39,3,5,127.13,1,0.6528,0.0,6,1,0.7046,0.4099,0.246,2,0,1
262.4,2,2,13.76,0,1.0462,0.0,4,0,0.4502,0.3063,0.0625,1,0,0
287.69,3,3,52.31,1,0.8264,0.0,2,0,0.2805,0.3786,0.1791,0,1,0
275.7,4,3,81.55,1,1.6601,0.0,3,0,0.5017,0.5105,0.0805,1,1,1
277.06,4,3,35.0,0,1.7616,0.0,2,0,0.6837,0.7481,0.1395,0,0,1
301.43,3,3,120.24,2,1.4209,0.0,9,0,0.5261,0.5573,0.2391,0,1,1
152.72,3,2,21.89,1,1.5654,7.1125,2,0,0.4955,0.4115,0.0213,3,0,0
266.13,6,3,105.98,1,0.797,0.0,9,1,0.7623,0.7545,0.1439,0,0,1
35.26,1,0,51.34,1,0.7515,7.8735,2,0,0.6803,0.615,0.0988,0,1,0
124.08,3,1,132.28,0,1.6345,6.4827,4,0,0.2645,0.5633,0.1605,2,0,1
297.97,2,1,142.51,0,0.7644,0.0,7,0,0.3567,0.2743,0.0979,4,1,0
148.61,3,1,54.35,0,0.7548,9.618,3,0,0.5585,0.459,0.1467,0,0,1
220.28,4,1,128.14,0,1.259,8.7374,6,0,0.7936,0.3527,0.299,1,1,1
227.16,2,0,67.03,0,0.8318,0.0,4,0,0.3681,0.3725,0.2135,2,0,0
199.28,2,0,45.83,1,1.2657,0.0,3,1,0.7335,0.2833,0.2416,1,0,1
470.82,2,3,140.66,0,2.9839,0.0,3,0,0.7574,0.3131,0.0601,1,0,1
153.62,2,0,246.76,1,0.9217,8.6402,3,0,0.5915,0.4808,0.0493,0,1,0
277.59,5,1,162.76,0,2.6091,0.0,10,0,0.4617,0.6329,0.0428,1,0,1
171.07,2,3,152.73,3,1.0206,8.2008,10,1,0.3924,0.4191,0.1532,1,1,0
91.7,2,1,105.51,1,1.6316,0.0,3,0,0.3958,0.6212,0.1197,1,0,1
470.29,2,1,100.49,0,1.1092,0.0,1,0,0.6195,0.2955,0.0022,1,0,0
523.79,1,2,26.01,2,0.8081,0.0,8,0,0.5846,0.4851,0.0629,1,0,0
151.95,2,2,116.44,1,0.9039,4.0518,2,0,0.5963,0.3495,0.1629,4,1,0
200.12,1,0,138.18,2,1.3957,0.0,7,0,0.7737,0.2768,0.0643,1,0,0
189.36,2,2,40.63,0,1.3362,12.0606,4,0,0.4424,0.2487,0.1279,1,0,1
349.81,4,0,114.52,2,1.366,0.0,6,1,0.5551,0.4479,0.1141,4,0,1
337.5,3,5,99.28,3,0.3813,3.5268,6,0,0.2847,0.5245,0.0537,1,0,0
197.11,2,4,98.37,0,0.7267,5.6997,2,0,0.2419,0.2297,0.1991,5,0,1
198.07,2,1,85.08,1,1.4399,0.0,5,1,0.7045,0.3343,0.0122,1,1,1
518.78,10,4,127.1,1,1.0677,0.0,6,0,0.8335,0.6336,0.1126,2,0,1
31.85,0,1,96.64,2,1.1298,4.4154,2,0,0.5089,0.4788,0.0767,0,0,1
76.35,2,1,114.79,2,2.1063,0.0,7,0,0.2927,0.357,0.0941,1,1,0
430.6,4,1,66.28,1,3.0145,10.0912,2,1,0.4579,0.2864,0.1169,1,0,1
179.97,0,4,100.6,0,1.1035,0.0,9,0,0.1835,0.582,0.0739,1,1,0
168.94,4,1,44.46,1,2.3664,0.0,4,0,0.8048,0.6204,0.1423,2,0,1
379.65,5,5,141.29,2,1.7089,4.3536,3,0,0.4164,0.6462,0.0514,2,1,1
288.25,2,2,141.2,0,1.1897,0.0,2,0,0.745,0.5805,0.0135,4,1,0
198.18,3,3,87.74,0,1.2711,0.0,7,0,0.4355,0.4673,0.086,1,1,1
451.08,1,3,75.03,0,1.2271,4.0431,5,0,0.5729,0.4493,0.0999,2,1,0
229.38,2,2,155.54,2,0.7301,0.0,6,1,0.4418,0.4204,0.1855,1,0,1
278.79,2,5,80.69,1,2.1986,0.0,4,0,0.4514,0.4835,0.162,2,1,0
474.14,4,3,223.13,3,2.0282,8.2393,6,0,0.1138,0.1682,0.0894,0,0,1
85.97,0,3,118.16,0,0.7874,11.0371,5,1,0.66,0.2792,0.2666,2,0,1
343.77,4,5,77.92,0,2.9779,5.9656,7,0,0.7217,0.5898,0.2522,3,1,1
158.69,4,3,145.17,1,2.0855,0.0,6,0,0.8172,0.6228,0.0151,3,0,1
500.85,6,5,160.78,1,2.2539,7.6043,2,1,0.4697,0.7064,0.0672,1,1,1
239.22,3,1,75.18,2,1.6194,0.0,5,1,0.283,0.5415,0.0631,2,0,1
340.09,3,0,116.02,0,1.5571,0.0,3,1,0.316,0.6569,0.2173,2,0,1
398.68,5,1,98.03,3,1.6656,0.0,9,0,0.7595,0.2621,0.1821,2,0,1
561.9,4,1,94.81,1,1.8422,0.0,4,0,0.3564,0.5413,0.1107,2,0,1
147.98,2,0,24.31,0,1.1934,0.0,5,1,0.5175,0.3623,0.2572,5,0,1
253.33,2,3,69.36,0,1.793,0.0,4,0,0.7535,0.3793,0.037,1,1,0
449.23,4,3,38.77,2,0.5248,0.0,4,0,0.4464,0.8008,0.2324,2,0,1
305.38,3,3,61.07,3,1.6365,10.7797,5,0,0.5019,0.7744,0.0584,4,0,1
600.0,3,2,148.29,1,1.4661,0.0,4,1,0.4572,0.4514,0.1954,2,0,1
313.53,2,3,194.37,1,1.1008,0.0,2,0,0.2496,0.4667,0.0623,1,0,1
265.88,2,5,67.83,0,3.1185,8.9867,4,0,0.5165,0.7959,0.1144,0,0,1
311.55,6,3,111.92,0,1.3008,9.4131,5,0,0.4006,0.4472,0.0361,0,0,1
377.96,1,1,175.74,0,2.5175,0.0,2,0,0.3952,0.6621,0.0008,0,0,0
318.38,3,4,166.45,4,1.5315,0.0,5,0,0.4037,0.4461,0.1004,2,0,1
247.4,2,2,27.01,1,1.6784,0.0,2,0,0.525,0.5828,0.1014,2,0,1
97.13,1,5,91.8,0,0.8383,0.0,5,1,0.3408,0.5014,0.068,1,0,1
485.63,8,6,168.19,0,1.2072,0.0,4,0,0.4267,0.2386,0.065,2,1,1
233.5,3,3,214.51,0,1.6091,5.0941,3,0,0.7344,0.3717,0.1459,2,0,1
271.69,3,4,108.42,2,1.2728,0.0,4,1,0.501,0.4553,0.2383,3,1,1
373.41,4,2,176.71,0,1.147,9.7757,3,0,0.5335,0.6506,0.0629,0,1,0
285.7,2,2,159.43,0,0.8046,10.6941,5,0,0.5308,0.3196,0.1001,0,1,0
355.17,3,2,90.31,1,0.8635,0.0,4,1,0.5589,0.5092,0.0409,5,1,0
198.02,2,3,76.24,0,1.0641,0.0,2,0,0.614,0.4195,0.184,1,0,1
295.48,4,2,32.31,2,1.2998,0.0,7,1,0.3897,0.6059,0.137,1,0,1
395.05,1,4,75.82,1,1.1929,0.0,4,0,0.678,0.7255,0.1612,1,0,0
125.39,2,2,80.39,0,1.2418,7.3505,4,0,0.2582,0.6652,0.1153,0,0,1
255.37,4,0,113.44,2,1.1968,8.8156,2,0,0.5714,0.2939,0.1558,1,0,1
143.83,4,3,145.4,2,1.6025,0.0,3,1,0.7712,0.5047,0.164,2,0,1
324.2,2,2,37.94,2,2.7339,5.9349,4,0,0.3625,0.7702,0.0241,0,1,1
176.38,0,4,249.03,0,1.4351,0.0,3,0,0.1171,0.5661,0.0561,1,1,1
328.59,3,2,46.35,2,1.5506,4.9504,1,1,0.4546,0.6166,0.0878,2,1,0
467.85,1,4,107.86,0,1.046,0.0,4,1,0.3805,0.6928,0.2476,1,0,0
152.19,2,3,114.17,1,3.0921,7.954,1,0,0.6971,0.5713,0.0235,0,1,1
352.8,3,0,154.24,3,3.7946,5.4412,7,0,0.8725,0.5416,0.0744,1,1,1
250.38,4,3,114.54,0,0.9486,0.0,3,0,0.5741,0.3443,0.0528,1,0,1
600.0,3,2,150.49,2,0.843,0.0,4,0,0.7802,0.4774,0.1134,2,1,0
356.96,4,1,55.59,0,1.6984,10.8577,4,0,0.5124,0.8128,0.2644,2,0,1
421.21,8,3,162.49,1,1.1429,0.0,2,0,0.4611,0.3808,0.1295,2,0,0
351.85,2,1,30.62,0,0.6621,2.616,1,1,0.7375,0.3412,0.1547,3,1,0
235.74,4,2,111.79,3,0.8211,7.9888,5,0,0.2642,0.6857,0.102,2,1,0
491.51,6,2,64.04,2,1.3953,0.0,7,0,0.4462,0.6394,0.0567,0,0,1
560.7,4,3,143.33,3,0.8941,0.0,7,0,0.564,0.5783,0.0707,5,0,1
225.34,4,2,46.09,0,2.346,6.5089,4,0,0.8141,0.7315,0.0754,0,0,1
19.88,0,0,84.07,2,1.3368,13.7522,5,0,0.3696,0.5009,0.1325,2,0,1
140.73,2,2,125.49,0,0.5475,9.2188,2,0,0.733,0.2634,0.2762,0,1,0
156.94,1,1,109.61,3,0.5396,6.2448,9,0,0.6197,0.2431,0.015,0,0,0
422.08,6,3,117.9,0,2.6274,4.4165,3,1,0.8104,0.648,0.145,2,0,1
286.44,3,5,105.5,0,1.4864,9.7679,2,0,0.7255,0.53,0.0931,0,0,1
390.92,5,2,70.46,0,1.3306,8.7078,5,0,0.7945,0.3759,0.1083,3,0,0
474.66,2,6,132.26,3,1.5352,0.0,5,1,0.3595,0.5349,0.1953,5,1,0
233.43,3,3,189.51,5,0.7528,5.3791,7,0,0.8273,0.2876,0.0624,2,1,1
387.31,6,2,193.09,2,0.9804,7.8601,8,0,0.633,0.3223,0.073,3,0,1
179.56,1,3,153.21,1,1.3207,0.0,9,0,0.5605,0.5437,0.2047,4,0,1
370.95,5,5,152.87,1,1.2639,0.0,3,0,0.396,0.6138,0.2922,4,1,1
233.17,4,2,93.07,0,1.2727,2.7236,4,0,0.4575,0.4273,0.0722,1,0,1
280.38,0,1,180.4,2,1.1603,8.5475,6,0,0.3531,0.4044,0.0516,2,1,0
600.0,3,5,129.55,1,0.5472,6.3025,7,0,0.1859,0.3195,0.3357,2,1,1
42.0,1,2,67.4,0,0.601,0.0,8,0,0.3877,0.3516,0.1541,3,0,0
322.06,4,4,210.95,2,0.4655,7.1249,4,1,0.6511,0.2774,0.226,3,0,1
337.39,4,3,154.95,1,1.4032,0.0,2,0,0.5463,0.397,0.2314,1,1,1
402.43,0,0,25.44,1,1.4209,0.0,3,1,0.7011,0.2839,0.1166,0,0,1
337.36,8,3,66.9,0,1.5323,8.7763,4,1,0.2684,0.5384,0.2501,3,0,0
462.02,4,0,50.13,1,1.8117,0.0,4,0,0.3888,0.3809,0.0361,1,0,1
432.57,4,4,76.98,1,0.936,0.0,4,0,0.3777,0.0994,0.1394,3,0,1
247.83,2,2,53.87,0,0.8378,0.0,2,1,0.5673,0.2248,0.3067,0,0,0
180.01,1,1,190.5,2,1.2809,0.0,6,1,0.3391,0.4511,0.2496,0,0,0
186.43,4,3,144.12,0,1.5049,0.0,3,0,0.2963,0.3193,0.1949,3,1,1
589.79,2,0,115.18,0,1.844,9.4042,3,1,0.0759,0.6027,0.0865,0,0,1
463.66,1,1,64.13,2,2.2258,0.0,8,0,0.4606,0.561,0.0109,0,1,1
247.33,2,2,32.16,2,1.8895,0.0,6,0,0.6603,0.4535,0.0638,1,0,1
600.0,3,5,219.34,2,0.962,9.1534,4,0,0.3484,0.5633,0.069,3,0,1
397.5,3,0,59.89,3,0.7715,13.6018,8,0,0.3847,0.6961,0.1949,0,0,0
164.95,4,3,149.71,1,2.506,7.2772,6,1,0.4383,0.392,0.0366,4,1,1
502.42,5,4,102.22,0,1.613,0.0,7,0,0.2726,0.4444,0.1061,3,1,1
413.68,1,4,168.69,2,2.8482,8.8017,4,0,0.384,0.642,0.0886,3,0,1
184.66,1,3,92.54,2,0.9714,5.4202,6,0,0.2316,0.5317,0.1258,0,1,0
600.0,4,3,90.88,1,0.9384,11.5015,7,0,0.4984,0.3864,0.1329,3,0,1
501.85,5,3,104.88,2,1.8222,9.5483,3,1,0.3903,0.7493,0.3056,0,0,1
477.99,3,1,95.23,2,0.6302,0.0,2,0,0.467,0.4505,0.1378,1,1,0
281.84,5,3,81.1,1,2.4999,3.6478,1,0,0.2591,0.6611,0.0984,1,0,1
200.42,3,1,138.18,1,1.0474,0.0,4,1,0.8324,0.3808,0.1956,0,0,1
325.91,6,4,95.26,1,1.104,11.8402,1,0,0.2532,0.8527,0.0507,2,1,1
393.78,1,0,41.99,0,1.5816,9.8711,6,0,0.4671,0.5407,0.0405,0,0,1
232.22,5,4,82.68,1,1.4323,0.0,4,1,0.8328,0.7831,0.1257,2,0,1
91.13,1,3,102.91,0,0.9876,0.0,2,0,0.8696,0.316,0.1659,2,0,0
355.35,7,2,26.94,1,1.0698,0.0,6,0,0.4382,0.518,0.1321,0,0,1
320.04,7,4,161.84,0,1.6126,7.0873,6,1,0.4927,0.5285,0.0192,2,0,1
326.99,3,1,100.77,2,1.5139,0.0,6,1,0.2215,0.5677,0.0801,0,1,1
184.3,0,2,64.0,0,1.457,9.715,2,1,0.1667,0.407,0.0222,0,1,0
139.22,2,5,202.14,0,3.0324,6.8719,2,1,0.6962,0.5293,0.2279,2,0,1
194.06,2,3,159.31,1,0.9391,0.0,3,0,0.1867,0.6921,0.224,0,1,0
250.36,3,3,70.06,1,3.3365,7.3349,1,0,0.5639,0.6844,0.2907,0,0,1
457.64,7,3,17.24,1,2.2997,7.7279,3,1,0.5692,0.6428,0.1574,1,0,1
311.57,2,2,69.43,0,1.578,0.0,1,0,0.2653,0.5662,0.0995,1,1,0
137.78,0,0,171.65,0,1.9221,4.2926,8,0,0.564,0.4823,0.1352,0,0,1
190.96,4,2,17.58,1,2.6127,6.1627,3,1,0.1611,0.7066,0.1726,0,1,1
561.27,5,4,176.01,2,1.2652,0.0,6,0,0.5636,0.7008,0.1773,2,1,1
209.76,2,1,21.92,0,2.7639,0.0,6,0,0.5144,0.5637,0.1005,1,1,1
273.05,4,4,60.21,0,1.1008,4.2197,4,0,0.3956,0.2011,0.1476,4,1,0
263.87,3,0,24.99,0,1.5026,1.952,3,0,0.5062,0.365,0.065,1,0,0
120.61,2,0,66.51,1,0.9794,0.0,2,0,0.7408,0.5067,0.048,2,0,1
87.67,2,1,24.18,1,1.3377,0.0,3,0,0.1387,0.5452,0.0323,1,1,0
568.81,3,5,188.5,1,0.7627,0.0,2,0,0.4307,0.4215,0.1801,2,0,1
206.9,3,3,95.2,0,1.2669,6.3166,8,0,0.4103,0.4585,0.0768,4,0,1
328.27,5,5,150.07,3,0.8883,0.0,7,0,0.4721,0.5749,0.0348,0,1,0
219.36,2,2,121.55,1,2.1898,0.0,1,1,0.4801,0.5693,0.1948,1,0,1
58.15,1,3,46.74,0,0.9654,11.9618,3,1,0.3344,0.6166,0.0232,0,0,1
146.42,0,4,64.16,1,3.9134,0.0,2,0,0.4715,0.7112,0.0932,1,0,1
122.52,2,0,66.83,0,0.8506,0.9612,3,0,0.5412,0.1827,0.0917,0,1,0
441.43,3,2,136.16,1,1.359,8.2524,4,1,0.6045,0.4027,0.0571,0,1,1
110.91,3,0,92.56,1,0.7352,0.0,5,0,0.2705,0.4654,0.0173,4,1,0
455.17,2,2,150.96,1,0.7092,9.8723,3,1,0.2339,0.5867,0.1552,3,0,0
135.56,0,0,148.73,0,1.1727,0.0,1,1,0.7798,0.5813,0.0824,1,0,1
519.42,5,7,64.35,0,1.022,0.0,4,0,0.7589,0.2952,0.0572,0,0,1
425.59,4,2,94.16,0,1.9008,0.0,7,1,0.8209,0.6402,0.2806,0,0,1
217.46,1,4,97.81,1,0.9786,13.6148,4,0,0.673,0.5026,0.0594,2,0,0
380.49,2,6,40.12,0,0.581,9.064,2,1,0.2608,0.6169,0.1992,5,0,1
439.41,2,1,152.41,0,1.7527,0.0,5,0,0.6743,0.3042,0.096,1,1,1
236.04,1,2,51.63,1,1.1125,3.2654,5,1,0.5551,0.4297,0.0619,1,1,0
470.0,3,1,38.3,1,1.7271,0.0,3,0,0.2357,0.5787,0.2628,1,1,1
412.59,10,3,137.93,2,1.8463,3.3428,4,1,0.5258,0.7556,0.2024,2,0,1
258.39,7,4,183.21,2,1.6685,4.2949,4,0,0.6625,0.6652,0.2049,2,0,1
241.05,2,5,175.77,0,1.6261,0.0,5,0,0.7374,0.6713,0.1746,1,1,1
112.21,2,1,85.79,1,1.1845,12.0246,5,1,0.298,0.398,0.3311,2,0,1
281.26,2,4,191.07,1,1.0998,0.0,3,1,0.317,0.324,0.0109,0,0,1
366.5,4,0,109.58,1,0.679,2.4088,3,0,0.4267,0.235,0.2272,0,0,1
104.44,1,2,158.81,2,1.898,10.475,3,0,0.104,0.4174,0.194,2,0,1
247.11,1,1,102.16,3,0.8539,3.6731,3,0,0.6498,0.3322,0.019,1,1,0
362.71,7,6,62.84,2,1.1869,0.0,10,0,0.3404,0.4209,0.1454,2,1,1
268.74,3,1,41.94,1,0.7546,11.9933,4,0,0.7413,0.486,0.1986,0,1,1
312.32,1,1,12.54,3,1.0694,0.0,6,0,0.5978,0.5448,0.0423,0,1,0
193.57,1,1,128.72,1,2.5674,0.0,3,0,0.4533,0.6243,0.148,1,0,1
249.65,2,2,45.48,0,0.995,4.5231,2,0,0.6386,0.705,0.0084,0,1,0
136.7,1,2,68.84,2,2.8982,0.0,4,0,0.5542,0.6427,0.2297,1,0,1
62.6,0,0,45.93,2,0.9562,0.0,5,0,0.5295,0.5492,0.103,2,0,0
126.95,2,2,151.9,2,1.5001,0.0,4,1,0.3763,0.3605,0.1314,0,0,0
150.57,2,2,6.23,0,1.4515,0.0,4,1,0.2653,0.589,0.1113,0,0,1
102.52,1,2,16.09,3,0.7034,3.9472,7,0,0.1704,0.5756,0.1204,0,1,0
600.0,4,3,185.29,2,0.6735,6.8876,1,0,0.7887,0.564,0.1858,0,0,1
171.11,2,4,98.87,0,1.2116,0.0,3,0,0.3754,0.3992,0.082,0,1,1
87.9,2,2,36.8,0,1.5916,12.3085,6,0,0.3473,0.6266,0.1346,2,1,1
126.69,2,2,143.68,3,1.1146,0.0,6,1,0.3244,0.3667,0.0366,0,1,1
87.61,1,3,106.91,2,0.8662,0.0,2,1,0.3118,0.646,0.0624,0,1,0
157.27,1,1,52.64,2,1.8678,0.0,6,0,0.1631,0.6582,0.096,1,1,1
279.07,1,4,124.04,4,2.4657,9.5749,3,0,0.2978,0.5113,0.1403,1,1,1
391.45,3,3,65.36,0,0.8812,8.8002,2,0,0.3124,0.5005,0.1215,2,1,0
245.51,1,2,126.13,2,1.1263,0.0,3,0,0.2692,0.5789,0.0705,0,0,1
111.4,1,2,112.33,0,1.1549,2.4775,2,0,0.4664,0.4152,0.2867,0,1,0
258.14,4,2,87.68,2,1.9613,0.0,1,1,0.5149,0.7138,0.2077,1,0,1
257.13,0,3,138.22,0,2.2542,0.0,5,1,0.4743,0.7373,0.0069,0,0,0
206.14,0,2,71.8,3,1.1954,0.0,4,0,0.4179,0.2966,0.0524,0,1,0
296.6,0,1,69.54,1,1.2229,0.0,6,0,0.5613,0.4184,0.0945,0,0,1
117.76,3,2,25.11,0,0.955,8.3102,5,1,0.3879,0.7979,0.0853,0,0,0
600.0,4,3,95.61,2,2.3175,0.0,5,0,0.612,0.6901,0.1539,0,0,1
162.8,3,1,202.5,0,0.9755,0.0,2,1,0.5736,0.3748,0.2009,0,0,1
447.55,5,2,109.34,0,0.6736,5.2633,3,0,0.3777,0.5304,0.2276,3,1,0
128.58,1,5,148.99,0,0.3782,8.844,9,0,0.4826,0.7513,0.2991,1,0,1
236.14,4,3,208.34,2,0.987,0.0,7,1,0.5849,0.8133,0.2821,1,0,1
321.56,6,3,35.92,1,1.0738,0.0,5,0,0.2936,0.5091,0.0845,2,1,0
422.04,3,2,82.86,1,0.961,8.3584,4,0,0.6767,0.4979,0.2226,0,1,1
111.57,1,5,59.05,1,2.1118,0.0,5,0,0.4178,0.5911,0.0109,2,1,0
299.13,5,1,133.64,0,1.3442,9.0536,1,0,0.5636,0.7475,0.2544,1,0,1
215.01,3,2,77.07,1,1.6186,0.0,6,0,0.8303,0.3919,0.0771,0,1,1
208.0,5,3,175.77,2,2.8841,0.0,1,0,0.475,0.4525,0.4442,0,1,1
301.16,1,2,43.15,1,1.6027,0.0,7,0,0.3924,0.3316,0.0476,1,1,1
260.41,2,3,140.72,0,1.4294,0.0,4,0,0.5404,0.3486,0.2,2,1,0
141.45,2,4,57.02,0,0.7201,2.3833,2,1,0.5888,0.1973,0.1904,1,1,0
240.78,2,4,158.41,0,2.0285,7.3813,3,0,0.5171,0.5992,0.2303,2,0,1
278.02,7,4,116.53,2,0.5812,0.0,10,1,0.4479,0.4955,0.0914,2,1,0
379.77,7,3,108.63,1,1.7615,5.6531,3,0,0.3511,0.5336,0.1369,1,0,1
120.48,1,3,44.33,1,1.2508,0.0,5,0,0.5234,0.2663,0.1057,0,0,1
289.91,6,3,82.03,1,1.1941,0.0,3,0,0.5905,0.5057,0.1336,3,0,1
473.72,7,2,93.37,0,2.1942,0.0,3,0,0.2204,0.691,0.0769,3,0,1
83.25,1,2,61.96,0,0.792,8.0309,4,0,0.3899,0.5807,0.0777,1,1,0
451.07,2,2,99.28,0,1.4519,12.3977,2,0,0.4955,0.5274,0.1595,3,0,1
106.17,1,1,70.14,2,1.0246,0.0,2,0,0.44,0.2906,0.0776,0,0,0
181.93,2,3,161.03,1,1.1084,0.0,5,1,0.4864,0.3856,0.0848,0,1,1
138.28,1,1,76.06,0,1.4002,0.0,2,0,0.6501,0.4244,0.0589,1,1,1
184.19,4,1,214.65,0,1.0965,8.656,3,1,0.5282,0.5602,0.0144,1,0,1
200.91,3,4,33.89,1,1.029,8.8872,8,1,0.8178,0.6793,0.3587,0,1,1
368.72,5,4,28.03,1,1.1266,7.1703,4,0,0.5109,0.5975,0.1792,1,0,1
302.47,5,4,191.22,1,2.8798,7.9378,9,0,0.3047,0.6424,0.166,4,0,1
190.6,1,3,70.81,2,1.8475,0.0,4,0,0.5008,0.561,0.1346,2,0,1
478.08,4,4,132.75,0,1.0422,0.0,5,0,0.3469,0.485,0.0566,1,1,1
331.96,2,3,98.33,0,2.1943,0.0,3,1,0.7429,0.8599,0.1302,1,0,1
153.23,2,0,36.98,3,2.086,0.0,7,0,0.5604,0.7831,0.2324,4,1,0
542.43,5,5,176.24,3,1.5662,11.9901,6,0,0.3608,0.6789,0.0664,0,0,1
283.21,5,4,77.82,1,1.5497,0.0,3,0,0.5825,0.2621,0.0826,2,1,0
326.52,7,2,85.08,0,0.8132,5.2025,5,0,0.6488,0.1726,0.0933,2,1,1
214.07,1,1,48.09,1,0.4718,0.8899,2,1,0.4617,0.2868,0.1343,0,1,0
321.67,7,1,70.85,0,1.3474,0.0,3,1,0.114,0.326,0.1302,2,1,1
139.3,3,1,125.67,2,0.6933,0.0,4,1,0.2822,0.7581,0.0418,0,0,1
273.66,7,5,66.29,0,0.962,6.0432,6,1,0.4287,0.6622,0.3582,2,1,0
76.59,1,1,55.74,4,1.334,0.0,3,0,0.397,0.3388,0.0453,0,1,1
140.33,1,4,18.09,0,1.3074,8.9921,3,0,0.4782,0.5249,0.0623,1,0,0
340.73,4,4,70.84,1,0.9315,0.0,5,1,0.3084,0.4194,0.1487,1,1,1
600.0,7,5,115.01,1,1.017,7.4086,3,1,0.8355,0.4825,0.035,1,1,1
298.09,3,3,58.86,2,1.1798,12.7778,4,1,0.3694,0.5842,0.1276,1,1,0
149.95,0,1,41.15,1,0.6792,0.0,2,1,0.4379,0.5529,0.0839,2,1,0
264.2,3,4,125.91,0,0.7796,8.9825,3,1,0.404,0.1682,0.133,2,0,0
196.12,4,3,87.26,1,1.9021,5.9566,7,1,0.619,0.6984,0.0526,1,0,1
137.75,1,1,79.47,1,1.5723,0.0,4,0,0.0679,0.6824,0.1062,0,0,0
174.73,0,1,203.11,0,3.8514,0.0,5,0,0.6545,0.5244,0.0892,1,0,1
376.46,6,0,80.33,3,1.9263,0.0,7,1,0.2792,0.7105,0.1571,1,1,1
600.0,5,3,138.93,3,2.5375,10.9143,5,0,0.5725,0.6891,0.1446,3,1,1
16.08,0,1,34.23,2,1.0898,0.0,2,0,0.4465,0.4128,0.0438,1,1,0
270.91,2,4,184.33,0,1.2137,0.0,5,1,0.3906,0.4042,0.1678,0,0,1
223.19,2,3,54.72,0,1.5226,0.0,2,0,0.4957,0.4095,0.1504,2,0,0
329.84,3,4,56.1,1,1.1202,0.0,7,0,0.1322,0.457,0.1345,3,1,1
596.2,4,2,109.2,3,0.6241,11.941,1,0,0.1694,0.3081,0.0621,2,0,1
267.68,3,3,104.3,1,0.6781,9.9743,1,0,0.792,0.6288,0.0264,2,0,1
75.05,0,4,112.25,0,1.0517,0.0,3,1,0.3657,0.4207,0.1515,2,0,1
104.17,1,1,73.27,1,0.6732,5.517,5,0,0.4327,0.6367,0.031,0,1,0
523.2,1,4,76.68,2,1.8028,6.6566,5,0,0.3348,0.461,0.1054,2,1,1
263.67,4,2,109.95,0,2.4929,4.0444,5,0,0.3903,0.5938,0.236,0,0,1
526.52,6,5,144.57,1,2.0188,8.184,2,0,0.3604,0.4394,0.0665,0,0,1
209.76,1,0,44.65,1,1.1406,0.0,4,0,0.1541,0.4894,0.1306,0,1,0
122.81,3,2,39.44,0,1.7477,5.7381,4,0,0.7625,0.4194,0.1448,2,0,1
516.94,2,2,188.41,1,0.6269,7.0024,2,1,0.2122,0.4926,0.0484,3,1,0
137.9,3,4,7.19,1,0.9806,0.0,8,0,0.4158,0.3358,0.1752,0,1,1
162.61,3,3,107.89,0,0.7461,2.9394,2,1,0.8912,0.5949,0.2412,1,0,1
111.57,2,2,13.71,2,0.6264,0.0,3,0,0.4058,0.2245,0.2569,0,0,0
172.33,2,2,157.26,2,1.5477,0.0,6,0,0.3589,0.4982,0.0372,2,1,1
197.74,2,3,48.61,2,0.7004,0.0,3,1,0.1186,0.3152,0.234,2,1,0
272.59,2,5,201.02,2,0.5769,0.0,7,0,0.5582,0.2452,0.1023,2,0,1
146.05,3,0,45.02,0,1.7096,0.0,2,0,0.4552,0.4738,0.1882,1,0,1
300.33,3,2,97.62,2,2.7566,10.5508,2,0,0.4781,0.3462,0.0557,1,0,1
434.96,3,1,149.29,0,1.0593,0.0,7,0,0.1978,0.7065,0.2148,1,1,1
191.47,1,0,25.51,1,1.2995,0.0,8,1,0.1822,0.4074,0.1045,0,1,1
199.7,3,2,74.34,1,1.8191,11.3266,5,0,0.196,0.8438,0.1266,0,1,1
240.91,2,6,72.18,1,1.4458,0.0,10,1,0.6999,0.6473,0.1278,4,1,1
81.93,0,0,46.28,1,1.0959,2.9849,6,0,0.4835,0.3935,0.0579,0,0,0
422.94,4,4,31.56,1,1.7799,0.0,8,0,0.628,0.6488,0.1379,0,0,1
136.54,3,0,96.74,1,2.1087,0.0,7,0,0.202,0.6267,0.2395,2,1,1
109.09,3,0,118.84,0,1.3371,0.0,4,0,0.5221,0.2727,0.0116,0,0,1
141.65,0,3,49.31,2,2.1964,0.0,8,0,0.3993,0.3234,0.2331,3,0,1
266.73,7,3,52.74,2,1.4564,8.9219,4,0,0.7232,0.4687,0.0999,3,1,1
204.29,2,1,42.88,1,2.0881,0.0,4,1,0.1871,0.5394,0.0582,1,0,0
262.13,3,1,78.66,1,1.0544,0.0,5,0,0.3618,0.4913,0.0585,0,1,1
187.27,5,2,166.3,0,3.1134,0.0,6,0,0.3316,0.3923,0.0847,2,1,1
178.53,4,2,38.85,0,0.9983,10.9741,2,0,0.3886,0.3177,0.2306,2,0,0
231.27,4,4,73.78,0,0.357,4.6562,4,0,0.6296,0.0709,0.059,2,0,0
116.03,1,2,199.24,0,0.8291,0.0,4,0,0.1075,0.3716,0.1193,2,1,1
170.95,2,0,32.28,0,0.8014,0.0,6,0,0.2247,0.414,0.1064,0,1,0
457.69,4,2,6.61,0,1.6904,0.0,4,1,0.252,0.5918,0.0842,0,0,1
331.13,7,5,167.26,2,2.3271,7.6299,8,0,0.302,0.4736,0.107,0,0,1
184.74,1,3,21.12,0,1.6277,5.0621,2,1,0.4867,0.6363,0.212,1,1,0
101.3,0,2,83.32,0,1.0013,7.5365,9,0,0.7452,0.3566,0.0485,0,1,1
506.87,6,2,220.0,1,0.9112,0.0,8,0,0.3765,0.1905,0.1846,0,0,1
212.37,2,3,98.77,1,1.4101,5.4658,4,0,0.2158,0.3387,0.2134,0,0,1
393.04,3,3,84.26,2,0.6757,5.8286,2,1,0.46,0.4019,0.0855,2,0,1
403.64,2,1,74.44,3,0.5665,0.0,9,0,0.2918,0.3242,0.0511,0,0,1
389.54,6,2,107.49,2,1.4164,7.6648,7,1,0.3586,0.6008,0.1545,2,0,1
172.73,1,1,81.86,0,1.1279,0.0,4,0,0.4997,0.474,0.3541,0,0,0
487.57,8,3,66.05,4,0.6772,0.0,2,0,0.287,0.6049,0.0411,3,1,1
328.81,3,2,100.8,1,1.674,3.0059,3,0,0.8595,0.3711,0.0262,2,0,1
259.28,3,6,107.94,2,1.0114,6.9147,8,1,0.2033,0.5681,0.0056,4,0,0
321.8,5,4,149.72,2,0.6331,12.8485,5,0,0.5723,0.4059,0.0467,0,0,1
319.62,4,3,159.19,1,1.2658,0.0,7,0,0.3363,0.3602,0.1477,1,1,1
250.96,5,2,24.3,2,1.0149,0.0,8,0,0.7304,0.4668,0.1386,2,0,1
124.68,1,1,87.32,1,1.2819,0.0,2,1,0.1326,0.4886,0.0591,0,0,0
134.32,2,0,148.7,2,1.2765,0.0,1,0,0.2625,0.4322,0.1805,0,1,1
220.65,4,4,123.17,2,1.26,0.0,1,0,0.6494,0.2883,0.1521,1,0,1
184.08,2,3,54.01,1,1.0767,14.1027,6,0,0.6353,0.4003,0.1328,1,1,1
166.52,1,4,76.77,2,1.6653,0.0,3,1,0.5126,0.6401,0.0666,0,1,0
84.19,2,3,80.85,1,0.8402,8.9646,4,1,0.24,0.4096,0.1894,1,1,0
464.91,2,4,175.64,0,2.7969,0.0,6,0,0.1222,0.5311,0.1117,2,0,1
173.56,4,1,95.54,1,1.492,4.7362,6,0,0.3842,0.3547,0.1637,2,1,1
250.16,1,4,87.03,0,1.4583,0.0,6,0,0.5377,0.3191,0.0622,3,0,1
344.66,5,3,68.94,1,0.2854,0.0,4,0,0.2272,0.3434,0.2564,2,0,1
363.42,3,2,61.78,0,0.5582,0.0,3,0,0.3939,0.1423,0.0815,1,0,1
506.78,0,0,41.8,1,1.9736,0.0,5,1,0.3351,0.6293,0.0175,1,1,0
348.36,3,3,124.4,1,1.9843,0.0,7,1,0.2704,0.4854,0.2678,4,0,1
283.48,4,0,58.36,1,1.8593,2.6587,7,0,0.6518,0.427,0.0132,2,0,1
224.83,0,1,25.82,1,0.7578,4.1582,1,1,0.3769,0.3068,0.1256,0,1,1
193.22,2,2,83.04,2,1.2186,0.0,7,1,0.8011,0.2351,0.0747,1,0,1
163.96,2,4,145.1,1,1.016,0.0,4,1,0.7312,0.3815,0.1917,1,0,1
126.74,1,3,97.71,2,0.6539,0.0,9,0,0.4061,0.7157,0.0793,2,0,1
303.1,4,2,182.3,1,0.7468,9.2914,1,1,0.6396,0.5438,0.0766,2,0,1
115.94,2,1,147.02,0,1.5975,11.5471,3,0,0.5599,0.6214,0.1427,0,0,0
196.18,3,2,30.79,0,1.5015,0.0,3,0,0.3696,0.1904,0.1266,1,1,0
216.74,3,3,111.6,1,1.3847,0.0,5,0,0.2818,0.2391,0.1987,2,1,1
148.2,1,3,38.23,1,1.075,0.0,2,0,0.7797,0.5841,0.1009,2,0,1
465.82,5,5,236.69,0,1.3026,0.0,2,0,0.469,0.4257,0.1444,2,0,1
322.79,6,3,70.79,2,1.2764,10.4231,4,0,0.5669,0.5339,0.0931,1,1,1
274.27,4,3,42.28,1,2.2466,3.4082,5,0,0.7075,0.5379,0.0365,1,1,1
295.4,4,3,153.29,0,0.7472,5.3528,1,1,0.5281,0.4697,0.1829,3,0,1
209.12,4,4,155.05,0,2.1283,0.0,2,0,0.5222,0.5569,0.1514,2,0,1
56.46,1,0,88.91,1,1.5276,6.1943,7,0,0.5146,0.5753,0.1209,1,0,0
186.6,2,2,36.85,3,1.1956,5.5807,8,0,0.834,0.4436,0.0935,2,0,1
341.67,4,1,119.31,1,1.583,0.0,6,1,0.0515,0.44,0.047,0,0,1
264.91,3,1,127.4,2,1.233,0.0,2,0,0.2108,0.334,0.0787,0,1,0
326.23,4,4,76.12,0,0.6514,8.6658,4,0,0.4208,0.124,0.056,3,1,0
600.0,7,2,28.21,3,3.924,0.0,7,0,0.6424,0.6435,0.0564,0,0,1
600.0,6,2,82.63,1,1.2967,0.0,3,0,0.5825,0.5285,0.1078,2,1,1
104.44,0,1,19.35,3,1.0666,0.0,5,0,0.6151,0.1523,0.16,2,0,1
298.99,2,3,34.62,1,1.097,0.0,8,0,0.0823,0.3259,0.0462,0,0,0
187.38,1,3,156.65,1,1.2411,0.0,2,0,0.2588,0.4121,0.1179,2,0,1
449.44,3,4,161.76,0,0.9504,0.0,3,0,0.1907,0.2625,0.1578,1,1,1
560.59,4,2,182.41,0,1.3257,11.598,2,1,0.2441,0.5551,0.1036,0,0,1
200.11,2,3,95.16,1,1.8255,0.0,5,1,0.8156,0.289,0.2136,0,0,1
338.06,3,1,162.22,1,1.7286,1.9021,2,0,0.5001,0.4606,0.1103,2,1,1
115.77,1,2,136.66,3,1.0679,1.9306,7,0,0.5618,0.2975,0.0711,1,1,1
296.68,1,0,56.83,1,0.83,3.324,7,0,0.6772,0.3539,0.1184,1,0,1
96.78,3,0,57.51,1,1.4371,0.0,6,0,0.6345,0.45,0.0139,0,0,1
420.64,5,5,163.32,1,0.8115,11.8945,3,0,0.5888,0.4615,0.0961,0,0,1
359.21,5,5,109.62,0,0.4583,6.1491,3,0,0.56,0.5219,0.1458,0,0,1
237.01,4,2,42.12,1,0.7816,0.0,4,1,0.5747,0.7493,0.0977,2,1,0
283.14,3,4,44.07,2,0.7409,0.0,6,0,0.5984,0.7805,0.2184,2,0,1
47.88,0,0,90.7,1,0.8312,4.211,7,0,0.7574,0.5563,0.0831,0,0,1
230.05,1,3,158.35,0,2.6832,0.0,2,0,0.1823,0.733,0.1508,4,1,1
336.98,1,3,60.97,3,1.9834,10.2119,2,0,0.2094,0.4043,0.0024,0,1,1
166.87,1,3,138.75,1,1.3248,10.7426,2,0,0.7693,0.3219,0.1134,1,1,0
327.35,4,4,175.66,0,0.5065,0.0,5,0,0.3975,0.5643,0.1508,2,1,0
168.45,1,0,60.87,0,1.1678,0.0,5,1,0.2283,0.4134,0.0575,0,0,0
303.21,3,2,117.28,1,0.496,0.0,4,0,0.4906,0.5531,0.2456,2,0,1
217.28,3,5,167.87,1,1.4342,0.0,3,1,0.4009,0.6743,0.1107,1,1,0
363.47,9,4,132.64,1,2.1623,5.8686,7,0,0.3271,0.4392,0.223,3,1,1
152.9,4,0,60.04,1,1.3627,0.0,3,1,0.532,0.5423,0.0398,2,1,0
407.23,4,2,100.01,0,2.6533,4.3086,4,0,0.1573,0.6397,0.2277,2,0,1
302.89,2,3,94.45,2,1.7462,6.8025,8,0,0.4243,0.6836,0.1635,3,0,1
259.3,4,3,97.36,1,0.9336,7.6142,7,0,0.5435,0.5593,0.024,1,1,1
132.24,2,1,141.82,1,0.8958,0.0,5,0,0.6267,0.3283,0.0577,3,0,0
254.84,1,2,32.77,1,1.9793,0.0,5,0,0.4128,0.7213,0.0519,0,1,1
91.07,2,2,24.73,2,1.026,0.9617,1,1,0.2802,0.2043,0.2461,1,0,0
324.6,7,5,158.11,1,1.6094,2.2368,5,0,0.3223,0.4734,0.0711,1,1,1
106.16,2,0,93.08,3,1.7865,3.316,7,1,0.2341,0.4033,0.0496,1,0,1
63.24,1,2,181.23,0,1.2413,0.0,5,0,0.5689,0.293,0.0488,0,0,0
128.13,1,1,91.42,3,0.7699,0.0,8,1,0.6552,0.2639,0.1888,0,1,1
311.88,0,2,117.01,0,1.2592,0.0,4,0,0.7617,0.543,0.1143,1,1,0
324.19,2,4,97.83,1,0.7451,3.8497,3,0,0.3575,0.1652,0.0989,0,0,0
181.9,1,2,35.14,2,0.9066,12.8633,3,0,0.557,0.4142,0.021,1,0,1
101.58,1,5,101.48,2,1.3188,8.8608,8,0,0.6822,0.6281,0.1036,3,1,1
109.75,3,0,28.58,1,0.6291,0.0,2,0,0.7938,0.1124,0.1851,1,0,0
231.41,3,1,58.21,2,0.5645,0.4918,5,0,0.3495,0.519,0.0902,2,0,1
362.78,2,2,141.27,0,3.328,0.0,3,1,0.0901,0.8496,0.2653,2,0,1
332.41,0,2,108.76,0,1.7016,0.0,5,0,0.4264,0.4067,0.161,1,0,1
359.24,3,4,124.89,2,1.0432,0.0,4,1,0.4267,0.2309,0.1139,1,0,0
196.5,1,1,186.37,3,1.3177,8.2541,7,1,0.7129,0.629,0.0825,1,1,1
192.67,3,1,161.75,1,1.7196,5.2534,3,0,0.5922,0.5984,0.0734,1,0,1
380.55,3,2,15.71,0,1.4935,5.6532,2,1,0.1552,0.4668,0.112,1,0,0
233.99,3,0,122.31,3,2.2707,0.0,6,0,0.7203,0.6258,0.1932,0,1,1
600.0,4,2,110.59,0,1.2848,5.4632,4,0,0.1995,0.4719,0.3946,1,1,1
207.53,0,4,87.06,0,1.8465,13.0533,7,1,0.2283,0.2211,0.0746,2,1,0
276.38,5,4,138.34,1,2.7954,6.3273,7,1,0.8005,0.6534,0.2909,2,0,1
297.37,7,2,138.31,1,1.4164,0.0,9,0,0.6493,0.5798,0.1257,2,0,1
52.2,1,2,89.87,3,1.1583,0.0,10,0,0.4582,0.1349,0.113,2,0,1
202.46,3,2,91.47,0,0.7765,0.0,7,1,0.4558,0.5216,0.0277,0,0,1
172.67,4,4,116.42,1,1.2146,0.0,1,0,0.8775,0.8616,0.0699,0,0,1
600.0,6,3,171.5,2,0.7706,0.0,2,0,0.564,0.7278,0.1234,0,0,1
253.43,1,5,108.35,1,1.3788,0.0,6,1,0.5504,0.4853,0.0842,4,0,1
242.48,4,1,39.32,2,0.8188,4.9238,8,0,0.2126,0.4582,0.0766,1,0,1
447.95,4,4,123.87,0,1.7185,0.0,4,1,0.7267,0.4332,0.1782,1,0,1
125.13,1,0,21.63,1,0.4279,0.0,5,0,0.1955,0.2978,0.1037,2,1,0
176.55,3,3,91.21,0,2.0414,0.0,3,1,0.5345,0.6119,0.04,1,0,0
242.48,4,1,79.56,2,0.8939,0.0,6,0,0.7302,0.3612,0.0473,1,1,1
43.65,0,2,70.0,0,2.3821,0.0,3,0,0.2224,0.2117,0.0728,0,1,0
275.17,1,4,177.85,0,0.5725,12.7846,4,0,0.3694,0.6292,0.1581,2,0,1
291.88,0,2,83.33,1,1.7981,0.0,8,0,0.5206,0.4524,0.1582,1,1,1
254.85,5,2,95.06,2,0.6275,0.0,7,0,0.4407,0.362,0.033,2,0,1
215.57,2,0,152.61,1,0.6085,0.0,4,0,0.1278,0.3766,0.0574,1,0,1
258.88,3,1,90.43,3,1.315,0.0,8,0,0.5681,0.3418,0.0912,2,0,1
223.3,6,2,136.63,1,1.3852,0.0,10,0,0.6826,0.5907,0.2472,1,0,0
196.77,1,1,127.64,0,2.1946,11.7599,4,0,0.5182,0.2226,0.0338,1,0,1
402.02,7,3,195.37,1,1.1393,0.0,3,1,0.5151,0.4465,0.284,5,1,1
340.98,0,3,29.84,0,0.9568,0.0,2,0,0.3258,0.3733,0.2193,2,1,0
315.07,3,3,25.5,0,1.1416,5.5463,4,0,0.505,0.5243,0.047,0,0,1
244.15,2,1,95.86,1,0.9979,3.0245,1,0,0.5103,0.71,0.1172,0,1,1
233.95,3,3,20.19,2,0.804,8.7072,5,0,0.7282,0.4662,0.0363,0,0,1
231.09,0,2,51.98,2,0.6514,0.0,4,0,0.1509,0.3438,0.1181,3,0,1
133.47,1,2,136.45,1,0.7348,9.7535,4,1,0.7656,0.1594,0.1417,1,0,0
212.16,2,4,165.62,2,1.829,6.4174,7,0,0.7036,0.3037,0.1757,3,1,1
279.58,4,0,65.53,0,2.022,0.0,5,1,0.3624,0.6176,0.1558,3,0,1
114.74,0,1,86.16,3,0.6338,5.0198,4,1,0.4743,0.345,0.2222,0,1,0
247.16,1,4,110.86,3,1.2638,0.0,8,1,0.6574,0.5776,0.1511,1,0,1
100.26,1,0,17.09,1,1.262,0.0,5,0,0.4644,0.256,0.3073,0,0,1
478.88,5,4,58.79,2,0.8963,0.0,1,0,0.7845,0.5952,0.1025,3,1,1
429.35,7,4,126.07,1,1.1228,0.0,3,0,0.5198,0.5703,0.058,3,0,1
188.88,1,2,59.11,0,0.5515,2.5106,2,0,0.6297,0.4997,0.1213,0,1,0
583.45,2,0,75.99,1,0.5884,5.4287,1,0,0.5149,0.1359,0.1196,0,0,0
444.05,5,2,196.65,1,0.9417,5.6223,7,0,0.6271,0.3654,0.1477,1,1,1
600.0,5,3,108.77,0,1.2457,9.5658,3,0,0.2497,0.5164,0.0485,4,0,1
141.67,2,3,152.28,0,0.9414,14.1156,2,0,0.7611,0.3628,0.0729,2,0,0
331.03,4,5,77.71,2,1.2617,0.0,6,0,0.6115,0.5904,0.1315,0,1,1
247.97,1,1,82.45,0,0.8712,10.2057,2,0,0.8455,0.3711,0.2725,1,1,0
600.0,7,4,48.3,1,1.1925,7.1021,4,1,0.6346,0.675,0.17,2,1,1
515.09,10,2,171.77,0,1.5582,10.5213,3,1,0.817,0.536,0.0081,3,1,1
89.84,2,1,102.95,1,1.6253,9.4816,5,0,0.3044,0.6561,0.0964,2,0,1
218.56,3,3,120.97,2,0.8473,0.0,9,1,0.1351,0.4334,0.161,0,0,0
600.0,7,1,124.58,2,1.5851,4.3936,6,1,0.2612,0.581,0.1859,1,1,1
364.02,3,1,62.3,0,1.9599,0.0,3,0,0.8557,0.5208,0.1447,1,0,1
256.83,3,3,65.95,1,1.8106,8.7911,3,1,0.5194,0.7825,0.0996,1,1,1
331.46,8,2,144.83,3,1.8676,0.0,5,1,0.3186,0.5558,0.0293,2,0,1
227.83,5,3,72.84,2,1.4306,0.0,5,0,0.4319,0.5963,0.0955,1,1,1
248.29,2,5,47.88,4,1.0177,0.0,9,0,0.2952,0.4663,0.0566,2,0,1
286.47,0,1,233.92,1,0.9893,3.3056,4,1,0.3564,0.1058,0.1124,0,0,0
106.67,2,0,188.27,3,1.1378,0.0,6,0,0.3895,0.2498,0.1633,1,0,1
455.0,4,1,151.18,1,1.4556,7.8446,4,0,0.1767,0.6418,0.1748,3,1,1
235.9,5,1,62.25,1,1.0532,0.0,4,1,0.1614,0.4308,0.2106,1,0,1
240.44,4,5,46.91,2,1.062,0.0,3,1,0.6267,0.3712,0.0581,2,1,1
196.62,2,0,55.83,2,2.6695,0.0,7,0,0.4168,0.8555,0.0743,1,0,1
303.17,3,3,163.87,2,0.6723,0.0,3,0,0.7559,0.3162,0.2829,1,0,0
127.91,1,0,88.01,3,0.6731,10.1891,7,1,0.4337,0.6318,0.0801,1,0,1
243.98,1,2,153.98,1,0.9524,13.4565,8,1,0.4585,0.4443,0.066,1,0,0
192.59,1,3,162.76,1,0.8714,0.0,7,0,0.7612,0.6793,0.0741,1,0,1
222.29,1,4,24.49,0,1.254,4.4832,2,0,0.097,0.4859,0.2418,3,0,1
227.57,2,3,108.31,1,1.3596,0.0,3,1,0.7161,0.2574,0.0923,1,1,0
318.62,1,2,141.7,1,0.4361,0.0,4,0,0.2246,0.2383,0.0348,3,0,0
378.99,0,0,51.63,0,1.0527,0.0,1,0,0.601,0.708,0.0349,0,0,1
207.78,3,1,75.99,0,0.7285,0.0,3,0,0.3893,0.6348,0.101,2,0,0
342.17,2,1,100.74,0,0.9304,4.4995,5,1,0.2752,0.2428,0.042,1,1,0
152.83,3,1,82.83,2,0.689,3.5103,10,0,0.5023,0.5697,0.0928,2,0,0
199.72,3,1,156.86,1,0.629,3.2946,5,0,0.4755,0.3064,0.0248,3,0,0
200.04,1,3,126.2,1,1.661,5.2133,2,0,0.5495,0.4205,0.1624,1,1,0
80.58,1,3,34.38,2,1.1187,0.0,4,0,0.5376,0.4634,0.1078,0,0,1
37.48,0,0,43.45,4,1.3805,4.3864,7,0,0.1964,0.2414,0.1051,0,0,0
509.14,3,4,147.04,0,2.8271,12.2631,4,0,0.801,0.6244,0.0243,3,0,1
355.97,4,1,65.31,1,0.5769,6.02,3,1,0.6728,0.6198,0.254,0,0,1
117.34,1,1,70.55,0,2.1547,0.0,2,0,0.3139,0.5004,0.1056,1,0,0
202.51,4,2,146.13,2,1.079,0.0,4,0,0.3608,0.3657,0.2049,0,1,0
160.97,2,2,78.79,2,1.2756,0.0,3,0,0.5576,0.4036,0.2414,1,1,0
179.42,4,2,131.04,1,0.5457,0.0,5,1,0.3305,0.5704,0.0457,1,1,0
443.45,4,3,59.83,1,0.9798,0.0,3,1,0.8959,0.7107,0.0102,4,0,1
343.26,5,1,106.88,3,1.6231,10.3478,8,0,0.6614,0.5688,0.0242,2,0,1
600.0,4,3,150.2,0,0.949,13.4026,8,1,0.5044,0.5788,0.0381,2,1,1
539.76,3,3,133.63,0,0.6433,0.0,3,0,0.2602,0.4998,0.0913,1,0,0
600.0,3,3,83.67,0,0.6972,0.0,5,1,0.7693,0.6116,0.2008,1,0,0
561.91,1,0,130.17,1,1.105,2.6694,7,1,0.3604,0.4936,0.05,0,0,1
207.37,0,0,52.1,0,1.0041,0.0,2,0,0.205,0.2718,0.1223,0,0,1
238.26,3,3,128.71,3,1.222,10.8501,8,1,0.4014,0.516,0.0643,3,0,1
131.8,1,0,141.01,1,1.5194,0.0,1,0,0.505,0.654,0.1512,1,0,1
286.18,3,4,140.98,0,1.0352,0.0,4,1,0.7485,0.7573,0.0896,0,0,1
203.86,4,2,137.4,2,0.7675,4.2484,7,0,0.6055,0.3936,0.087,2,1,0
384.51,2,2,9.13,0,1.6087,6.9991,1,0,0.1375,0.3709,0.1329,0,1,1
207.85,2,3,104.67,1,0.8357,2.7875,4,0,0.4079,0.4998,0.077,1,0,1
139.36,2,2,103.92,1,1.5802,5.5313,3,0,0.6013,0.6911,0.0965,0,1,1
279.96,2,1,77.11,1,0.7415,9.9955,9,0,0.4076,0.5049,0.1839,0,1,1
154.62,0,1,58.44,0,0.8014,0.0,2,0,0.3014,0.4317,0.1826,0,0,1
362.11,2,2,106.14,0,1.5667,0.0,5,0,0.3515,0.5503,0.1538,2,0,1
546.81,10,2,170.65,2,1.1648,1.086,2,0,0.5505,0.5086,0.2536,3,1,0
207.87,2,0,158.67,0,2.0113,0.0,8,0,0.7898,0.3817,0.1465,5,0,1
129.08,1,0,58.55,1,1.8105,0.0,3,0,0.6229,0.6093,0.1928,0,0,1
487.86,6,1,159.75,1,1.5473,4.1403,7,0,0.3667,0.5867,0.0744,1,1,1
375.13,6,4,123.12,0,1.1818,0.0,4,0,0.4269,0.5141,0.0236,5,1,0
361.9,3,3,80.49,0,1.183,2.2702,2,0,0.6206,0.3597,0.2148,0,1,0
200.56,0,2,122.23,1,1.2001,10.1511,2,0,0.8561,0.6481,0.259,1,0,1
111.76,2,1,84.63,1,1.7528,0.0,6,0,0.2263,0.448,0.0182,0,0,1
105.26,1,2,19.62,1,2.2751,0.0,2,0,0.4239,0.758,0.3409,1,0,1
339.9,2,3,98.82,1,0.7602,0.0,2,0,0.663,0.6617,0.0691,1,0,1
194.25,3,1,135.23,2,1.6363,13.6697,3,0,0.4278,0.5886,0.1901,0,1,1
243.98,1,1,178.34,2,1.2329,4.1281,2,0,0.5797,0.2355,0.1179,0,0,1
255.17,1,1,26.54,1,1.853,9.1895,4,0,0.6355,0.3221,0.1214,2,1,1
320.61,1,1,121.2,0,0.7767,0.0,3,0,0.5928,0.3957,0.0536,0,0,0
392.62,5,3,128.98,1,1.0027,4.1131,6,0,0.7169,0.7019,0.0158,0,1,1
419.25,6,2,128.48,1,2.0686,0.0,6,1,0.3327,0.4654,0.2912,4,0,1
303.62,3,2,115.7,1,0.6748,3.7957,2,1,0.5127,0.5138,0.2385,2,1,0
84.87,1,1,101.68,2,0.8024,6.8099,3,0,0.4626,0.3747,0.098,0,0,1
289.51,0,0,52.71,0,0.8952,0.0,1,0,0.3411,0.4111,0.2859,0,0,1
452.78,6,2,153.22,0,0.4872,8.8542,7,0,0.5067,0.4283,0.2281,2,0,1
217.93,0,0,104.43,1,1.6968,12.998,2,0,0.3579,0.763,0.0315,0,1,1
71.59,1,1,48.2,0,1.0278,0.0,4,0,0.7057,0.2997,0.1644,1,0,0
127.29,1,3,157.3,0,1.3272,8.544,2,0,0.4661,0.5855,0.1935,1,1,1
324.29,3,4,191.86,1,1.479,11.2875,9,0,0.8172,0.4866,0.0482,2,0,1
376.48,6,2,12.86,0,1.0889,9.476,1,0,0.3508,0.4325,0.1301,0,0,0
361.05,4,4,25.31,1,2.0071,5.9559,10,0,0.4421,0.7199,0.1151,0,0,1
188.97,2,0,10.66,2,1.1786,11.8232,10,0,0.5651,0.3197,0.0964,1,1,1
390.47,3,1,14.86,2,1.2168,0.0,10,0,0.4844,0.6089,0.0935,0,1,1
334.03,1,2,56.28,1,0.9488,4.3171,6,0,0.7203,0.3099,0.1082,2,0,0
600.0,8,3,90.21,2,2.4338,6.8822,9,0,0.2711,0.6257,0.1794,1,1,1
514.62,3,2,63.64,1,2.4847,0.0,7,0,0.6192,0.45,0.1464,2,1,1
186.13,1,4,207.67,0,0.4189,0.0,2,0,0.6291,0.1967,0.1721,4,0,0
527.2,6,4,139.07,1,1.0186,5.4665,2,1,0.4895,0.5622,0.2687,3,1,1
50.81,0,2,187.64,2,0.8302,2.4729,8,0,0.6431,0.4778,0.2239,2,0,1
232.83,2,1,69.94,0,1.3705,0.0,2,1,0.6494,0.3733,0.1256,1,0,0
74.49,1,0,145.04,1,3.0488,11.106,5,0,0.3443,0.5838,0.0028,2,1,1
354.84,4,1,84.98,0,1.7765,0.0,2,0,0.2942,0.5926,0.204,1,0,1
157.47,1,3,92.34,2,3.1931,0.0,9,0,0.656,0.6721,0.1457,4,0,1
182.93,0,2,95.77,0,1.701,0.0,4,1,0.5523,0.5344,0.2107,3,1,0
554.97,2,0,74.79,1,2.4238,0.0,5,1,0.9028,0.3412,0.0438,0,1,1
49.98,0,0,182.96,0,1.2066,10.3958,3,1,0.4545,0.732,0.0072,0,0,1
213.6,5,4,111.04,2,1.1712,0.0,10,0,0.4814,0.7651,0.0877,0,1,1
541.35,6,4,43.69,1,1.7483,0.0,3,1,0.6993,0.5246,0.22,4,0,1
270.55,3,3,109.08,0,0.7655,6.0539,2,0,0.3408,0.4451,0.07,1,0,1
370.18,3,3,60.21,2,2.0747,5.5454,4,0,0.7163,0.5609,0.1216,1,0,1
428.04,7,2,37.37,1,3.6521,0.0,5,0,0.4906,0.3427,0.1044,0,1,0
231.03,2,3,65.11,2,0.3989,9.7624,8,0,0.3655,0.3515,0.1204,1,1,1
296.94,5,4,182.05,0,0.6626,12.8487,4,0,0.5803,0.503,0.1008,0,1,1
418.23,5,4,56.4,1,1.0573,0.0,4,1,0.4311,0.5558,0.3036,3,1,1
188.03,0,3,20.89,2,0.9416,0.0,3,0,0.3204,0.785,0.1985,0,0,1
297.1,2,3,164.85,1,2.2292,9.4114,3,1,0.479,0.4132,0.1708,3,0,1
240.55,3,3,71.71,1,0.5774,7.7255,5,0,0.6721,0.2604,0.1963,2,1,0
226.54,4,3,92.11,1,1.6745,0.0,7,0,0.566,0.4181,0.175,2,0,1
412.27,5,5,123.04,1,1.4542,0.0,4,0,0.5717,0.5993,0.0696,0,0,1
600.0,4,2,25.61,1,0.6995,1.9687,6,0,0.6883,0.2795,0.1632,1,0,1
244.57,1,2,75.67,2,0.9531,0.0,2,1,0.7076,0.51,0.0876,1,0,0
262.89,6,6,67.42,0,1.0707,0.0,6,1,0.5853,0.6774,0.1292,4,0,1
320.65,6,2,43.41,1,1.8887,3.8907,5,1,0.7352,0.5523,0.1013,2,1,1
89.82,2,5,62.35,0,0.8901,0.0,2,0,0.5211,0.2502,0.2401,1,1,1
188.07,2,2,124.09,0,1.0636,0.0,3,1,0.7027,0.5548,0.164,3,0,0
409.27,3,2,172.24,2,1.2293,0.0,1,0,0.3921,0.7019,0.0676,0,1,0
151.28,3,0,78.97,0,1.0412,5.6971,8,0,0.8331,0.3248,0.0877,0,1,1
233.05,4,4,151.31,2,2.4868,4.5914,2,1,0.5006,0.6473,0.0146,0,1,1
188.87,0,2,46.22,1,1.7783,0.0,4,1,0.1722,0.6964,0.0268,1,0,0
265.3,3,6,183.58,0,3.6711,0.0,5,0,0.7607,0.8592,0.2228,1,0,1
183.2,2,5,115.55,1,1.8393,0.0,3,0,0.4369,0.8701,0.143,0,0,0
361.3,2,1,186.73,2,1.5911,9.8725,4,0,0.7068,0.5109,0.1944,2,1,1
194.51,2,3,29.58,1,3.2436,7.8773,1,0,0.4595,0.4677,0.1388,0,1,1
469.11,0,3,102.21,0,0.9257,0.0,3,0,0.2136,0.4345,0.1186,2,0,0
228.53,1,5,99.57,2,1.7243,0.0,5,1,0.5937,0.6302,0.0117,3,1,1
86.21,0,1,96.08,0,0.5699,0.0,3,1,0.5989,0.2671,0.0793,0,0,0
234.49,5,1,150.61,1,1.2044,0.0,4,0,0.1199,0.2789,0.0208,1,1,0
61.57,1,3,29.92,2,0.5715,0.0,9,1,0.4963,0.3747,0.1514,0,0,1
209.78,2,2,144.03,2,0.942,12.7985,4,0,0.4116,0.4587,0.092,0,0,1
101.36,1,1,50.18,1,2.3209,14.0886,9,0,0.3578,0.4491,0.2285,2,1,1
303.66,5,4,122.82,1,1.8516,4.7399,4,0,0.642,0.6,0.0431,3,1,1
134.36,0,1,45.22,0,1.7334,0.0,6,1,0.5792,0.5347,0.2967,2,0,1
407.79,2,0,63.08,4,1.9564,0.0,5,0,0.3384,0.4655,0.2548,2,1,1
325.01,1,3,110.88,0,0.8742,0.0,5,0,0.574,0.8002,0.1783,1,0,0
174.49,2,3,13.2,2,2.5123,6.7489,5,0,0.2743,0.5225,0.1343,0,0,1
101.45,0,2,130.45,1,3.0165,0.0,6,0,0.2676,0.3683,0.0579,3,0,1
342.74,4,4,55.3,0,0.8881,8.1265,6,0,0.3789,0.41,0.1712,2,1,0
236.97,2,3,159.57,0,2.7962,0.0,5,1,0.4715,0.4901,0.2488,2,0,1
132.35,1,2,180.23,0,1.0188,0.0,2,0,0.719,0.453,0.0583,1,0,0
364.23,4,6,120.41,1,2.0786,0.0,5,1,0.4249,0.6606,0.2682,3,0,1
420.52,3,6,156.95,0,1.996,11.6295,2,1,0.7921,0.5034,0.02,2,0,1
133.51,3,4,147.62,2,0.8112,0.0,4,0,0.3364,0.5219,0.0188,5,1,1
282.9,3,5,52.98,1,0.8117,6.0524,4,0,0.5996,0.203,0.149,5,0,1
331.74,3,2,162.27,1,0.6124,0.0,5,1,0.4094,0.3317,0.1311,0,0,0
600.0,2,5,69.96,1,1.8993,5.4029,3,0,0.3352,0.6868,0.2098,1,0,1
375.1,2,1,169.91,1,1.0528,6.5688,1,0,0.174,0.3058,0.0065,2,1,0
289.63,4,1,166.22,2,2.2119,0.0,5,0,0.1633,0.5677,0.0233,1,0,1
174.47,2,1,99.72,3,0.6965,11.1554,5,0,0.5197,0.2336,0.0176,2,0,1
107.83,3,3,95.55,0,2.8223,4.6028,2,1,0.3823,0.4166,0.166,0,1,1
150.95,1,4,143.87,0,1.5435,0.0,2,0,0.3789,0.4315,0.1182,3,1,0
388.74,4,2,80.36,2,0.5162,1.3338,1,1,0.4766,0.4331,0.0907,1,0,0
555.13,4,2,203.2,1,1.7071,0.0,4,0,0.5503,0.3235,0.0334,1,0,1
220.73,2,2,138.33,0,0.9138,0.0,4,1,0.7477,0.4767,0.0362,2,0,1
95.94,3,2,84.55,1,0.7527,9.6313,8,1,0.1847,0.4762,0.2906,1,1,1
301.64,1,3,67.12,2,2.1719,0.0,8,1,0.3007,0.7628,0.038,1,1,0
57.49,1,1,52.85,4,1.0187,6.3338,3,0,0.2328,0.3707,0.0448,3,1,1
369.12,3,3,33.87,2,1.2819,11.9004,5,1,0.3285,0.425,0.1944,0,1,1
189.14,3,4,125.68,0,0.9157,12.3607,5,0,0.4727,0.7313,0.2105,1,1,1
190.29,2,3,105.43,1,2.4772,0.0,6,1,0.2994,0.5679,0.2494,2,1,1
296.68,3,1,31.91,2,1.2113,0.0,3,0,0.6737,0.589,0.0094,2,0,1
68.56,1,2,20.34,1,1.6736,0.0,3,0,0.5782,0.6006,0.0802,0,1,0
146.06,0,1,75.77,0,1.1565,0.0,2,0,0.7364,0.5205,0.2037,1,1,0
398.49,5,3,91.22,1,2.095,0.0,3,0,0.5722,0.6436,0.0298,2,1,1
226.63,2,3,59.77,2,0.9405,0.0,8,1,0.5896,0.4426,0.0915,1,1,1
66.15,0,3,65.48,0,1.5842,0.0,1,1,0.6928,0.3242,0.1243,1,0,0
246.99,5,3,69.77,0,1.1669,12.0609,3,0,0.4282,0.5085,0.0569,0,0,1
453.06,3,3,112.47,1,0.8799,0.0,6,0,0.3278,0.4881,0.1485,0,1,1
291.45,2,2,22.64,0,1.4147,0.0,2,0,0.328,0.3995,0.1641,2,1,1
151.31,3,2,76.22,2,1.0653,7.2675,7,0,0.4327,0.1903,0.0812,0,0,1
262.66,4,2,118.61,0,1.1833,5.0995,2,0,0.7472,0.5035,0.1084,1,0,1
407.35,4,0,46.12,2,1.4026,6.5018,7,1,0.5909,0.6467,0.0608,0,0,1
232.51,2,4,18.29,1,2.4754,0.0,1,0,0.379,0.3419,0.0803,1,1,1
112.86,2,3,82.27,0,1.5198,0.0,4,0,0.3324,0.6661,0.1061,2,1,1
494.15,7,2,37.15,0,1.1932,0.0,1,0,0.7132,0.5571,0.1054,0,1,1
225.48,3,2,141.65,0,0.5846,4.6597,7,1,0.1861,0.32,0.1383,1,0,1
527.88,1,2,145.94,0,0.6909,10.9987,4,1,0.455,0.2483,0.0593,0,0,1
326.45,1,1,161.26,3,1.6947,4.748,7,1,0.778,0.4845,0.2541,0,1,1
193.24,2,2,70.4,2,1.1589,11.1248,7,0,0.6691,0.3564,0.1969,1,0,1
485.93,5,2,118.13,2,2.31,9.8301,10,0,0.8782,0.6228,0.305,3,0,1
207.25,3,3,189.26,0,2.6449,0.0,9,1,0.5722,0.7468,0.1276,3,1,1
137.69,3,3,85.63,0,1.1839,0.0,3,0,0.5436,0.6254,0.0356,0,0,1
317.63,8,3,88.03,1,0.7262,0.0,1,0,0.6381,0.4512,0.0545,2,1,1
328.38,4,0,66.03,0,0.8999,0.0,5,0,0.1967,0.3912,0.0444,0,1,0
224.72,2,1,182.63,2,1.2179,0.0,4,0,0.5989,0.3314,0.1966,1,1,1
171.69,0,7,74.85,0,0.4648,0.0,4,0,0.6283,0.3681,0.0927,0,0,0
80.95,1,3,10.87,0,0.8925,12.7682,2,0,0.7092,0.2235,0.1442,2,0,0
460.08,0,4,173.87,1,1.7855,0.0,3,0,0.5107,0.563,0.245,2,1,1
489.19,3,4,85.73,2,1.4172,0.0,7,1,0.5285,0.5631,0.2327,2,0,1
121.92,2,1,49.87,1,1.1497,0.0,4,1,0.0846,0.4499,0.0593,0,1,0
217.61,1,7,39.86,2,0.7365,0.0,9,0,0.6242,0.275,0.2087,2,0,1
281.42,1,2,29.99,0,1.2299,11.2568,4,0,0.2344,0.5613,0.1269,3,0,0
226.38,3,3,148.28,3,0.9334,9.7997,7,0,0.5043,0.3204,0.0349,2,0,1
110.62,1,0,35.19,1,0.8106,0.0,8,0,0.6243,0.3032,0.1277,2,0,0
472.52,6,1,54.19,0,2.099,11.1994,2,1,0.2813,0.6197,0.1739,0,0,1
157.93,2,1,166.69,0,1.1729,0.0,9,0,0.7012,0.1851,0.2448,1,0,0
247.42,0,3,170.7,3,2.3338,10.5591,5,0,0.5602,0.5702,0.0715,2,0,1
277.03,1,2,64.92,1,1.5713,0.0,4,1,0.4274,0.4019,0.0886,0,0,0
127.43,2,3,111.55,0,0.9082,0.0,3,0,0.4905,0.3903,0.0885,3,1,0
161.76,2,5,161.56,0,0.9395,6.8007,4,0,0.3558,0.4867,0.081,1,0,0
513.05,2,3,144.6,0,0.6681,10.0574,9,1,0.4566,0.6204,0.0538,3,0,1
397.36,2,4,87.97,1,0.6931,11.8675,4,0,0.6147,0.3822,0.1817,4,0,1
135.71,4,2,98.56,0,1.2777,7.7816,2,0,0.6832,0.456,0.0606,3,0,1
45.31,1,0,154.55,1,1.066,0.0,6,0,0.0837,0.2835,0.2133,1,0,1
350.83,3,2,198.96,1,1.1264,14.3676,5,0,0.3207,0.6693,0.1191,0,0,0
74.78,1,2,99.94,1,1.2836,0.0,2,1,0.4264,0.8619,0.044,0,0,0
154.08,5,0,82.91,0,2.409,0.0,3,0,0.4619,0.4818,0.0379,0,0,0
345.23,2,5,35.43,1,0.9145,0.0,3,0,0.73,0.3704,0.0992,2,0,1
370.1,4,5,58.55,1,0.9872,0.0,2,0,0.6991,0.587,0.2898,0,0,1
130.08,2,4,102.75,0,1.4113,0.0,3,1,0.3771,0.7093,0.1424,2,0,1
331.29,1,2,44.56,0,1.4053,6.7845,2,1,0.4614,0.5088,0.078,1,1,0
390.82,0,2,158.25,1,1.1574,0.0,6,0,0.5888,0.654,0.1205,3,0,1
146.32,3,1,186.15,1,0.8458,10.3464,7,0,0.2207,0.477,0.1046,3,0,1
335.66,1,4,147.8,1,1.1739,2.4916,3,0,0.6757,0.4287,0.0188,2,1,1
184.8,4,2,80.35,0,1.3812,0.0,2,1,0.2366,0.4188,0.006,2,0,1
361.19,0,3,69.29,1,1.4571,4.4358,6,1,0.2558,0.4426,0.0361,0,1,1
304.4,1,1,101.65,3,1.6396,13.7043,5,0,0.5502,0.6115,0.0791,1,0,1
122.36,3,1,139.05,3,1.2628,0.0,9,0,0.4434,0.6478,0.1172,0,0,0
506.18,4,3,104.44,0,0.4651,7.1036,2,0,0.406,0.4765,0.2289,1,1,1
149.97,3,3,143.17,0,1.2876,0.0,8,0,0.2594,0.4515,0.1804,2,1,1
159.53,3,0,29.51,1,1.7565,0.0,6,0,0.4525,0.443,0.2219,1,0,1
145.59,3,3,99.63,1,2.026,11.7859,5,0,0.6022,0.3191,0.0586,3,0,1
82.32,2,3,73.39,3,1.299,7.6917,8,1,0.1856,0.488,0.1562,0,1,1
352.97,1,6,129.53,2,0.6255,0.0,9,0,0.6506,0.698,0.1048,0,0,1
200.74,4,4,121.72,2,0.8787,4.3976,4,0,0.5262,0.2222,0.2786,1,1,1
156.15,2,4,121.6,2,1.7746,9.3996,4,0,0.3322,0.3788,0.0815,3,1,1
458.97,3,1,133.75,1,1.2002,0.0,2,1,0.6577,0.668,0.2935,2,0,0
472.02,4,1,12.54,1,1.3023,0.0,4,1,0.3794,0.8392,0.1691,1,1,0
404.62,3,1,126.03,0,1.4315,8.0815,6,0,0.4243,0.3915,0.1469,2,0,1
262.87,3,1,126.45,1,0.9189,0.0,5,1,0.446,0.5839,0.1698,2,0,1
356.36,1,0,150.33,2,0.6702,6.8052,4,0,0.1349,0.1699,0.0104,0,1,0
320.07,5,2,45.92,2,1.2829,0.0,5,0,0.3925,0.5128,0.1954,3,0,1
61.54,1,3,181.96,0,0.6577,0.0,5,0,0.5198,0.4355,0.0198,3,0,1
111.62,1,0,97.6,0,1.4291,0.0,1,0,0.7169,0.3451,0.0212,0,0,0
447.58,1,4,64.32,0,1.0619,0.0,3,1,0.5704,0.0999,0.1736,2,0,0
424.38,2,4,111.76,1,1.0486,0.0,4,1,0.9052,0.5534,0.0796,2,0,1
172.61,3,1,85.06,0,1.7066,11.0436,6,0,0.3023,0.7544,0.2057,1,1,1
267.27,3,1,35.61,0,1.1077,0.0,5,1,0.1997,0.7173,0.1475,0,0,1
230.5,2,2,157.27,1,0.3006,3.288,2,0,0.4961,0.2796,0.0198,1,1,0
213.37,3,1,143.65,0,1.3764,0.0,6,1,0.4644,0.5488,0.1507,0,0,0
433.81,3,1,91.45,2,0.8712,0.0,5,0,0.162,0.2682,0.1009,2,0,1
520.75,3,4,20.19,1,0.7003,0.0,6,0,0.7806,0.5063,0.0794,1,0,1
210.85,2,1,18.74,2,0.9004,11.1233,5,0,0.3676,0.292,0.0444,0,0,1
383.58,3,2,43.02,0,0.9175,10.9299,3,0,0.7254,0.535,0.2231,1,1,0
495.07,3,2,28.9,0,1.315,0.0,7,1,0.3327,0.4522,0.1399,3,1,1
135.89,3,1,107.77,0,1.5572,3.2769,3,1,0.2915,0.5073,0.1611,0,1,1
455.79,5,5,127.24,3,2.5324,10.975,3,1,0.3975,0.7658,0.0991,4,0,1
361.44,2,1,100.63,1,1.3884,4.5584,2,0,0.7273,0.477,0.1387,0,0,1
141.1,0,0,32.93,3,3.3918,0.0,3,0,0.2179,0.3053,0.0882,1,0,1
424.7,7,5,51.89,2,1.7922,9.5033,1,0,0.7163,0.2649,0.0526,1,1,1
365.91,3,6,120.95,0,0.8491,0.0,2,1,0.3948,0.5914,0.1081,2,1,0
267.74,2,5,54.83,0,0.7377,8.9073,6,0,0.6216,0.6573,0.2532,2,0,0
295.41,4,0,100.54,1,1.0932,0.0,4,0,0.5316,0.2328,0.0658,0,0,0
600.0,2,2,171.22,2,0.5997,4.188,9,0,0.9071,0.465,0.1644,0,0,1
146.44,1,2,65.64,1,3.2247,10.1453,1,0,0.5556,0.6308,0.0663,0,1,1
98.74,0,2,19.1,1,1.8504,0.0,9,1,0.7527,0.3495,0.0901,1,0,0
316.66,2,1,19.68,2,1.4183,0.0,10,1,0.5006,0.45,0.1548,0,1,1
506.94,4,3,133.94,2,1.3395,0.0,1,0,0.566,0.497,0.1457,1,0,1
84.86,1,3,98.03,2,1.4803,0.0,3,1,0.4949,0.2843,0.041,0,1,0
136.06,2,2,108.44,1,1.0096,10.9423,7,0,0.3213,0.4085,0.2187,0,0,1
80.86,2,3,127.24,0,1.7785,8.9339,5,0,0.7707,0.3951,0.1863,0,0,0
460.55,2,1,92.81,0,1.7074,0.0,6,0,0.1458,0.454,0.3793,1,1,1
212.96,3,3,184.23,0,1.3528,0.0,1,0,0.5393,0.4042,0.1573,1,1,0
195.17,3,1,100.69,3,1.4352,7.0712,7,0,0.3642,0.5397,0.1256,1,0,1
332.02,1,0,117.33,2,0.5753,7.7054,6,0,0.1807,0.2105,0.1127,1,0,0
112.9,1,2,112.4,0,1.4887,10.9928,2,0,0.5256,0.4482,0.0589,4,0,0
163.35,2,2,22.13,2,1.344,0.0,6,0,0.7187,0.3661,0.024,0,1,1
445.2,4,1,61.17,0,1.1643,0.0,4,0,0.2941,0.2477,0.1002,0,1,1
175.58,2,4,163.56,1,1.6248,0.0,5,1,0.9462,0.3503,0.0415,1,0,1
249.45,1,2,124.58,1,1.1716,0.0,3,0,0.8958,0.5492,0.1272,2,0,0
196.41,2,4,49.21,3,1.3202,0.0,4,0,0.3676,0.7837,0.035,0,1,0
292.12,1,1,62.73,0,1.8897,0.0,2,0,0.7417,0.2018,0.0474,1,0,1
35.5,0,0,99.59,1,1.8231,0.0,2,0,0.3468,0.6123,0.1437,2,0,1
87.47,0,1,29.24,0,1.2261,0.0,4,0,0.5767,0.2226,0.263,0,0,0
89.57,1,3,62.87,1,1.4212,0.0,6,0,0.6553,0.2666,0.2396,3,0,0
326.12,2,0,26.66,1,1.3207,0.0,5,1,0.4785,0.161,0.1163,0,0,0
287.35,2,2,193.51,1,1.5158,0.0,2,0,0.2791,0.4272,0.2708,1,0,1
392.19,8,5,171.68,0,0.5269,0.0,3,0,0.6095,0.4733,0.0343,2,1,0
199.51,0,1,46.74,1,0.9212,0.0,2,0,0.4927,0.503,0.0205,0,1,0
160.37,1,1,33.51,0,0.6551,5.0111,4,0,0.6269,0.2224,0.1091,1,0,0
146.08,3,2,110.16,0,1.8191,0.0,3,0,0.4952,0.3275,0.1665,1,0,1
53.53,1,0,16.5,2,2.4724,10.18,3,0,0.3215,0.607,0.1187,1,0,1
181.71,3,3,46.27,1,1.0329,0.0,2,0,0.51,0.3394,0.3085,0,0,0
303.68,3,1,25.59,0,0.806,11.8187,3,0,0.2361,0.3779,0.067,4,0,1
527.37,4,3,119.27,2,2.7922,10.8604,1,1,0.5649,0.5606,0.142,1,0,1
411.47,6,6,255.4,1,2.2078,10.5586,5,1,0.8228,0.2082,0.0469,1,0,1
263.02,1,2,104.9,2,1.3807,14.3628,1,0,0.643,0.3213,0.3257,1,0,1
282.1,1,4,74.65,0,1.7409,0.0,1,0,0.4949,0.5097,0.1442,0,0,0
264.87,3,0,59.4,0,1.9839,0.0,2,1,0.2798,0.4821,0.3496,0,0,1
600.0,6,4,54.62,2,0.5387,4.3157,6,0,0.5644,0.4886,0.179,1,0,1
178.41,1,1,21.52,0,1.0218,0.0,4,0,0.4529,0.3933,0.0536,0,0,0
250.86,3,0,106.75,1,1.0458,0.0,2,0,0.3406,0.7161,0.0493,0,0,0
204.36,4,3,130.19,0,1.3946,0.0,1,1,0.5341,0.3964,0.1194,0,0,0
241.75,4,2,53.73,2,0.7673,8.1442,4,1,0.7908,0.354,0.1315,2,0,1
396.43,2,5,31.84,0,0.9067,0.0,3,0,0.6954,0.7198,0.0442,3,0,0
386.13,3,2,63.69,2,1.0713,0.0,1,0,0.5971,0.7571,0.0223,2,0,1
337.52,3,0,48.38,2,1.0297,6.8352,3,1,0.4097,0.5446,0.1437,2,1,1
65.71,0,1,92.96,1,0.5162,0.0,6,0,0.4606,0.3952,0.0166,1,0,0
273.38,2,2,164.27,3,0.9208,0.0,7,1,0.4872,0.1062,0.1569,0,0,0
197.19,4,1,135.33,1,1.6235,0.0,7,1,0.417,0.732,0.1048,2,0,1
533.11,7,6,211.19,0,0.5714,12.7096,4,0,0.7782,0.6947,0.0775,1,0,1
166.43,3,4,35.6,0,1.0598,0.0,4,0,0.356,0.2849,0.0644,2,1,1
149.7,2,4,92.2,0,1.9602,0.0,5,0,0.61,0.4681,0.3091,0,0,1
600.0,3,3,168.47,3,1.65,0.0,8,1,0.7875,0.4919,0.0781,2,1,1
355.92,5,3,49.93,1,1.89,7.3761,3,1,0.3487,0.6995,0.0886,0,0,1
418.49,3,1,53.98,0,1.3186,0.0,3,0,0.5446,0.8373,0.1321,1,1,0
178.89,2,2,71.74,0,0.9072,0.0,7,0,0.4298,0.4411,0.1448,3,0,0
178.62,1,3,221.93,1,1.6996,0.0,2,0,0.6197,0.413,0.1019,1,0,1
116.4,1,1,26.68,0,1.5631,8.7418,4,0,0.1732,0.8306,0.1197,2,1,0
438.56,3,4,110.02,0,1.6978,0.0,2,1,0.6655,0.5615,0.1503,1,0,1
175.26,0,4,52.5,2,1.2861,0.0,5,0,0.3837,0.5052,0.1477,0,0,1
413.77,1,2,207.67,2,1.0149,2.3636,3,0,0.814,0.4663,0.2216,0,1,1
145.65,4,6,110.59,4,1.7367,0.0,8,0,0.4607,0.7342,0.1443,2,0,1
326.69,5,4,70.96,2,0.8261,0.0,10,0,0.4295,0.3236,0.1739,2,0,1
309.77,3,3,32.73,2,0.9091,0.0,6,1,0.8194,0.3688,0.2458,1,0,1
373.26,3,3,88.21,2,1.4161,0.0,4,1,0.4094,0.4658,0.0428,1,0,1
589.51,8,3,143.92,1,2.1544,6.158,2,0,0.4493,0.8615,0.1838,0,0,1
238.46,3,2,76.47,0,1.4227,0.0,3,0,0.2097,0.6047,0.1461,2,0,1
342.71,5,4,86.13,0,2.1333,0.0,1,0,0.6074,0.5449,0.1256,1,0,1
85.57,1,0,15.38,0,2.0786,13.9397,1,0,0.6336,0.4942,0.012,0,0,1
439.34,0,5,29.61,1,1.778,13.6767,4,1,0.7095,0.6482,0.1112,1,0,1
39.5,1,2,161.37,1,0.9528,0.0,6,0,0.4496,0.4674,0.064,2,0,1
199.75,6,2,54.86,1,0.988,8.362,4,1,0.3154,0.3706,0.2473,0,0,0
441.93,3,1,59.02,0,0.8655,9.8169,5,0,0.5745,0.3664,0.0849,2,0,1
310.5,6,4,163.09,0,1.3609,2.3415,4,0,0.5104,0.415,0.1169,1,0,1
173.23,0,1,104.54,1,1.0379,0.0,6,0,0.3934,0.3839,0.1369,0,1,1
60.64,1,0,137.7,2,1.6226,0.0,6,0,0.5338,0.739,0.113,1,0,1
524.54,6,4,23.54,2,1.1678,0.0,8,0,0.5809,0.5509,0.1424,0,1,1
557.46,3,3,92.25,1,0.5801,0.0,2,0,0.6226,0.6363,0.2939,1,0,1
278.73,3,0,135.17,0,3.115,0.0,2,0,0.3776,0.5604,0.1116,1,0,1
582.26,3,4,153.37,0,1.8771,0.0,5,0,0.3427,0.6303,0.0824,2,0,1
164.85,4,4,133.39,2,0.6046,0.0,6,1,0.5549,0.6526,0.2795,2,0,1
255.77,4,4,17.95,0,0.53,13.3604,5,0,0.5552,0.2691,0.2726,0,0,1
465.0,2,2,157.1,0,1.3215,4.4913,2,0,0.2559,0.5793,0.0439,1,0,1
163.53,3,2,43.82,0,2.3455,1.083,1,0,0.1729,0.9057,0.0523,1,1,0
385.57,2,3,106.44,2,0.6017,13.5901,5,0,0.2582,0.3834,0.0988,1,1,0
169.39,5,2,120.58,2,1.7951,3.594,5,0,0.5214,0.4053,0.054,2,0,1
276.1,3,4,158.38,0,1.3918,0.0,3,1,0.8624,0.4858,0.2461,0,1,0
553.54,1,1,174.08,0,1.4575,12.9974,7,1,0.4829,0.6187,0.0829,1,1,1
214.28,1,2,49.41,1,2.2908,0.0,7,1,0.4956,0.2644,0.2789,3,1,0
172.56,0,4,25.49,1,1.7823,0.0,4,1,0.3604,0.7948,0.0204,1,1,0
302.93,2,2,45.45,0,1.7761,0.0,4,1,0.7062,0.522,0.305,0,1,1
149.33,1,0,3.57,1,0.7784,12.4403,6,0,0.516,0.394,0.2789,0,1,0
254.94,3,1,118.12,1,1.3874,0.0,6,0,0.5633,0.6959,0.1015,1,1,1
148.88,2,2,110.82,3,2.4267,4.2643,9,1,0.3916,0.5434,0.1348,1,1,0
412.39,1,5,238.8,3,0.9921,8.1219,5,1,0.5543,0.4399,0.2276,0,0,1
300.81,3,4,93.08,2,1.4376,10.4063,8,1,0.5394,0.4399,0.2318,4,0,1
379.45,4,1,194.6,0,1.8889,9.2172,1,0,0.5928,0.2684,0.0886,0,1,1
129.69,1,2,49.6,1,2.396,0.0,5,1,0.7381,0.2127,0.0514,1,0,1
152.41,1,3,52.55,0,1.7242,0.0,4,1,0.4135,0.3692,0.0687,1,1,0
423.98,1,1,149.98,2,1.1819,6.8612,4,0,0.2998,0.3749,0.1802,1,0,1
290.87,2,2,124.59,1,2.0735,7.4704,5,0,0.3984,0.4,0.074,1,1,1
303.79,3,3,30.37,2,1.9043,4.2041,2,1,0.2754,0.4971,0.1297,1,0,1
214.19,2,2,97.73,1,1.1661,0.0,2,0,0.2003,0.3966,0.0147,0,1,1
168.53,1,3,106.11,1,1.3735,3.3676,6,0,0.5308,0.4894,0.2696,0,1,1
107.89,2,1,42.94,3,2.467,0.0,3,0,0.4662,0.6744,0.0753,0,1,0
479.83,4,6,142.17,2,1.2321,0.0,4,0,0.278,0.466,0.0842,0,0,1
110.69,1,0,44.12,2,0.9976,0.0,8,0,0.4903,0.4355,0.055,1,1,0
223.86,2,3,170.45,0,2.0619,3.7837,2,0,0.1993,0.2682,0.2223,2,0,1
304.52,4,1,39.19,4,2.5519,0.0,7,0,0.2916,0.5962,0.1594,1,0,1
319.13,3,2,119.19,0,1.3545,0.0,3,1,0.2286,0.4969,0.121,1,1,1
212.2,3,3,107.28,1,1.5347,0.0,3,0,0.5702,0.5886,0.1139,0,0,1
351.24,5,3,64.65,3,1.0891,0.0,4,0,0.6426,0.5574,0.1012,1,0,1
268.04,4,3,103.34,1,2.459,0.0,4,1,0.3912,0.4046,0.1841,3,0,1
315.37,4,2,169.79,1,1.3846,0.0,7,1,0.2396,0.3519,0.3755,1,0,0
183.2,5,4,101.33,1,3.2708,0.0,5,0,0.8347,0.8378,0.1393,2,0,1
317.55,6,2,108.81,0,1.1082,9.3302,5,0,0.4855,0.5572,0.2372,0,0,1
188.81,0,3,80.84,2,1.2316,7.5665,5,1,0.3587,0.2276,0.0953,1,0,1
138.99,1,3,121.33,0,1.1455,0.0,7,0,0.7524,0.5047,0.0779,0,1,1
408.99,3,2,117.23,1,1.6105,10.5658,1,0,0.2168,0.5631,0.0469,0,0,1
418.41,6,1,7.07,1,0.7309,3.2258,1,1,0.6567,0.877,0.0701,2,0,0
194.46,2,2,74.52,1,0.6341,6.9125,4,0,0.3136,0.4909,0.0557,1,0,0
128.33,2,2,86.42,1,0.8885,9.9395,4,0,0.3836,0.8381,0.1114,4,0,1
350.49,5,4,41.48,2,1.2499,0.0,5,0,0.7968,0.4058,0.0823,0,0,1
274.56,5,4,127.65,1,0.5524,0.0,5,0,0.5745,0.3009,0.2463,4,0,1
259.83,1,1,46.19,1,1.5225,0.0,5,0,0.4612,0.4344,0.1052,0,0,0
120.55,1,4,34.37,0,1.549,0.0,3,0,0.3214,0.7414,0.1413,0,1,1
227.99,5,3,117.27,3,1.1837,5.6918,7,0,0.4164,0.2203,0.0797,3,1,1
73.9,1,3,166.93,1,2.2199,0.0,9,1,0.5718,0.7397,0.1509,0,0,1
310.68,5,4,63.65,0,0.9424,0.0,1,0,0.3192,0.6424,0.1661,2,0,1
299.17,5,2,72.58,1,2.52,0.0,4,0,0.6123,0.4053,0.1429,0,1,1
185.02,1,0,104.61,1,0.9311,11.0232,4,1,0.4291,0.4247,0.0844,0,1,0
47.61,0,2,83.41,2,1.2552,7.4132,8,0,0.5607,0.476,0.0067,0,1,1
400.86,4,3,145.45,3,1.3339,0.0,4,1,0.7091,0.8275,0.0594,2,0,1
140.93,2,5,31.47,1,1.4866,0.0,4,0,0.5693,0.2896,0.2423,2,0,0
152.5,1,1,157.18,0,1.052,0.0,4,1,0.2694,0.3183,0.0286,0,1,0
379.23,3,4,89.69,0,1.4173,0.0,1,0,0.3402,0.3383,0.1931,1,0,0
116.99,1,3,46.27,1,0.8654,3.3374,2,0,0.6616,0.357,0.1869,3,0,1
299.91,2,2,79.7,0,1.7825,9.1544,2,0,0.528,0.5124,0.1796,1,0,1
109.68,1,1,175.77,3,1.3133,6.8306,5,0,0.9195,0.4582,0.0898,1,0,1
248.37,3,4,157.83,2,2.3072,10.3592,5,1,0.7498,0.6808,0.117,2,0,1
448.48,3,1,38.33,1,0.7171,0.0,3,1,0.278,0.4522,0.0615,0,1,0
289.77,4,2,70.02,2,0.7967,5.3735,6,0,0.3591,0.3501,0.0614,0,0,1
438.49,5,5,181.08,2,2.4465,0.0,1,0,0.4966,0.6667,0.2245,0,0,1
292.94,3,3,96.34,1,1.3443,0.0,5,0,0.5202,0.644,0.071,4,0,0
257.34,3,1,98.01,0,2.487,11.5329,3,1,0.3243,0.6046,0.1105,0,1,1
245.88,2,1,57.54,1,0.9204,0.0,7,0,0.6041,0.4557,0.0569,1,0,0
260.05,4,4,196.81,2,1.3164,0.0,5,1,0.4986,0.6779,0.0703,3,0,0
464.04,4,4,113.17,1,1.7824,7.9061,6,1,0.4519,0.7797,0.1203,3,0,1
269.26,5,1,132.64,1,1.5402,8.156,5,0,0.5103,0.4781,0.0358,2,0,0
313.08,4,3,54.26,3,1.6101,3.9778,9,0,0.4259,0.7166,0.0914,0,1,1
600.0,2,4,128.61,3,0.8804,10.3367,10,0,0.3534,0.4918,0.1148,0,1,1
154.91,2,0,14.68,3,2.5439,0.0,10,1,0.1216,0.6004,0.0378,1,0,1
375.18,5,1,144.16,1,0.4763,9.8781,1,0,0.3232,0.7087,0.1516,1,0,0
250.61,2,2,41.63,1,1.1684,9.156,1,1,0.5051,0.4973,0.0945,0,1,1
317.85,3,2,47.92,0,1.1416,5.4971,4,0,0.4397,0.5004,0.2289,4,1,1
155.67,1,3,121.78,0,1.1892,0.0,7,1,0.5156,0.5288,0.1638,1,0,1
165.25,3,2,19.4,1,2.8557,5.0082,6,0,0.538,0.5079,0.0515,1,0,1
256.87,1,1,77.85,3,0.4991,9.1333,8,0,0.5339,0.3156,0.1065,0,1,1
274.98,4,0,96.87,1,2.1925,5.944,4,1,0.4248,0.5833,0.1813,2,0,1
400.09,3,4,103.48,0,2.1787,0.0,4,0,0.5495,0.2236,0.089,1,0,1
369.23,1,1,84.45,1,0.6071,13.3339,3,0,0.6999,0.4429,0.0882,2,0,1
62.56,0,2,77.37,0,1.865,0.0,5,1,0.4199,0.522,0.22,1,1,0
161.76,2,2,66.12,0,1.6235,0.0,1,1,0.2491,0.5848,0.1775,3,0,0
262.26,5,4,86.06,0,1.0636,0.0,5,0,0.4816,0.438,0.0858,2,1,1
201.92,2,2,3.74,3,1.5067,0.0,2,0,0.2951,0.2978,0.0608,0,0,0
144.27,2,4,142.98,1,1.8396,0.0,3,1,0.362,0.7073,0.048,2,1,0
432.32,1,2,164.0,2,1.6169,8.7374,8,0,0.4342,0.5488,0.2371,3,0,1
123.89,1,1,43.84,2,2.1043,7.6356,7,0,0.4512,0.6743,0.0303,0,1,0
187.53,2,4,190.65,0,1.4814,0.0,6,0,0.5524,0.632,0.0755,1,0,1
436.75,7,2,51.87,0,1.3063,0.0,2,0,0.5581,0.3521,0.0234,0,1,1
564.03,6,4,96.12,3,1.4674,0.0,4,0,0.7115,0.4337,0.0444,3,0,1
206.58,3,3,148.89,1,2.0056,0.0,9,0,0.3523,0.3569,0.0978,1,1,1
484.84,1,0,114.3,1,0.8659,4.3637,3,0,0.5683,0.3111,0.1685,0,0,0
215.35,1,1,61.54,0,1.237,0.0,3,1,0.4484,0.7097,0.0644,1,0,0
364.58,2,3,125.75,2,1.6201,10.951,9,1,0.248,0.3771,0.1796,0,0,1
85.78,1,3,75.29,1,0.7876,9.9974,4,1,0.2768,0.6475,0.099,2,1,1
129.84,1,0,27.01,0,1.1993,4.0169,3,0,0.506,0.4541,0.0426,1,1,1
429.65,8,7,132.94,1,2.376,0.0,7,0,0.6302,0.2474,0.0565,1,1,1
168.52,1,4,203.95,1,0.9502,0.0,3,0,0.2292,0.26,0.1106,1,0,0
166.03,1,1,54.94,2,1.6409,0.0,3,1,0.3665,0.5519,0.0926,0,1,1
238.77,5,3,135.5,0,0.5655,7.6806,3,1,0.6341,0.1504,0.08,2,1,1
176.98,5,1,45.35,2,0.9831,11.4459,5,0,0.1941,0.4178,0.079,2,1,0
192.06,3,3,83.13,1,1.2715,2.7645,7,0,0.5932,0.4365,0.1851,2,0,0
148.78,3,1,154.4,1,1.373,0.0,4,1,0.3966,0.5433,0.0812,1,1,0
193.51,2,4,41.03,1,0.7479,0.0,4,1,0.7448,0.5329,0.2455,1,1,1
438.27,5,3,175.95,0,1.0115,7.7613,2,0,0.5891,0.3111,0.186,5,0,1
280.81,5,1,138.26,0,1.2972,9.2807,1,1,0.657,0.453,0.013,1,0,1
348.38,2,1,90.77,0,1.3237,0.0,4,0,0.313,0.2031,0.0724,2,1,0
174.12,2,3,36.55,0,1.3147,2.6382,4,1,0.2516,0.3771,0.2158,1,0,1
394.86,4,3,172.22,0,1.0685,0.0,3,0,0.497,0.377,0.0604,1,1,1
408.57,1,4,30.24,0,1.837,0.0,3,0,0.6717,0.395,0.097,1,1,0
297.76,4,5,204.81,0,1.146,0.0,5,0,0.6267,0.6933,0.2532,1,1,1
165.19,4,2,129.12,1,1.1896,0.0,2,1,0.5436,0.4798,0.188,3,1,0
563.47,6,5,13.87,2,2.222,7.3635,5,0,0.4264,0.5329,0.2373,1,0,1
101.85,1,1,93.74,1,0.6705,0.0,3,1,0.2704,0.5065,0.0098,1,1,1
520.35,4,3,78.06,2,1.4504,0.0,7,0,0.3713,0.4705,0.0415,0,1,1
236.25,4,4,89.47,0,2.3979,0.0,3,0,0.3782,0.7069,0.2296,2,0,1
599.96,6,5,146.88,1,1.1169,0.0,4,0,0.2698,0.6395,0.0013,1,0,0
158.12,1,0,95.34,1,1.0963,0.0,8,0,0.2272,0.3879,0.0125,1,0,1
194.69,2,2,36.98,1,3.2077,3.4678,5,0,0.3514,0.6276,0.0647,0,0,0
229.64,1,1,13.87,1,0.9797,0.0,3,0,0.4246,0.497,0.3014,1,0,1
495.69,6,4,145.6,1,2.3723,0.0,8,0,0.4303,0.3404,0.1446,3,1,1
189.5,6,5,163.09,1,1.5767,0.0,4,1,0.2849,0.3558,0.2786,4,0,1
261.51,4,3,102.42,0,1.6646,0.0,4,0,0.1279,0.4631,0.252,1,0,1
131.68,0,1,110.72,1,0.5189,2.6015,3,0,0.2894,0.4062,0.0518,1,1,1
374.52,2,4,176.63,0,1.2944,5.4065,2,0,0.3964,0.4524,0.1952,1,0,1
202.88,3,1,232.55,0,0.6985,8.0573,2,1,0.3254,0.5535,0.2852,1,0,1
205.16,4,1,63.29,2,0.8102,0.0,3,0,0.5152,0.4341,0.1263,5,0,1
180.26,2,6,125.87,1,0.825,0.0,3,1,0.5152,0.4535,0.1966,4,0,0
115.63,2,0,81.75,1,1.5306,6.9866,3,0,0.3135,0.5378,0.1363,2,0,1
310.38,1,1,59.6,0,1.2602,0.0,3,0,0.3014,0.3352,0.1714,2,0,1
312.36,5,1,80.25,2,0.7336,0.0,8,1,0.2738,0.3708,0.0893,1,1,0
183.94,4,1,107.16,3,1.1074,1.7965,7,1,0.3239,0.4552,0.2873,0,0,1
82.7,2,1,19.8,2,1.5236,0.0,7,1,0.4904,0.4456,0.1937,0,0,1
302.23,3,3,157.36,1,1.1915,6.9926,3,0,0.1782,0.6596,0.0898,2,1,1
289.05,4,1,77.9,1,0.7771,5.0992,9,0,0.19,0.6572,0.0317,1,0,1
190.43,0,1,47.18,1,1.2847,4.5492,9,1,0.1417,0.7004,0.1131,1,1,1
543.8,5,2,206.63,1,1.1677,7.0316,3,0,0.3462,0.3987,0.2206,1,0,0
140.15,1,2,58.66,1,1.0615,0.0,5,1,0.7072,0.3703,0.0551,2,1,0
155.31,3,7,134.45,0,2.1105,5.0653,5,0,0.5201,0.5218,0.16,2,1,1
527.01,4,1,99.69,0,1.6071,5.1006,3,0,0.65,0.0999,0.0095,0,1,0
450.26,3,3,115.49,0,0.9669,5.5146,1,0,0.5882,0.3501,0.1842,2,0,1
378.35,2,3,121.45,1,1.3396,0.0,2,0,0.0962,0.8062,0.1047,2,0,0
81.8,1,0,6.85,2,1.5051,0.0,2,0,0.2463,0.3,0.1436,0,1,0
205.17,0,1,18.96,0,1.786,5.3389,3,0,0.6269,0.3824,0.0147,1,0,1
600.0,2,3,126.89,1,0.8432,0.0,1,0,0.42,0.4246,0.3435,5,0,0
310.52,3,3,158.1,0,1.1003,13.3753,1,0,0.2534,0.4761,0.092,1,1,0
213.37,1,1,91.9,1,0.7139,6.0745,3,0,0.7179,0.1477,0.0662,1,0,0
547.74,4,3,54.05,0,0.6467,0.0,5,0,0.5305,0.434,0.3077,2,0,0
162.71,1,2,50.09,3,1.1873,2.8686,5,1,0.4851,0.5335,0.2858,0,0,0
251.51,0,1,126.72,0,1.9688,9.8211,4,0,0.8427,0.2255,0.3119,0,1,1
578.42,2,3,99.8,1,1.1701,4.1091,7,0,0.3201,0.633,0.1574,1,0,1
181.48,5,2,87.04,1,2.829,0.0,4,0,0.1258,0.8344,0.0108,1,1,1
164.19,4,3,75.7,1,2.85,0.0,2,0,0.1845,0.4079,0.064,2,1,0
262.37,5,4,74.02,0,2.2623,0.0,3,1,0.7541,0.527,0.362,3,1,1
404.83,3,0,165.47,1,0.7065,0.0,5,0,0.4091,0.3524,0.0286,0,1,1
282.25,5,4,31.74,2,0.9938,0.0,5,0,0.5722,0.5913,0.1959,1,1,1
155.55,1,0,74.69,2,1.4734,9.2613,5,0,0.3469,0.7442,0.1533,2,1,1
362.97,3,1,11.92,0,1.7355,13.0151,3,0,0.5746,0.4486,0.1232,1,1,1
208.53,0,3,104.6,2,0.7512,11.1393,8,1,0.227,0.4533,0.1317,0,1,1
210.03,3,0,115.34,2,1.5106,0.0,6,0,0.3899,0.4462,0.0907,3,0,1
79.92,2,2,55.97,0,0.5024,0.0,5,0,0.3728,0.2897,0.0194,1,0,0
500.65,1,3,134.38,0,1.6892,5.9467,2,0,0.67,0.0953,0.1358,3,0,1
127.38,0,1,38.43,1,1.5504,4.0775,5,0,0.5702,0.3968,0.0124,3,1,1
347.84,1,4,245.42,2,1.4681,0.0,8,0,0.4695,0.3262,0.201,0,1,1
310.22,4,2,77.81,0,1.0995,0.0,1,0,0.2315,0.6098,0.1282,0,0,0
200.55,3,5,89.89,0,0.9369,0.0,4,0,0.622,0.379,0.0288,0,0,1
122.73,1,3,175.5,0,0.5976,4.5849,2,0,0.6816,0.1507,0.0945,1,0,1
405.43,3,2,40.11,0,1.1494,0.0,2,0,0.1913,0.3321,0.1002,1,1,0
333.18,6,6,90.5,2,0.8341,0.0,9,0,0.4209,0.3724,0.1812,3,0,1
189.68,2,4,95.4,3,1.7604,14.3305,7,1,0.7139,0.8647,0.1884,3,0,1
249.2,2,2,157.59,1,1.2511,6.7229,2,1,0.3399,0.381,0.1173,0,0,0
347.34,5,3,215.1,0,1.5543,10.9301,2,0,0.9372,0.5486,0.1478,0,1,1
406.26,2,2,130.48,2,1.2309,0.0,1,1,0.3569,0.7885,0.1958,1,1,1
242.23,5,3,65.67,2,1.6042,0.0,1,0,0.5296,0.396,0.1721,1,1,0
75.95,1,0,69.57,0,1.3864,0.0,5,1,0.2317,0.5126,0.1162,0,0,0
305.14,3,0,162.03,2,0.7085,9.3093,4,0,0.7331,0.4188,0.171,2,0,0
378.81,2,4,75.38,0,1.9097,0.0,3,0,0.4622,0.6325,0.0697,2,0,1
276.07,5,4,110.48,0,3.2213,7.0076,3,0,0.4592,0.709,0.1164,1,1,1
274.66,3,1,216.31,1,2.1113,0.0,1,0,0.7535,0.4439,0.1717,0,0,1
153.62,3,3,59.29,0,0.8116,0.0,4,0,0.8279,0.8976,0.2325,1,1,0
203.28,6,1,221.53,1,1.2734,12.0625,2,0,0.1925,0.3897,0.1345,4,1,1
155.71,3,4,125.97,3,2.0125,0.0,2,0,0.3676,0.6719,0.0761,0,1,1
214.38,1,6,86.86,2,1.992,0.0,7,0,0.2096,0.2753,0.0199,1,0,1
156.82,2,3,87.97,1,0.3384,10.0197,4,1,0.5369,0.2587,0.0876,1,0,0
247.74,0,3,103.59,1,0.8284,0.0,9,0,0.5007,0.291,0.0911,0,0,1
322.07,5,2,123.84,0,0.9463,0.0,3,0,0.0841,0.2612,0.1224,0,1,0
205.13,2,0,154.23,1,2.7002,0.0,5,0,0.3571,0.4524,0.2414,0,1,0
249.5,1,1,34.04,0,1.945,7.0389,3,0,0.1934,0.6724,0.1119,0,1,0
350.2,1,5,75.2,1,1.0579,0.0,3,0,0.6539,0.3342,0.1851,2,0,0
472.34,10,6,183.21,1,1.4846,0.0,6,0,0.2394,0.2701,0.2015,1,0,1
323.06,2,4,27.5,1,1.041,5.1056,8,0,0.181,0.3097,0.1215,2,0,1
369.43,1,2,34.14,2,0.7967,3.2931,7,1,0.2923,0.5555,0.0817,1,0,1
442.14,4,2,87.46,1,0.828,0.0,5,0,0.1812,0.3766,0.1222,1,1,0
199.98,3,1,91.85,1,0.8262,8.6372,5,0,0.5661,0.7334,0.068,0,0,1
286.75,5,3,159.06,0,1.8972,0.0,1,0,0.8424,0.5281,0.2662,0,0,1
236.26,3,3,69.88,2,0.7629,0.0,3,1,0.7863,0.3838,0.2432,3,0,1
411.46,5,1,25.57,1,1.1584,0.0,6,0,0.4583,0.4639,0.0367,1,1,1
580.37,0,2,60.19,3,0.763,0.0,4,0,0.6911,0.33,0.2454,0,1,0
93.9,2,2,131.29,1,1.2637,9.6751,6,0,0.5056,0.3228,0.0353,0,0,1
379.08,2,0,63.81,0,1.079,0.0,6,1,0.4103,0.3725,0.1212,0,1,1
97.21,0,2,151.53,3,1.6956,0.0,5,1,0.5364,0.3771,0.0888,0,1,0
326.84,1,6,92.41,2,1.4199,0.0,6,0,0.2648,0.2951,0.1255,1,0,0
492.17,2,2,59.51,3,2.0049,0.0,7,1,0.4444,0.4097,0.1102,4,0,1
293.42,3,3,80.08,3,0.7755,3.8078,5,0,0.3862,0.2911,0.1029,2,1,1
384.01,3,0,43.61,1,1.1753,0.0,4,0,0.6071,0.3878,0.0788,0,1,1
104.65,0,1,59.28,0,1.9851,10.3665,4,1,0.4083,0.5208,0.1161,1,0,1
320.35,5,1,122.28,1,1.4205,0.0,8,0,0.8745,0.8031,0.1295,1,0,1
129.61,1,0,79.7,0,3.8345,0.0,4,0,0.1968,0.6863,0.0202,1,0,1
61.41,1,3,32.7,3,1.6635,2.7511,5,0,0.045,0.7621,0.0218,1,0,1
330.48,1,5,114.96,0,1.2346,0.0,3,0,0.4195,0.5231,0.0669,2,1,1
227.32,2,3,69.98,3,2.4081,0.0,6,0,0.6466,0.673,0.0304,0,1,0
252.24,2,2,10.07,1,1.4196,7.6875,2,0,0.4366,0.507,0.0576,0,0,0
411.86,5,2,55.76,0,0.9245,10.7612,4,0,0.3784,0.3552,0.097,0,1,0
442.91,2,2,91.43,0,0.9414,0.0,2,0,0.5088,0.4934,0.1037,2,0,0
187.18,3,5,179.03,1,1.4208,0.0,2,1,0.3975,0.5298,0.2537,3,0,0
449.83,2,5,75.11,0,0.5717,0.9638,4,1,0.3716,0.6015,0.1106,1,1,1
466.33,4,4,36.82,0,2.2941,13.8835,2,0,0.3138,0.1739,0.072,2,0,1
214.17,4,7,263.33,2,1.3217,0.0,9,0,0.3264,0.455,0.316,5,0,1
479.97,4,3,81.52,2,2.4012,6.6593,6,0,0.1612,0.5631,0.1768,1,0,1
241.56,3,2,147.55,2,1.4552,0.0,3,0,0.2487,0.3089,0.0904,2,0,1
329.37,2,1,45.67,1,0.5239,0.0,7,0,0.409,0.473,0.1128,1,1,0
351.84,4,1,196.66,2,2.5596,3.764,9,1,0.6192,0.6506,0.0466,0,0,1
96.67,2,3,188.63,2,0.9822,4.5575,2,1,0.6392,0.3358,0.0644,2,0,1
254.44,5,2,194.12,1,1.1706,0.0,3,0,0.3961,0.7418,0.2074,1,1,0
129.6,0,2,26.1,0,1.3477,3.1123,2,1,0.2209,0.5537,0.1003,1,1,1
231.33,1,3,68.45,2,2.3578,0.0,3,0,0.2898,0.2211,0.2066,2,0,1
231.86,0,2,53.08,0,1.3628,0.0,3,0,0.3148,0.5056,0.2062,2,1,1
395.86,4,5,184.7,0,0.8169,8.9013,3,0,0.782,0.1658,0.1764,2,0,1
70.39,1,0,136.33,1,1.8255,12.0954,3,1,0.7727,0.7498,0.0776,0,0,0
209.39,3,3,44.01,1,0.9599,4.2742,8,0,0.4235,0.6042,0.042,0,0,1
311.75,3,3,120.15,0,1.6986,0.0,3,0,0.5359,0.364,0.0588,1,0,0
175.61,2,1,79.5,1,1.1635,0.0,5,1,0.6067,0.6349,0.119,0,0,0
339.65,2,2,164.67,2,0.6302,8.1574,3,1,0.7443,0.5332,0.2148,2,0,0
289.75,2,3,68.12,2,0.7615,8.1399,6,1,0.4026,0.4683,0.0937,2,1,1
31.58,0,1,25.01,0,0.9391,5.226,1,0,0.7219,0.424,0.177,1,0,0
120.52,0,0,15.38,2,0.6986,1.8132,8,0,0.6704,0.5196,0.0384,1,0,1
131.99,3,3,81.62,1,1.0772,13.6824,6,0,0.314,0.4998,0.0834,1,0,1
346.8,3,2,6.74,1,0.5073,6.6716,3,0,0.5753,0.5215,0.2119,3,0,1
126.19,2,2,62.88,1,1.7135,0.0,3,1,0.3325,0.6097,0.1491,3,1,0
280.32,2,3,86.41,0,1.0459,1.9727,4,0,0.7103,0.4475,0.2112,1,0,1
307.83,2,1,83.84,0,0.7629,0.0,3,0,0.4791,0.5803,0.1079,0,0,1
477.96,3,2,125.87,0,1.4252,0.0,3,0,0.5698,0.1078,0.1553,0,1,1
261.55,1,4,31.16,3,1.408,0.0,8,0,0.3502,0.5684,0.105,2,0,1
600.0,3,1,142.91,1,0.9761,4.3121,3,1,0.1657,0.4403,0.016,2,0,1
277.07,2,2,106.72,0,1.9399,9.735,3,1,0.2431,0.6507,0.0519,0,1,0
329.63,2,1,24.89,1,1.4381,0.0,3,0,0.2262,0.3061,0.1135,2,1,0
233.83,3,1,75.59,2,1.9302,10.1805,4,0,0.2717,0.272,0.1585,1,1,1
113.57,2,2,75.92,1,2.6307,0.0,5,0,0.4913,0.6506,0.166,1,0,1
528.06,4,5,60.16,1,1.8204,0.0,5,0,0.6771,0.6014,0.2964,0,0,1
194.78,1,2,5.45,3,0.7072,0.0,10,1,0.2096,0.3211,0.0507,0,1,0
216.41,0,2,58.6,0,2.7456,0.0,3,0,0.5049,0.7318,0.0541,1,1,0
400.9,3,1,150.33,1,1.9095,3.7653,2,0,0.273,0.2866,0.2217,4,1,0
258.7,3,3,184.31,1,0.6092,3.8104,6,1,0.5911,0.2509,0.1312,1,0,1
239.48,3,4,219.29,1,2.1916,0.0,5,1,0.5928,0.2347,0.2546,1,0,0
240.62,6,2,124.33,1,1.4631,1.2163,3,1,0.5351,0.3788,0.1412,2,0,1
494.74,3,6,106.3,3,1.1018,0.0,6,0,0.7911,0.5214,0.1159,3,0,0
399.85,3,1,79.91,1,1.1817,0.0,3,0,0.56,0.6955,0.1978,1,0,1
600.0,3,5,186.35,0,1.4966,4.6518,1,1,0.7668,0.4065,0.2519,2,0,1
218.42,5,1,86.21,0,1.2797,5.8674,2,0,0.354,0.478,0.1781,3,1,0
149.94,4,1,67.42,2,1.5269,9.1726,4,1,0.4272,0.7634,0.0948,0,1,1
27.0,0,3,50.23,3,1.2973,0.0,4,0,0.3517,0.433,0.0708,1,1,1
432.33,2,2,93.17,1,1.5398,0.0,5,1,0.5376,0.7056,0.0807,0,1,1
176.28,3,4,50.33,1,1.0779,0.0,4,1,0.6141,0.5762,0.0518,1,0,0
97.91,2,3,38.99,1,1.7337,6.3208,1,0,0.5643,0.3053,0.005,1,1,1
317.0,6,5,28.05,1,0.5381,0.0,4,1,0.5691,0.4438,0.1197,1,0,1
338.01,5,1,52.81,0,1.5232,0.0,3,1,0.6093,0.6354,0.1371,1,0,1
162.72,4,1,115.86,1,1.5577,12.4915,8,0,0.7659,0.7881,0.0822,0,0,1
241.36,5,1,249.77,1,0.8108,3.2169,4,0,0.7943,0.5596,0.0363,2,0,1
356.46,6,2,136.84,1,1.5844,0.0,8,0,0.1235,0.5493,0.1222,2,1,1
467.63,6,1,37.68,0,1.1464,0.0,5,0,0.6209,0.6257,0.2165,0,0,0
172.95,1,4,38.91,0,1.3535,0.0,3,0,0.432,0.2215,0.2569,0,0,0
334.2,0,0,44.8,1,0.8857,0.0,10,1,0.6885,0.4064,0.0689,1,0,1
504.41,2,4,45.84,1,1.797,0.0,3,0,0.7228,0.3662,0.1231,1,0,1
216.49,0,2,23.69,2,0.6497,0.0,4,0,0.3879,0.4144,0.1276,0,1,0
199.86,5,7,113.34,2,1.1468,0.0,7,1,0.6186,0.6769,0.2367,3,0,1
195.27,2,2,31.48,1,0.7724,8.7365,3,0,0.5577,0.3841,0.1629,1,1,0
184.31,5,4,96.87,0,0.8185,7.6546,2,1,0.2191,0.7156,0.0366,4,0,1
570.7,3,8,72.87,0,0.8229,0.0,2,0,0.5281,0.8648,0.1015,2,0,1
348.98,1,6,42.12,1,0.9988,0.0,2,1,0.4559,0.3484,0.1591,0,0,0
269.76,3,2,52.74,2,4.0,0.0,3,0,0.7618,0.6858,0.0941,1,1,0
125.08,1,2,81.95,2,0.6668,0.0,8,1,0.3836,0.6725,0.1265,2,1,0
398.41,5,2,66.47,1,0.9098,8.0045,4,0,0.2988,0.2304,0.011,1,0,0
180.18,0,3,14.18,2,1.471,7.9343,10,0,0.1517,0.8931,0.133,0,0,1
215.11,3,0,65.79,0,0.9477,0.0,5,1,0.7403,0.4171,0.0197,2,0,1
110.36,3,4,36.24,0,1.6424,0.0,3,0,0.3044,0.3789,0.0551,1,1,0
401.07,5,2,100.39,0,0.9763,10.397,5,0,0.9123,0.2993,0.0917,2,1,0
87.54,1,3,54.47,0,0.7907,0.0,6,1,0.3898,0.5335,0.1152,0,1,0
293.52,0,1,61.24,1,1.3422,0.0,7,0,0.4987,0.395,0.071,0,0,0
440.16,4,3,66.9,3,2.2567,8.4872,10,1,0.5081,0.7262,0.0229,0,1,0
278.78,3,1,33.13,1,0.6339,0.0,4,0,0.6067,0.4813,0.0178,0,1,1
265.09,3,2,109.13,0,1.134,0.0,3,1,0.1258,0.4083,0.2513,1,0,0
295.57,6,6,124.95,0,1.172,5.6845,8,0,0.8208,0.4067,0.0805,1,1,1
471.5,5,5,149.75,1,1.5233,10.7004,6,1,0.6795,0.5929,0.1437,1,0,1
267.35,5,2,58.88,0,1.3702,0.0,3,0,0.6019,0.7966,0.1496,0,0,1
352.35,6,2,148.1,1,2.0473,0.0,6,0,0.3631,0.6782,0.1497,2,1,1
419.21,7,3,96.41,4,0.915,0.0,8,1,0.2911,0.2968,0.1105,3,1,0
200.4,1,3,85.93,0,1.0446,0.0,9,1,0.4637,0.4984,0.0162,0,1,0
214.32,6,3,70.11,1,1.0314,3.2943,8,1,0.5118,0.525,0.1974,3,1,1
97.85,0,1,41.11,3,1.5769,14.0221,8,1,0.1905,0.6169,0.0501,0,1,1
308.68,1,4,117.98,3,1.2275,0.0,4,0,0.6777,0.5927,0.1429,0,0,1
243.47,3,1,102.79,1,1.5899,0.0,5,0,0.3587,0.4415,0.1523,1,1,0
234.61,4,5,99.06,1,0.7084,4.8427,4,0,0.7196,0.3352,0.0917,5,0,1
175.85,0,2,38.08,2,0.972,0.0,6,0,0.3452,0.3651,0.0839,1,0,0
123.13,2,2,146.46,1,1.2728,0.0,3,0,0.4457,0.2874,0.1528,0,0,0
97.97,2,0,92.11,1,1.8695,11.804,1,0,0.6635,0.7293,0.1215,0,0,1
417.66,1,1,73.41,3,1.0528,0.0,4,0,0.2189,0.2317,0.1183,4,0,1
356.7,9,1,24.93,0,0.6422,0.0,4,1,0.3656,0.5579,0.1975,3,0,0
309.13,4,3,174.5,1,1.1217,12.0456,4,1,0.7459,0.4736,0.1589,1,1,1
296.66,1,0,38.37,1,0.9591,9.6166,4,0,0.428,0.3317,0.1379,1,1,1
166.73,1,1,73.39,1,2.2208,3.0441,3,0,0.5252,0.4577,0.0158,3,1,1
180.04,3,2,70.45,2,1.4871,11.4862,7,1,0.7124,0.5523,0.2308,1,1,1
353.99,3,1,114.77,2,2.9347,0.0,3,0,0.4302,0.752,0.0366,2,0,1
193.89,3,3,198.4,0,1.1123,0.0,1,1,0.5763,0.5807,0.015,0,0,1
66.08,1,4,116.15,1,0.9506,0.0,4,1,0.587,0.5848,0.1941,2,0,1
422.43,2,1,11.48,3,1.234,0.0,6,0,0.4965,0.5038,0.1212,0,0,1
91.93,1,2,69.71,1,0.753,8.2797,4,0,0.219,0.3071,0.1685,2,0,0
359.56,4,4,73.65,0,1.4254,6.7613,3,0,0.486,0.6342,0.1681,1,0,1
281.87,3,2,32.7,0,2.6676,0.0,3,0,0.675,0.5105,0.2402,2,1,0
98.95,0,2,114.63,1,0.9272,0.0,1,1,0.5721,0.6376,0.0625,1,0,0
600.0,4,1,8.06,0,1.1635,5.7843,2,1,0.3475,0.5888,0.283,0,0,1
70.61,1,2,86.95,0,0.8858,0.0,6,0,0.2341,0.5469,0.026,2,0,1
209.71,4,1,117.07,2,0.7756,0.0,7,0,0.136,0.4562,0.045,0,0,0
227.68,1,2,27.93,1,0.9458,0.0,5,0,0.3087,0.3365,0.126,0,1,0
259.51,1,5,146.91,0,1.3831,0.0,4,0,0.6475,0.515,0.0631,3,0,1
207.63,2,1,116.17,0,1.1231,0.0,4,0,0.0349,0.5825,0.1745,1,0,0
99.5,1,0,15.95,0,1.0518,0.0,3,0,0.4712,0.1664,0.0535,1,0,1
237.14,4,3,108.51,2,2.0003,0.0,4,1,0.538,0.799,0.2222,0,0,1
252.95,3,0,71.27,0,1.1036,5.5497,4,0,0.2168,0.3924,0.1336,1,0,1
406.83,8,3,54.54,1,1.6813,0.0,9,0,0.3543,0.71,0.0696,3,1,1
146.44,2,3,186.44,0,0.7297,8.945,1,0,0.5986,0.7407,0.0806,0,0,1
502.97,6,2,30.5,1,0.8971,0.0,1,0,0.7011,0.6313,0.1768,4,0,1
190.21,4,1,65.71,0,1.4756,11.1796,7,0,0.4253,0.6882,0.0449,2,1,1
243.82,1,3,53.44,2,1.5525,0.0,5,0,0.2014,0.6835,0.1838,0,0,0
500.86,5,1,169.71,0,0.7225,5.0232,4,0,0.6017,0.4441,0.2405,0,0,0
568.09,2,1,32.1,3,0.8231,9.1128,2,0,0.7266,0.2892,0.021,2,0,0
229.22,1,1,44.0,1,1.076,10.4949,2,0,0.2882,0.1974,0.127,0,1,0
100.69,3,0,35.84,1,1.674,0.0,7,0,0.4854,0.3674,0.101,2,0,1
317.63,2,4,59.87,1,2.0031,0.0,4,1,0.6862,0.7845,0.1857,0,0,1
90.36,0,1,142.0,1,1.5647,0.0,10,1,0.274,0.3259,0.0618,0,0,1
173.67,2,3,187.59,2,1.2861,0.0,4,0,0.296,0.5425,0.1883,0,0,1
199.13,2,4,44.39,2,0.8735,0.0,3,1,0.5159,0.3583,0.1114,2,0,0
71.07,1,2,153.38,0,1.444,0.0,3,0,0.3825,0.6188,0.0614,3,0,0
203.9,3,2,38.0,0,3.7977,11.5428,6,0,0.3581,0.5247,0.0232,1,1,1
256.94,6,2,117.91,1,1.0692,1.455,1,0,0.1605,0.3068,0.2487,2,0,0
285.56,6,5,88.7,2,2.5845,0.0,1,0,0.7511,0.271,0.1606,5,1,0
150.35,3,2,135.43,3,2.3002,9.2916,6,0,0.3339,0.2946,0.2107,2,1,1
119.41,0,3,89.84,2,1.0408,5.1864,5,0,0.7155,0.5732,0.1488,1,1,0
166.62,3,0,12.19,0,2.4889,0.0,1,1,0.3074,0.739,0.1598,0,0,0
311.04,2,6,123.81,4,1.9128,3.6194,10,0,0.4435,0.2242,0.3658,1,0,1
311.29,1,3,45.77,0,2.6466,0.0,2,0,0.7433,0.656,0.0531,0,1,1
124.6,2,3,117.73,2,0.9757,4.2482,8,0,0.2293,0.5079,0.0192,1,1,0
257.31,3,2,95.77,0,0.7085,0.0,2,1,0.2543,0.5542,0.1226,1,1,0
600.0,9,3,182.77,1,0.8403,0.0,3,1,0.7418,0.511,0.1841,3,0,1
307.44,5,2,125.92,1,1.5188,0.0,4,0,0.4581,0.4709,0.1604,2,1,1
296.55,4,2,58.79,3,1.2763,3.3307,8,0,0.0575,0.5857,0.0937,3,0,0
148.35,0,0,78.16,1,1.2736,0.0,7,0,0.1795,0.7059,0.036,0,1,0
257.21,2,1,155.73,0,2.0666,4.8963,7,0,0.2053,0.3772,0.0157,1,0,1
399.02,6,1,84.04,1,0.9767,0.0,2,0,0.2078,0.4876,0.0717,1,0,0
324.66,2,0,115.51,0,0.7339,6.9473,1,0,0.2982,0.3444,0.1691,0,1,0
443.62,7,4,227.28,1,1.2946,0.0,3,0,0.6903,0.554,0.0424,2,1,1
140.32,2,4,130.01,1,1.0352,0.0,5,0,0.7446,0.2584,0.1422,2,0,1
188.08,5,2,57.57,1,1.1794,12.4968,1,0,0.7487,0.5451,0.2008,0,0,0
239.63,2,2,159.81,3,1.9191,0.0,7,0,0.4821,0.5359,0.0769,2,1,0
255.96,2,5,68.09,1,3.2766,0.0,5,0,0.4307,0.4903,0.1578,0,0,1
89.1,1,1,132.63,0,1.5031,0.0,6,1,0.5243,0.733,0.1733,1,1,0
241.44,5,2,52.48,0,1.9476,2.932,3,1,0.3271,0.6349,0.0972,0,1,1
229.08,2,1,42.46,1,1.2895,3.0856,2,0,0.7774,0.4968,0.0792,2,0,0
143.12,1,3,91.77,0,0.8468,0.0,3,1,0.6951,0.778,0.1553,1,1,0
600.0,7,1,100.9,0,2.3856,0.0,3,1,0.2399,0.5677,0.1177,3,0,1
230.82,4,2,214.06,1,0.9757,2.0571,1,0,0.3924,0.3942,0.0745,1,0,0
165.12,3,5,188.78,2,1.3552,0.0,10,0,0.7966,0.3957,0.0375,0,0,1
178.55,5,0,153.66,0,2.7355,0.0,2,0,0.3701,0.5307,0.0984,1,1,1
233.86,2,4,150.16,0,1.0263,0.0,5,0,0.3468,0.6077,0.083,1,1,1
397.52,6,2,70.19,1,1.497,4.8517,4,1,0.4772,0.8641,0.1697,2,0,1
378.12,4,5,145.99,1,0.7477,0.0,9,0,0.2896,0.6185,0.2807,2,0,1
209.03,2,3,59.54,1,0.7239,0.0,2,0,0.1887,0.4225,0.0601,0,1,0
62.37,1,2,9.27,0,2.5456,10.5031,3,0,0.1446,0.5927,0.1496,0,1,1
197.83,3,1,116.36,0,0.6089,0.0,4,0,0.7154,0.3395,0.0815,1,0,0
255.08,4,1,81.59,2,1.9172,2.3262,7,0,0.6206,0.431,0.1494,5,1,0
317.97,3,4,47.28,1,1.2427,0.0,2,0,0.2746,0.5702,0.0186,2,1,0
174.05,2,2,75.66,3,2.6254,0.0,9,0,0.2259,0.6363,0.084,3,1,0
411.34,3,4,52.43,1,1.2819,0.0,4,0,0.5243,0.6223,0.2886,0,0,1
146.04,4,3,70.53,0,0.5645,10.6404,3,0,0.313,0.4143,0.0275,1,0,1
282.65,2,0,13.64,0,2.1726,2.6344,6,0,0.1711,0.7308,0.0262,1,0,1
554.24,4,7,84.44,1,1.0892,0.0,3,0,0.729,0.4166,0.0229,3,0,0
392.85,4,3,183.16,0,0.4029,0.0,4,0,0.3636,0.2058,0.1811,1,0,1
320.51,6,2,61.55,0,0.9843,0.0,5,0,0.4204,0.4228,0.1538,3,0,1
249.97,3,2,160.9,2,0.9097,1.6314,3,0,0.6657,0.2997,0.138,2,1,0
262.37,4,2,121.94,1,1.3842,0.0,3,0,0.4723,0.3878,0.0515,1,0,1
74.28,1,0,21.48,1,1.0395,6.4583,4,0,0.3245,0.5917,0.2746,2,0,0
148.51,2,4,157.48,1,1.384,0.0,3,0,0.8597,0.4017,0.2393,3,0,1
369.97,2,1,19.72,2,1.9278,0.0,4,0,0.3678,0.7147,0.3503,0,0,1
269.64,1,5,141.71,3,1.5527,0.0,3,1,0.8639,0.5216,0.028,2,0,1
128.88,3,2,27.04,0,0.8675,6.6379,6,0,0.6298,0.5119,0.0872,0,0,1
335.31,4,2,111.12,0,1.1814,0.0,5,1,0.8248,0.3523,0.1626,3,1,1
169.89,3,0,58.98,1,1.8072,7.4293,3,0,0.5763,0.6541,0.122,4,1,1
297.45,6,2,54.57,3,0.8424,0.0,5,1,0.5091,0.6452,0.1532,0,0,0
356.27,4,4,47.54,0,3.4226,9.6043,7,0,0.7733,0.3071,0.2209,2,0,1
328.83,2,1,43.44,0,1.6017,0.0,2,0,0.2711,0.5051,0.2549,1,1,0
400.57,1,0,160.22,1,1.0885,0.0,9,0,0.4599,0.7186,0.1287,0,1,1
454.19,8,3,127.78,2,2.3568,10.2158,2,0,0.5728,0.6921,0.2394,0,1,1
595.59,5,0,72.3,4,0.9604,5.7488,10,0,0.2948,0.5423,0.1051,0,1,1
330.55,6,2,118.25,3,2.5039,7.5198,1,0,0.186,0.4559,0.0189,1,1,1
252.22,4,3,68.6,0,1.1016,7.6175,4,0,0.2651,0.6369,0.041,2,1,1
296.3,2,1,85.77,2,0.6741,9.6724,5,1,0.3967,0.3694,0.1661,1,0,1
247.21,5,5,80.83,1,0.8379,0.0,2,0,0.2331,0.3924,0.0827,0,0,1
170.88,2,2,92.77,1,2.4177,5.1324,3,0,0.3533,0.8272,0.0274,0,0,1
128.86,2,4,67.45,2,1.8558,0.0,7,1,0.4883,0.4983,0.1027,0,0,0
237.5,1,1,74.25,2,1.2913,0.0,4,0,0.7422,0.6431,0.0989,2,0,1
378.59,4,3,43.34,2,1.7583,10.0102,3,0,0.4296,0.8926,0.2153,1,0,1
395.08,5,2,52.4,1,1.4085,0.0,6,0,0.4773,0.7498,0.1207,2,1,1
333.88,6,4,131.76,3,2.9278,0.0,3,0,0.2984,0.4397,0.1612,3,1,1
271.92,2,2,143.38,0,1.5995,0.0,3,0,0.3636,0.4506,0.1207,0,1,0
347.74,1,3,98.34,1,1.2187,0.0,3,0,0.0339,0.3517,0.1246,1,1,0
247.72,4,4,85.64,0,1.45,0.0,2,0,0.7287,0.3452,0.0302,1,0,1
292.08,2,3,136.76,1,1.4683,3.9187,4,0,0.4493,0.49,0.0615,3,1,0
233.24,2,6,151.05,1,0.6969,5.3863,5,1,0.3591,0.7069,0.2736,2,0,0
600.0,4,6,14.47,2,0.7873,0.3559,4,0,0.1647,0.3199,0.1299,2,1,1
347.09,3,3,171.66,1,0.9811,0.0,1,0,0.5025,0.5267,0.1586,0,0,1
170.0,2,1,128.44,0,0.7157,0.0,8,0,0.2599,0.6839,0.2374,2,0,0
277.97,2,1,141.45,0,1.025,10.23,1,0,0.3652,0.4626,0.0981,0,0,0
268.05,1,1,191.41,2,0.9179,0.0,8,0,0.7376,0.2965,0.0512,2,1,1
214.52,1,2,141.77,1,1.5091,0.0,3,0,0.2718,0.7166,0.1317,3,1,0
560.03,2,5,70.26,2,2.3376,0.0,5,0,0.4591,0.5054,0.1244,2,1,0
268.48,1,7,56.1,1,1.0144,0.0,4,1,0.3981,0.3112,0.1563,0,0,0
190.98,5,1,129.13,3,2.3041,0.0,8,0,0.4357,0.8123,0.1034,0,1,1
107.03,0,1,101.12,2,1.1395,0.0,7,0,0.3617,0.3957,0.1859,1,0,1
236.81,6,2,41.43,1,1.1216,6.8618,5,0,0.7053,0.7192,0.0557,0,0,1
130.88,2,2,129.86,2,1.3983,0.0,4,0,0.4537,0.4988,0.1541,2,1,1
308.03,4,2,39.09,1,1.1937,6.9987,7,0,0.5013,0.7097,0.0234,0,0,1
269.4,2,1,44.94,1,0.755,9.9486,4,0,0.5249,0.3797,0.0133,1,0,1
253.55,4,2,48.12,1,1.4374,3.1182,6,0,0.3908,0.4761,0.2958,1,1,1
289.53,2,2,76.87,1,0.6217,4.6291,6,0,0.4383,0.2676,0.1019,1,0,1
251.01,2,5,136.71,2,0.5489,13.1568,5,0,0.4356,0.1823,0.133,0,0,1
392.84,6,4,76.14,0,1.0629,0.0,3,0,0.4987,0.2343,0.195,0,0,1
578.2,8,5,216.44,1,2.1071,0.0,1,0,0.161,0.4605,0.0602,3,1,1
222.8,4,5,171.15,0,1.185,0.0,7,0,0.22,0.6429,0.2543,2,1,0
216.25,1,4,72.2,1,2.1145,0.0,9,0,0.3334,0.334,0.0603,0,1,1
347.65,3,2,47.19,1,0.8792,5.5614,4,0,0.3181,0.2889,0.0716,3,0,1
487.67,7,5,86.61,0,1.4415,0.0,5,1,0.7809,0.6641,0.1737,3,0,1
383.9,1,4,53.04,1,1.1074,0.0,3,0,0.6055,0.606,0.1796,1,0,1
182.17,1,2,120.66,2,0.9666,0.0,4,0,0.5926,0.4502,0.0528,1,0,1
179.2,3,1,134.3,1,1.3047,0.0,7,1,0.5707,0.502,0.0886,1,0,1
145.91,4,1,40.85,2,0.8798,0.0,6,0,0.5327,0.4992,0.0837,1,0,1
122.51,2,1,43.36,1,1.5832,0.0,6,1,0.3364,0.7004,0.0556,2,1,1
407.78,2,2,122.84,2,0.895,0.0,4,0,0.1908,0.6181,0.033,1,1,0
147.31,0,1,31.69,1,2.2559,7.3619,4,0,0.5444,0.64,0.158,1,0,1
105.59,1,2,69.62,1,1.0096,0.0,4,0,0.4552,0.5317,0.0212,0,1,0
286.53,2,2,110.7,0,0.7551,7.9639,3,1,0.1717,0.3539,0.0563,0,0,0
394.61,5,3,147.36,0,1.8296,10.1818,4,1,0.2709,0.6883,0.1594,3,0,1
79.44,1,1,21.1,1,1.6141,0.0,7,1,0.1993,0.5274,0.1219,1,0,1
248.71,1,1,39.54,3,2.4867,0.0,5,0,0.4501,0.5954,0.0324,0,1,1
282.85,2,2,191.65,0,1.1643,0.0,2,1,0.6763,0.4596,0.042,1,0,1
182.06,2,1,99.66,0,1.4645,6.1766,4,0,0.5501,0.397,0.1494,0,0,1
299.32,3,3,129.4,1,1.0386,2.0942,3,1,0.3419,0.357,0.069,1,1,0
313.39,2,0,13.99,1,0.9884,0.0,7,0,0.5955,0.275,0.1336,1,1,1
512.94,2,5,125.58,0,1.2658,2.7669,4,0,0.7034,0.4167,0.1403,1,0,1
117.5,0,0,112.3,1,0.299,3.2292,6,0,0.2689,0.3311,0.0862,1,1,0
191.04,5,4,130.63,1,0.9224,0.0,3,0,0.5543,0.5415,0.1354,3,0,1
235.1,4,3,113.64,1,0.8008,11.6081,5,0,0.3854,0.4699,0.0075,3,1,1
106.9,2,1,43.06,0,1.0533,0.0,3,0,0.4111,0.498,0.0499,1,0,1
338.26,1,3,102.24,1,1.4528,0.0,3,0,0.4022,0.542,0.2857,5,0,0
148.57,3,2,3.06,2,0.7757,0.0,3,1,0.4145,0.527,0.0707,4,0,1
600.0,2,5,184.12,1,1.3566,0.0,6,0,0.723,0.5828,0.0442,3,0,1
147.07,4,4,193.02,1,1.4312,10.7456,6,0,0.6794,0.567,0.1998,0,0,1
600.0,10,5,161.07,1,1.4506,0.0,6,0,0.758,0.592,0.2186,2,0,1
305.97,3,3,129.96,0,0.7543,0.0,3,1,0.4904,0.3501,0.1306,1,1,0
600.0,2,1,66.03,1,2.0271,0.0,5,0,0.7147,0.6413,0.1116,2,0,1
289.08,2,4,149.96,1,0.6182,0.0,4,1,0.4033,0.4476,0.0468,0,0,0
150.75,1,1,17.69,1,1.5743,0.0,5,0,0.1538,0.4621,0.0524,0,0,1
430.07,4,2,136.88,2,1.215,2.9411,6,1,0.1498,0.381,0.235,3,1,1
383.96,6,1,78.96,1,2.2308,0.0,10,1,0.7835,0.4868,0.3093,4,0,1
133.6,3,4,211.51,3,1.4951,0.0,4,0,0.4305,0.5956,0.0955,4,1,1
192.76,3,0,131.2,1,2.4214,7.3156,7,0,0.4576,0.7574,0.2827,1,0,1
435.32,5,3,135.77,0,0.9656,0.0,2,0,0.6263,0.3275,0.0665,4,1,1
314.77,3,1,34.72,1,1.1268,0.0,9,1,0.2462,0.6199,0.0499,3,1,1
431.92,2,1,198.3,1,3.3404,0.0,3,0,0.3755,0.3443,0.1582,1,0,1
154.35,2,2,30.85,1,1.1489,0.0,5,0,0.6449,0.3889,0.0097,2,1,0
205.74,5,3,144.68,1,0.8907,0.0,5,0,0.3293,0.3146,0.1232,4,1,1
179.71,4,0,24.28,2,1.6893,0.0,8,1,0.4273,0.7667,0.0258,0,0,0
532.31,10,3,103.54,1,2.2283,0.0,4,1,0.2223,0.5985,0.0132,3,0,1
99.78,0,3,84.35,2,1.6817,6.6324,7,0,0.7388,0.551,0.0743,2,1,0
217.67,2,0,43.23,1,1.1015,5.5857,6,0,0.5441,0.3511,0.0304,0,1,1
324.79,4,3,173.07,0,0.7231,0.0,1,0,0.4,0.4692,0.2346,2,0,1
228.4,3,2,40.48,3,1.6401,0.0,5,0,0.2019,0.379,0.2001,4,1,0
157.24,2,1,29.17,1,1.4878,0.0,1,1,0.3864,0.6157,0.2097,0,0,1
91.57,2,0,169.45,2,1.0116,0.0,4,1,0.4303,0.7993,0.0496,1,0,1
273.0,2,3,129.93,1,1.5549,0.496,4,0,0.7114,0.5963,0.1106,0,1,1
485.08,9,2,31.23,3,4.0,0.0,5,0,0.5855,0.2873,0.2579,3,0,1
286.39,1,4,67.41,0,2.0481,8.0317,3,0,0.3604,0.4692,0.1958,1,0,1
222.2,2,3,123.68,2,2.5634,0.0,7,0,0.4821,0.2754,0.0235,0,0,0
234.21,4,4,66.17,2,0.8543,0.0,5,0,0.2031,0.7034,0.148,1,1,0
434.52,5,1,166.65,0,1.2282,2.5853,8,0,0.5784,0.2666,0.2982,2,1,1
100.05,2,4,105.96,2,2.8184,0.0,4,1,0.6258,0.6262,0.1799,0,0,0
326.83,4,1,192.65,0,0.9512,6.9156,5,0,0.4862,0.5744,0.1028,0,1,1
428.3,5,2,78.08,2,1.6272,0.0,8,0,0.2639,0.6344,0.1072,0,1,1
600.0,5,5,65.86,1,1.7213,0.0,5,1,0.7875,0.3113,0.1157,0,1,1
400.74,3,2,86.51,0,1.6124,0.0,3,0,0.3523,0.5415,0.0361,4,1,1
228.13,1,0,16.72,2,1.3607,0.0,8,0,0.6077,0.5392,0.0853,1,1,0
122.67,0,1,76.55,0,0.8481,5.8379,2,1,0.2685,0.4425,0.0948,3,0,1
86.34,1,2,184.15,3,1.7105,9.7028,8,0,0.5268,0.6111,0.1331,1,0,1
205.31,0,1,92.22,0,0.5627,4.5993,1,0,0.4295,0.3236,0.0017,1,0,0
363.96,1,5,42.98,1,2.4462,0.0,5,0,0.4518,0.5674,0.2288,0,0,1
305.27,2,0,82.06,1,1.7726,0.0,5,0,0.503,0.313,0.0889,0,0,1
217.99,2,1,67.0,1,3.0002,0.0,1,0,0.4688,0.5231,0.0759,1,1,0
193.74,4,1,67.57,1,1.2892,0.0,3,0,0.6973,0.494,0.1114,0,0,1
222.86,5,3,50.8,0,0.6305,0.0,4,0,0.526,0.2809,0.0855,4,1,1
203.27,3,3,54.18,2,1.1922,0.0,1,1,0.4225,0.5163,0.0935,2,1,0
600.0,5,3,209.86,2,0.8676,5.7522,7,0,0.4487,0.3589,0.1165,3,1,1
343.75,6,3,163.0,1,2.8547,0.0,7,0,0.1763,0.6483,0.1427,1,0,1
261.4,3,2,74.95,1,1.3898,0.0,5,1,0.6631,0.4139,0.0474,0,0,0
149.22,4,1,136.08,0,1.1673,0.0,4,1,0.4768,0.4883,0.1734,2,1,1
191.71,2,1,23.96,2,1.5342,0.0,5,1,0.6413,0.5254,0.1298,0,0,0
525.81,3,4,65.04,3,0.9472,0.0,5,1,0.6287,0.2809,0.1891,3,0,1
243.95,5,3,171.26,0,1.0828,1.8853,4,0,0.6855,0.5004,0.3047,1,0,1
264.62,3,1,46.3,1,0.6467,2.4312,9,0,0.1617,0.529,0.2355,3,0,0
318.54,6,1,75.38,3,2.0458,0.0,8,1,0.4835,0.3028,0.0824,0,1,1
391.48,3,3,50.66,2,1.1706,0.0,2,0,0.6084,0.2832,0.135,3,0,0
168.57,5,3,141.7,3,0.7405,0.0,4,0,0.1817,0.2969,0.0672,0,1,1
216.99,4,2,111.99,2,0.9309,10.1893,2,1,0.3039,0.5356,0.1569,1,0,1
213.28,2,2,21.39,0,0.545,2.4651,3,0,0.6966,0.6032,0.2036,2,1,0
216.02,0,1,34.97,2,1.3904,0.0,3,0,0.2436,0.4647,0.0225,0,0,0
270.02,3,0,15.38,3,0.7305,0.0,5,0,0.737,0.3042,0.1402,0,1,1
147.68,1,3,123.75,0,0.9278,3.5136,5,0,0.2921,0.3791,0.2446,1,0,1
363.43,2,2,72.39,3,0.8634,0.0,3,1,0.1825,0.2413,0.0128,0,0,1
162.0,2,0,104.51,2,0.6066,0.0,4,0,0.6477,0.2946,0.0375,1,0,0
227.7,0,2,28.51,1,2.4069,2.0772,2,0,0.3794,0.3885,0.1147,0,1,1
204.55,2,2,97.45,1,1.459,0.0,5,1,0.5103,0.5578,0.1287,2,1,0
135.99,0,2,30.31,0,3.1631,0.0,4,0,0.3703,0.4731,0.1681,3,0,0
156.78,3,1,87.4,1,0.9236,0.0,6,0,0.4051,0.655,0.2367,0,0,1
296.08,4,1,63.7,1,0.9828,9.7087,4,0,0.1509,0.625,0.1751,3,0,1
114.11,3,3,61.85,1,2.1715,8.3397,1,1,0.6781,0.3741,0.044,2,0,1
355.61,4,1,154.83,1,0.6354,0.0,4,0,0.3188,0.4719,0.0388,0,0,0
313.0,4,2,90.57,0,0.6651,0.0,1,0,0.586,0.5496,0.1081,4,0,1
347.8,5,4,65.81,1,1.5834,3.7911,2,1,0.4203,0.6684,0.1364,0,0,1
253.69,2,1,63.6,2,0.5213,4.417,8,0,0.3045,0.127,0.0407,0,0,1
243.4,6,6,164.11,1,0.9406,0.0,4,0,0.627,0.2424,0.3528,1,1,0
246.52,1,2,41.5,0,0.734,9.2551,6,0,0.1862,0.6374,0.0834,0,1,0
308.99,2,2,89.82,3,0.5073,8.1172,8,0,0.4607,0.1127,0.103,2,0,1
191.13,1,4,102.52,2,0.9904,0.0,2,1,0.6861,0.5718,0.1928,0,0,1
426.59,0,1,72.87,3,1.3023,0.0,4,1,0.3249,0.6149,0.1763,1,0,1
221.31,6,4,51.15,2,0.9534,0.0,4,0,0.2477,0.294,0.0391,1,0,1
124.91,1,5,200.71,1,0.9012,0.0,6,0,0.2265,0.4772,0.0926,3,0,1
291.68,2,2,81.01,1,0.5772,0.0,5,1,0.6104,0.2809,0.1854,2,1,0
274.69,1,1,26.7,2,0.8089,0.0,9,0,0.381,0.2338,0.0424,1,1,0
156.04,4,2,148.47,2,1.5579,0.0,1,0,0.2084,0.7439,0.0677,2,1,0
277.3,2,3,105.02,1,2.6468,0.0,5,0,0.5942,0.569,0.2097,5,0,0
553.33,2,4,94.75,1,1.3126,0.0,3,0,0.2245,0.4653,0.1019,0,0,1
124.24,2,1,51.91,0,0.687,3.599,5,0,0.2149,0.5178,0.0117,2,1,0
415.75,2,5,94.87,0,1.2046,0.0,6,0,0.2715,0.7597,0.0881,1,0,1
171.02,2,0,55.63,1,1.7939,0.0,5,0,0.6651,0.4351,0.0974,1,0,1
360.41,8,3,151.15,0,1.7248,0.0,7,0,0.5273,0.6828,0.0879,1,0,1
331.18,3,2,50.07,3,1.7223,0.0,2,0,0.4651,0.5596,0.3475,4,0,1
331.9,2,0,12.48,1,0.5318,0.0,3,0,0.3475,0.1533,0.0332,0,0,1
187.54,3,1,185.6,0,1.55,14.1056,7,0,0.408,0.4943,0.135,2,0,1
527.97,6,4,169.43,0,2.7671,0.0,3,1,0.3901,0.6864,0.2486,1,1,1
327.87,4,2,52.85,0,1.6821,0.0,2,0,0.2489,0.341,0.1215,0,1,0
312.71,4,6,102.31,3,1.3611,0.0,4,0,0.6159,0.3405,0.3377,2,1,1
560.89,6,2,174.34,0,1.6531,0.0,5,0,0.8633,0.3987,0.2066,2,0,1
301.53,4,5,148.71,0,1.1333,5.5951,1,1,0.5983,0.2394,0.1357,2,0,1
365.54,1,1,122.95,0,0.4923,0.0,3,0,0.3626,0.3976,0.2904,2,1,0
132.85,1,0,18.78,2,1.3237,0.0,8,0,0.4723,0.3609,0.0868,0,0,0
271.17,2,5,93.36,0,1.2883,12.6527,3,1,0.7426,0.532,0.0315,1,0,0
121.14,1,3,148.93,1,2.1403,10.8057,6,0,0.7861,0.7862,0.235,2,0,1
388.61,4,0,27.5,0,1.1947,0.0,3,1,0.5144,0.2621,0.0838,1,1,0
26.38,0,1,52.23,3,1.4304,7.3608,4,1,0.4427,0.4308,0.0272,0,0,1
226.28,3,5,96.09,0,0.7981,12.7009,5,0,0.2448,0.385,0.1705,0,1,0
494.19,4,2,76.65,0,0.859,8.5863,1,0,0.2706,0.5139,0.1031,0,0,1
326.18,5,3,22.12,1,0.7352,0.0,3,1,0.0898,0.3344,0.1419,3,0,0
540.88,8,6,116.76,1,1.3286,0.0,5,1,0.5619,0.5042,0.3786,2,0,1
121.16,0,2,12.34,2,1.6214,1.3929,4,0,0.3894,0.4463,0.1445,1,1,0
398.63,1,1,178.36,2,1.0934,10.2621,3,0,0.6352,0.4716,0.1719,0,1,1
222.3,3,1,49.4,1,1.4489,0.0,5,0,0.1607,0.6985,0.0991,2,1,1
472.59,7,3,129.87,4,1.5833,12.1551,6,1,0.295,0.5029,0.0527,1,0,1
176.76,3,0,7.21,1,0.9091,4.3553,5,0,0.5591,0.5394,0.063,0,0,1
339.4,1,3,112.68,2,2.0749,0.0,9,0,0.4608,0.7526,0.0667,1,0,1
600.0,3,3,41.1,2,1.7136,0.0,6,0,0.354,0.8376,0.1098,0,1,1
206.2,5,2,144.78,0,1.7955,0.0,2,0,0.7329,0.3193,0.1291,0,0,0
496.57,3,4,87.76,1,0.4719,0.0,3,0,0.7332,0.3603,0.1211,1,1,1
322.45,8,3,80.56,2,1.0517,0.0,5,0,0.6719,0.421,0.1642,0,0,1
195.0,1,2,69.08,1,0.6639,1.3239,9,0,0.2924,0.3074,0.2251,1,1,0
244.47,4,1,212.46,1,3.1578,0.0,4,1,0.5822,0.7171,0.0437,1,0,1
322.22,3,1,69.58,1,0.5237,1.3111,5,0,0.4517,0.3917,0.0943,1,0,0
600.0,2,2,79.3,0,1.0649,0.0,5,0,0.2212,0.6644,0.3508,1,0,1
219.88,4,4,69.62,0,1.0976,0.0,5,0,0.4587,0.3874,0.0858,2,1,1
228.82,2,1,207.85,1,0.7364,0.0,6,1,0.3098,0.4684,0.3622,4,0,1
233.94,4,2,170.92,0,1.0053,0.0,3,1,0.5122,0.366,0.1263,1,1,0
347.55,2,4,38.7,0,1.1399,0.0,5,0,0.5377,0.3812,0.0905,1,0,0
315.24,6,1,164.6,2,2.1002,0.0,4,0,0.1991,0.1719,0.2493,4,1,0
161.54,1,0,54.71,0,2.1203,0.0,1,1,0.7346,0.7574,0.0999,0,0,1
444.38,6,3,160.41,1,1.0566,0.0,6,0,0.5527,0.7237,0.2792,3,1,1
277.96,6,4,142.39,3,2.2148,0.0,6,0,0.2481,0.6597,0.1072,3,1,1
366.01,0,3,34.88,1,0.9564,0.0,2,0,0.2594,0.445,0.0806,1,0,0
370.7,2,3,114.74,0,0.7292,3.4259,1,0,0.2614,0.4558,0.2387,2,0,0
243.83,4,4,108.2,2,1.2035,9.3455,8,0,0.3654,0.4393,0.0846,1,0,1
582.44,8,4,220.91,2,2.5051,0.0,2,0,0.7455,0.5796,0.0451,3,0,1
444.52,2,0,21.66,2,0.482,0.0,5,0,0.2862,0.3296,0.2153,2,1,0
317.48,4,0,60.84,0,1.8741,10.4314,6,0,0.6707,0.5249,0.1124,0,0,1
215.64,4,2,64.23,0,1.5946,0.0,3,1,0.6153,0.5467,0.0544,2,0,1
265.03,5,2,86.33,1,1.8783,6.6236,5,0,0.8118,0.365,0.1493,0,0,1
456.21,6,2,145.82,2,1.525,0.0,2,0,0.4318,0.4953,0.053,3,1,1
497.0,6,5,231.77,1,0.9212,0.0,6,0,0.5002,0.2867,0.2208,0,0,1
346.08,3,3,79.27,2,0.8362,10.657,7,0,0.7214,0.576,0.1202,0,0,1
292.66,1,2,41.24,2,2.5186,0.0,1,0,0.4307,0.4777,0.2643,1,0,1
170.23,4,1,34.04,2,1.7679,0.0,4,0,0.5894,0.3646,0.042,0,0,1
194.22,5,2,65.11,1,1.0652,11.917,7,0,0.8329,0.427,0.0915,2,0,1
278.39,3,1,76.21,0,1.4301,0.0,5,0,0.312,0.7668,0.1471,0,0,1
49.81,1,2,59.44,1,2.3787,0.0,2,0,0.5858,0.4184,0.1136,0,0,1
82.09,0,1,38.32,1,0.6374,0.0,3,0,0.1218,0.3193,0.1111,1,1,0
131.26,1,3,196.9,1,1.8768,9.7549,2,0,0.7948,0.2539,0.0776,3,0,1
49.43,1,2,67.1,1,1.1591,0.0,7,1,0.2899,0.5942,0.1085,2,0,1
172.96,3,2,143.79,2,0.9516,13.4084,7,0,0.6404,0.4723,0.1282,2,0,1
63.16,1,0,37.04,0,0.6402,0.0,8,0,0.5417,0.2361,0.2375,0,0,0
111.38,0,4,70.63,4,0.6898,5.6125,9,1,0.5686,0.3303,0.172,1,1,0
426.34,4,3,28.59,1,2.0026,0.0,5,0,0.5436,0.407,0.0445,2,1,1
521.66,3,2,22.41,1,0.8632,0.0,6,0,0.3052,0.7608,0.1063,0,1,0
212.91,1,2,142.72,0,1.2621,7.4865,2,0,0.3724,0.3796,0.1358,2,0,1
600.0,3,6,106.17,1,0.9878,0.0,5,0,0.6638,0.287,0.1845,3,1,0
600.0,3,2,18.94,2,1.0156,7.5765,9,0,0.192,0.3085,0.1176,1,1,1
198.48,4,4,152.29,0,0.8713,2.6561,2,1,0.4907,0.5151,0.0425,2,1,0
161.14,1,5,192.84,1,1.5424,6.0409,2,1,0.5223,0.295,0.2517,1,0,1
408.01,2,4,74.76,2,1.3742,0.0,4,1,0.1461,0.3301,0.0566,0,1,0
164.0,2,1,77.69,2,1.094,0.0,5,0,0.2718,0.4108,0.0883,0,1,0
227.74,2,3,63.83,3,0.7906,0.0,4,0,0.2997,0.4467,0.2309,2,0,0
156.87,3,0,34.21,0,0.5378,6.3519,1,0,0.3752,0.4326,0.0861,0,1,0
369.9,6,5,131.24,1,1.6886,6.5195,10,0,0.7147,0.74,0.1779,0,1,1
88.45,1,2,61.32,1,2.2177,0.0,5,0,0.502,0.5304,0.0127,1,0,0
243.94,2,5,109.37,1,1.4119,2.7163,5,0,0.3511,0.6132,0.1744,2,1,1
128.18,1,0,24.58,1,0.961,0.0,2,0,0.1043,0.5234,0.1643,0,0,0
240.84,6,0,59.72,1,2.9866,4.6116,9,1,0.3813,0.6064,0.1106,1,0,1
162.7,1,4,77.55,1,2.0383,0.0,4,0,0.4269,0.8725,0.106,2,0,0
464.6,6,2,5.48,1,1.1024,0.8308,6,0,0.423,0.2052,0.1231,0,1,1
248.62,2,3,63.48,0,1.568,0.0,4,0,0.5228,0.6271,0.0767,0,0,0
264.18,4,5,48.89,1,0.8344,7.9365,3,0,0.2108,0.384,0.313,1,0,1
450.53,5,4,137.84,0,1.1962,3.1089,8,0,0.5454,0.4024,0.1203,1,0,1
200.72,1,3,8.26,0,1.2464,0.0,2,0,0.308,0.2996,0.1221,1,0,1
323.47,1,2,112.25,4,2.4258,12.3604,5,0,0.802,0.5253,0.1462,2,0,1
420.74,5,1,159.26,3,0.8113,3.0389,5,0,0.1534,0.3118,0.1718,2,0,1
269.52,3,2,63.12,0,2.4588,0.0,5,0,0.7718,0.6299,0.0799,1,0,1
335.73,3,1,81.66,0,1.6307,0.0,5,1,0.4318,0.6118,0.1807,1,0,1
332.56,2,1,99.38,0,0.883,4.7549,8,1,0.2722,0.2846,0.0946,0,0,1
259.03,3,0,152.27,2,0.6479,11.0928,3,0,0.0988,0.3726,0.0564,0,1,0
96.41,2,0,176.82,1,1.8961,0.0,1,1,0.8176,0.6195,0.0184,0,1,0
208.56,7,3,114.4,2,2.4012,0.0,2,0,0.4417,0.5539,0.1418,3,0,1
230.8,1,1,158.43,2,1.1142,10.8652,6,0,0.6117,0.6019,0.0198,0,1,1
179.4,0,0,50.34,1,1.2121,3.352,2,0,0.5025,0.5458,0.0277,0,1,0
199.03,1,5,102.23,2,1.5816,0.0,4,1,0.5127,0.6298,0.1964,1,0,1
600.0,3,4,196.66,0,2.1207,0.0,3,1,0.2064,0.6279,0.0747,1,1,1
200.21,3,4,117.44,2,1.2636,4.9616,3,1,0.6067,0.632,0.1108,2,1,0
372.6,5,6,162.55,0,1.0298,0.0,2,0,0.5405,0.6614,0.2589,2,0,1
268.08,6,4,7.21,1,2.2577,8.8558,6,0,0.3015,0.6488,0.0061,1,1,1
299.2,4,4,236.43,3,0.7026,8.0425,5,0,0.8586,0.4042,0.1532,1,1,1
325.49,1,0,25.51,0,0.8316,1.5132,2,0,0.1848,0.3974,0.2203,1,1,0
86.56,0,1,96.52,0,1.6273,9.562,5,1,0.8096,0.4226,0.0681,0,0,0
165.55,1,4,227.9,2,1.6034,9.3331,1,1,0.6834,0.4977,0.0875,0,1,0
317.92,3,3,135.69,1,0.7992,5.1249,7,1,0.4784,0.478,0.2207,2,0,1
179.79,3,2,151.79,0,1.8372,0.0,5,1,0.795,0.6475,0.0726,1,0,0
95.02,1,1,40.28,3,0.8747,7.8297,8,0,0.341,0.5349,0.0825,0,0,1
600.0,5,2,103.9,2,0.6656,0.0,7,0,0.5131,0.6725,0.0806,1,0,1
252.85,3,2,172.51,0,1.4258,1.0149,2,0,0.5586,0.4156,0.102,5,0,1
462.92,3,3,95.26,0,1.0575,10.0502,4,0,0.4171,0.5089,0.1279,3,0,1
251.66,1,1,30.65,1,0.8305,0.0,2,0,0.3146,0.5545,0.0677,0,1,0
255.0,6,2,114.76,3,1.7975,4.5882,4,0,0.7017,0.6389,0.2753,1,1,1
265.48,3,4,56.48,2,0.8581,0.0,6,0,0.3405,0.4113,0.0913,1,0,1
385.59,2,0,114.73,2,1.376,7.8532,8,0,0.1831,0.5294,0.2034,0,0,1
569.91,4,5,94.86,2,2.4067,9.3288,3,0,0.6528,0.4082,0.0916,5,0,1
112.36,2,2,35.37,0,1.4822,0.0,6,0,0.3818,0.7419,0.175,1,1,1
177.23,2,0,64.14,0,1.9151,3.4982,4,0,0.609,0.3035,0.3103,0,0,1
224.07,5,0,42.16,3,4.0,8.5271,1,0,0.3934,0.733,0.1485,3,0,1
77.08,2,0,83.45,0,1.3958,0.0,3,0,0.084,0.8009,0.2147,1,1,0
519.44,6,5,74.99,0,1.4703,0.0,6,0,0.48,0.5083,0.2746,3,0,1
355.37,1,2,37.58,1,0.8474,0.0,2,0,0.6541,0.602,0.1236,1,1,0
420.74,3,1,131.53,1,1.5558,8.5283,3,0,0.5773,0.4367,0.0556,0,1,0
101.77,2,2,46.59,0,1.2458,8.1191,2,0,0.6999,0.6889,0.0509,2,0,1
213.26,4,2,82.45,2,1.9178,10.5782,7,0,0.8629,0.3361,0.0307,3,0,1
256.33,2,2,109.66,4,0.5664,0.0,7,0,0.565,0.1753,0.1464,2,0,1
229.82,6,0,137.28,3,0.7314,0.0,9,0,0.5092,0.5731,0.0679,1,1,0
314.18,4,2,60.18,1,2.2952,0.0,9,0,0.643,0.7322,0.1014,0,1,1
170.08,4,2,100.84,1,2.1464,0.0,5,0,0.3022,0.5934,0.0637,1,1,1
187.85,3,5,75.43,3,1.458,0.0,7,1,0.469,0.5981,0.109,0,0,0
143.1,1,1,100.89,1,1.7884,0.0,7,1,0.5059,0.5711,0.2138,1,1,1
560.51,10,3,87.6,1,0.539,8.321,4,1,0.6846,0.4259,0.1706,2,0,1
334.58,0,1,102.27,0,0.5358,5.1493,3,0,0.2432,0.5527,0.0483,0,1,1
206.2,2,1,26.57,2,1.2368,0.0,3,0,0.5549,0.4078,0.0332,1,0,0
138.96,2,3,140.82,3,1.5278,0.0,5,0,0.2686,0.6198,0.2084,0,1,1
197.83,2,3,76.67,2,1.859,0.0,9,1,0.5493,0.6275,0.0261,0,0,1
220.14,2,2,170.36,1,1.0031,9.2764,8,0,0.3044,0.6748,0.1392,1,1,1
125.92,2,2,78.33,0,1.7472,0.0,2,0,0.3863,0.5003,0.0597,1,0,1
213.57,4,8,139.83,1,1.3872,0.0,3,0,0.8263,0.5868,0.0746,4,0,1
436.06,4,3,19.81,0,1.6792,0.0,4,0,0.2668,0.7145,0.2202,1,1,1
221.3,4,1,42.9,1,1.2985,0.0,6,1,0.3151,0.673,0.1163,2,0,0
265.77,4,1,112.91,0,3.2044,0.0,5,0,0.4496,0.5574,0.3238,2,0,1
114.86,3,1,210.62,1,0.5336,0.0,6,0,0.2581,0.603,0.0523,2,1,0
119.78,2,0,153.45,1,0.4251,0.0,5,0,0.3322,0.4207,0.0417,0,0,0
547.25,2,5,50.86,4,0.5639,0.0,8,0,0.4487,0.5398,0.1638,3,1,1
416.18,5,2,142.25,2,1.2062,0.0,4,1,0.4927,0.5816,0.1046,3,1,1
212.07,5,2,185.09,1,1.5552,7.2224,1,0,0.51,0.7038,0.0757,5,1,1
343.87,5,1,51.08,0,1.8663,3.5813,4,0,0.0949,0.6152,0.0699,0,1,1
195.07,1,2,155.16,1,1.0579,0.0,5,1,0.6866,0.2843,0.1473,1,0,0
156.51,0,2,17.15,0,0.7439,0.0,5,1,0.5256,0.2662,0.0155,1,0,0
186.19,2,3,47.3,0,2.3306,0.0,3,0,0.5929,0.6533,0.2773,2,0,0
196.76,3,2,183.33,0,1.5343,0.0,5,0,0.5793,0.4774,0.153,3,0,1
453.66,7,1,85.5,2,1.6916,0.0,3,0,0.8882,0.6953,0.171,0,0,1
600.0,8,6,105.01,1,1.3989,0.0,3,1,0.4812,0.3628,0.1767,1,1,1
238.08,4,3,67.93,1,0.8141,5.6675,4,0,0.6358,0.3623,0.1198,3,1,0
110.95,1,2,146.45,1,2.2781,0.0,5,0,0.5981,0.6292,0.0679,1,1,0
307.9,2,4,106.75,0,0.7007,8.1961,1,0,0.4094,0.5058,0.1205,1,0,0
342.47,3,0,75.58,0,1.0669,0.0,6,1,0.4459,0.3549,0.0536,1,0,0
407.57,3,5,201.93,2,0.9167,0.0,8,1,0.4044,0.2454,0.1463,4,1,1
259.14,1,1,164.85,2,0.4265,7.8061,8,1,0.547,0.4348,0.067,0,1,1
103.21,2,0,11.76,3,0.9662,10.1407,8,1,0.4685,0.7001,0.0667,0,1,1
85.04,0,2,79.63,1,0.8338,0.0,4,0,0.5615,0.437,0.1128,2,0,1
177.44,5,1,125.85,0,1.0205,5.5225,9,0,0.6822,0.7922,0.1119,1,0,1
225.51,4,1,49.92,0,1.1661,0.0,4,0,0.4702,0.5483,0.1597,1,0,0
536.23,6,1,111.44,3,0.9137,6.3831,3,1,0.6846,0.6423,0.2641,2,0,0
256.51,3,4,147.53,1,0.9308,0.0,8,1,0.4244,0.3538,0.1622,2,0,0
103.44,0,4,121.56,0,1.2555,0.0,5,0,0.749,0.5883,0.2247,4,0,0
600.0,7,5,84.32,3,0.5844,4.6997,6,1,0.5815,0.384,0.1288,2,1,1
189.82,1,1,46.57,1,1.1766,0.0,5,1,0.4275,0.4157,0.1139,1,0,1
377.98,5,4,58.78,3,2.4391,0.0,10,1,0.7144,0.3775,0.1724,2,0,1
111.58,3,3,30.19,2,0.5249,11.1054,2,0,0.5295,0.6219,0.0254,1,0,1
288.86,2,1,79.05,0,1.7126,6.8613,8,1,0.2157,0.6387,0.1355,2,0,1
354.04,2,2,49.53,1,1.2858,1.9744,6,1,0.339,0.3721,0.1269,1,0,0
447.91,4,2,32.28,0,1.5916,0.0,1,1,0.38,0.6159,0.0725,1,1,0
516.2,8,3,145.64,0,2.0581,0.0,3,0,0.5391,0.6923,0.3068,0,0,1
94.52,1,2,84.35,0,1.8193,0.0,4,0,0.6272,0.6883,0.0587,2,0,0
567.8,1,1,13.56,0,1.0406,12.6304,3,0,0.5798,0.5093,0.0107,1,0,1
113.92,1,3,79.31,1,1.312,2.8701,4,0,0.1796,0.3644,0.201,1,0,0
249.37,1,1,44.87,1,2.5206,0.0,2,0,0.497,0.4434,0.1939,1,0,0
189.07,2,0,47.72,2,0.8493,0.0,3,1,0.3722,0.6154,0.0875,2,0,0
182.21,2,2,128.62,0,1.721,8.2189,1,1,0.5335,0.1253,0.0239,0,0,1
329.66,3,3,186.74,1,1.9421,3.5634,8,0,0.2727,0.5578,0.2249,2,0,1
132.58,1,1,160.2,2,0.9032,0.0,8,0,0.7063,0.6154,0.1216,0,0,0
121.82,2,2,95.3,1,1.7192,5.0355,8,0,0.358,0.5337,0.0612,0,0,1
526.37,2,5,133.62,1,2.0694,12.5426,8,0,0.5936,0.6141,0.0688,1,1,1
274.15,1,0,61.0,0,1.4212,0.0,3,0,0.6831,0.2213,0.0396,2,0,1
190.84,2,2,159.84,0,0.859,0.0,7,0,0.2961,0.3199,0.0473,1,0,0
600.0,4,3,77.72,0,1.3211,9.2892,2,0,0.4489,0.6506,0.1556,3,1,0
497.27,5,4,83.95,2,1.3003,5.2575,10,1,0.2553,0.5559,0.0539,2,0,1
309.3,4,1,218.41,1,0.6152,0.0,8,0,0.1149,0.2615,0.0327,1,0,1
266.71,1,2,25.65,1,1.5186,0.0,4,0,0.4313,0.2403,0.0922,2,0,1
235.77,4,2,113.29,0,3.3782,6.9104,4,1,0.0973,0.6968,0.163,1,0,1
367.85,7,5,191.53,0,1.4843,0.0,4,0,0.5883,0.6546,0.2112,3,1,1
520.77,1,2,83.31,1,0.7144,0.0,6,0,0.4798,0.3634,0.0771,0,1,0
143.81,2,4,66.39,0,1.0178,10.0831,2,0,0.6495,0.5277,0.0579,1,1,0
340.99,3,0,81.6,0,1.9376,0.0,2,0,0.8024,0.7415,0.0928,0,0,0
418.57,6,6,166.88,0,2.1078,8.6665,4,1,0.3291,0.6787,0.11,3,1,1
243.19,3,3,217.03,0,2.4391,8.5628,4,0,0.838,0.4735,0.1383,1,0,1
331.42,5,2,119.73,2,0.705,0.0,7,0,0.5942,0.3934,0.1163,0,0,1
101.93,1,0,5.51,2,2.2701,0.0,4,1,0.6071,0.6246,0.0753,0,1,0
414.13,3,2,174.93,0,1.4849,12.214,4,0,0.2616,0.6685,0.1265,0,1,1
142.04,2,2,58.71,1,1.1465,10.3852,3,0,0.3688,0.7201,0.1017,0,1,0
259.34,3,1,202.87,1,0.896,12.0123,5,1,0.4239,0.4422,0.1594,2,0,0
472.9,5,2,91.77,0,1.43,0.0,1,0,0.411,0.5109,0.2063,1,1,1
294.34,7,2,2.64,1,1.1652,12.4399,2,0,0.2901,0.3665,0.105,2,0,1
170.57,2,2,45.47,3,1.5177,0.0,8,1,0.9653,0.6131,0.1443,1,0,1
534.04,6,2,98.13,0,1.1474,0.0,2,0,0.4175,0.5483,0.172,0,1,1
262.27,5,4,192.82,3,1.4161,3.1993,1,0,0.4464,0.5418,0.0725,2,0,1
169.08,3,1,194.31,1,1.614,0.0,3,1,0.1226,0.6256,0.221,0,1,1
352.39,5,1,16.86,1,1.5426,3.9046,2,0,0.2567,0.7319,0.045,0,0,1
124.9,1,4,33.93,2,1.2573,0.0,3,1,0.7137,0.4011,0.0559,1,0,0
235.94,3,2,133.93,2,0.8727,0.0,5,0,0.6733,0.5627,0.0902,2,1,1
176.34,1,4,125.51,1,0.4396,0.0,4,0,0.9348,0.334,0.1287,0,1,0
229.5,5,4,72.02,0,1.023,3.657,8,1,0.382,0.4509,0.107,1,0,1
313.68,2,2,59.65,2,1.0904,0.0,3,0,0.6256,0.1555,0.064,2,0,1
261.81,3,1,135.32,2,0.8412,0.0,5,0,0.4614,0.3372,0.0742,0,0,0
162.85,2,1,12.72,1,1.7225,13.3081,3,0,0.476,0.3364,0.1184,1,0,0
119.47,3,2,77.62,1,1.5832,8.3423,3,1,0.4165,0.4964,0.0353,0,1,0
162.41,1,2,50.49,0,1.1867,0.0,5,0,0.5556,0.2742,0.1595,0,0,0
236.06,3,1,31.66,1,1.3912,0.0,3,0,0.5009,0.5921,0.0563,1,0,1
318.02,2,1,24.14,1,2.0005,0.0,3,0,0.4999,0.7116,0.1038,0,0,1
141.05,3,1,195.63,4,1.0114,0.0,7,1,0.3425,0.7012,0.2079,0,0,1
104.71,0,0,49.49,1,1.7887,0.0,6,0,0.1162,0.4885,0.0717,1,0,1
184.34,0,2,142.09,0,1.1114,8.085,3,0,0.6044,0.5564,0.2232,3,0,1
330.27,3,2,77.55,1,0.7128,0.0,4,0,0.5002,0.6169,0.1562,4,0,0
201.6,1,3,75.5,3,0.9978,0.0,10,0,0.6293,0.578,0.194,1,1,1
177.62,5,3,116.4,0,0.8552,7.7523,3,0,0.3141,0.2676,0.1833,2,1,0
267.6,3,3,161.7,3,0.7029,0.0,5,0,0.363,0.1819,0.2781,2,0,1
600.0,1,3,38.91,2,0.4289,0.0,4,1,0.6122,0.6154,0.0692,2,0,1
544.24,6,2,48.82,2,1.1303,0.0,3,1,0.2794,0.4524,0.1049,3,1,1
320.02,4,5,130.69,3,0.9363,4.5836,6,0,0.4327,0.5259,0.1776,1,0,1
91.42,2,2,139.54,0,1.6274,0.0,6,0,0.4394,0.762,0.0333,4,1,1
365.6,2,3,78.54,1,1.0761,0.0,2,0,0.6412,0.2126,0.1492,2,0,0
182.8,0,3,202.16,1,2.6014,0.0,2,0,0.6199,0.6635,0.2864,1,0,1
135.71,1,4,181.81,0,1.1996,6.2963,3,1,0.494,0.3739,0.1938,1,0,0
449.86,9,5,103.43,0,0.8989,0.0,3,0,0.8325,0.427,0.1258,1,0,1
414.61,7,2,153.68,3,1.1803,0.0,9,0,0.651,0.3185,0.1392,2,1,1
427.81,4,3,81.6,0,1.372,5.8947,5,0,0.4838,0.5912,0.1147,3,0,1
509.11,4,3,79.63,2,1.0181,0.0,5,0,0.5678,0.4729,0.085,2,1,0
282.79,1,2,98.8,1,1.0249,0.0,5,1,0.6758,0.6459,0.1223,4,1,1
368.35,3,3,247.34,2,0.8841,7.0126,7,0,0.4042,0.5766,0.1857,1,0,1
260.12,0,5,126.3,1,1.4007,11.153,8,0,0.3557,0.5289,0.0812,1,1,1
130.01,3,2,89.75,2,1.2593,6.3409,9,0,0.7092,0.575,0.2064,0,0,1
81.64,2,3,117.82,2,0.6212,5.4318,7,0,0.5592,0.5605,0.1635,0,0,1
272.68,1,1,50.12,1,0.6995,3.5963,4,0,0.2787,0.5739,0.172,1,0,1
214.36,3,3,119.05,1,0.8007,0.0,5,0,0.7263,0.5051,0.023,1,0,0
231.3,7,3,113.96,4,0.5013,0.0,9,0,0.3181,0.2969,0.2139,4,0,1
600.0,3,2,75.56,0,1.5353,0.0,1,0,0.607,0.256,0.3613,0,1,1
158.62,4,1,102.12,1,1.2212,10.7887,6,0,0.1985,0.6605,0.0236,3,0,1
340.52,7,3,129.6,1,0.7943,6.686,6,0,0.3829,0.6313,0.0993,4,0,1
437.99,6,5,90.46,1,0.7823,0.0,7,1,0.3331,0.3344,0.0722,4,1,0
91.69,1,0,62.96,2,1.0551,3.4598,4,0,0.3227,0.4436,0.2419,1,0,0
168.39,1,3,76.23,1,1.6483,0.0,1,0,0.4631,0.3418,0.3192,1,0,1
373.06,5,5,196.64,1,1.172,0.0,3,1,0.2608,0.6071,0.1462,4,0,1
290.95,3,1,38.88,2,1.2313,0.0,5,0,0.4373,0.6186,0.1692,1,1,0
389.41,0,2,68.97,0,1.8162,0.0,2,1,0.2555,0.6721,0.0899,2,0,1
156.91,1,1,13.09,0,1.8216,0.0,4,1,0.5033,0.3967,0.1093,0,0,0
146.54,2,4,52.62,1,0.9993,0.0,5,1,0.8298,0.5603,0.0983,2,1,0
189.24,1,1,154.69,3,0.3671,6.4918,6,0,0.434,0.2032,0.0196,2,0,1
206.53,1,1,40.72,0,2.5257,0.0,2,0,0.4081,0.628,0.0869,0,0,1
134.0,0,2,169.84,0,1.2065,3.4443,4,0,0.4655,0.5272,0.116,2,1,0
153.13,3,0,127.93,3,2.1672,8.8772,3,0,0.6533,0.3388,0.0482,1,1,0
85.53,2,4,123.07,2,1.9853,0.0,10,0,0.6537,0.3548,0.1666,1,1,1
524.84,2,6,138.29,0,1.6443,6.8658,1,0,0.583,0.6198,0.3626,2,0,1
166.02,1,1,102.88,2,1.1322,7.6904,5,1,0.3877,0.6092,0.1181,0,1,0
417.19,7,7,221.11,2,2.4432,0.0,10,1,0.5492,0.6695,0.0576,2,1,1
148.79,4,0,108.61,1,0.7418,5.2092,4,0,0.2245,0.824,0.2456,0,0,0
281.17,3,2,151.61,3,2.3881,9.7699,9,0,0.5743,0.6105,0.0946,3,0,1
327.04,1,2,115.52,0,0.7199,11.7368,1,0,0.1923,0.3785,0.1248,0,1,1
208.39,1,2,127.07,2,0.7173,1.8674,3,0,0.502,0.3779,0.078,1,1,0
263.97,1,4,128.49,1,0.6406,0.0,2,0,0.28,0.138,0.1008,1,0,1
439.63,5,2,107.7,1,2.0182,12.0964,3,0,0.9188,0.4299,0.1406,3,0,0
315.73,5,0,38.8,1,1.4519,0.0,1,0,0.2065,0.6361,0.106,0,0,0
503.25,5,1,155.43,0,0.9337,0.0,6,1,0.4142,0.6083,0.0237,1,0,1
432.89,3,1,173.91,0,0.7935,5.5066,3,0,0.1706,0.281,0.0654,0,1,0
227.89,0,2,86.8,1,0.8826,2.4205,4,0,0.3451,0.3562,0.1159,1,0,0
277.38,1,5,61.28,1,0.6974,0.0,3,0,0.4471,0.3209,0.1907,2,0,1
449.55,5,0,102.26,1,0.9913,0.0,3,0,0.535,0.55,0.0818,1,0,1
303.6,2,1,85.12,0,2.5746,0.0,6,0,0.5567,0.541,0.0974,2,1,0
502.44,5,4,57.29,2,2.7909,9.1474,7,0,0.4633,0.5676,0.1672,0,1,1
123.51,1,5,84.75,1,1.8386,0.0,5,1,0.5848,0.5894,0.0746,4,0,1
98.18,1,1,122.23,1,1.3505,0.0,1,1,0.3358,0.4695,0.1274,0,0,1
199.18,1,0,38.17,1,1.2462,5.6036,5,1,0.4189,0.5966,0.0508,0,0,1
366.44,7,2,137.91,1,2.5472,6.6933,1,0,0.2321,0.542,0.0936,1,1,1
275.53,2,1,107.94,1,0.917,6.7392,3,0,0.385,0.5045,0.1462,0,0,0
453.35,2,2,116.36,3,1.0898,0.0,6,0,0.2865,0.3226,0.2162,0,1,1
353.99,2,3,80.65,0,0.7698,6.3924,3,0,0.056,0.3695,0.0449,0,1,0
283.4,5,5,70.61,1,2.0105,0.0,6,0,0.6325,0.5572,0.0968,3,0,1
358.53,4,3,149.65,1,1.4556,11.8575,6,0,0.7354,0.3693,0.1317,4,0,1
371.36,4,2,128.64,3,1.1542,4.258,7,0,0.4419,0.656,0.0805,0,0,1
401.94,4,5,134.18,0,1.1318,0.0,4,0,0.1309,0.3537,0.1569,1,1,1
205.21,0,4,148.62,4,2.8387,0.0,2,1,0.338,0.3781,0.056,3,1,1
314.57,1,0,15.33,2,2.241,0.0,4,0,0.1033,0.3654,0.04,0,0,0
363.51,4,1,64.14,1,2.4138,0.0,2,0,0.6302,0.6029,0.0831,4,1,0
212.32,3,2,120.88,1,0.853,4.8036,8,0,0.6957,0.6081,0.0476,4,0,1
138.94,2,1,26.84,1,2.2538,12.1944,2,1,0.1814,0.7011,0.0493,1,0,1
31.04,0,3,95.16,0,1.6146,0.0,6,1,0.1057,0.4967,0.2603,2,0,1
248.68,2,1,35.84,1,1.567,0.0,5,0,0.6457,0.674,0.2776,0,1,1
449.71,8,3,145.62,1,0.5275,0.0,6,0,0.9254,0.2881,0.0818,0,0,1
158.89,4,1,52.2,1,1.2772,12.8702,3,0,0.5179,0.558,0.0335,0,1,0
600.0,4,3,112.61,0,0.6132,3.442,3,0,0.2743,0.3412,0.0141,0,1,1
298.64,4,4,222.72,2,1.7195,0.0,8,0,0.503,0.5777,0.1915,1,0,1
318.95,5,2,182.66,2,0.8222,0.0,6,0,0.3557,0.4009,0.1639,0,0,1
270.89,2,2,144.19,1,0.7856,0.0,4,0,0.5778,0.2318,0.1326,1,1,0
273.63,2,2,37.1,0,1.4334,7.3763,4,0,0.6933,0.7229,0.1733,0,0,1
423.44,3,4,90.65,1,0.5967,0.0,3,0,0.3394,0.4094,0.0961,1,0,0
222.56,1,3,55.87,0,1.547,0.0,6,0,0.139,0.5589,0.1187,1,0,0
491.98,3,3,80.27,0,1.1661,0.0,6,1,0.7252,0.407,0.0853,2,1,1
596.23,3,4,144.0,3,1.2317,11.034,9,0,0.2177,0.4875,0.0775,1,1,0
138.38,1,4,29.08,2,0.5823,0.0,1,0,0.1948,0.1231,0.0695,2,0,1
453.31,8,5,183.17,0,3.1212,0.0,4,0,0.2487,0.6217,0.3286,3,0,1
396.58,3,5,107.16,0,1.5042,0.0,1,1,0.1756,0.2688,0.1237,0,0,0
386.16,2,3,93.63,2,2.1383,4.8887,6,0,0.2091,0.5693,0.1304,3,0,1
257.42,0,3,198.19,0,1.6345,0.0,1,0,0.3098,0.4507,0.1098,2,0,0
186.18,0,1,78.9,0,0.5006,8.7896,5,0,0.604,0.2583,0.2309,2,0,0
388.16,6,3,99.92,0,2.1169,11.7922,5,1,0.8329,0.6209,0.0582,2,0,1
156.85,1,1,124.98,2,1.0405,2.5394,3,0,0.7088,0.5372,0.1326,0,0,0
140.79,1,6,145.33,1,0.4987,10.2734,5,0,0.568,0.2778,0.1124,1,0,1
306.08,0,5,125.4,2,0.8191,0.0,4,0,0.6461,0.7004,0.0077,0,0,0
104.86,3,3,107.82,1,0.8099,8.4908,3,1,0.5285,0.1492,0.0483,2,0,1
483.2,4,0,64.38,0,0.7338,0.0,1,0,0.3556,0.5333,0.0916,1,0,0
337.88,3,5,89.72,0,1.5687,0.0,2,0,0.6793,0.3623,0.1858,1,1,0
280.85,3,2,73.84,1,1.3547,11.84,4,1,0.6797,0.5917,0.0964,1,0,1
214.67,1,0,61.54,3,4.0,3.1693,7,0,0.668,0.4559,0.1063,0,1,1
300.25,3,6,176.23,0,1.6159,0.0,2,0,0.7032,0.6363,0.0859,5,1,1
379.23,6,2,31.05,1,0.4901,8.5424,4,0,0.384,0.246,0.1436,0,1,0
563.78,3,6,17.91,1,1.2023,0.0,4,0,0.6406,0.6463,0.0539,3,0,1
527.53,7,7,64.53,0,2.6374,0.0,2,0,0.7117,0.4729,0.0997,1,0,1
118.52,2,0,178.1,2,0.8834,4.5988,9,0,0.4481,0.601,0.2004,0,0,0
304.67,2,4,28.81,1,1.3031,0.0,6,1,0.0832,0.5425,0.028,1,1,0
145.96,1,1,112.43,3,1.484,3.5192,9,0,0.234,0.2903,0.0434,0,0,1
565.34,0,2,108.91,0,1.9188,8.7451,5,1,0.8252,0.5727,0.0615,4,1,1
324.17,3,4,107.81,0,0.6422,5.1544,1,0,0.3152,0.3961,0.2107,2,1,0
60.43,1,1,104.06,1,2.5473,6.552,4,0,0.4996,0.4972,0.229,4,1,1
600.0,5,3,54.1,2,0.991,0.0,4,0,0.1665,0.6973,0.1361,3,0,0
298.93,3,6,44.97,2,1.5064,0.0,8,0,0.5224,0.4317,0.1287,0,0,1
155.22,3,4,160.8,2,1.0974,1.5005,5,0,0.7386,0.5277,0.113,1,0,1
249.6,2,2,124.02,2,1.135,0.0,3,0,0.3643,0.449,0.0952,3,1,1
336.97,3,3,109.1,1,0.8796,0.0,6,0,0.2786,0.4982,0.146,1,0,1
155.75,3,6,82.47,1,0.6764,5.0553,4,0,0.3704,0.3012,0.1172,1,0,0
362.16,3,4,85.02,2,1.6299,0.0,5,1,0.7419,0.4308,0.2207,0,0,0
189.43,2,2,96.66,1,0.4295,0.0,1,0,0.5306,0.1994,0.0901,2,1,0
217.35,5,5,37.51,0,1.3536,6.4617,2,0,0.7423,0.2019,0.1609,2,0,1
329.81,3,2,51.53,2,1.2187,0.0,6,1,0.5807,0.8754,0.1849,1,0,1
197.29,3,2,86.5,1,0.8935,0.0,5,0,0.7908,0.3814,0.0924,5,0,1
238.25,1,2,203.32,1,1.6071,0.0,4,0,0.7257,0.3997,0.0808,0,0,1
276.98,0,1,70.43,1,0.5533,9.6237,3,0,0.1639,0.1519,0.0615,2,0,1
235.04,6,4,144.48,2,1.5222,5.5965,9,0,0.5872,0.2577,0.115,1,0,1
148.07,0,4,60.62,1,1.5943,0.0,5,1,0.3865,0.5207,0.0585,5,0,0
600.0,4,2,200.9,3,2.7286,4.4837,2,0,0.5788,0.5151,0.0305,1,1,1
138.19,2,1,2.68,0,1.1409,9.5257,5,0,0.0967,0.5661,0.1777,0,1,1
201.88,2,2,109.06,2,0.6869,13.1823,4,1,0.1927,0.5717,0.0201,0,0,1
201.49,4,2,157.14,1,0.7209,0.0,5,0,0.3956,0.5626,0.0707,3,0,1
74.12,0,3,116.22,1,0.6723,3.8024,6,0,0.6831,0.3666,0.1135,2,1,0
225.89,2,6,83.23,1,0.6369,6.6863,4,0,0.4575,0.3612,0.2378,1,1,0
312.25,4,2,179.96,1,1.2537,0.0,1,0,0.5101,0.6645,0.0718,2,1,1
74.5,2,0,45.32,0,1.8928,0.0,4,1,0.7648,0.3625,0.3017,1,1,1
168.28,2,1,59.35,1,1.1731,0.0,7,0,0.5299,0.4189,0.2078,0,0,1
131.45,0,3,45.38,3,3.5971,0.0,8,0,0.2509,0.6723,0.1202,1,1,1
329.2,3,1,20.28,0,2.0496,0.0,3,1,0.3165,0.4978,0.1478,5,0,0
256.01,4,2,51.2,0,1.8287,5.7592,4,1,0.2247,0.5274,0.239,0,1,1
253.62,3,1,133.92,0,1.7485,0.0,10,0,0.8658,0.6798,0.2701,1,0,1
298.54,6,3,136.52,2,0.987,9.7861,3,0,0.5701,0.4207,0.0218,0,1,1
245.66,6,4,195.64,0,1.1132,7.9476,3,0,0.4427,0.6659,0.231,0,1,1
279.83,4,5,76.85,1,1.1155,0.0,7,0,0.5708,0.3345,0.1597,2,0,1
470.69,3,2,120.89,1,1.73,0.0,3,0,0.1659,0.317,0.1662,2,0,1
207.24,4,2,50.45,0,2.5312,8.9568,3,1,0.4847,0.7022,0.2214,1,1,1
385.8,7,1,124.22,0,0.7012,0.0,6,0,0.6707,0.7095,0.2593,1,1,0
600.0,7,2,55.55,2,1.5693,0.0,8,0,0.5556,0.4869,0.2158,2,1,1
333.45,5,3,37.2,3,1.0938,6.9213,7,1,0.5619,0.441,0.1342,2,0,1
336.56,4,4,185.18,2,1.0933,10.1648,8,0,0.7026,0.5504,0.2094,3,0,1
315.64,2,4,164.89,2,1.1789,7.2253,5,0,0.6092,0.4114,0.0931,3,0,1
380.81,2,4,74.79,2,0.8735,4.8955,5,0,0.4106,0.5509,0.1679,0,0,1
111.95,0,2,34.71,1,0.5589,0.0,6,1,0.3488,0.3856,0.1535,0,1,0
160.47,4,0,30.87,1,0.9688,5.9352,3,0,0.3947,0.5335,0.0573,0,1,1
525.74,3,4,92.38,0,1.1126,0.0,6,0,0.5893,0.4413,0.0574,2,0,1
559.98,3,3,130.56,0,1.2737,0.0,5,0,0.5991,0.389,0.1049,1,1,1
396.98,5,4,105.39,2,0.4336,10.5592,4,0,0.2653,0.5355,0.1082,2,0,1
251.14,4,1,162.09,0,1.046,0.0,5,1,0.2941,0.3312,0.1461,1,1,1
226.25,2,2,9.32,3,0.2429,0.0,1,0,0.3887,0.2413,0.0681,2,1,1
287.48,6,2,161.18,0,0.6991,0.0,8,1,0.4576,0.3984,0.1379,0,0,1
353.19,1,4,86.92,0,0.8711,0.0,3,0,0.3261,0.5814,0.1853,2,1,0
113.91,2,2,43.54,3,0.9088,6.3216,2,1,0.2908,0.5732,0.1392,0,0,1
301.58,4,4,128.47,0,2.9752,0.0,5,0,0.385,0.4159,0.1049,1,0,1
326.79,2,2,27.83,4,3.1601,9.629,6,0,0.5526,0.443,0.1101,1,1,1
235.19,2,1,89.92,2,1.7102,7.6947,9,1,0.2528,0.9364,0.0382,1,0,1
324.67,4,0,13.63,2,1.2767,8.3131,2,0,0.4111,0.4679,0.0706,3,0,0
231.12,2,4,111.24,2,1.4528,0.0,1,0,0.2597,0.592,0.1109,0,0,1
118.08,2,2,118.8,1,0.6887,0.0,3,0,0.7847,0.5529,0.0598,2,0,0
263.53,3,0,65.5,1,1.565,0.0,9,0,0.4508,0.5419,0.1514,1,0,1
453.73,4,5,70.97,2,0.5606,0.0,3,0,0.7263,0.2396,0.0891,4,0,1
115.17,2,1,228.1,1,0.6916,0.0,7,0,0.44,0.2361,0.1083,1,1,0
364.01,2,2,110.46,0,1.3522,0.0,2,0,0.2244,0.2282,0.0487,1,0,1
250.01,4,5,118.05,0,0.4983,0.0,3,0,0.4891,0.2357,0.2813,0,1,0
229.84,5,2,196.71,2,0.6778,3.0983,4,1,0.6431,0.375,0.051,1,0,0
279.23,9,5,55.09,0,0.803,8.233,5,1,0.5397,0.9144,0.1949,1,1,1
160.44,1,1,159.09,1,2.2205,0.0,7,1,0.0765,0.73,0.1615,0,0,0
151.39,2,0,42.17,2,3.038,0.0,10,0,0.0926,0.3778,0.1295,3,1,1
127.81,1,2,32.42,0,1.2406,0.0,4,0,0.2532,0.4309,0.2201,0,0,1
159.34,0,2,113.37,1,1.2072,0.0,1,0,0.7051,0.2647,0.0809,2,0,1
303.15,4,4,28.74,1,1.2856,0.0,10,0,0.6322,0.7607,0.0512,1,0,1
183.14,3,2,110.31,0,0.838,7.3212,3,0,0.7473,0.6421,0.0811,1,1,0
345.99,4,4,47.99,0,1.578,9.7362,4,0,0.6551,0.3622,0.1261,1,1,1
131.62,3,5,122.05,5,0.7177,0.0,10,0,0.379,0.1966,0.0561,0,0,0
173.54,4,1,101.61,3,0.8756,3.4442,7,0,0.7221,0.3565,0.026,1,0,0
265.01,3,2,103.21,1,1.5259,0.0,3,1,0.128,0.579,0.109,1,1,0
458.32,4,7,130.0,1,1.2055,2.8758,6,0,0.6634,0.3176,0.0646,3,1,1
168.84,0,3,96.83,4,0.7018,0.0,6,1,0.4737,0.3933,0.2269,2,1,0
296.22,7,1,33.24,1,0.9091,5.9269,9,0,0.4894,0.5272,0.0352,1,0,1
511.43,4,5,223.18,2,1.3698,7.1131,5,0,0.4108,0.5495,0.0828,2,1,1
600.0,6,4,162.5,0,2.5475,0.0,2,1,0.4024,0.5717,0.0667,1,0,1
98.02,1,2,4.41,1,0.9992,0.0,6,0,0.3065,0.5109,0.086,0,1,0
392.05,4,1,64.06,1,1.1303,3.7735,3,0,0.5068,0.4952,0.1178,2,0,1
385.76,8,3,144.95,2,0.6273,0.0,5,0,0.8855,0.7552,0.2483,3,0,1
250.72,1,0,47.21,0,1.4897,10.3066,2,0,0.6609,0.6206,0.0107,1,1,0
371.04,5,4,100.29,1,1.9924,0.0,6,0,0.4103,0.5911,0.0792,1,0,1
580.12,2,3,139.38,1,0.9649,0.0,5,0,0.7209,0.6039,0.1644,0,1,1
149.31,3,4,55.05,0,1.7151,11.7769,5,1,0.6056,0.6337,0.227,2,1,0
325.76,2,2,24.08,1,1.2627,0.0,2,0,0.5201,0.6825,0.039,1,1,0
169.56,0,0,60.33,2,1.363,4.2972,6,1,0.3871,0.6364,0.0318,0,0,1
300.98,3,4,239.38,0,0.9332,0.0,5,0,0.7437,0.6235,0.183,1,1,1
343.31,4,1,184.68,1,1.5366,0.0,2,1,0.8069,0.3868,0.0886,1,0,1
224.94,4,3,78.71,4,0.8718,0.0,9,1,0.5262,0.4308,0.208,1,0,1
113.55,1,1,36.35,2,0.595,0.0,1,0,0.3536,0.4813,0.1957,0,1,0
228.22,2,4,40.77,3,0.7835,9.384,5,0,0.302,0.3646,0.0124,1,0,0
438.58,1,0,91.1,2,0.5173,7.1428,5,0,0.1419,0.2005,0.0325,2,0,0
288.63,2,4,146.28,0,1.6321,7.3375,5,0,0.4023,0.3538,0.3558,2,0,0
600.0,3,4,104.47,1,0.7741,0.0,1,1,0.4448,0.2755,0.2388,3,0,1
165.11,0,1,112.0,0,0.5461,6.1685,4,0,0.449,0.3351,0.0927,1,0,0
202.63,3,3,67.51,2,2.323,8.2944,7,0,0.6305,0.623,0.0354,1,0,1
428.92,3,2,57.99,0,1.214,0.0,1,0,0.5032,0.5927,0.0994,0,0,0
333.62,4,1,150.53,1,0.8419,5.0989,4,1,0.4691,0.4142,0.1176,0,0,0
383.44,6,4,138.21,3,0.8014,0.0,4,0,0.6653,0.6267,0.0675,0,0,1
105.11,0,0,70.19,0,1.205,0.0,1,1,0.1478,0.2061,0.0782,3,0,0
161.73,2,2,100.76,2,0.9451,0.0,5,0,0.6239,0.741,0.0729,2,0,1
271.32,1,5,115.39,0,1.3521,0.0,4,1,0.4238,0.636,0.0539,2,0,1
369.74,2,4,49.74,1,1.4525,0.0,5,1,0.3462,0.5063,0.1474,1,1,1
143.4,2,0,62.17,2,0.7912,3.4874,4,0,0.6958,0.3555,0.067,0,0,1
357.46,6,4,109.35,0,1.0858,0.0,9,0,0.8738,0.5473,0.1456,0,0,1
37.5,0,3,9.39,1,1.282,0.0,4,1,0.3588,0.5179,0.1483,2,0,0
57.07,0,1,7.18,1,1.6719,0.0,7,1,0.4734,0.382,0.0206,0,0,1
127.32,0,1,65.51,3,0.5076,0.0,4,0,0.0341,0.7152,0.0212,0,1,0
363.46,4,2,138.75,2,2.2786,0.0,6,1,0.2914,0.6424,0.0036,2,1,1
162.96,1,2,136.52,2,1.1212,0.0,4,0,0.4542,0.5584,0.1157,2,0,1
110.22,3,1,134.66,0,1.2845,0.0,7,0,0.3505,0.2635,0.1063,0,1,1
600.0,3,5,44.39,0,0.8217,0.0,5,0,0.2581,0.2341,0.1607,1,0,0
203.07,3,0,24.13,0,0.8124,7.503,4,0,0.1728,0.3299,0.1347,0,1,0
216.06,2,6,84.77,1,2.7684,4.7444,6,0,0.7054,0.6631,0.1102,0,1,1
370.84,1,0,18.66,0,2.975,0.0,5,1,0.4978,0.6796,0.3385,1,1,1
414.22,2,3,58.22,1,1.2451,0.0,1,0,0.4416,0.868,0.0435,0,1,0
199.86,3,1,182.74,1,1.6617,0.0,2,1,0.4286,0.4781,0.2336,1,1,1
210.04,1,2,120.27,1,0.8426,4.7883,3,1,0.3002,0.3239,0.0551,1,1,0
196.04,2,0,55.07,1,0.5537,0.0,5,0,0.6167,0.4145,0.1439,0,0,1
317.95,2,3,117.43,1,2.5398,0.0,7,1,0.67,0.6444,0.092,2,1,1
292.77,2,2,20.24,1,1.6488,0.0,3,0,0.4502,0.3314,0.0813,2,0,0
176.76,4,4,20.05,1,0.8196,6.6619,3,0,0.6376,0.2019,0.0422,1,0,1
388.79,0,0,21.01,2,1.6995,0.0,6,0,0.3982,0.7003,0.0395,0,0,1
98.51,3,2,62.65,2,1.1904,0.0,2,0,0.5011,0.6553,0.1816,1,0,1
367.95,5,3,139.97,2,1.6649,0.0,8,0,0.8489,0.5465,0.0932,2,0,1
173.6,4,0,73.16,0,1.2235,0.0,5,1,0.4063,0.8596,0.0918,0,0,1
384.65,2,1,104.23,3,0.7067,0.0,3,0,0.6849,0.2846,0.1978,0,0,0
202.68,4,5,63.14,0,0.5067,1.7921,6,1,0.6069,0.4868,0.1898,3,0,1
83.44,1,2,40.17,0,1.0587,0.0,2,1,0.3911,0.511,0.1582,2,0,0
475.57,4,5,118.22,2,1.0302,0.0,7,0,0.5784,0.5662,0.1407,1,1,1
242.62,4,4,173.58,1,0.8683,0.0,3,1,0.4543,0.8016,0.0543,0,1,1
74.93,1,0,87.75,0,1.2434,0.0,4,0,0.2475,0.7317,0.0513,0,0,0
31.57,1,0,23.14,0,2.9007,0.0,5,0,0.1274,0.7331,0.1411,0,1,0
218.42,3,2,148.98,0,0.7949,0.6904,6,0,0.5704,0.1167,0.1503,5,1,0
148.69,2,2,31.23,1,0.642,9.51,7,0,0.2226,0.2161,0.0105,1,0,1
441.52,2,3,50.82,1,2.1211,0.0,1,1,0.2397,0.4001,0.1415,2,0,1
129.42,1,1,105.99,3,1.1779,0.0,4,1,0.3365,0.364,0.1088,3,1,0
451.34,7,1,51.32,0,1.6841,12.2471,6,0,0.1989,0.6532,0.0704,0,0,1
421.69,5,1,79.01,0,1.5049,0.0,6,0,0.4012,0.3162,0.124,3,0,1
303.31,3,1,119.06,2,1.6299,9.6833,8,0,0.4824,0.5043,0.1764,1,1,1
145.38,0,0,103.11,2,0.9648,0.0,1,0,0.1347,0.4608,0.062,0,1,0
28.82,0,0,0.57,0,2.0356,0.0,4,1,0.6033,0.4916,0.0109,0,1,1
417.83,3,4,133.55,1,0.9961,11.5067,6,0,0.5615,0.5143,0.1295,1,0,1
232.99,2,2,79.98,0,2.4201,0.0,3,0,0.4066,0.7881,0.0844,1,0,1
133.56,1,0,48.48,1,1.0194,0.0,6,1,0.5357,0.7402,0.0549,2,1,0
346.06,4,2,109.83,1,0.7652,13.7657,3,0,0.4872,0.4122,0.1346,3,1,1
347.55,4,4,175.83,0,0.6568,5.1126,3,0,0.3391,0.4959,0.2087,0,1,1
141.66,4,3,171.33,2,1.1832,0.0,8,1,0.4658,0.375,0.1857,1,0,1
272.94,5,1,67.52,1,1.7083,0.0,6,1,0.2841,0.7946,0.1874,1,0,1
293.87,3,1,91.89,2,0.9476,0.0,5,1,0.3684,0.3656,0.1211,1,0,0
229.98,0,2,43.14,1,0.9433,0.0,5,0,0.5553,0.5063,0.0755,5,0,0
415.05,2,0,77.61,2,1.5241,0.0,7,1,0.4451,0.5198,0.059,1,0,1
265.27,6,3,151.68,1,0.7994,0.0,4,0,0.7202,0.5836,0.076,0,1,0
124.15,4,0,197.93,2,0.9995,6.0741,8,1,0.4724,0.4197,0.0566,3,1,0
109.3,1,1,147.49,1,1.7858,0.0,3,0,0.6419,0.4856,0.0749,2,1,1
197.84,2,5,171.13,4,1.2056,0.0,4,0,0.8742,0.6163,0.1186,1,0,1
436.78,3,3,148.2,3,1.0563,0.0,7,1,0.296,0.4538,0.1989,2,0,1
271.89,3,3,52.69,0,0.9888,10.9285,3,0,0.2973,0.5735,0.1474,1,1,1
218.04,2,3,62.23,1,1.1861,0.0,7,0,0.4104,0.2749,0.1143,1,0,1
211.79,4,0,124.21,1,1.1175,2.4738,5,0,0.2191,0.6116,0.305,2,1,1
389.15,1,1,23.39,2,3.0729,0.0,7,0,0.2998,0.8238,0.1933,0,0,1
24.88,0,0,42.99,0,1.536,11.622,3,0,0.9257,0.3741,0.0489,0,1,0
114.47,2,3,51.51,2,1.337,2.1014,5,0,0.7772,0.3791,0.1651,1,0,0
83.04,1,4,78.87,2,1.0787,4.747,4,0,0.5248,0.6363,0.0268,0,0,1
504.97,2,4,56.29,0,0.525,0.0,2,0,0.5356,0.3432,0.1987,1,0,0
312.3,0,1,130.47,0,1.193,0.0,2,1,0.0736,0.3219,0.0478,1,1,1
159.94,2,4,81.24,1,0.7782,4.0448,4,1,0.2861,0.2125,0.0181,1,1,0
289.41,7,0,174.84,0,1.1119,9.3484,6,0,0.3996,0.5832,0.0594,1,0,1
267.83,4,2,53.19,3,2.5493,0.0,5,0,0.4787,0.7923,0.1024,4,0,1
110.72,2,1,19.87,2,1.161,10.74,4,0,0.0599,0.2891,0.0718,2,0,0
69.67,1,1,82.73,3,1.3224,0.0,7,1,0.543,0.4478,0.0656,1,0,0
181.62,2,3,12.32,0,1.166,5.5184,4,0,0.5862,0.425,0.2763,0,0,0
190.38,2,1,59.72,0,1.1053,7.5398,1,1,0.5085,0.2442,0.2419,2,0,1
600.0,4,1,139.89,2,0.899,8.0826,10,1,0.7752,0.7262,0.0738,1,1,1
600.0,8,6,112.27,2,0.3332,5.5599,5,0,0.4655,0.515,0.1434,2,1,0
251.53,2,3,12.59,2,1.1318,0.0,4,0,0.8226,0.6516,0.1402,0,0,0
337.42,3,2,179.89,2,1.0049,0.0,8,1,0.4792,0.5291,0.167,0,0,1
453.07,0,4,59.28,0,1.2908,0.0,7,1,0.5953,0.6578,0.1738,5,1,0
231.61,3,0,44.19,3,2.2829,0.0,8,0,0.2515,0.5163,0.0769,0,1,1
265.63,4,3,97.05,1,0.5477,7.5182,5,1,0.9425,0.7088,0.2584,3,0,1
345.14,4,7,95.73,0,0.945,0.0,1,0,0.7203,0.3146,0.0951,0,0,1
152.06,2,3,48.67,0,0.9467,0.0,2,0,0.0407,0.4743,0.0921,2,1,0
221.81,5,1,117.31,1,1.0817,13.1711,3,0,0.5979,0.3621,0.1583,0,0,1
321.27,4,4,158.44,0,1.1946,0.0,4,0,0.5881,0.5258,0.1777,0,1,0
264.39,3,0,70.29,2,1.0615,13.3672,8,0,0.427,0.4165,0.1685,1,0,1
290.46,5,3,82.03,2,1.7538,0.0,8,1,0.632,0.7272,0.0145,0,1,0
165.48,2,0,72.67,0,1.2929,10.5264,4,0,0.6381,0.4818,0.0007,0,0,1
487.43,1,3,51.27,1,1.2945,6.7702,8,0,0.3815,0.6118,0.0589,5,0,1
211.38,5,3,71.52,1,2.9861,0.0,2,0,0.8351,0.6675,0.1571,2,0,1
600.0,4,2,58.89,1,1.1479,0.0,5,0,0.1703,0.4619,0.2159,0,1,1
283.86,2,3,184.24,2,2.2741,12.2084,2,0,0.4588,0.7273,0.0648,1,1,1
290.25,1,4,274.15,0,3.5354,0.0,4,0,0.7176,0.4508,0.0794,1,0,1
229.65,3,5,170.34,1,1.815,2.7797,3,0,0.4803,0.3903,0.048,0,0,1
473.65,8,3,152.33,1,1.0895,9.7166,4,0,0.6318,0.6225,0.1813,2,0,1
87.63,0,1,127.79,2,1.9549,0.0,5,0,0.1797,0.1132,0.0409,2,0,1
408.51,7,3,157.2,3,1.6545,7.6277,5,0,0.4258,0.383,0.0404,2,0,1
161.77,1,1,79.02,3,1.0782,5.66,4,0,0.4703,0.3745,0.2768,0,1,1
380.64,0,0,26.02,2,3.888,7.8791,6,0,0.511,0.4991,0.023,0,1,1
151.7,3,2,114.08,1,1.4288,3.3097,9,1,0.5009,0.5873,0.1377,2,0,1
286.66,4,1,86.3,0,1.2422,10.8941,2,0,0.3266,0.6911,0.0431,3,1,1
315.02,6,0,205.28,1,1.0998,0.0,4,0,0.2665,0.2475,0.1139,0,0,1
285.28,2,1,82.38,0,1.0404,0.0,3,0,0.5797,0.3933,0.0786,2,0,1
600.0,3,2,92.18,0,0.7615,9.1124,7,1,0.5296,0.5278,0.0797,1,0,1
257.91,1,5,243.18,0,1.9319,0.0,6,1,0.2532,0.4944,0.2362,1,1,1
95.27,1,1,164.24,2,2.04,6.6599,6,1,0.3925,0.5539,0.0592,1,1,1
164.64,1,2,59.68,1,2.8494,0.0,6,0,0.4054,0.7033,0.0228,1,0,1
273.93,2,2,138.78,0,0.9084,0.0,2,0,0.5288,0.5186,0.171,1,0,1
135.27,2,0,93.68,2,1.5112,0.0,5,1,0.2085,0.4795,0.0042,1,0,1
328.58,2,0,60.66,0,0.7826,0.0,3,1,0.8311,0.3769,0.0016,3,0,1
438.02,3,1,69.53,1,1.2424,0.0,4,0,0.6367,0.6705,0.0198,4,1,1
472.66,3,3,11.68,3,2.7219,0.0,5,0,0.102,0.7292,0.1233,2,1,1
188.96,3,3,45.4,0,1.9665,8.8095,3,1,0.651,0.4774,0.1969,1,1,1
105.63,2,1,56.34,3,1.2428,0.0,4,0,0.2963,0.7001,0.0548,1,0,0
207.79,2,2,20.29,2,1.0897,1.0572,7,0,0.3205,0.4003,0.0643,0,0,1
288.14,3,1,158.11,1,1.2454,6.9253,9,0,0.4522,0.3755,0.2949,0,1,1
334.62,2,2,157.65,0,1.829,6.5082,2,1,0.6333,0.4983,0.1366,1,0,1
429.86,8,4,122.01,1,1.2444,0.0,2,0,0.3139,0.6165,0.1375,1,1,1
112.49,3,4,172.73,1,2.3538,0.0,2,0,0.2337,0.5077,0.3037,0,0,1
234.19,6,3,130.61,0,0.8076,0.0,3,0,0.3891,0.6382,0.1072,1,1,1
319.5,1,0,22.12,1,1.0649,10.0222,9,0,0.6235,0.3643,0.1391,0,1,1
434.97,5,3,31.59,2,2.5571,0.0,7,0,0.144,0.2925,0.1792,2,1,1
187.31,5,2,97.3,0,1.0825,0.9625,4,0,0.2559,0.5628,0.2918,1,0,1
260.69,6,4,104.82,1,2.3066,7.9604,2,1,0.5436,0.2979,0.2043,2,0,1
271.09,2,2,18.37,1,0.6021,7.4054,6,0,0.6261,0.5184,0.1737,0,0,1
238.75,4,5,62.23,1,1.1402,0.0,5,1,0.3199,0.5917,0.1417,3,0,1
161.69,0,1,59.73,2,0.6961,0.0,6,0,0.3533,0.2629,0.2822,0,0,0
120.3,3,0,68.49,1,1.8866,0.0,10,0,0.5067,0.5432,0.1072,1,0,1
328.32,4,3,119.31,1,0.4978,11.3377,4,0,0.8302,0.4145,0.024,2,0,1
351.34,8,3,131.61,0,1.8229,0.0,1,0,0.7121,0.4747,0.0066,0,0,1
172.24,1,4,50.59,0,1.3401,0.0,3,0,0.6435,0.5155,0.1713,1,1,0
107.94,3,2,25.85,1,0.9905,3.0896,6,0,0.6381,0.1969,0.0873,2,0,1
514.39,1,3,147.21,1,2.0344,0.0,3,0,0.1762,0.5495,0.2308,0,0,1
253.46,3,1,114.23,0,0.8906,0.0,4,1,0.2653,0.4415,0.1377,1,0,0
543.31,4,2,75.64,1,2.8216,12.1574,4,0,0.5379,0.7438,0.3135,1,0,1
342.72,1,3,75.8,1,2.6091,7.8761,3,0,0.8094,0.4764,0.2509,2,0,1
151.07,1,3,43.2,0,2.2318,0.0,5,0,0.378,0.8983,0.2791,1,0,1
264.6,5,2,33.06,2,1.6493,10.155,8,0,0.3405,0.7826,0.1407,1,0,1
269.46,5,5,80.54,1,0.9526,9.7209,2,1,0.3106,0.425,0.0652,0,1,1
331.35,8,4,96.25,1,1.8399,0.0,8,1,0.18,0.6318,0.0828,0,1,1
534.04,4,2,59.28,3,1.3093,0.0,1,0,0.6288,0.3266,0.2358,3,0,0
372.76,4,1,72.76,1,0.9071,3.7098,1,0,0.4745,0.4687,0.2145,1,1,1
143.99,0,1,59.62,1,1.0611,0.0,5,0,0.2672,0.3364,0.1578,1,0,0
217.02,4,3,116.9,0,1.5853,0.0,4,0,0.4778,0.5263,0.2371,0,1,1
283.32,2,1,220.81,0,0.692,0.0,3,0,0.4722,0.3236,0.3009,0,1,1
202.3,0,0,47.56,2,1.7433,0.0,5,0,0.4234,0.1355,0.1609,0,1,0
246.44,3,2,101.97,3,1.4461,0.0,5,0,0.3155,0.6089,0.0529,0,0,1
336.06,7,2,89.91,1,2.3393,0.0,7,0,0.5398,0.5534,0.2502,1,0,1
212.89,0,4,174.98,5,1.3723,0.0,7,0,0.8128,0.5928,0.1625,2,1,1
241.27,2,3,160.84,1,1.7587,0.0,4,0,0.3456,0.36,0.1097,3,1,1
183.73,2,3,134.06,1,0.8108,0.0,6,1,0.2219,0.494,0.1615,0,1,0
99.61,1,1,43.1,2,1.1411,4.4887,5,0,0.3919,0.4905,0.1925,1,0,0
91.43,2,1,134.01,2,1.1252,0.0,5,0,0.4424,0.5881,0.0514,3,1,1
71.06,0,2,83.22,2,0.8875,4.2489,5,0,0.629,0.6115,0.0591,1,0,1
211.72,1,1,84.11,1,1.603,9.1629,4,1,0.2827,0.487,0.0374,0,0,1
117.92,1,1,53.11,2,0.9119,0.0,4,1,0.7951,0.6058,0.0601,3,0,0
157.57,3,1,175.7,0,0.6703,3.307,5,0,0.3906,0.3308,0.0798,0,0,0
600.0,3,3,70.33,1,0.4491,5.3456,4,0,0.314,0.462,0.1279,0,0,0
529.46,3,1,105.13,0,1.0315,0.0,2,1,0.4348,0.5474,0.0637,1,1,1
176.51,1,1,59.08,1,3.1252,10.0319,3,0,0.7618,0.5252,0.1883,2,0,1
159.17,4,2,196.39,3,1.8329,0.0,3,0,0.6279,0.6349,0.0336,2,0,0
319.64,4,4,89.91,0,1.1664,0.0,3,0,0.6369,0.4785,0.0061,1,1,1
156.6,3,0,96.55,1,1.4247,3.1717,6,0,0.2293,0.6004,0.0902,0,0,1
253.49,6,2,24.26,0,0.9243,5.8973,4,1,0.5132,0.6496,0.2171,0,0,1
216.41,2,4,181.04,2,1.1971,0.0,4,1,0.3956,0.2881,0.16,2,1,0
59.33,1,2,60.0,0,1.271,7.8278,2,0,0.7316,0.7458,0.0803,0,1,1
223.32,7,5,58.61,0,1.046,0.0,3,0,0.5045,0.5866,0.0946,1,0,1
470.1,2,1,47.43,3,1.7726,13.4631,8,1,0.0965,0.6255,0.0742,0,0,1
322.3,3,2,34.11,1,0.9283,9.5254,4,0,0.0275,0.2152,0.1352,1,0,0
249.55,2,1,68.27,4,1.4299,0.0,3,0,0.4265,0.4826,0.0517,1,0,1
280.27,6,1,106.96,3,1.024,0.0,3,0,0.5018,0.3889,0.197,0,1,0
153.44,2,4,66.56,1,2.1773,0.0,3,0,0.6141,0.3939,0.0211,3,0,1
199.13,2,2,89.91,1,1.5718,6.541,3,1,0.452,0.8516,0.0707,0,1,0
268.76,7,2,156.44,1,1.5274,0.0,3,1,0.3756,0.7522,0.0213,1,1,0
92.38,3,2,38.25,1,1.1156,0.0,4,0,0.721,0.4175,0.0911,0,0,1
335.44,3,6,98.56,1,1.65,0.0,4,0,0.3559,0.2724,0.286,0,0,1
357.79,3,1,143.9,1,1.1395,6.5713,4,1,0.6696,0.5071,0.1161,4,0,1
417.08,5,4,236.2,1,0.9055,0.0,2,0,0.1191,0.5006,0.0368,3,1,1
104.81,1,4,148.78,1,0.9871,0.0,4,0,0.1714,0.2383,0.0212,2,0,0
202.59,2,4,40.58,2,0.9545,12.5274,3,0,0.7342,0.5266,0.0446,2,1,1
92.84,1,4,54.55,0,0.8276,0.0,2,0,0.6073,0.1611,0.1242,2,0,0
312.09,1,2,90.46,3,1.1368,0.0,6,0,0.078,0.2889,0.1275,0,0,1
600.0,7,3,165.79,2,1.1793,0.0,7,1,0.468,0.4532,0.1835,3,0,1
407.11,2,2,188.98,0,0.9208,0.0,4,1,0.6442,0.8053,0.3428,1,0,1
83.5,2,2,97.51,2,2.0633,8.0942,2,0,0.2438,0.5652,0.1456,4,1,1
312.46,4,3,155.59,4,1.2008,0.0,6,1,0.4214,0.2726,0.1386,0,1,1
258.02,7,2,92.57,0,2.2263,0.0,1,0,0.2001,0.7233,0.031,1,1,0
149.39,1,0,64.95,2,1.3638,9.5305,6,1,0.6237,0.2483,0.0219,0,1,1
159.85,2,3,14.82,3,1.5996,0.0,6,1,0.6114,0.4746,0.0525,0,0,1
113.59,2,3,31.77,1,2.0106,0.0,5,1,0.2658,0.4739,0.0269,1,1,1
346.61,3,2,91.88,1,1.595,0.0,8,0,0.5477,0.6633,0.05,1,0,1
200.26,3,4,193.59,0,0.7087,0.0,7,0,0.5638,0.5935,0.2321,2,1,1
430.11,3,5,82.12,1,2.1465,10.8683,8,1,0.47,0.6144,0.2711,1,0,1
300.17,6,2,38.99,2,1.3083,0.0,5,0,0.4677,0.5737,0.0237,1,1,1
86.22,1,2,162.73,1,3.4061,0.0,3,0,0.1708,0.7951,0.0657,1,1,0
430.13,4,5,140.48,2,1.1094,0.0,4,1,0.6005,0.3592,0.1759,3,0,1
266.67,5,6,203.56,1,0.779,5.6201,2,0,0.3395,0.447,0.1002,2,1,1
151.44,0,2,96.86,3,1.3038,0.0,7,0,0.3472,0.6178,0.0219,0,1,0
306.99,3,4,93.42,0,2.0949,0.0,4,1,0.2305,0.3025,0.1249,0,0,0
82.71,2,0,16.39,2,0.6449,0.0,3,1,0.3443,0.1687,0.0686,0,1,1
312.23,5,2,140.2,1,1.0521,0.0,5,0,0.3816,0.491,0.1048,1,1,1
266.68,3,4,53.98,1,1.5913,13.7141,2,0,0.5134,0.4708,0.0667,2,0,1
207.43,2,2,61.34,1,2.1787,5.2353,9,0,0.3557,0.5333,0.0714,1,1,1
299.88,1,2,188.15,1,1.6451,0.0,5,0,0.1417,0.8852,0.0546,1,0,1
240.8,2,1,56.83,1,1.2276,12.7199,6,0,0.2979,0.645,0.0425,1,0,1
123.81,0,0,99.83,2,2.9895,5.1968,2,0,0.5353,0.5939,0.1246,1,1,0
336.83,3,4,125.56,2,0.9906,8.3232,8,0,0.2919,0.4508,0.0347,1,1,1
600.0,4,5,103.43,1,0.9923,0.0,3,0,0.5036,0.2461,0.1609,2,1,0
341.28,4,5,153.08,0,1.8679,3.7813,2,0,0.545,0.6983,0.2372,3,1,1
391.31,3,4,123.77,0,1.1493,0.0,3,1,0.7648,0.6883,0.1631,3,0,0
399.22,5,5,43.79,1,0.8096,0.0,7,0,0.4558,0.3205,0.1164,5,0,1
453.95,8,1,31.69,0,1.4353,6.1435,3,1,0.201,0.6717,0.055,2,0,0
154.22,2,3,98.72,1,1.3482,10.6448,2,0,0.0511,0.442,0.0531,0,0,1
290.04,5,6,128.28,1,0.7862,9.0934,2,0,0.1927,0.7887,0.1545,0,1,1
104.45,1,2,100.3,0,0.9004,0.0,3,0,0.1752,0.3134,0.1203,1,0,1
295.86,2,5,78.12,1,1.2822,0.0,4,0,0.4085,0.6691,0.2097,2,0,0
597.67,3,1,92.69,0,1.2684,0.0,4,0,0.8156,0.4257,0.2176,3,1,1
335.97,3,3,240.22,0,1.9195,7.8074,4,0,0.7442,0.5927,0.075,1,0,1
381.61,3,3,64.45,0,1.5471,8.8522,2,0,0.2573,0.3517,0.1704,1,1,1
242.6,3,0,16.64,2,1.3305,0.0,7,0,0.4168,0.5152,0.1121,2,0,1
205.54,1,1,18.22,1,1.465,0.0,3,1,0.3856,0.2824,0.2789,0,1,1
80.11,0,1,168.55,1,1.4062,0.0,4,1,0.6366,0.3777,0.1614,0,1,0
198.29,2,0,55.66,1,1.1175,0.0,1,0,0.0768,0.1874,0.1756,2,1,1
287.23,3,3,140.04,3,1.2119,0.0,3,0,0.7066,0.6736,0.0726,0,0,1
321.52,5,1,85.57,1,0.6911,8.4265,9,0,0.33,0.3931,0.1472,1,1,0
585.12,3,1,57.75,1,1.3143,0.0,3,0,0.2547,0.6765,0.0292,0,1,1
241.33,4,1,63.04,0,0.6978,4.9762,3,0,0.166,0.5271,0.0959,0,0,1
335.6,5,5,127.42,1,0.5405,0.0,3,0,0.5859,0.4035,0.0804,0,1,1
147.77,2,4,105.96,1,0.9869,0.0,5,0,0.5351,0.4012,0.1935,1,0,0
211.8,2,2,23.47,1,0.7931,0.0,4,1,0.1913,0.3169,0.1542,1,0,0
126.16,3,3,60.62,1,1.2855,0.0,6,1,0.4002,0.4758,0.0913,0,0,0
154.67,4,0,85.09,1,0.6204,8.0238,6,1,0.5901,0.6535,0.1273,1,1,0
141.91,3,3,80.08,0,1.2018,4.241,1,0,0.2657,0.4817,0.1687,2,1,1
246.36,4,1,84.76,1,1.7073,7.7143,4,0,0.7294,0.7771,0.2417,1,1,1
538.63,2,4,125.84,0,1.4665,0.0,2,0,0.3352,0.1974,0.0863,1,0,1
239.23,5,2,12.29,2,1.6399,0.0,4,1,0.4443,0.6786,0.0082,1,0,0
280.65,1,2,151.16,2,0.9729,12.3402,9,1,0.5205,0.3468,0.0228,0,1,1
339.98,2,5,70.26,4,0.6796,0.0,5,0,0.7728,0.3759,0.3294,3,0,1
235.24,5,2,119.19,1,2.7988,0.0,6,0,0.2918,0.7993,0.2159,1,0,0
434.07,5,4,120.57,0,1.402,0.0,4,1,0.0721,0.5074,0.042,0,0,1
321.92,3,6,127.06,0,0.6885,3.8535,4,0,0.3997,0.3091,0.1001,1,0,1
438.11,3,1,75.83,0,0.4787,0.0,2,0,0.2809,0.3971,0.1135,1,1,0
107.58,2,3,203.63,0,1.2111,10.5731,1,0,0.8102,0.5843,0.1647,3,1,1
200.48,0,2,87.64,1,1.5698,0.0,5,0,0.5114,0.4348,0.1381,1,1,0
110.73,2,3,129.27,1,0.8943,0.0,3,0,0.5204,0.4659,0.2028,3,0,1
524.01,2,1,92.95,3,1.4163,0.0,2,0,0.4452,0.5599,0.0957,1,1,0
459.76,9,2,110.3,3,0.9804,4.3648,5,0,0.3463,0.1422,0.1045,2,0,1
201.46,2,1,29.53,1,0.7165,0.2085,2,0,0.5585,0.195,0.1828,1,0,0
211.23,4,3,135.73,1,0.4639,0.0,1,0,0.3686,0.3081,0.0599,0,1,0
511.13,4,2,60.53,2,2.9506,0.0,8,0,0.6837,0.4667,0.1255,0,1,1
88.87,2,2,32.69,0,2.2101,0.0,4,1,0.8277,0.3117,0.1326,1,0,1
70.64,2,1,18.08,1,1.0628,8.6758,5,0,0.343,0.5901,0.0421,0,1,0
466.67,5,3,135.17,2,1.6461,7.4357,4,1,0.4381,0.5833,0.1014,1,1,1
218.48,2,2,62.29,0,1.394,0.0,3,0,0.7731,0.4798,0.2468,2,0,1
320.94,2,0,180.25,2,0.8137,0.0,8,1,0.7732,0.6256,0.1115,0,1,0
348.54,5,3,53.24,2,0.4701,0.0,4,0,0.1367,0.5567,0.1566,2,0,0
294.82,5,5,155.52,1,2.3761,11.225,4,0,0.4483,0.5126,0.1592,2,0,1
220.42,2,1,60.06,1,2.3737,0.0,8,0,0.3299,0.3396,0.1525,0,1,1
600.0,5,7,78.39,2,1.2252,0.0,5,0,0.3171,0.3027,0.1998,0,0,1
115.71,2,2,53.96,4,0.5197,5.5472,6,0,0.7412,0.2616,0.1436,1,1,1
386.4,1,1,165.79,3,2.2227,0.0,2,0,0.1348,0.4395,0.2208,0,0,1
199.59,6,1,111.64,1,1.2509,0.0,5,0,0.4571,0.4574,0.0893,2,0,0
600.0,3,3,143.48,0,1.4361,2.8525,5,0,0.4959,0.4576,0.1469,5,1,1
212.17,3,1,109.54,3,1.7823,0.0,3,0,0.5402,0.571,0.0362,0,1,1
452.09,3,2,165.18,0,0.8243,0.0,3,0,0.2026,0.4271,0.1441,5,0,0
424.82,8,3,185.61,2,1.453,0.0,8,0,0.5314,0.5167,0.0352,2,1,1
372.76,2,3,92.69,2,0.6572,11.2134,8,0,0.6271,0.4601,0.1169,0,1,1
206.63,6,6,94.32,0,1.4217,5.2541,3,0,0.8544,0.2218,0.2047,2,1,1
64.56,0,3,38.96,0,0.7338,0.0,3,0,0.4888,0.37,0.0149,0,1,0
111.51,2,3,8.43,2,1.0497,0.0,3,1,0.5273,0.5836,0.1597,0,1,0
367.8,3,4,165.72,0,1.3221,0.0,5,0,0.2139,0.6849,0.2516,3,1,1
376.34,4,3,85.34,1,1.0631,0.0,10,0,0.5683,0.582,0.0178,1,1,1
310.94,4,4,242.65,1,0.9805,0.0,4,1,0.6475,0.5089,0.1808,0,0,1
84.9,1,2,138.41,0,0.9163,8.2366,8,0,0.3683,0.2867,0.0733,2,0,0
600.0,4,0,97.3,1,0.9799,0.0,3,1,0.4607,0.6063,0.1772,2,0,0
483.9,2,3,33.57,1,2.2814,8.9348,5,0,0.5263,0.5316,0.1654,0,0,1
370.55,2,1,86.96,1,1.4259,12.0738,1,0,0.0921,0.5523,0.0239,0,1,1
164.53,1,0,93.9,1,2.4043,0.0,7,0,0.4154,0.6822,0.0575,0,1,1
414.11,8,4,123.11,1,1.2637,5.1872,8,0,0.5914,0.4568,0.0144,2,1,1
158.37,1,1,91.33,1,1.3809,0.0,2,1,0.1312,0.726,0.0106,1,0,0
470.97,10,5,78.25,1,1.3624,0.0,5,0,0.7187,0.7361,0.0863,2,0,1
249.33,1,0,108.1,2,2.0975,0.0,1,1,0.3227,0.8,0.2218,1,1,0
389.98,4,2,20.82,3,1.4432,0.0,2,1,0.8241,0.7335,0.1564,3,0,1
329.07,1,4,168.82,0,1.6138,9.5206,3,0,0.7696,0.4445,0.1749,2,1,1
234.53,1,4,44.57,2,1.0727,0.0,6,0,0.8298,0.3332,0.307,3,1,0
124.0,3,1,238.74,2,0.8486,0.0,1,0,0.2186,0.3145,0.0189,2,0,1
282.16,4,3,189.64,1,1.1193,0.0,5,0,0.4245,0.5012,0.0884,5,0,1
72.0,2,2,149.12,1,1.4139,0.0,5,0,0.463,0.4117,0.0882,1,1,0
236.81,2,0,108.71,0,1.7265,0.0,1,0,0.7233,0.5214,0.0187,0,1,1
121.08,0,3,8.24,1,0.4506,8.3163,2,0,0.1591,0.3763,0.0578,1,0,1
331.13,1,5,189.06,3,2.6581,0.0,7,1,0.2145,0.701,0.141,1,1,1
401.22,7,6,87.65,0,1.0725,2.8608,4,1,0.2768,0.6212,0.315,2,1,1
511.12,2,4,146.45,1,1.0484,0.0,2,0,0.4537,0.543,0.265,1,1,0
219.81,5,3,113.54,1,1.0571,12.2555,6,0,0.3492,0.4586,0.173,1,0,1
114.94,2,2,11.67,0,0.5361,4.1882,2,0,0.2679,0.225,0.1015,1,0,0
466.71,2,1,79.98,2,1.2807,1.5743,3,0,0.6846,0.7726,0.1094,1,1,1
280.98,3,3,145.6,1,1.4965,0.0,5,0,0.5511,0.3755,0.0259,0,1,0
221.7,2,2,67.92,1,2.7573,1.735,2,0,0.318,0.5218,0.1447,0,1,1
600.0,8,2,119.5,3,0.6685,7.9613,6,1,0.2771,0.5922,0.1069,4,1,1
105.12,1,1,94.44,2,2.4966,0.0,5,0,0.0283,0.6967,0.2268,0,1,1
188.09,4,1,27.49,1,1.2407,0.0,2,1,0.7075,0.6731,0.1881,2,0,0
165.22,3,3,113.92,1,2.0402,0.0,7,1,0.7427,0.7505,0.1673,1,0,1
287.89,3,2,18.81,0,0.5018,0.0,4,0,0.525,0.2544,0.1023,1,0,1
159.34,3,3,117.78,1,2.7225,0.0,6,0,0.4097,0.3469,0.1206,0,0,1
75.72,1,1,86.66,1,1.1066,0.0,6,0,0.7091,0.3346,0.0586,0,0,1
163.89,2,2,34.31,3,2.5285,1.8683,9,0,0.4024,0.6271,0.0708,0,1,1
216.61,6,3,162.35,2,1.7073,5.0408,5,0,0.573,0.6123,0.193,1,1,1
282.86,2,3,104.32,0,1.577,0.0,7,1,0.3313,0.5188,0.0211,2,0,0
260.08,3,4,128.51,0,1.0811,0.0,6,0,0.8078,0.446,0.1132,1,0,1
264.89,6,2,136.79,2,2.2542,0.0,6,1,0.7372,0.5038,0.1074,2,0,1
117.46,2,2,127.78,3,2.1449,0.0,7,0,0.2266,0.7351,0.314,1,1,1
242.96,1,0,22.56,1,0.8248,0.0,4,1,0.1645,0.6757,0.0952,2,1,1
323.88,2,1,161.7,1,2.0214,10.3925,7,0,0.3922,0.4644,0.1607,2,0,1
242.08,3,0,191.93,2,0.9624,6.8531,4,1,0.7672,0.4576,0.0912,0,0,1
368.77,3,2,27.58,1,1.1941,8.9296,5,0,0.4891,0.3672,0.2118,2,1,0
243.69,2,0,76.62,2,1.5257,0.0,2,0,0.1559,0.587,0.0153,1,1,0
220.98,3,4,161.03,1,0.8639,0.0,2,1,0.4615,0.6558,0.1121,0,0,1
231.16,3,1,53.03,2,1.8568,0.0,2,0,0.094,0.2593,0.1947,1,0,1
228.36,1,2,21.63,1,1.1583,0.0,5,0,0.1443,0.1841,0.0634,1,0,0
350.59,3,2,89.63,2,1.3636,0.0,6,0,0.1309,0.5219,0.1375,1,1,1
243.9,2,3,113.58,1,0.6159,0.0,3,1,0.6457,0.4268,0.0501,2,0,0
195.24,3,3,112.82,0,0.7971,7.7229,4,0,0.7127,0.7021,0.0828,2,0,1
259.79,3,1,92.76,2,2.2541,5.0961,6,1,0.5148,0.7598,0.1189,4,1,1
299.64,3,5,77.76,0,1.8407,0.0,4,0,0.2702,0.531,0.1811,1,0,1
254.76,3,4,21.93,0,1.4488,7.0767,2,1,0.3123,0.3048,0.2445,0,0,0
336.04,6,3,134.32,0,1.2142,0.0,4,0,0.3177,0.3868,0.1746,2,1,1
231.0,4,4,122.65,3,1.179,0.0,6,0,0.4467,0.3104,0.1455,1,0,1
215.21,2,2,185.33,1,1.0609,6.9596,4,0,0.3554,0.5415,0.0832,0,0,1
107.3,0,2,83.88,2,2.367,0.0,4,1,0.7648,0.6001,0.0583,2,1,0
358.36,5,3,172.72,1,0.6645,0.0,8,0,0.5467,0.4113,0.1865,2,0,1
330.02,3,2,109.86,3,0.9567,0.0,10,0,0.3192,0.3344,0.0414,0,0,1
210.93,2,5,66.74,1,0.9625,11.6544,4,0,0.6789,0.3531,0.1019,1,1,0
94.61,2,2,79.36,2,1.9028,5.7654,7,1,0.4625,0.6286,0.0504,1,0,1
441.06,10,6,167.58,0,1.7704,5.2654,5,1,0.7502,0.816,0.1814,2,1,1
47.2,0,2,80.94,2,1.2867,0.0,3,0,0.5605,0.5296,0.0812,1,0,0
523.16,3,3,212.73,3,1.9931,8.6151,4,0,0.2696,0.3831,0.1473,2,0,1
166.11,2,1,218.85,0,1.6937,0.0,2,1,0.4936,0.3865,0.069,0,1,1
355.06,7,3,35.31,0,0.9305,0.0,3,1,0.244,0.3148,0.1635,1,0,0
427.17,3,4,150.38,1,1.1221,7.9432,1,1,0.6073,0.5336,0.1308,4,0,1
504.66,5,4,113.11,2,2.5258,0.0,6,0,0.532,0.5991,0.1773,1,0,1
364.71,8,2,185.37,2,0.3756,4.0179,5,0,0.6861,0.4647,0.1356,1,0,1
303.75,1,3,78.24,0,0.769,3.4777,1,0,0.8649,0.5732,0.0654,0,0,0
490.64,2,3,58.49,1,0.8788,6.4522,1,0,0.2048,0.5634,0.3884,3,1,0
312.26,2,3,19.37,0,0.8235,0.0,4,1,0.124,0.202,0.0436,1,0,0
104.72,1,2,114.11,0,1.6146,9.8759,1,0,0.5516,0.5718,0.0437,2,1,0
195.54,5,0,126.0,2,0.9933,0.0,3,0,0.6663,0.6759,0.0633,1,0,0
309.46,2,4,102.04,3,1.4022,0.0,5,0,0.6057,0.454,0.0612,2,0,0
234.08,2,2,94.74,2,0.7194,0.0,6,1,0.1729,0.3861,0.1727,0,0,1
161.68,1,2,34.95,1,1.3547,10.3773,2,1,0.6195,0.7146,0.0401,0,0,1
164.4,5,2,167.15,1,0.4917,9.6698,6,0,0.669,0.3434,0.2679,1,1,1
66.18,1,4,85.95,1,0.9293,2.0152,5,0,0.3786,0.3645,0.2118,0,0,1
231.22,1,1,175.62,1,1.6135,0.0,9,0,0.5045,0.4432,0.0469,2,1,1
277.22,2,1,9.67,1,0.7996,1.46,5,0,0.621,0.481,0.1195,0,0,1
367.16,2,3,9.67,0,3.7608,0.0,6,0,0.5585,0.5027,0.1736,3,0,1
65.97,1,3,15.39,1,1.227,0.0,10,1,0.1527,0.3605,0.0109,0,1,0
288.29,3,0,76.21,0,0.9729,0.0,6,0,0.5324,0.2715,0.1815,2,0,1
129.19,0,4,45.45,3,0.6302,0.0,7,1,0.6848,0.2748,0.1762,2,0,1
242.66,0,5,120.54,0,1.3832,0.0,1,0,0.7592,0.3116,0.1281,0,0,0
141.77,2,0,62.74,0,0.5593,8.1947,3,0,0.4386,0.284,0.2118,0,1,0
127.34,3,4,29.94,0,1.7348,0.0,7,0,0.3481,0.7563,0.0676,1,0,1
238.81,6,3,77.32,0,2.2156,0.0,5,1,0.3824,0.5608,0.0888,3,1,0
600.0,9,2,144.28,1,1.1875,0.0,4,0,0.5846,0.6154,0.2006,2,0,0
319.37,7,2,53.19,1,2.8192,0.0,6,0,0.7949,0.5606,0.2141,2,0,1
275.29,2,2,157.15,1,2.6592,0.0,4,0,0.1225,0.7586,0.1212,3,0,1
414.9,5,5,188.59,2,0.7116,2.4279,7,1,0.507,0.1115,0.1525,2,1,1
332.54,2,1,48.79,0,1.3389,0.0,9,1,0.396,0.4668,0.3378,1,1,0
196.54,0,4,75.92,1,2.1744,0.0,5,0,0.6744,0.6348,0.0233,0,1,1
476.15,4,3,120.62,1,0.886,0.0,3,0,0.6073,0.6674,0.053,2,1,1
251.69,4,5,88.65,1,0.7807,2.1627,3,0,0.0325,0.4965,0.0259,1,1,0
314.51,5,4,70.57,0,0.8142,0.0,3,0,0.3156,0.7584,0.1335,1,1,1
228.07,3,1,121.41,2,1.0715,9.5472,8,1,0.3429,0.6779,0.1116,3,1,0
195.74,2,2,95.19,1,0.4882,2.5882,9,0,0.3084,0.4314,0.0945,2,1,0
237.93,2,0,20.38,2,2.5387,5.0528,6,0,0.4964,0.5916,0.1208,0,0,1
600.0,4,6,191.86,1,1.272,0.0,4,0,0.4596,0.6691,0.2237,0,1,1
290.22,3,5,132.18,1,1.3081,10.1066,6,1,0.4216,0.6413,0.3056,3,1,1
381.29,4,3,9.11,0,1.4354,0.0,3,0,0.3613,0.5324,0.4178,0,0,0
365.69,6,4,229.72,0,0.9406,11.0624,2,0,0.3843,0.4076,0.2384,0,0,1
183.3,0,5,62.5,1,0.7644,7.3907,4,1,0.3203,0.1487,0.0892,3,1,0
84.58,0,1,43.3,4,1.0186,5.4136,6,0,0.1497,0.3817,0.1972,0,1,1
197.23,1,2,134.32,1,0.9573,0.0,6,0,0.4027,0.5478,0.1545,1,1,0
482.62,6,0,65.61,0,0.9881,12.0136,4,0,0.6889,0.2322,0.0084,0,0,0
238.66,1,3,162.8,1,0.6175,3.0107,3,0,0.1923,0.4374,0.0121,2,1,0
305.58,3,1,117.86,0,1.3155,10.0632,8,0,0.6104,0.4773,0.1201,1,0,1
330.68,2,1,190.93,3,0.7087,7.7096,8,0,0.194,0.5143,0.0619,1,0,1
194.16,5,0,78.64,0,1.4541,0.0,8,0,0.8998,0.3811,0.1612,1,0,1
286.38,2,5,87.74,1,1.5752,0.0,4,0,0.3442,0.5534,0.2846,2,1,1
283.7,2,1,164.39,0,0.796,7.6176,4,0,0.5498,0.3532,0.0556,0,0,0
446.58,6,4,129.68,2,1.8362,0.0,6,0,0.2144,0.7649,0.2639,3,1,1
294.41,4,3,123.68,2,1.4846,0.0,5,0,0.5293,0.3099,0.2887,3,0,1
462.35,6,4,87.25,0,0.8072,0.0,5,0,0.722,0.263,0.1438,3,0,1
269.91,1,1,92.09,1,1.1095,0.0,2,0,0.39,0.4379,0.1111,1,1,0
257.92,1,0,37.37,1,0.9794,5.8121,4,0,0.3096,0.5483,0.0411,0,1,0
500.97,5,2,48.16,0,2.1398,0.0,3,1,0.5459,0.7072,0.087,1,0,1
600.0,8,3,97.28,3,2.4249,7.3934,7,0,0.6497,0.4409,0.1247,1,0,1
165.31,1,5,159.84,1,0.4517,0.0,1,0,0.205,0.1283,0.1156,0,0,0
368.38,2,5,126.76,2,2.3211,0.0,5,0,0.676,0.7103,0.0946,2,0,0
56.56,0,2,29.03,0,1.3284,1.3326,1,0,0.4032,0.2656,0.1086,0,1,0
223.86,3,4,46.49,0,1.3455,4.7121,5,1,0.7486,0.5103,0.0996,3,1,1
269.23,1,3,96.42,2,1.1288,0.0,4,0,0.7376,0.2967,0.1172,2,1,1
251.8,3,1,84.53,1,0.9289,0.0,6,0,0.6665,0.7069,0.0415,0,0,1
100.76,2,2,122.96,0,1.373,0.0,4,0,0.5863,0.7938,0.0954,1,0,0
239.1,4,2,118.14,1,0.8279,9.5788,2,0,0.5833,0.1792,0.2003,2,0,0
241.04,4,5,59.39,1,0.7933,9.5624,2,0,0.4805,0.3578,0.1329,0,1,1
351.66,0,0,93.61,3,2.1332,0.0,10,1,0.2175,0.4724,0.0812,2,0,1
587.83,3,4,190.95,1,0.9752,11.0602,4,0,0.3078,0.3239,0.2551,1,1,1
168.91,2,4,122.23,2,1.8566,9.2471,9,1,0.0574,0.5821,0.0865,1,1,1
100.4,0,0,47.24,1,1.5415,0.0,5,0,0.7516,0.6335,0.0254,0,1,0
162.67,3,3,54.51,1,2.1142,10.3582,4,1,0.3323,0.5506,0.0403,3,0,1
185.6,1,1,40.5,3,1.1325,0.0,6,0,0.3998,0.405,0.0141,1,0,1
277.53,1,4,9.55,1,0.4207,0.0,2,1,0.7016,0.6033,0.0472,2,0,0
106.61,2,1,50.59,3,1.0315,6.354,3,0,0.3287,0.3072,0.1166,2,0,0
89.84,1,1,60.78,0,1.2993,0.0,2,1,0.3623,0.5473,0.1289,0,0,0
537.91,7,5,145.25,1,0.794,0.0,4,1,0.81,0.6736,0.1703,1,1,1
117.29,0,2,44.09,1,1.4097,2.0045,4,0,0.4609,0.6204,0.1273,3,1,0
315.61,0,3,217.33,1,0.9918,11.3885,9,1,0.107,0.206,0.3015,1,1,1
247.65,0,1,25.48,2,1.7538,0.0,4,0,0.1062,0.4382,0.2353,1,1,0
310.58,0,0,105.14,0,1.1643,0.0,8,1,0.2858,0.4994,0.0651,1,0,0
404.84,2,1,37.88,0,1.4733,0.0,4,0,0.6226,0.5123,0.1182,2,1,1
193.82,2,2,23.02,0,1.6619,0.0,4,1,0.6271,0.1035,0.0446,2,0,0
362.42,5,1,113.07,0,0.6989,0.0,1,0,0.1075,0.3532,0.1192,2,0,1
472.03,7,3,192.78,1,1.0361,0.0,6,0,0.5952,0.6475,0.0393,1,0,0
390.06,3,3,170.96,0,0.5755,7.7759,2,0,0.8044,0.2794,0.113,1,0,1
336.03,4,4,192.76,0,1.6311,6.5073,3,1,0.5533,0.7892,0.241,1,0,1
330.76,4,5,57.84,0,0.4219,6.2799,7,0,0.4818,0.5746,0.0537,1,0,1
527.38,5,3,29.64,1,2.8171,0.0,5,0,0.1807,0.6887,0.1677,0,1,1
392.34,3,3,33.98,2,1.1293,0.0,5,1,0.3532,0.4605,0.1462,2,1,0
600.0,7,4,125.15,0,4.0,0.0,2,0,0.6731,0.5016,0.0234,4,0,1
185.19,1,4,132.43,2,1.3654,0.0,10,0,0.5067,0.3678,0.0074,1,0,1
92.57,2,2,129.79,1,1.9079,0.0,2,1,0.1826,0.4765,0.1726,2,0,1
208.19,1,1,91.53,1,1.2145,0.0,4,0,0.2324,0.6821,0.0897,1,0,1
411.94,3,5,111.45,0,1.4729,0.0,3,0,0.7375,0.7123,0.2352,2,0,1
261.59,2,2,20.88,1,2.4392,8.5236,5,1,0.3924,0.6746,0.2654,2,1,1
113.74,1,2,152.53,1,1.1749,9.1262,2,0,0.5128,0.2172,0.0716,4,0,0
244.58,3,2,33.76,0,0.5722,9.96,1,0,0.323,0.5941,0.0468,1,1,0
600.0,1,3,122.0,1,0.8929,0.0,3,0,0.4779,0.6245,0.0848,3,1,0
460.6,0,3,47.54,1,1.6144,5.5802,9,0,0.6175,0.1364,0.0893,3,1,0
135.08,1,3,65.91,1,1.0172,0.0,5,0,0.7773,0.2957,0.1365,0,0,0
103.43,1,1,98.59,1,1.0709,0.0,4,0,0.3696,0.5435,0.0824,0,1,0
290.4,4,3,93.59,1,0.671,4.3624,5,0,0.6098,0.5122,0.0984,2,0,1
85.7,0,2,37.73,0,0.9338,0.0,2,1,0.6093,0.3755,0.0481,0,0,1
214.46,2,0,50.92,0,0.6606,0.0,6,0,0.309,0.4959,0.0658,1,0,1
150.73,2,2,22.21,0,0.5959,8.0874,2,1,0.3652,0.2516,0.1085,1,0,1
231.97,3,0,104.4,1,1.9784,9.1322,7,0,0.2339,0.3288,0.0364,0,1,1
268.38,4,0,77.65,0,1.8273,0.0,3,1,0.5083,0.6867,0.0194,0,0,1
394.69,1,5,135.28,0,1.4903,0.0,5,0,0.3106,0.3798,0.0235,4,1,0
117.84,0,1,81.56,5,1.374,0.0,5,1,0.2574,0.4962,0.3139,2,1,1
282.47,4,2,177.71,2,0.8424,6.9464,2,1,0.1809,0.5559,0.0373,2,0,1
298.87,4,1,21.1,2,1.4919,0.0,2,0,0.1843,0.4866,0.1092,1,0,1
339.3,4,5,98.12,1,1.0814,2.9695,1,1,0.8536,0.2326,0.0722,0,0,1
247.33,5,2,184.46,0,1.3991,0.0,5,0,0.3253,0.6745,0.1287,2,1,1
391.37,2,0,146.8,3,1.0979,0.0,6,0,0.673,0.3558,0.1137,0,0,1
179.96,0,2,55.12,0,1.8245,0.0,6,0,0.6336,0.1809,0.1438,0,0,1
568.75,3,3,106.68,0,0.8481,0.0,4,0,0.3547,0.3354,0.1959,1,0,1
517.63,1,2,15.77,3,1.5657,8.6397,3,0,0.6584,0.5507,0.1334,0,0,0
184.3,0,1,60.5,2,0.6393,0.0,1,0,0.5194,0.4566,0.1485,0,0,0
35.51,0,0,50.07,2,1.4008,0.0,3,0,0.185,0.1453,0.1495,0,0,1
48.78,0,5,99.73,2,0.9732,0.0,4,1,0.8207,0.2924,0.1313,1,0,1
147.33,1,1,19.53,1,0.5271,1.8748,4,0,0.294,0.3981,0.1044,1,0,1
133.0,1,1,121.27,1,2.3548,0.0,6,0,0.5149,0.5238,0.2742,1,0,1
238.06,2,1,80.47,0,1.3406,0.0,5,0,0.5575,0.4134,0.1327,0,0,1
339.93,3,2,29.92,3,1.2538,0.0,4,0,0.4886,0.5069,0.014,1,1,0
342.5,2,0,106.27,2,1.3284,0.0,2,0,0.2232,0.7245,0.1662,0,1,0
232.99,3,1,8.05,1,1.2114,9.5737,6,0,0.3369,0.6359,0.1405,1,1,0
539.49,1,5,10.7,0,0.7744,0.0,3,1,0.5233,0.3357,0.1351,1,1,0
129.71,3,1,50.64,1,1.2682,0.0,5,0,0.6611,0.4654,0.2175,2,0,1
354.45,1,3,20.32,1,0.541,0.0,2,0,0.4891,0.283,0.0357,1,1,0
177.83,1,3,87.66,1,2.9765,0.0,2,0,0.8266,0.6468,0.0258,0,0,1
320.04,4,2,42.22,2,1.5528,8.2837,3,0,0.5229,0.4086,0.2491,2,1,1
382.91,2,2,59.73,1,2.2068,0.0,7,1,0.1253,0.557,0.2645,1,0,1
393.61,5,4,179.73,0,0.5259,7.3117,4,0,0.9007,0.348,0.1995,4,1,1
447.06,1,1,23.39,1,0.9802,0.0,5,0,0.4479,0.7427,0.2889,3,0,0
165.46,2,3,8.75,0,0.7108,3.2626,2,1,0.638,0.5914,0.1727,1,0,0
191.3,1,2,85.75,2,2.6418,0.0,5,0,0.4092,0.6299,0.1973,2,0,1
338.84,7,5,153.45,1,0.9428,0.0,5,1,0.3921,0.3778,0.1463,0,0,1
600.0,3,3,75.66,0,0.6802,8.9869,4,0,0.4236,0.536,0.1084,0,0,1
70.18,1,1,147.15,1,0.8115,0.0,3,0,0.5453,0.5637,0.0378,0,0,0
277.64,1,0,100.01,0,1.3444,11.114,5,0,0.5933,0.4471,0.1492,0,0,1
302.0,6,3,188.91,2,2.1015,0.0,2,0,0.6006,0.4977,0.1652,1,1,1
259.9,3,3,82.68,0,1.3307,0.0,4,0,0.8449,0.562,0.0548,0,0,0
277.42,1,0,38.53,1,2.7772,0.0,3,0,0.4012,0.568,0.0466,0,0,1
34.07,0,0,46.85,1,1.1794,4.0015,5,0,0.7587,0.4229,0.0433,0,1,0
234.37,2,4,231.43,2,3.0447,0.0,6,1,0.5663,0.5086,0.0178,2,0,1
161.64,0,0,21.51,0,3.3119,0.0,6,0,0.3901,0.6677,0.0786,1,1,1
176.22,4,1,86.74,0,0.8224,0.0,3,1,0.4007,0.7767,0.0686,4,0,0
228.82,3,2,38.57,3,1.4116,3.0633,4,0,0.704,0.2174,0.0488,1,1,1
179.23,4,3,155.13,2,1.5117,0.0,2,0,0.5714,0.2672,0.0301,2,0,1
340.38,4,1,114.27,0,1.3392,0.0,3,1,0.6133,0.6113,0.1865,2,1,0
508.6,4,3,53.02,0,1.0437,3.408,4,1,0.7984,0.4265,0.1505,1,0,1
391.37,5,2,22.55,0,1.5098,10.4978,3,0,0.3502,0.5996,0.1248,3,0,1
472.93,3,2,148.56,0,0.7917,7.8641,2,1,0.5009,0.7005,0.1781,1,1,0
203.67,3,2,31.31,1,1.1378,7.8074,2,0,0.7195,0.4532,0.0407,0,1,1
332.0,3,2,6.93,0,3.7834,0.0,3,0,0.7847,0.7845,0.1422,0,0,1
539.44,3,2,66.49,0,1.2342,0.0,4,0,0.3312,0.4539,0.3375,0,0,1
383.71,5,3,75.43,3,1.7786,0.0,5,0,0.3781,0.6377,0.1064,0,1,1
133.23,3,1,70.52,1,2.499,3.1631,4,1,0.519,0.4957,0.0793,4,0,1
185.89,4,3,38.84,0,0.5426,0.0,5,0,0.8619,0.3739,0.1056,1,0,1
191.22,2,4,35.72,1,1.0475,0.0,2,0,0.4736,0.2204,0.0447,3,0,0
543.42,7,2,49.92,0,1.008,6.7898,2,1,0.2671,0.2717,0.2908,1,1,1
481.27,6,6,138.93,1,1.7719,0.0,8,1,0.5267,0.5002,0.1551,4,0,1
333.32,3,2,94.82,1,1.5246,0.0,9,0,0.5065,0.5484,0.1446,3,0,1
222.55,1,3,140.53,3,0.745,0.0,6,0,0.2175,0.5155,0.2256,1,0,0
283.82,3,6,52.46,2,0.8721,0.0,6,0,0.4025,0.5687,0.2226,3,1,0
230.2,3,2,164.6,1,1.3434,7.4595,2,0,0.3779,0.5572,0.0057,1,1,0
485.53,6,2,56.61,2,0.6615,0.0,7,0,0.628,0.559,0.0932,2,1,1
199.32,1,3,119.27,0,2.5332,0.0,5,0,0.4334,0.5997,0.1916,1,1,0
391.8,5,1,69.18,0,1.7067,0.0,3,0,0.5543,0.7946,0.054,3,0,1
240.42,2,2,124.6,0,2.161,0.0,5,0,0.8482,0.5222,0.1358,0,0,1
143.48,1,2,62.82,1,0.754,3.358,6,0,0.4577,0.2384,0.1474,1,1,1
146.18,0,1,54.75,1,1.5577,0.0,2,0,0.4224,0.2171,0.0596,0,0,0
517.61,4,4,140.11,0,1.0935,0.0,3,1,0.2598,0.3984,0.0172,0,1,0
474.48,3,1,56.57,3,0.6886,5.8575,10,1,0.5752,0.3266,0.0326,0,1,0
482.71,1,2,173.19,2,0.5704,3.9179,9,0,0.288,0.6047,0.1465,1,1,1
265.81,4,2,15.0,0,1.6978,0.0,9,1,0.8815,0.5105,0.1208,0,0,1
108.95,0,1,122.28,0,0.343,0.3414,3,0,0.5252,0.2281,0.0851,0,0,0
512.42,3,3,72.76,0,0.7889,5.2284,1,0,0.6616,0.1751,0.1388,1,0,1
16.76,0,1,95.17,0,1.9297,0.0,7,0,0.1326,0.2423,0.1768,0,0,0
404.99,3,2,70.67,1,1.0866,0.0,1,1,0.2602,0.3227,0.0496,1,0,1
600.0,3,4,114.19,1,0.8883,0.9061,4,0,0.3499,0.2352,0.2252,1,1,1
337.54,0,2,62.78,0,1.3627,4.6331,6,0,0.4968,0.7017,0.047,2,0,0
213.23,0,3,26.1,1,0.7855,2.1076,5,0,0.3159,0.3798,0.105,2,1,0
278.6,5,2,6.72,1,1.5923,0.0,5,1,0.311,0.5359,0.0407,2,0,1
35.48,0,2,63.9,0,0.8698,0.0,3,1,0.4677,0.8124,0.0492,0,0,0
313.4,3,1,130.34,0,0.3873,0.0,4,0,0.1511,0.3527,0.2022,0,0,1
303.08,5,3,89.52,1,1.1052,12.5419,3,0,0.2732,0.705,0.1297,2,1,1
348.99,5,4,80.18,0,0.6217,0.0,2,0,0.6116,0.2055,0.1888,2,0,1
600.0,5,4,129.81,3,1.517,4.056,4,0,0.7925,0.3154,0.1685,1,0,1
506.88,5,2,174.51,3,1.1219,9.2064,6,1,0.7349,0.5062,0.1086,3,0,1
117.93,1,2,92.62,0,1.1734,0.0,6,1,0.2291,0.5142,0.0931,4,1,0
191.72,4,0,72.65,0,2.2118,2.2293,1,1,0.7487,0.3326,0.1143,0,0,1
314.96,4,1,69.84,0,1.5233,0.0,6,0,0.5744,0.4163,0.1296,2,1,1
256.16,3,1,155.05,0,0.602,0.0,5,0,0.6264,0.2301,0.0777,1,0,0
439.89,7,3,129.44,1,0.7462,0.0,5,0,0.6354,0.117,0.3519,2,0,1
146.62,1,2,136.05,0,2.1043,0.0,7,0,0.4105,0.5757,0.0115,3,1,0
351.65,2,3,178.31,1,1.1495,0.0,2,1,0.6055,0.3939,0.1117,1,1,0
371.21,0,3,97.6,0,1.4802,0.0,3,1,0.6393,0.4167,0.188,1,0,1
245.51,4,4,47.98,2,0.9486,9.4252,3,1,0.1736,0.3866,0.0503,0,0,1
393.22,3,2,42.33,3,1.4559,2.0346,4,0,0.449,0.6322,0.0754,3,1,1
103.26,2,1,85.42,3,2.651,0.0,5,0,0.4228,0.4696,0.0679,1,1,1
304.98,3,4,25.52,2,1.774,11.3279,3,0,0.6932,0.7138,0.0553,0,0,1
349.53,8,2,142.27,2,1.63,11.1196,9,1,0.5056,0.7464,0.2352,2,0,1
160.16,1,1,20.23,1,3.8101,0.0,7,1,0.5051,0.5676,0.1837,1,1,1
218.86,0,3,81.0,1,1.3593,0.0,2,0,0.7814,0.4873,0.2171,5,1,0
272.97,2,5,90.49,1,1.3371,0.0,9,0,0.191,0.5239,0.2867,3,1,1
550.96,3,1,62.27,1,0.6921,0.0,5,1,0.1106,0.4164,0.1405,1,1,1
370.94,3,1,92.75,0,1.7091,0.0,1,0,0.3537,0.6056,0.0224,3,1,1
281.69,1,3,106.44,0,1.9108,0.0,2,0,0.4276,0.8748,0.123,3,1,0
49.25,0,0,45.55,0,0.9892,0.0,5,0,0.4979,0.4754,0.1332,1,1,0
332.94,3,4,157.12,2,0.8349,5.2992,8,0,0.5978,0.3751,0.216,3,0,1
116.22,1,0,131.71,1,1.394,12.699,3,0,0.9157,0.6073,0.1646,2,1,1
286.66,1,1,27.09,2,0.4281,0.0,3,0,0.5324,0.5442,0.2318,1,1,0
219.27,5,2,138.67,3,1.4973,0.0,8,0,0.2108,0.2975,0.0941,0,0,1
89.85,1,0,22.68,3,1.146,0.0,7,0,0.7051,0.3936,0.0393,1,1,1
291.0,0,1,66.01,3,1.3949,0.0,5,0,0.3208,0.4852,0.0949,0,0,0
490.58,2,3,110.81,1,1.3034,0.0,7,0,0.5,0.284,0.1903,2,1,0
284.43,3,1,30.91,0,1.2332,0.0,7,1,0.733,0.4505,0.1972,1,0,1
421.86,4,3,65.35,0,2.1358,6.2046,3,0,0.7779,0.6257,0.0696,2,1,1
178.7,0,1,17.22,1,0.9769,4.4912,3,1,0.2643,0.6734,0.012,0,1,0
174.44,1,3,108.6,2,1.772,0.0,10,1,0.414,0.6029,0.057,1,0,1
424.6,7,3,116.55,0,0.7835,1.4637,5,0,0.7146,0.2986,0.0789,4,1,1
341.09,6,1,148.31,2,1.9154,0.0,4,0,0.5292,0.72,0.1393,2,0,1
462.33,5,3,76.3,1,1.8396,0.0,3,1,0.7728,0.6636,0.246,2,1,1
579.64,4,2,148.69,0,1.4108,0.0,2,1,0.2452,0.694,0.0196,0,1,1
305.28,1,3,96.13,2,0.7532,11.7259,5,0,0.618,0.44,0.1628,1,1,0
154.67,2,2,104.31,0,0.6391,0.0,1,0,0.6458,0.4047,0.1026,2,0,0
285.06,7,3,64.52,4,0.7746,9.021,4,1,0.6846,0.5298,0.1078,2,0,1
310.67,1,2,261.94,1,0.973,5.0956,4,0,0.1821,0.6895,0.0417,0,1,0
419.46,4,3,77.01,1,1.6934,6.0407,3,1,0.4182,0.4478,0.1027,0,0,1
173.65,3,3,97.71,2,1.4169,0.0,5,1,0.3926,0.5578,0.2258,0,1,1
278.65,2,2,176.97,2,1.6773,9.9597,3,0,0.2471,0.5043,0.0453,3,1,1
366.69,5,2,30.74,1,2.0047,1.9916,6,1,0.2531,0.6934,0.156,2,1,1
209.71,0,1,135.86,3,1.3094,5.6591,9,0,0.7044,0.1941,0.2583,0,0,1
239.37,2,3,112.83,2,2.6495,0.0,8,0,0.3484,0.3748,0.1862,2,0,1
257.74,4,0,77.36,0,1.3346,0.0,1,0,0.4517,0.4613,0.0013,0,0,0
423.77,2,4,27.07,1,2.7065,6.2662,4,1,0.0994,0.6845,0.236,0,0,1
201.61,4,3,128.29,1,0.8151,0.0,7,0,0.5451,0.611,0.088,1,0,1
415.09,3,3,137.12,1,1.4151,13.6371,1,0,0.3361,0.5056,0.0194,2,1,1
291.17,2,2,62.32,0,0.9011,4.2836,3,0,0.1352,0.3803,0.0256,2,1,0
367.9,6,4,27.41,0,1.5319,0.0,4,0,0.4043,0.4083,0.1494,2,0,1
291.55,3,3,25.4,2,1.4138,0.0,7,1,0.4912,0.5647,0.069,2,1,0
153.28,3,4,38.84,3,1.4174,0.0,2,0,0.5999,0.4813,0.2085,0,0,0
317.87,5,5,217.87,4,1.8459,0.0,9,0,0.2649,0.6922,0.2384,2,0,1
232.9,5,3,138.32,1,0.9927,0.0,2,1,0.3565,0.5562,0.1857,0,0,0
363.67,3,2,191.92,1,0.7827,0.0,2,0,0.506,0.234,0.0392,1,1,0
323.84,3,3,115.52,0,0.976,0.0,8,0,0.6349,0.3769,0.1022,1,0,1
278.52,1,3,166.77,0,1.2123,0.0,1,1,0.6778,0.2897,0.059,1,0,0
200.75,4,3,87.45,3,0.8005,7.5822,8,0,0.4432,0.3082,0.0504,2,0,1
410.45,4,4,83.2,2,1.7517,0.0,3,0,0.7915,0.4399,0.1009,2,1,1
252.85,2,2,63.49,1,0.9236,0.0,3,1,0.6245,0.3331,0.1998,4,0,0
213.28,4,1,45.21,1,1.0261,0.0,4,0,0.399,0.6269,0.2277,1,0,1
421.66,1,2,91.51,0,2.063,4.4312,3,0,0.7723,0.1208,0.0458,0,1,0
27.59,0,2,60.59,1,1.6822,9.1334,5,0,0.4594,0.7573,0.1349,1,0,1
281.93,6,6,166.64,1,0.844,10.2314,4,0,0.5857,0.2752,0.0898,1,0,1
283.82,5,4,177.48,0,0.99,9.0941,1,0,0.4473,0.4122,0.0648,3,1,1
191.74,3,3,102.13,1,1.7435,0.0,2,0,0.4521,0.7451,0.0155,1,0,1
140.02,1,2,132.92,1,1.5354,9.6784,3,0,0.1839,0.4564,0.0612,4,1,0
191.18,3,2,66.31,1,2.8241,3.8548,7,1,0.2389,0.3918,0.0481,0,1,0
478.66,5,2,22.18,3,1.4934,0.0,9,0,0.1714,0.2821,0.0124,0,1,1
350.64,2,2,60.11,1,2.1148,0.0,4,0,0.349,0.6006,0.195,1,0,1
307.86,3,3,85.95,1,0.9974,0.0,10,0,0.318,0.2588,0.1734,0,0,1
549.22,9,0,185.69,1,2.0535,0.0,8,1,0.3031,0.4629,0.0367,1,1,1
456.75,6,2,196.97,1,0.4802,0.0,4,1,0.5767,0.1514,0.1308,4,0,0
277.35,5,2,69.85,1,0.431,0.0,2,0,0.4753,0.53,0.1504,3,0,0
66.9,0,1,168.33,1,1.0901,0.9957,6,0,0.6822,0.2048,0.125,1,1,1
267.33,3,2,128.76,0,3.107,10.7488,8,0,0.496,0.5323,0.1082,0,1,1
479.88,5,6,133.38,1,1.827,0.0,6,0,0.1807,0.6524,0.0819,0,1,1
181.73,1,6,137.85,2,2.2802,0.0,1,0,0.5818,0.598,0.1692,1,1,1
597.67,8,7,136.8,1,2.927,0.0,1,0,0.6695,0.5028,0.1891,3,1,1
293.64,2,4,244.42,0,1.0983,0.0,7,0,0.4053,0.5063,0.2232,1,1,1
367.2,0,0,33.07,0,1.4566,4.3127,3,0,0.3065,0.5048,0.0304,0,0,1
528.27,1,1,38.25,2,2.9344,0.0,4,0,0.4242,0.5107,0.0249,1,1,0
428.13,2,0,45.98,4,0.8489,0.0,8,0,0.1135,0.317,0.2467,1,0,1
170.08,1,4,227.93,0,1.1367,7.5434,3,1,0.3555,0.463,0.1193,2,1,0
117.22,0,2,35.27,0,1.0903,8.7204,3,0,0.2905,0.4192,0.0443,1,0,1
251.74,1,2,110.9,1,1.0326,13.3164,4,0,0.6902,0.4774,0.1061,1,1,0
486.98,2,6,48.7,0,2.2725,0.0,2,0,0.6227,0.2945,0.1228,1,0,1
355.56,3,4,159.89,0,0.8428,0.0,1,0,0.4006,0.2122,0.0698,4,0,0
261.76,3,4,76.9,1,1.9469,0.0,3,1,0.435,0.575,0.1259,1,0,0
348.55,4,4,154.94,1,1.1247,0.0,3,1,0.6487,0.429,0.1094,1,0,1
274.43,5,4,102.63,1,2.3667,4.0728,6,0,0.6871,0.4401,0.1717,1,1,1
570.51,8,5,192.01,0,0.6984,0.0,4,1,0.2725,0.3191,0.111,4,0,1
138.22,2,2,130.68,0,1.353,0.0,3,0,0.7236,0.2687,0.1601,0,1,0
157.32,4,3,155.41,3,0.6415,11.1473,6,0,0.2211,0.3569,0.0432,2,1,0
323.2,7,3,199.8,3,0.6584,3.7303,8,1,0.433,0.3654,0.112,1,1,1
192.77,3,0,47.67,2,1.3451,10.3439,1,0,0.5509,0.7676,0.0414,0,0,1
133.69,1,0,21.9,0,1.3832,0.0,4,0,0.5595,0.3476,0.1672,1,0,0
284.91,5,3,72.99,1,3.4259,8.378,8,1,0.1859,0.6708,0.1415,2,1,1
170.35,3,1,40.07,1,0.9327,12.6671,6,0,0.4134,0.4629,0.1874,0,0,1
184.91,2,1,79.48,0,1.2901,0.0,3,0,0.6088,0.8302,0.026,1,0,1
96.05,3,2,123.17,1,1.2241,0.0,5,0,0.5753,0.686,0.1856,0,0,0
194.56,4,4,10.58,0,1.166,0.0,2,0,0.6712,0.3532,0.0925,1,0,0
132.5,2,2,64.88,2,0.6726,0.0,7,0,0.79,0.3694,0.0457,2,1,1
363.34,4,2,144.73,1,2.6749,0.0,7,0,0.2292,0.599,0.0759,0,1,1
213.38,1,3,165.07,2,1.2088,10.7857,8,1,0.6877,0.6289,0.031,2,0,1
331.08,4,5,27.91,1,2.1109,0.0,9,1,0.5357,0.6399,0.1531,2,0,1
549.7,6,3,92.06,0,1.0434,0.0,4,0,0.3037,0.5891,0.0774,0,0,1
35.83,0,2,52.58,1,0.8512,0.0,2,0,0.5452,0.2867,0.0338,1,1,0
314.33,2,5,184.64,2,1.6452,0.0,3,0,0.4804,0.5138,0.0791,0,1,1
118.16,2,0,13.77,0,1.5457,0.0,3,1,0.5959,0.5068,0.0885,1,0,0
325.62,2,4,89.66,0,1.2246,13.1137,3,0,0.1892,0.5419,0.1305,1,1,0
223.49,0,3,63.73,0,0.4808,2.304,4,0,0.4896,0.4644,0.0771,1,0,0
312.54,6,3,257.59,1,1.9056,0.0,5,0,0.3978,0.3817,0.0742,4,0,1
128.44,2,2,125.35,3,0.9283,0.0,5,0,0.2745,0.4171,0.1703,2,0,1
71.83,1,2,76.84,1,2.5336,11.7576,4,1,0.6677,0.5905,0.1753,1,0,1
73.9,0,1,71.28,2,1.546,0.0,6,0,0.8373,0.4143,0.1355,1,0,1
216.85,3,4,98.9,1,0.9032,5.9981,3,0,0.5028,0.3482,0.1091,0,1,0
177.74,2,2,167.21,4,1.0035,0.0,6,0,0.3228,0.2919,0.177,2,1,0
311.27,2,2,42.45,3,0.8031,0.0,2,0,0.4101,0.5388,0.1533,1,1,1
245.65,2,0,54.35,0,0.9746,0.0,3,0,0.5134,0.5897,0.158,0,0,0
479.28,2,3,32.82,2,2.4515,0.0,1,1,0.3454,0.7204,0.3854,4,1,1
366.37,4,2,3.31,0,1.2501,0.0,4,0,0.2661,0.3979,0.1344,1,1,1
210.55,2,2,140.33,1,1.0389,0.0,2,1,0.7308,0.3589,0.0751,2,1,0
490.24,2,1,82.86,0,3.4787,0.0,3,0,0.3848,0.478,0.0469,1,0,1
262.95,4,6,127.62,0,1.6499,4.9968,4,1,0.6898,0.3386,0.2325,3,0,1
59.18,1,1,14.55,1,1.0977,11.6602,1,1,0.7592,0.4107,0.1913,2,1,0
253.6,2,2,22.36,0,0.7091,0.0,3,0,0.3717,0.2314,0.0198,0,0,0
207.41,3,0,24.18,0,2.2785,4.0819,1,0,0.3218,0.7391,0.1161,0,1,1
379.51,4,5,230.64,2,2.8939,0.0,5,1,0.783,0.4462,0.289,1,0,1
415.35,3,4,123.91,0,0.987,0.0,4,0,0.6727,0.6475,0.1968,1,1,0
423.82,4,3,166.5,1,1.192,3.1944,6,0,0.3743,0.5463,0.143,1,0,1
61.17,0,4,85.1,1,0.9176,6.3516,4,0,0.503,0.5245,0.0639,2,0,1
277.63,4,0,13.46,0,1.2463,9.9137,3,0,0.6595,0.5419,0.0789,0,1,0
397.38,5,3,159.3,2,0.6179,0.0,6,0,0.5745,0.2582,0.2399,5,0,1
102.73,0,0,52.19,2,0.5211,0.0,4,0,0.6383,0.4933,0.0217,1,0,0
466.53,1,4,112.39,2,0.9265,11.3701,5,0,0.4727,0.3279,0.0598,2,0,1
487.35,5,2,197.46,0,1.2989,0.0,5,1,0.453,0.5601,0.128,2,0,1
219.29,4,3,17.67,3,1.0917,0.0,3,0,0.1931,0.3884,0.033,2,0,1
172.6,2,2,7.46,1,1.3676,0.0,3,0,0.3634,0.4812,0.0579,1,1,1
388.28,3,4,91.74,2,2.306,0.0,8,1,0.4808,0.7921,0.1226,2,1,1
274.46,1,5,149.39,1,1.2541,0.0,3,0,0.3205,0.673,0.061,1,0,0
230.67,1,2,49.66,2,2.3561,0.0,7,0,0.6412,0.4654,0.2916,1,1,1
271.42,4,2,74.0,1,3.2855,5.0356,9,0,0.4659,0.457,0.2007,3,1,1
131.91,1,3,153.06,1,1.8786,0.0,6,0,0.3112,0.8149,0.1283,2,0,1
238.62,2,2,102.24,1,0.6512,3.4696,5,0,0.4719,0.5657,0.2204,3,1,0
298.06,1,5,73.32,2,1.2141,5.8337,10,0,0.3361,0.2842,0.021,1,0,0
300.57,3,3,29.49,2,1.1329,0.0,4,0,0.2682,0.466,0.0396,0,1,0
80.84,1,3,193.02,1,0.8802,10.3422,4,1,0.4676,0.7034,0.3191,4,1,0
191.99,3,3,137.18,3,1.902,0.0,10,1,0.5043,0.6645,0.2689,1,0,1
232.57,1,4,86.9,3,1.579,0.0,4,0,0.5164,0.5416,0.2361,0,0,1
225.09,4,4,150.55,2,0.8375,11.2103,5,0,0.1639,0.5169,0.2086,2,0,0
243.25,0,0,54.63,1,1.1216,0.0,4,0,0.3901,0.4742,0.1399,0,1,1
369.81,2,3,226.76,0,0.9413,0.0,3,0,0.2584,0.4676,0.0744,0,0,1
256.25,3,4,99.27,1,1.6309,4.703,4,0,0.5675,0.6603,0.3059,4,0,1
352.16,2,5,148.47,1,2.3318,4.969,6,0,0.5133,0.5565,0.1741,2,0,1
215.62,5,2,20.11,2,1.2756,0.0,5,0,0.2513,0.7709,0.1133,0,0,1
101.01,2,2,73.17,3,2.168,0.0,6,1,0.5441,0.6089,0.034,2,1,0
189.42,4,1,31.91,1,0.9366,0.0,1,0,0.238,0.2628,0.1455,0,1,0
426.19,4,4,203.28,3,1.2236,9.5794,1,0,0.2042,0.6389,0.2405,1,1,1
125.18,2,2,118.94,0,0.7947,0.0,6,0,0.1697,0.7935,0.1219,4,1,0
260.24,5,0,92.91,0,1.3164,0.0,5,0,0.6285,0.456,0.0691,0,1,1
206.78,2,3,157.67,3,0.5671,4.9789,5,0,0.56,0.4855,0.2749,1,1,1
262.28,2,0,83.75,1,2.1579,0.0,5,0,0.4007,0.5869,0.0063,1,0,1
387.33,8,3,139.78,0,3.6027,0.0,4,0,0.7295,0.5742,0.2865,2,0,1
325.7,3,1,31.91,0,3.0103,0.0,3,1,0.6118,0.7332,0.0853,5,0,0
572.13,2,3,89.6,1,2.2299,11.638,7,0,0.4074,0.8,0.047,0,1,1
83.44,1,0,71.52,2,2.4714,0.0,4,0,0.2807,0.4531,0.1223,3,0,0
382.69,4,6,65.03,3,0.7017,2.3662,1,0,0.3346,0.359,0.0705,2,0,1
388.26,6,2,149.72,0,1.5662,0.0,6,0,0.2886,0.6326,0.1188,4,0,0
111.57,2,1,42.29,0,1.4041,11.235,2,0,0.7491,0.4119,0.0211,1,0,1
100.65,3,1,62.72,1,0.6621,6.8054,8,0,0.4809,0.3358,0.082,1,0,1
303.96,3,3,51.22,1,1.8292,0.0,3,0,0.4343,0.4186,0.0552,3,0,0
250.86,2,5,134.18,0,1.2641,13.7419,5,0,0.4774,0.4939,0.2924,4,0,1
344.29,1,0,29.82,2,0.5912,11.2919,4,0,0.7974,0.4158,0.1078,3,0,1
273.45,5,6,68.78,1,2.7078,1.7587,4,0,0.67,0.4343,0.286,1,0,1
107.27,2,0,34.1,2,1.8852,6.9275,2,0,0.1443,0.3819,0.0878,1,0,1
222.06,2,1,42.54,2,1.4618,0.0,9,0,0.5477,0.3727,0.0337,0,0,1
235.74,3,1,67.66,1,1.6458,6.0197,2,1,0.3121,0.5901,0.0316,0,1,0
431.98,5,1,82.52,2,1.4264,11.9993,10,0,0.7485,0.708,0.0753,0,0,1
264.6,2,2,143.62,1,0.6198,0.0,5,0,0.1948,0.2414,0.063,2,0,0
292.98,2,4,94.81,0,0.9257,0.0,3,1,0.5688,0.319,0.0746,1,1,0
88.5,1,1,105.93,2,1.8392,6.9299,8,1,0.395,0.4794,0.1188,2,0,1
256.23,2,4,142.38,0,1.3491,2.2423,4,0,0.0717,0.7014,0.2549,1,0,0
247.41,0,2,6.6,0,1.3676,6.4807,7,1,0.1117,0.7582,0.0211,0,0,0
385.28,0,0,22.9,0,2.2636,0.0,9,1,0.1805,0.5007,0.0442,2,0,1
393.01,1,3,34.84,0,1.7285,11.1624,6,0,0.654,0.7261,0.1013,0,0,1
213.78,2,0,24.24,0,2.281,5.0201,2,0,0.1973,0.5069,0.0535,0,0,0
125.42,1,1,33.19,2,1.0064,12.5166,5,0,0.6137,0.7089,0.022,2,1,0
489.46,6,3,122.79,1,2.4249,3.5434,5,0,0.2689,0.3942,0.1781,1,1,1
267.23,2,3,73.97,2,1.3513,10.4359,7,1,0.325,0.5496,0.0555,1,0,1
409.2,4,3,146.01,0,1.7078,10.2323,3,1,0.3202,0.5887,0.0284,2,1,0
148.39,3,1,40.45,1,0.8157,8.2549,5,0,0.8119,0.5064,0.0453,0,1,1
301.31,1,5,97.6,0,1.0224,0.0,4,0,0.3144,0.4227,0.1009,2,0,0
345.24,2,1,82.13,1,0.7326,0.0,3,0,0.2495,0.279,0.1064,2,0,1
302.25,6,1,139.27,0,0.775,1.237,4,0,0.4034,0.1625,0.0989,2,0,0
191.49,4,2,237.74,0,0.9729,0.0,3,0,0.304,0.6602,0.0301,1,0,0
321.25,1,0,59.85,3,1.1056,11.1938,4,0,0.3792,0.2842,0.0422,2,1,1
216.95,1,0,210.53,2,0.7396,8.154,10,0,0.8518,0.3419,0.1677,1,1,1
126.3,1,0,126.67,0,1.0569,0.0,5,1,0.5237,0.5056,0.0196,2,0,0
196.41,3,1,21.37,1,1.0348,0.0,7,0,0.2804,0.5031,0.0602,1,1,0
345.8,4,5,94.93,0,1.6729,0.0,2,0,0.7916,0.537,0.0909,2,0,1
313.32,3,3,62.97,1,1.9101,1.3969,3,0,0.7416,0.542,0.0586,1,1,1
110.53,2,3,143.76,2,1.7396,5.1733,3,0,0.1206,0.3766,0.0889,0,0,0
85.33,1,3,135.79,1,1.9197,0.0,8,1,0.5869,0.4859,0.1175,1,0,1
243.58,3,4,166.66,3,0.5877,0.0,5,0,0.2227,0.5628,0.1307,1,0,1
184.73,2,1,202.35,1,1.253,10.6856,1,0,0.4046,0.6176,0.0919,1,0,1
565.43,4,4,170.78,0,0.4616,0.0,10,0,0.6113,0.3711,0.1117,0,0,1
600.0,7,3,144.29,0,0.9253,0.0,2,1,0.6269,0.3824,0.1186,1,1,0
231.86,1,2,95.98,0,1.2872,0.0,4,0,0.222,0.3499,0.2361,1,0,0
116.93,2,1,144.85,0,0.846,0.0,6,1,0.2657,0.4789,0.0273,4,0,0
600.0,6,6,196.59,1,2.3767,0.0,4,0,0.4524,0.6809,0.1021,1,0,1
108.22,1,2,140.58,2,0.7653,0.0,10,0,0.2159,0.5555,0.1139,1,1,1
204.8,3,1,113.7,1,0.574,4.9461,6,0,0.841,0.2882,0.1089,4,0,0
265.1,3,5,47.15,0,0.6372,5.7609,5,1,0.7742,0.4114,0.2419,2,0,0
194.79,2,1,117.33,1,1.3744,10.3136,6,0,0.3539,0.545,0.1794,2,0,0
204.33,3,0,68.91,0,1.4121,3.3175,3,0,0.5412,0.3365,0.1534,2,0,0
321.96,4,1,23.76,1,1.662,0.0,1,0,0.4874,0.6608,0.1577,1,0,0
166.01,0,2,51.04,0,0.5997,0.0,6,0,0.6353,0.5971,0.1681,4,0,0
442.88,3,2,94.6,1,0.8121,9.71,3,1,0.3193,0.6194,0.1316,4,1,0
304.26,3,3,105.19,1,1.1452,0.0,3,0,0.8618,0.3143,0.1218,4,0,1
56.4,1,3,91.06,0,4.0,12.0102,2,1,0.4064,0.6789,0.1859,1,1,1
486.37,3,3,79.93,1,2.0348,0.0,2,0,0.6141,0.8063,0.1616,2,0,1
467.84,1,0,13.58,3,3.2194,7.742,6,0,0.6549,0.5042,0.2616,0,1,0
106.31,1,1,139.11,3,1.8021,12.6642,2,0,0.3798,0.4477,0.074,1,1,1
362.62,3,6,215.88,0,0.9892,0.0,5,1,0.2198,0.631,0.1968,4,1,1
257.89,5,2,179.36,2,2.3132,8.5308,1,0,0.6131,0.3746,0.2443,2,0,1
212.0,4,0,179.97,2,1.8309,0.0,8,0,0.4619,0.6367,0.0127,1,1,1
224.4,0,0,162.59,1,0.584,0.0,3,1,0.703,0.5594,0.11,3,0,1
216.84,2,3,21.04,2,2.9064,0.0,3,1,0.1958,0.7349,0.0277,0,1,0
343.08,1,5,38.17,0,0.8075,0.0,7,1,0.6057,0.6092,0.3457,2,0,1
177.95,1,3,53.97,0,1.5312,0.0,4,0,0.6367,0.3441,0.0496,2,0,1
373.57,0,0,101.83,2,1.6137,0.0,7,1,0.6727,0.3991,0.2614,2,0,1
499.25,4,2,86.6,0,1.8931,0.0,6,0,0.4092,0.3751,0.1623,0,0,0
114.49,1,2,114.51,0,2.0579,0.0,4,0,0.7306,0.5047,0.1702,3,1,1
164.93,2,1,52.39,0,2.9313,8.4685,5,0,0.4927,0.2091,0.1459,2,1,1
209.5,3,5,150.86,1,0.6118,0.0,2,1,0.4024,0.3407,0.1319,1,0,0
113.16,3,1,140.01,0,0.8112,1.2578,3,0,0.6065,0.2091,0.0164,0,0,1
240.03,0,2,85.23,3,1.5441,3.9023,4,0,0.782,0.7205,0.1385,1,0,1
363.38,8,3,97.24,1,1.4328,0.0,5,0,0.8019,0.5631,0.3325,1,1,1
394.01,2,2,97.33,0,1.4931,0.0,4,1,0.4771,0.2417,0.0615,1,0,1
207.77,0,1,36.92,2,1.8231,0.0,4,1,0.5449,0.7089,0.0346,0,1,1
557.92,2,3,96.03,0,0.6616,0.0,3,0,0.3103,0.2543,0.3127,3,1,0
361.87,3,3,88.24,1,1.0623,13.2133,3,0,0.1563,0.2792,0.0983,0,0,1
417.56,1,2,47.23,1,0.8988,0.0,7,0,0.3159,0.4413,0.2918,1,0,1
285.53,5,3,173.99,2,1.1679,0.0,6,0,0.3696,0.3679,0.0609,2,0,1
403.74,0,3,47.78,3,1.541,0.0,4,0,0.1042,0.406,0.1901,2,0,1
511.23,9,5,175.37,2,0.9213,8.6461,3,0,0.5516,0.3774,0.1515,3,0,1
205.88,0,0,80.66,0,1.0584,8.5674,7,0,0.8546,0.2013,0.2222,0,1,1
211.19,4,3,104.32,1,1.8563,12.09,6,0,0.6589,0.7918,0.1632,0,1,1
524.37,2,3,97.98,0,1.1813,8.6669,3,0,0.2283,0.2608,0.0688,0,1,0
254.85,2,1,111.88,0,4.0,6.7075,5,0,0.4463,0.2788,0.0899,0,0,1
413.82,3,5,208.91,3,1.0604,0.0,7,0,0.5458,0.2266,0.0961,0,0,1
258.17,1,1,34.75,2,1.0871,0.0,6,0,0.4456,0.603,0.1128,1,1,1
437.22,4,2,90.88,1,1.813,0.0,6,1,0.329,0.8377,0.116,0,0,1
75.99,2,2,97.88,0,1.6342,3.5874,4,0,0.4847,0.4074,0.1498,0,0,0
250.04,3,3,23.98,1,1.5904,0.0,8,1,0.7413,0.5332,0.0685,0,1,1
187.31,1,1,32.16,1,1.4254,0.0,8,0,0.1183,0.5779,0.22,0,1,0
468.71,4,2,160.37,1,1.4142,5.101,5,1,0.6146,0.6308,0.0139,0,1,1
99.9,2,1,14.51,0,1.3526,0.0,5,0,0.3288,0.7946,0.085,0,0,1
148.1,2,3,71.07,1,0.8749,12.3647,7,0,0.3769,0.1358,0.087,2,0,1
232.27,4,6,68.81,0,0.7859,8.342,3,0,0.393,0.1916,0.286,2,1,1
147.82,0,3,41.28,0,1.2805,0.0,4,0,0.2036,0.659,0.0515,0,0,0
377.69,6,0,11.68,2,0.9149,0.0,4,0,0.4511,0.6394,0.1521,2,0,0
201.07,2,2,130.27,3,1.4455,0.0,9,0,0.2312,0.5146,0.1433,1,1,0
225.03,5,4,55.26,0,1.6769,0.0,7,1,0.6804,0.6944,0.102,1,0,1
271.78,3,3,72.82,3,0.8841,0.0,6,0,0.1948,0.7158,0.1213,2,0,1
179.04,1,1,73.35,1,1.4455,0.0,7,1,0.5292,0.5046,0.0478,0,1,0
425.84,6,5,82.4,1,0.7583,0.0,5,1,0.5693,0.5503,0.1474,1,0,1
323.86,3,4,88.41,2,1.3917,0.0,2,0,0.6389,0.5048,0.0994,1,0,1
377.57,4,1,146.62,1,0.8578,0.0,6,0,0.1267,0.5086,0.0995,1,0,1
416.12,3,2,166.3,2,1.6306,0.0,9,0,0.5157,0.4859,0.1595,1,1,1
136.22,2,1,108.22,0,1.3255,6.9058,6,0,0.1245,0.2704,0.1736,1,1,1
222.55,3,3,50.51,1,1.4784,0.0,1,1,0.3882,0.6145,0.1904,0,1,1
197.22,1,2,40.86,1,1.8111,10.7683,5,0,0.2705,0.4303,0.0529,1,1,0
127.46,0,0,64.02,2,0.938,0.0,4,0,0.4595,0.3815,0.081,1,1,0
350.84,3,4,63.34,0,0.962,0.0,5,0,0.3782,0.6387,0.0531,0,1,0
92.45,2,1,13.9,3,0.6383,6.9679,6,0,0.1931,0.7763,0.1319,1,0,0
194.61,4,6,43.68,0,1.2953,0.0,3,0,0.3533,0.2548,0.1788,0,1,1
144.85,1,1,92.42,0,1.1054,4.4376,2,0,0.3451,0.6444,0.1653,0,0,0
487.09,4,4,163.24,1,1.3294,0.0,4,1,0.601,0.6492,0.0304,1,0,1
150.9,1,2,95.33,0,2.2171,0.0,6,0,0.3156,0.5521,0.2215,0,1,1
240.65,2,2,193.89,0,1.0834,10.4841,4,0,0.3014,0.5062,0.1092,1,0,1
464.35,2,3,128.57,0,1.3406,9.6032,5,0,0.4694,0.5941,0.0266,1,0,1
391.81,1,4,34.02,0,2.1433,7.2044,4,1,0.152,0.5239,0.2231,0,1,1
213.85,3,4,134.55,2,1.2062,0.0,9,0,0.3915,0.4358,0.0724,2,0,0
369.47,2,0,42.69,0,1.5953,7.7398,2,1,0.8647,0.5253,0.1423,0,1,1
220.27,1,3,69.31,4,1.2865,4.5363,4,1,0.7089,0.5897,0.013,0,0,1
365.17,1,1,67.63,2,0.7711,14.3539,5,0,0.4417,0.4048,0.087,0,0,1
182.54,0,3,18.58,0,0.8479,8.2104,5,0,0.7535,0.7053,0.0372,0,0,1
150.37,3,2,56.41,0,1.033,0.0,3,0,0.6784,0.4359,0.1278,0,1,0
332.77,5,2,49.72,0,0.6355,0.0,3,0,0.744,0.3611,0.1394,3,0,1
321.69,5,4,126.46,0,1.21,11.2104,3,1,0.765,0.4024,0.1995,0,0,1
226.6,4,6,110.63,1,1.5793,8.8673,6,0,0.189,0.731,0.0668,1,1,1
221.91,4,4,86.79,2,0.8917,0.0,1,1,0.4225,0.4298,0.1918,0,0,1
190.94,1,5,100.07,1,1.9413,8.3368,4,0,0.5015,0.7069,0.0105,1,0,1
225.73,2,2,42.39,3,1.601,0.0,3,0,0.5787,0.7802,0.2827,1,1,0
152.02,3,0,45.62,0,1.3854,0.0,4,0,0.2632,0.3929,0.1711,1,0,0
433.08,4,2,82.96,3,1.8622,8.5542,1,1,0.3845,0.5326,0.134,1,0,1
37.84,0,1,49.84,1,1.0484,0.9755,5,0,0.7536,0.5254,0.0626,3,0,0
141.59,3,2,76.64,0,1.7792,0.0,2,0,0.254,0.6089,0.0463,0,1,0
357.86,2,4,87.58,0,0.6735,6.476,4,0,0.326,0.4925,0.1052,1,0,1
68.29,0,2,143.91,1,0.8735,0.0,2,0,0.5034,0.3425,0.0387,0,1,0
490.16,4,1,59.65,0,0.9922,0.0,2,1,0.1477,0.567,0.1871,3,1,0
107.18,2,0,13.39,0,2.4421,0.0,5,0,0.192,0.3886,0.1758,0,0,0
214.46,4,1,15.69,1,2.404,0.0,3,1,0.3692,0.4867,0.1441,0,1,1
122.89,1,1,55.55,2,1.7518,11.2608,2,0,0.209,0.6841,0.0904,0,1,1
427.76,2,1,140.17,2,2.1959,0.0,7,0,0.6583,0.7703,0.1399,2,0,1
80.35,1,2,47.98,0,2.3844,0.0,3,0,0.0361,0.2826,0.0643,3,1,1
500.02,5,4,102.14,0,0.8998,10.9855,2,0,0.3768,0.4635,0.1541,2,0,1
236.33,4,0,102.88,0,1.479,0.0,4,0,0.4989,0.6752,0.0613,1,0,0
327.09,3,4,82.05,2,2.8015,0.0,4,1,0.5909,0.7809,0.1305,2,0,1
215.55,2,4,94.32,2,1.6279,0.0,7,0,0.6664,0.3147,0.0282,2,0,0
418.48,3,5,44.7,0,0.5642,0.0,8,0,0.3298,0.1955,0.0702,2,1,0
185.16,5,4,186.23,1,2.6943,0.0,6,0,0.4216,0.6504,0.1509,1,1,1
439.66,2,3,64.57,2,0.4007,9.9456,3,0,0.5144,0.4786,0.1241,1,0,1
219.2,2,2,55.95,1,2.161,0.0,6,0,0.2454,0.3006,0.0578,2,0,0
313.56,4,2,88.37,2,1.7033,7.1308,4,0,0.4314,0.5538,0.1486,1,0,1
185.41,5,3,93.65,0,1.3533,0.0,3,1,0.3703,0.5565,0.3527,3,0,1
375.0,1,3,165.88,1,1.2045,0.0,5,0,0.1805,0.6272,0.1822,0,0,0
277.82,0,1,143.78,0,1.761,8.0569,6,0,0.8996,0.6556,0.1945,0,0,1
115.4,1,0,82.42,2,2.4279,0.0,5,0,0.2618,0.5556,0.0768,0,1,0
257.56,6,5,19.52,3,0.8153,6.6375,9,0,0.6142,0.4799,0.1582,3,0,1
229.89,3,4,97.27,1,1.8933,8.0328,3,0,0.3768,0.5091,0.1529,1,1,1
149.5,2,4,219.61,1,0.8119,5.7214,3,0,0.7199,0.5279,0.1562,4,0,1
325.62,1,3,33.99,1,0.8831,0.0,4,0,0.6847,0.0979,0.0437,2,1,0
369.88,4,1,144.85,1,2.0037,0.0,4,1,0.792,0.5532,0.0247,0,0,1
579.53,6,0,43.83,1,0.9932,0.0,8,1,0.4197,0.4603,0.1593,3,0,0
234.34,0,0,86.49,2,0.8253,11.5723,4,0,0.3948,0.3485,0.0511,1,0,0
301.0,3,2,178.43,2,1.6745,13.6314,6,0,0.6856,0.696,0.2588,0,0,1
159.65,1,1,59.1,1,1.146,10.0269,3,1,0.7187,0.5672,0.3376,1,1,1
191.97,4,1,85.8,1,1.3596,0.0,2,1,0.4638,0.5677,0.0931,2,0,0
321.71,2,4,138.23,3,0.8313,0.0,10,1,0.4191,0.7415,0.1401,0,1,1
247.8,2,0,146.46,1,0.7241,11.9107,3,0,0.4176,0.3188,0.1034,0,1,1
600.0,3,4,127.22,4,0.9538,0.0,9,0,0.2107,0.479,0.1274,1,1,1
280.19,3,4,75.97,1,1.0547,0.0,2,0,0.7539,0.6364,0.1354,1,1,0
361.21,3,3,86.77,0,1.3616,0.0,4,0,0.3466,0.3884,0.0625,2,1,0
105.52,3,1,87.98,1,0.5939,0.0,3,0,0.6596,0.4231,0.0123,0,0,0
124.94,1,0,77.9,0,1.7717,0.0,1,0,0.433,0.2297,0.2021,0,0,0
134.37,3,4,137.97,0,1.959,0.0,3,0,0.5554,0.529,0.1498,2,0,0
252.61,5,0,102.44,2,0.6704,0.0,4,1,0.6222,0.6206,0.2562,0,1,0
429.26,5,3,99.17,1,0.9129,0.0,4,0,0.781,0.2936,0.0993,3,1,1
271.06,2,4,104.6,0,1.0793,0.0,5,0,0.7441,0.4274,0.1124,1,0,1
295.38,3,0,72.08,2,2.787,0.0,7,0,0.8141,0.7887,0.034,1,0,1
506.55,6,4,118.7,0,2.4884,0.0,3,0,0.797,0.5885,0.1132,1,1,1
314.59,3,5,169.74,3,1.5746,0.0,7,0,0.7302,0.6435,0.2795,1,0,1
452.99,3,0,189.78,0,1.5271,0.0,6,1,0.606,0.575,0.1061,1,0,0
150.69,2,1,91.93,0,1.0312,0.0,2,0,0.6456,0.4925,0.232,3,1,0
502.74,4,4,121.3,1,1.7104,0.0,7,0,0.7256,0.308,0.272,1,0,1
223.0,1,0,117.51,3,2.1604,0.0,4,1,0.1501,0.3929,0.1186,0,1,0
192.49,1,4,98.15,0,1.1599,0.0,3,0,0.403,0.5177,0.1107,1,1,1
174.97,2,3,124.96,2,1.4819,9.0389,5,0,0.8275,0.1607,0.2742,4,0,1
362.71,4,1,55.96,1,0.8579,7.6734,6,0,0.3472,0.7566,0.0545,0,1,0
357.13,3,2,109.35,3,1.3541,0.0,1,0,0.3278,0.1899,0.0453,2,0,0
327.31,3,3,17.52,2,0.679,2.0161,7,1,0.6621,0.5828,0.1297,0,0,1
314.99,2,5,134.29,2,1.4212,4.8848,5,1,0.5585,0.1708,0.1591,2,0,1
128.5,1,0,64.26,2,1.0664,3.5425,4,0,0.3013,0.1693,0.1104,0,0,1
335.6,3,3,149.73,0,1.3143,9.2595,3,0,0.6123,0.3837,0.087,1,0,1
235.73,1,1,129.84,2,1.2481,3.2579,1,1,0.6376,0.2067,0.0671,1,1,0
306.34,4,3,89.3,2,0.9529,2.2219,7,0,0.7565,0.2787,0.0128,2,0,1
317.92,1,2,124.52,2,0.7586,0.0,4,1,0.6062,0.6764,0.0395,0,1,1
392.08,7,2,133.63,1,0.6995,8.0584,5,0,0.7799,0.4147,0.0393,1,0,1
594.59,2,3,86.13,3,1.2727,11.184,3,0,0.4937,0.331,0.112,2,1,1
175.5,1,1,31.77,2,0.6307,5.2506,7,0,0.3258,0.7126,0.1606,1,1,0
320.85,6,4,82.44,2,0.5301,0.0,9,1,0.7875,0.4759,0.1317,4,1,1
461.71,7,2,108.53,0,0.5914,8.3361,4,1,0.3524,0.1453,0.1318,3,1,0
156.24,1,5,141.79,1,0.7936,2.8405,5,0,0.6431,0.3374,0.0797,0,0,1
143.92,2,1,163.46,0,1.0731,0.0,2,0,0.6656,0.4451,0.0071,2,0,1
277.77,4,1,25.97,1,2.1618,5.241,1,1,0.4865,0.7394,0.1235,0,1,1
333.05,4,4,31.01,0,1.5698,0.0,2,0,0.6263,0.6403,0.2027,3,0,1
299.5,4,1,62.37,1,1.5902,0.0,2,0,0.2136,0.423,0.0408,0,0,0
341.23,4,6,137.98,5,1.1164,8.0934,10,0,0.441,0.6541,0.067,2,0,1
506.26,7,4,111.37,1,1.0476,0.0,3,0,0.8231,0.4545,0.1096,2,1,1
200.97,4,1,168.5,0,0.96,12.4756,4,0,0.2877,0.5461,0.1171,2,1,0
190.58,1,1,57.47,2,1.4042,4.8901,5,0,0.3809,0.3537,0.1634,1,0,1
244.52,5,3,154.18,0,0.7967,0.0,3,1,0.7221,0.4415,0.0696,2,0,1
307.45,3,1,80.08,1,0.7798,2.899,4,1,0.3229,0.3208,0.0089,1,1,0
136.65,3,2,58.41,0,1.203,0.0,9,0,0.731,0.3132,0.1271,1,0,1
262.03,2,2,85.76,0,0.6556,0.0,2,0,0.3058,0.3195,0.1272,0,0,0
326.66,5,0,110.06,0,1.4263,0.0,1,0,0.1799,0.2815,0.1151,4,0,0
248.47,3,0,149.45,2,0.8723,0.0,4,0,0.8127,0.5119,0.0266,1,0,1
351.05,3,2,24.93,0,0.6866,0.0,2,0,0.718,0.4083,0.1137,0,0,1
222.52,7,2,137.09,1,0.6494,4.5144,2,1,0.2988,0.3864,0.0703,1,1,0
129.06,3,4,64.32,3,1.5819,0.0,5,0,0.2593,0.6505,0.1,1,0,0
443.94,7,3,49.1,1,1.3039,0.0,5,1,0.2598,0.7017,0.1396,3,0,1
314.43,4,1,50.6,2,1.9154,6.1812,4,1,0.5362,0.8743,0.023,1,0,1
121.85,1,0,126.68,0,2.2222,0.0,2,0,0.6581,0.4753,0.0536,0,1,1
122.95,0,3,56.6,1,1.4337,0.0,4,1,0.2974,0.5022,0.0034,0,0,1
143.63,2,4,103.39,0,1.2359,0.0,6,0,0.4428,0.7721,0.0223,2,1,1
334.9,3,1,42.57,1,0.9918,0.0,9,0,0.2415,0.6528,0.0143,1,0,1
154.1,3,1,78.23,3,2.7123,9.22,4,0,0.4979,0.2312,0.0808,1,0,1
490.25,6,1,132.32,1,1.8194,6.3111,6,1,0.3115,0.279,0.1244,2,1,1
77.35,0,0,80.83,2,0.6642,0.0,1,1,0.4548,0.3605,0.0285,0,0,0
319.11,3,1,74.06,1,0.6499,6.9129,1,0,0.3575,0.6801,0.1365,3,0,1
200.72,5,1,136.01,1,1.2881,0.0,7,0,0.7252,0.8141,0.0798,0,0,1
351.17,6,2,181.75,2,1.4716,0.0,7,0,0.4068,0.4888,0.0835,0,0,1
200.83,2,2,57.05,0,0.5584,0.0,4,1,0.6438,0.5994,0.0217,0,1,1
278.63,6,2,111.44,2,1.4319,0.0,5,0,0.6889,0.2263,0.1124,2,0,0
206.19,4,1,43.16,0,1.5507,10.4997,5,0,0.1529,0.5947,0.1787,0,0,1
463.36,4,6,166.78,3,0.6877,10.2148,4,0,0.3789,0.3889,0.2047,0,0,1
92.44,1,1,139.76,0,1.764,0.0,3,0,0.265,0.4943,0.1992,0,1,0
87.18,1,2,22.52,0,0.9909,0.0,3,0,0.2108,0.5099,0.1168,1,1,0
204.76,0,2,156.12,2,0.9512,0.0,8,0,0.6655,0.5122,0.1482,1,1,0
232.7,4,2,108.58,0,0.8581,0.0,4,0,0.4718,0.3406,0.0735,2,0,1
317.86,1,1,172.88,1,0.9268,0.0,10,1,0.4091,0.5692,0.0523,0,1,0
189.89,0,1,92.17,1,0.756,3.6463,3,0,0.2241,0.3815,0.1348,3,1,0
540.08,7,2,199.33,1,1.8043,0.0,5,0,0.8235,0.288,0.1047,1,0,1
411.38,5,3,46.12,3,0.6864,0.0,7,0,0.802,0.3306,0.0546,2,1,1
308.86,2,3,134.3,3,1.3036,0.0,8,0,0.3157,0.5191,0.1197,0,0,1
267.34,2,2,76.54,0,1.8099,0.0,3,0,0.8516,0.4664,0.2448,0,0,1
298.39,5,4,186.72,1,1.3126,0.0,4,1,0.3853,0.5453,0.0646,0,1,1
210.51,3,3,246.24,0,1.4231,6.1352,6,0,0.6114,0.4829,0.2361,1,0,1
188.38,0,4,245.87,0,4.0,0.0,1,0,0.6233,0.3869,0.1203,2,1,1
173.55,2,4,40.49,1,0.922,0.0,6,0,0.6164,0.4507,0.1605,1,1,0
283.96,7,2,26.18,0,1.0565,0.0,2,0,0.6678,0.4555,0.0697,2,0,0
252.27,6,2,26.03,0,1.1087,0.0,4,0,0.2497,0.5249,0.0982,0,1,1
274.66,3,4,101.07,0,0.811,0.0,3,0,0.3382,0.7233,0.1058,1,1,0
115.19,1,1,3.08,1,2.0966,0.0,6,0,0.2001,0.828,0.0349,0,0,1
121.84,1,2,43.28,1,0.5633,0.0,6,0,0.3837,0.4624,0.039,4,0,0
182.61,1,1,98.68,2,1.0161,0.0,3,0,0.4836,0.4635,0.1659,1,1,1
146.59,5,1,100.89,3,1.0836,0.0,6,0,0.1284,0.2907,0.0364,1,0,1
242.89,4,3,64.13,2,1.1546,0.0,6,0,0.394,0.4701,0.2422,3,0,1
163.89,3,5,104.51,0,0.387,6.3074,6,0,0.9046,0.55,0.0261,1,1,1
205.16,2,1,3.12,2,1.448,7.9281,8,0,0.3848,0.3957,0.1881,0,0,1
268.11,3,2,160.24,2,0.5443,5.6979,4,0,0.5621,0.1927,0.0495,0,1,1
269.02,1,1,48.62,2,0.941,0.0,6,0,0.5345,0.6909,0.0361,1,0,1
354.3,3,3,108.55,1,3.0635,3.1375,2,0,0.2071,0.3465,0.0563,1,0,1
583.16,3,1,128.89,0,0.9835,0.0,1,1,0.1221,0.5764,0.1126,0,0,1
78.02,0,0,1.77,0,1.4113,7.0451,3,0,0.6213,0.5253,0.0706,0,0,1
241.69,2,0,25.61,0,0.8142,3.4561,3,0,0.2467,0.6526,0.0964,0,1,1
331.75,3,5,212.72,1,0.6929,3.8276,3,0,0.2334,0.3608,0.2247,1,0,0
600.0,4,2,190.47,1,0.7453,0.0,5,1,0.4954,0.2395,0.0921,4,1,0
147.54,2,3,97.84,2,1.4605,0.0,6,0,0.6823,0.5868,0.0661,2,1,0
314.33,2,2,136.36,3,0.7558,0.0,9,0,0.1582,0.323,0.1204,5,1,0
119.89,1,1,67.4,1,1.5282,7.6041,2,0,0.8941,0.382,0.0233,0,0,1
412.49,3,4,102.86,2,3.5364,0.0,3,0,0.7182,0.5313,0.1477,1,0,1
298.71,1,3,155.4,1,2.5596,0.0,2,0,0.5226,0.4477,0.0574,1,0,1
220.36,1,0,45.98,1,1.3195,0.0,3,0,0.2383,0.4487,0.0313,3,0,1
339.61,4,3,231.45,1,0.8135,0.0,4,0,0.6161,0.5821,0.2149,0,1,0
365.32,5,1,118.19,1,0.9662,0.0,4,0,0.6095,0.4581,0.2196,0,1,0
209.56,0,0,87.58,1,3.5327,0.0,3,0,0.6648,0.5014,0.0161,0,0,1
278.34,2,1,228.38,1,0.7067,3.3951,4,0,0.4903,0.3446,0.1256,2,0,1
506.92,4,6,85.2,3,1.5267,3.8539,2,0,0.3053,0.6678,0.0903,2,1,0
479.97,3,4,114.07,2,0.7914,10.8898,6,0,0.8094,0.4581,0.2007,1,0,1
455.39,5,5,109.85,0,2.1858,0.0,4,0,0.8379,0.5143,0.1584,3,0,1
171.55,0,1,42.52,0,0.7778,7.9086,3,0,0.6245,0.1385,0.1668,0,1,0
156.14,4,0,96.52,2,1.5639,0.0,4,1,0.2369,0.7295,0.2549,1,0,0
398.03,2,6,96.59,1,0.981,0.0,6,1,0.3441,0.3815,0.0259,0,1,1
359.08,7,1,105.13,1,1.784,2.8938,5,1,0.3144,0.5436,0.2146,2,0,1
185.31,1,3,174.65,2,1.3134,0.0,3,0,0.6925,0.4981,0.1846,1,1,1
193.38,3,5,36.62,1,1.6135,10.1505,1,1,0.8107,0.4881,0.0969,2,0,1
187.46,2,3,171.31,3,1.7921,0.0,5,1,0.1037,0.5721,0.0872,0,0,1
160.15,3,2,72.49,1,0.7619,14.5375,9,0,0.4852,0.5735,0.0163,1,0,1
207.35,0,5,54.34,2,1.7544,9.1895,6,0,0.3272,0.45,0.3608,3,1,1
206.34,2,3,48.17,0,1.3226,0.0,4,0,0.8476,0.3088,0.1534,2,0,1
594.05,2,1,82.93,1,1.065,0.0,4,0,0.4421,0.4318,0.2016,0,0,0
193.69,2,2,29.38,0,0.7699,0.0,2,0,0.6674,0.2383,0.1066,4,0,0
241.07,4,3,154.92,0,1.4376,5.5692,3,1,0.3935,0.2513,0.1785,0,0,1
269.02,6,4,66.23,2,1.7542,0.0,5,1,0.5327,0.7443,0.1055,0,0,1
224.9,4,6,169.87,3,0.8588,6.9536,1,1,0.8697,0.4345,0.1552,0,0,1
163.97,3,2,181.62,2,1.6358,0.0,6,0,0.133,0.3788,0.1736,1,0,0
356.58,6,3,224.08,1,3.4114,3.4856,4,0,0.3263,0.7225,0.3158,5,0,1
271.13,2,2,188.55,0,0.7174,0.0,5,0,0.4705,0.5246,0.1969,0,0,1
454.58,2,4,170.47,0,1.045,0.0,1,1,0.6395,0.6187,0.0463,2,0,1
214.76,5,3,28.65,3,0.8673,0.0,6,0,0.2763,0.3831,0.2111,1,0,1
581.62,3,2,201.0,1,0.7479,0.0,6,0,0.2709,0.4521,0.071,1,1,1
600.0,1,2,80.99,0,1.309,2.3977,6,0,0.2632,0.5504,0.1533,0,0,1
152.54,3,0,144.27,1,2.2336,0.0,5,0,0.1243,0.5134,0.0553,1,1,0
490.03,5,4,16.56,0,1.3807,0.0,2,0,0.4132,0.4939,0.0549,1,1,1
176.54,2,1,5.03,0,1.4098,5.9473,2,0,0.5525,0.6221,0.0903,0,0,0
99.72,1,2,175.07,1,1.7868,0.0,8,0,0.608,0.4476,0.1123,0,0,1
309.78,2,3,14.56,1,1.9356,4.1459,3,1,0.6226,0.712,0.0646,0,0,1
286.12,5,4,88.74,0,1.4092,0.0,2,0,0.2208,0.1332,0.111,5,0,0
261.91,6,2,38.93,2,1.1757,3.1998,7,0,0.5479,0.3822,0.2584,5,0,1
145.3,1,0,56.81,2,1.0845,0.0,6,0,0.6904,0.205,0.134,2,0,1
537.6,3,3,89.07,1,0.932,0.0,6,1,0.5564,0.4824,0.2457,1,0,1
446.26,3,1,92.39,0,2.4562,0.0,3,0,0.6235,0.631,0.0446,0,1,0
209.25,1,1,15.63,2,0.6276,9.6307,8,0,0.3349,0.7264,0.1644,0,0,0
401.12,4,4,52.27,0,1.8367,0.0,2,1,0.3176,0.2804,0.167,0,1,1
182.8,2,5,69.45,0,0.85,0.0,4,0,0.6824,0.5005,0.0982,2,1,1
253.61,3,4,186.59,1,1.9435,7.0956,5,0,0.4599,0.3382,0.0594,0,0,1
226.19,2,1,134.85,3,1.7297,4.1624,9,0,0.2174,0.5118,0.1775,2,1,0
210.57,2,0,103.97,2,0.6709,0.0,6,0,0.6559,0.2056,0.0324,0,0,1
213.26,5,3,62.65,2,1.1805,6.4427,4,0,0.7347,0.3348,0.4325,0,0,1
370.5,4,4,139.34,0,2.8375,5.7776,3,1,0.622,0.3931,0.0732,4,1,1
148.74,3,1,111.92,0,1.1481,8.9288,2,1,0.1657,0.4626,0.0718,2,1,0
146.8,4,3,146.54,1,2.4267,0.0,5,1,0.3919,0.629,0.0655,1,0,1
245.68,3,3,146.3,1,0.8371,5.8648,6,0,0.5062,0.3496,0.2168,0,1,0
139.88,0,4,101.92,2,1.0032,0.0,5,1,0.7046,0.4164,0.0035,0,0,1
580.67,1,2,71.93,2,0.7578,8.1237,7,0,0.3947,0.3129,0.0863,1,0,1
451.19,4,3,156.51,2,1.846,0.0,2,0,0.4119,0.4835,0.1937,2,0,1
167.07,5,2,30.25,1,2.0503,0.0,7,0,0.0912,0.4621,0.1426,1,1,1
278.87,0,2,274.45,0,0.4822,0.0,3,0,0.6096,0.4648,0.0116,1,0,0
161.16,3,4,99.15,1,1.1037,0.0,2,0,0.8905,0.7478,0.1201,2,0,0
85.62,1,2,45.49,2,0.6673,12.3216,2,0,0.6034,0.4007,0.0885,0,0,0
304.28,2,2,20.12,1,0.8981,0.0,4,0,0.304,0.5456,0.0992,1,1,0
600.0,5,3,182.96,0,2.0592,0.0,6,1,0.3928,0.6222,0.3192,2,1,1
147.13,1,3,18.38,1,1.77,0.0,1,0,0.1658,0.3347,0.2463,0,0,0
396.4,4,3,96.58,2,0.785,8.7434,4,0,0.8129,0.2789,0.0721,3,1,1
146.08,2,1,65.53,2,0.8238,0.0,4,1,0.1386,0.1619,0.1551,0,0,0
141.99,2,1,148.3,1,0.6501,5.0203,3,0,0.2489,0.4523,0.182,1,0,1
120.27,2,1,85.15,1,1.4648,0.0,2,0,0.8139,0.4801,0.1227,0,1,0
329.78,0,2,43.9,1,0.8268,0.0,6,0,0.4032,0.2597,0.0927,0,1,0
437.0,9,3,143.96,2,0.9448,0.0,2,0,0.6233,0.2421,0.0755,2,1,0
108.65,0,1,43.66,1,0.8394,0.0,3,0,0.3181,0.2655,0.0441,1,1,1
227.82,2,2,210.59,1,1.3635,4.2103,9,0,0.5545,0.4036,0.0383,1,0,1
282.88,1,1,119.9,0,1.6689,10.1231,5,0,0.5517,0.6043,0.1328,1,0,1
120.08,3,0,53.23,1,1.2274,10.3504,4,0,0.3434,0.652,0.2234,1,0,0
262.73,4,1,71.9,2,0.9768,1.2933,6,1,0.3273,0.6061,0.0278,0,0,0
342.88,3,0,18.71,1,1.4349,0.0,4,0,0.0932,0.428,0.0932,0,1,1
217.68,2,3,93.55,1,1.1292,0.0,2,0,0.1147,0.444,0.0644,0,0,0
297.54,0,0,107.83,2,0.6817,0.0,3,0,0.3145,0.5891,0.083,2,0,1
395.02,4,4,108.72,1,0.883,0.0,3,0,0.4794,0.4147,0.0406,2,0,0
372.38,1,1,150.1,1,0.4,7.2919,3,0,0.492,0.3375,0.1521,2,0,1
273.84,4,4,77.84,1,1.3767,0.0,8,0,0.8034,0.3788,0.2589,3,1,1
282.04,5,2,169.17,1,1.8647,0.0,9,0,0.2962,0.4965,0.0247,0,1,1
239.08,3,1,173.1,0,2.5377,0.6015,1,0,0.5983,0.6399,0.0729,0,0,1
198.61,2,3,116.06,1,1.3157,0.0,3,0,0.6384,0.4268,0.0822,1,0,0
183.87,3,2,158.25,0,1.7819,4.4981,1,1,0.3498,0.7578,0.0052,2,0,0
157.35,1,4,73.98,0,2.2246,5.349,5,1,0.2244,0.6034,0.1139,2,1,0
289.39,4,2,112.67,1,1.7928,3.4527,5,0,0.1602,0.5384,0.2021,1,0,1
433.53,4,0,108.09,3,1.0505,1.453,8,0,0.6538,0.5748,0.0999,3,0,1
365.35,4,8,168.24,1,0.266,0.0,4,0,0.5023,0.4987,0.1221,0,0,1
600.0,4,4,86.16,1,1.1909,0.0,3,0,0.2904,0.6141,0.1328,5,1,0
358.15,1,2,85.21,1,1.2124,0.0,6,0,0.469,0.723,0.0617,0,0,1
141.46,3,1,77.78,2,2.3456,0.0,10,1,0.8505,0.8478,0.2004,0,0,1
469.64,3,3,186.96,0,1.7702,0.0,3,0,0.604,0.907,0.0861,1,0,1
206.8,3,2,30.95,0,0.9646,0.0,5,1,0.6254,0.3181,0.0137,2,1,0
240.15,1,0,144.08,0,2.6536,0.0,3,1,0.3338,0.7269,0.0659,0,0,1
331.33,3,5,114.24,1,1.7469,5.1541,9,1,0.7015,0.6586,0.1589,2,1,1
531.63,2,6,129.69,2,0.7677,2.9937,4,0,0.2812,0.2847,0.1698,4,0,1
485.69,4,2,87.43,0,0.7279,0.0,2,1,0.6609,0.6571,0.0664,2,0,0
310.4,3,3,8.6,2,1.26,0.0,5,0,0.5076,0.715,0.23,0,0,1
436.25,8,5,44.51,2,0.8196,0.0,6,0,0.4002,0.4578,0.0921,0,0,1
219.01,2,0,115.09,2,1.1284,0.0,6,0,0.5763,0.4224,0.0966,2,1,0
112.48,3,1,83.69,0,1.1839,0.0,3,0,0.1442,0.3849,0.0793,0,0,1
600.0,7,3,33.33,1,1.5897,0.0,7,0,0.3251,0.066,0.0618,1,0,1
263.3,2,2,206.94,2,2.1843,4.6862,3,0,0.6693,0.4971,0.028,0,0,1
123.61,0,0,61.86,1,1.1727,6.9506,7,0,0.7593,0.4692,0.0055,0,1,1
399.16,7,2,162.79,0,1.59,4.9758,3,0,0.6331,0.6146,0.0845,1,1,1
208.26,3,1,60.38,1,0.5805,9.4493,2,0,0.1326,0.6069,0.1015,0,1,0
281.8,4,2,52.48,1,2.4823,0.0,6,0,0.775,0.5994,0.1423,2,1,1
234.92,2,1,9.53,0,1.4497,0.0,1,1,0.4244,0.8476,0.2233,0,0,1
410.39,4,2,35.34,0,1.4306,0.0,1,0,0.3719,0.6318,0.1857,4,0,1
359.91,5,4,211.3,1,1.0564,0.0,2,0,0.3799,0.482,0.1566,1,0,0
600.0,7,5,173.05,0,1.3185,0.0,3,0,0.4711,0.5962,0.0764,3,0,1
366.43,5,2,117.31,0,0.7442,0.0,2,1,0.7542,0.7396,0.1195,1,1,0
258.22,1,3,50.99,2,3.4607,0.0,5,0,0.5352,0.7567,0.0848,0,1,1
196.63,1,2,71.92,3,0.857,0.0,7,0,0.8395,0.272,0.0926,1,0,1
241.9,2,2,75.13,3,0.7042,0.0,6,0,0.6152,0.5124,0.0873,2,1,0
366.98,2,4,157.96,0,1.5536,0.0,2,0,0.6618,0.5043,0.3239,3,0,1
271.63,3,2,110.36,0,0.8476,5.3461,10,1,0.5399,0.3068,0.0731,2,0,1
235.18,2,1,131.02,0,0.8899,5.3199,3,1,0.2504,0.2966,0.1196,0,1,0
221.38,3,1,21.16,0,1.3932,12.7012,8,0,0.9309,0.332,0.2132,1,0,0
600.0,2,3,125.13,1,0.6899,0.0,4,0,0.5222,0.4987,0.195,2,0,1
164.84,3,3,55.39,1,1.011,4.381,7,1,0.8709,0.6846,0.0994,1,0,0
137.84,1,1,46.4,2,0.7369,0.0,7,0,0.5125,0.5062,0.0865,1,0,1
314.3,2,2,90.05,3,1.594,7.0438,3,1,0.4185,0.4518,0.0854,0,0,1
350.43,6,2,58.05,1,1.1784,10.5086,3,1,0.5138,0.2931,0.1848,1,0,1
600.0,2,2,125.75,2,1.9887,0.0,3,0,0.2859,0.7139,0.048,0,0,1
166.97,2,4,197.42,3,2.9029,7.8251,3,1,0.8238,0.71,0.0709,2,1,0
326.48,4,2,70.96,1,2.1064,5.1192,3,0,0.4242,0.6767,0.1009,3,0,1
107.03,0,0,143.33,0,1.3587,4.4683,3,0,0.6885,0.4095,0.1895,2,0,0
302.34,3,2,71.45,0,1.1307,0.0,3,0,0.4286,0.6467,0.0862,0,0,0
186.43,3,3,91.9,2,0.9964,0.0,2,0,0.8356,0.1827,0.1001,0,0,0
439.28,8,4,125.48,1,1.7557,9.4757,4,1,0.4869,0.6843,0.1236,4,1,1
246.03,3,4,28.95,0,0.9964,0.0,4,0,0.6121,0.3815,0.2211,0,0,0
88.61,0,0,155.85,2,1.4115,0.0,9,0,0.3951,0.3544,0.0229,0,1,0
273.95,2,3,49.01,2,2.1858,0.0,7,0,0.9229,0.6383,0.1629,0,0,1
419.78,5,5,132.05,3,1.027,0.0,8,0,0.2248,0.4805,0.2625,4,1,1
176.06,4,4,129.22,1,1.3531,0.2148,6,0,0.2647,0.2448,0.0556,2,0,1
429.88,1,0,39.32,0,4.0,0.0,3,0,0.2222,0.6784,0.0693,1,1,1
236.3,2,1,115.38,3,1.0588,0.0,7,1,0.7115,0.4876,0.1529,1,0,1
233.23,7,2,106.63,0,1.0257,0.0,5,1,0.7615,0.3025,0.0413,5,0,0
73.49,1,1,94.44,0,1.5685,4.8607,7,0,0.2386,0.5692,0.007,1,1,1
231.88,1,3,129.46,0,0.9983,0.0,7,0,0.5194,0.2568,0.1628,3,0,1
385.72,6,5,6.97,1,1.1339,5.0412,3,1,0.6186,0.4629,0.0828,2,1,1
116.45,1,0,154.1,1,1.6056,0.0,4,1,0.692,0.4379,0.1323,1,1,1
283.22,7,0,88.52,0,1.5855,0.0,3,1,0.4371,0.5862,0.1012,3,0,0
88.68,2,2,159.96,4,0.9065,0.0,10,0,0.6454,0.302,0.1071,0,0,1
334.07,3,4,128.92,0,1.8475,0.0,3,0,0.7544,0.3852,0.0527,3,1,1
45.53,1,1,95.11,0,0.8722,0.0,3,0,0.8638,0.2153,0.0438,0,0,1
171.73,4,2,72.45,1,2.0328,14.2441,5,0,0.296,0.4794,0.1153,2,1,1
119.24,3,1,252.93,2,1.1145,5.4506,2,0,0.3325,0.5052,0.0136,1,0,1
346.18,3,2,46.91,1,1.806,0.0,2,0,0.8369,0.4327,0.1099,2,1,1
142.59,2,2,18.95,0,0.8751,0.0,1,1,0.2142,0.5344,0.0506,2,0,0
506.78,1,0,119.97,3,1.4913,0.0,7,0,0.2214,0.0948,0.0974,3,0,1
214.78,2,1,55.81,0,2.7119,0.0,5,0,0.3568,0.3499,0.0893,2,1,1
177.05,5,0,73.07,1,1.2643,7.0172,4,1,0.8547,0.505,0.011,0,1,1
337.82,1,2,66.11,2,1.2501,5.9326,7,1,0.6647,0.546,0.11,0,0,1
297.52,5,1,184.87,0,0.6418,0.0,3,0,0.4732,0.3594,0.0378,1,1,0
111.22,1,5,38.68,3,1.6033,0.0,6,1,0.2915,0.5047,0.244,0,0,1
312.66,6,3,128.37,0,0.5357,0.0,5,1,0.5323,0.6156,0.1264,0,0,1
489.25,5,4,68.17,2,1.4454,0.0,9,0,0.6756,0.5833,0.2692,3,1,1
301.42,2,3,148.49,2,1.6826,0.0,5,0,0.6913,0.7572,0.0467,1,1,0
350.04,8,4,94.67,1,2.071,0.0,3,0,0.5879,0.5208,0.0706,4,1,1
220.55,4,2,149.89,3,1.2308,1.105,4,0,0.5047,0.3676,0.0857,1,0,1
75.45,1,1,127.7,0,0.3929,11.5343,2,0,0.1608,0.3232,0.0649,0,1,1
177.11,4,2,48.77,1,0.9535,0.0,9,0,0.2307,0.5892,0.0489,0,0,1
195.13,3,0,182.22,1,1.0746,0.0,8,1,0.24,0.6747,0.049,1,0,0
157.23,4,3,106.21,0,1.1309,0.0,5,1,0.314,0.5211,0.1391,0,0,1
184.16,2,3,29.81,1,1.3239,0.0,6,0,0.2903,0.5888,0.2016,0,0,0
293.09,1,7,131.57,2,1.327,4.9633,6,1,0.2366,0.5759,0.1817,2,1,1
132.68,1,2,73.55,3,1.1695,11.469,1,1,0.2599,0.3763,0.0075,1,0,0
121.44,1,2,95.92,0,0.9312,5.3813,4,0,0.7265,0.4734,0.164,2,0,1
248.54,3,2,15.52,4,0.676,2.9566,7,0,0.4546,0.2041,0.0076,0,1,0
438.9,5,4,29.76,1,0.6828,0.0,8,0,0.4481,0.2497,0.1151,4,1,0
135.22,0,3,18.55,2,2.9476,8.7912,4,0,0.8125,0.6448,0.2209,1,0,1
95.49,2,2,98.49,0,1.2536,0.0,1,0,0.7089,0.3582,0.2596,0,0,1
173.46,0,1,154.15,0,1.7843,0.0,3,1,0.3684,0.5006,0.0868,1,0,1
48.97,0,0,80.7,0,0.7984,0.0,6,0,0.5164,0.3933,0.2111,0,0,0
238.67,3,2,112.2,1,0.4639,5.3983,5,1,0.2447,0.2878,0.0469,0,1,0
212.37,1,1,47.97,2,1.0423,0.0,7,0,0.623,0.2731,0.1598,1,1,1
225.26,2,1,168.98,2,1.0415,0.0,2,0,0.0741,0.5413,0.0329,2,1,1
198.41,5,2,22.04,0,1.4222,3.8556,1,0,0.5398,0.5031,0.1808,4,0,1
278.82,3,2,213.24,2,0.696,0.0,5,0,0.2885,0.6833,0.0413,0,1,0
192.06,5,5,126.66,3,2.0573,0.0,10,0,0.4368,0.5237,0.2673,1,0,1
295.0,5,4,53.07,0,1.0452,9.4444,4,0,0.6036,0.3669,0.0602,4,1,1
250.43,4,2,147.65,2,1.0065,10.076,7,1,0.5426,0.5832,0.1267,2,0,1
260.69,0,1,46.58,0,0.952,0.0,2,1,0.3636,0.6391,0.1742,1,1,0
153.17,2,1,110.4,0,1.7027,0.0,3,1,0.4126,0.4547,0.0506,0,0,0
242.75,1,2,53.27,2,2.0783,9.8385,4,0,0.4876,0.4727,0.2488,3,1,1
193.04,3,2,70.87,4,0.9869,2.0283,7,0,0.7687,0.5162,0.0384,1,0,0
284.75,2,0,112.83,0,1.3743,0.0,2,1,0.1671,0.3359,0.2932,0,1,1
199.52,2,0,75.25,3,1.7864,0.0,6,1,0.6279,0.5732,0.0539,0,0,1
307.37,5,3,97.03,1,2.8661,0.0,4,0,0.4841,0.5824,0.04,3,0,1
408.01,2,3,56.36,1,2.1415,0.0,2,1,0.6529,0.6426,0.0401,1,0,1
117.92,1,2,17.17,1,0.6468,5.9325,4,0,0.4268,0.4592,0.1588,2,0,0
509.09,3,4,110.75,1,1.5122,0.0,6,1,0.6026,0.4966,0.0395,4,1,1
315.05,2,3,129.97,0,1.1788,4.237,4,0,0.6032,0.5832,0.2021,1,0,1
96.02,1,6,55.16,1,0.838,0.0,1,0,0.3091,0.4154,0.1211,2,0,0
188.56,0,3,184.76,0,1.5867,0.0,3,0,0.6723,0.38,0.0815,5,1,0
152.13,0,0,98.78,0,0.8526,0.0,2,0,0.3351,0.4403,0.0478,0,0,1
328.82,7,5,158.19,0,2.2304,0.0,1,0,0.5142,0.5122,0.0583,3,0,1
252.02,3,4,158.78,2,1.871,11.391,10,0,0.5448,0.4981,0.0313,4,1,1
241.43,4,1,145.9,0,0.7662,12.5625,3,0,0.4359,0.6065,0.1243,0,0,1
329.61,9,2,62.78,1,1.5639,7.4104,3,0,0.2032,0.3049,0.1046,1,1,0
215.43,3,4,155.75,1,1.0228,0.0,4,1,0.5041,0.565,0.3369,4,0,1
375.73,6,2,61.53,0,0.5962,4.9711,4,1,0.89,0.6838,0.0783,0,0,1
432.01,8,3,116.89,0,1.0335,0.0,5,1,0.8205,0.567,0.0581,1,0,1
36.65,1,1,83.06,1,1.3927,0.0,3,0,0.5238,0.5244,0.1695,0,0,0
370.96,0,7,57.54,3,1.028,0.0,9,1,0.5705,0.7338,0.0996,1,0,1
323.11,2,0,37.1,0,0.7302,9.9878,5,0,0.3919,0.4409,0.0664,0,0,1
158.4,4,3,100.36,2,0.7936,0.0,5,0,0.2734,0.5659,0.1017,2,0,1
138.31,1,2,71.53,2,2.0737,0.0,7,0,0.2217,0.8713,0.0417,2,1,1
384.58,6,3,119.12,1,0.7604,0.0,4,0,0.3177,0.2862,0.1812,0,1,0
203.03,2,2,159.7,1,1.0072,0.0,6,1,0.7055,0.6224,0.183,0,1,0
357.06,1,3,136.16,2,0.6027,6.1926,4,0,0.187,0.2185,0.1894,1,0,1
424.25,2,3,78.17,2,1.5134,0.0,2,0,0.5309,0.4011,0.1359,1,0,0
190.09,3,2,9.62,2,0.7523,0.0,5,0,0.2219,0.6226,0.3269,3,0,0
95.69,2,2,43.88,3,1.0492,0.0,5,1,0.4497,0.295,0.1019,0,0,0
216.04,1,3,40.28,0,1.6744,0.0,4,0,0.5339,0.5073,0.0245,1,0,0
141.34,3,0,59.62,1,1.7518,10.848,3,0,0.5168,0.6504,0.0295,1,0,1
537.26,2,3,97.9,1,1.0273,0.0,2,0,0.3563,0.5071,0.1045,5,1,1
315.79,5,3,152.92,0,1.029,0.6698,1,1,0.4942,0.6339,0.196,2,0,1
111.23,2,2,26.68,0,1.1705,6.2465,1,1,0.5426,0.2804,0.0879,0,1,0
227.87,3,3,94.73,3,2.3921,2.2508,8,0,0.7986,0.4574,0.1267,1,1,1
284.48,4,2,82.45,0,0.9478,0.0,3,0,0.7035,0.186,0.0419,0,1,1
21.16,0,3,12.24,1,1.1504,9.5249,4,1,0.1769,0.4682,0.1267,0,1,0
249.48,2,2,246.86,1,0.8012,9.387,2,0,0.3792,0.7063,0.0554,2,1,0
362.53,2,0,20.51,0,1.0589,5.8716,7,0,0.6556,0.7436,0.0195,0,0,1
342.48,2,1,40.99,0,1.434,0.0,3,1,0.0411,0.4706,0.0869,0,1,0
174.23,4,0,237.62,4,0.9549,2.938,7,0,0.7091,0.3516,0.0592,0,1,1
352.31,5,0,120.15,0,2.0298,13.7623,5,0,0.3931,0.5108,0.2214,1,0,1
320.06,6,4,93.28,1,1.214,0.0,4,1,0.4526,0.7439,0.0431,3,1,0
123.29,0,3,53.95,0,0.8251,0.0,4,0,0.42,0.4227,0.0658,2,0,0
266.93,5,2,14.0,0,1.0676,6.3001,4,1,0.5974,0.7837,0.1592,2,0,0
600.0,2,4,98.59,2,0.7775,0.0,6,0,0.1797,0.5669,0.0559,1,1,1
432.51,5,2,166.72,1,2.0178,9.1937,6,0,0.6715,0.6162,0.2755,0,0,1
262.47,1,3,142.81,2,1.1038,0.0,3,1,0.3235,0.6632,0.2387,3,0,0
373.62,4,3,150.38,2,0.9076,0.0,7,1,0.4906,0.81,0.0504,0,0,1
255.27,4,2,125.74,2,2.9232,11.436,7,1,0.3882,0.8874,0.0675,1,0,0
99.95,1,2,101.48,1,0.3986,7.8973,2,1,0.7115,0.464,0.0702,1,1,0
198.66,4,1,92.76,2,1.8035,0.0,4,0,0.4539,0.5897,0.3079,1,0,0
301.37,1,0,67.4,1,2.4618,5.3235,4,1,0.477,0.6012,0.1823,2,0,1
160.03,2,2,130.63,1,0.6507,0.0,1,1,0.7151,0.4129,0.2221,0,1,0
51.75,1,2,148.13,1,0.9743,8.0225,4,0,0.3381,0.3145,0.0352,0,0,1
392.85,9,6,127.02,3,0.5192,0.0,6,0,0.699,0.284,0.1788,2,1,1
378.81,6,1,52.22,0,0.6242,2.5263,2,0,0.5171,0.4734,0.0372,1,0,0
172.21,2,5,112.79,3,1.5001,0.0,5,0,0.5549,0.5461,0.1511,0,0,1
290.15,4,3,169.2,1,0.5886,4.6568,10,1,0.6098,0.428,0.0889,2,0,1
420.54,7,1,77.13,0,1.2712,0.0,2,0,0.277,0.6069,0.0938,0,0,1
280.14,2,2,93.55,1,1.897,0.0,4,0,0.6512,0.3409,0.1175,2,0,1
124.94,1,1,184.38,0,0.9825,0.0,4,0,0.329,0.3452,0.1295,1,0,1
263.32,3,1,39.26,0,1.6255,0.0,4,0,0.3442,0.5508,0.0265,0,1,1
214.89,4,5,150.34,2,1.947,8.2253,3,0,0.7116,0.4582,0.0649,1,0,1
197.88,1,4,17.65,0,2.2015,0.0,3,0,0.588,0.629,0.1623,0,0,1
415.32,5,6,114.81,1,1.3881,0.0,3,0,0.4356,0.4529,0.2637,1,0,1
253.65,5,3,78.49,0,1.1127,4.3514,7,0,0.2089,0.5779,0.1096,1,0,1
145.56,3,1,93.91,1,1.5861,0.0,2,0,0.8119,0.532,0.1072,0,0,1
217.33,2,2,77.34,3,1.1027,0.0,5,1,0.6229,0.6296,0.0425,1,0,0
119.32,1,4,106.37,1,1.0586,7.6523,6,0,0.5762,0.3273,0.2415,4,1,0
188.53,3,2,70.64,1,0.9676,11.0237,3,1,0.5136,0.4476,0.0722,2,0,1
326.19,2,4,188.44,2,0.8534,0.0,7,0,0.3447,0.2162,0.3098,1,0,1
176.26,3,1,27.73,0,1.7657,0.0,4,0,0.901,0.7003,0.0863,1,0,1
231.07,2,4,68.54,0,0.9849,5.7737,3,0,0.6614,0.6322,0.2276,3,1,0
494.14,4,2,67.49,2,1.819,0.0,9,0,0.664,0.5193,0.1808,1,1,0
379.95,6,6,64.19,0,0.4522,2.9108,3,0,0.1209,0.4043,0.1236,1,0,1
422.16,5,4,60.36,2,1.0919,0.0,4,0,0.2063,0.4,0.1615,0,1,1
225.58,4,4,196.1,2,1.1763,0.0,8,0,0.5545,0.3428,0.1179,1,0,1
468.94,4,2,24.52,0,1.3496,0.0,5,1,0.3568,0.3601,0.076,0,1,1
358.57,3,2,14.08,3,0.3805,6.5725,10,0,0.4185,0.2591,0.1471,2,0,1
284.12,5,2,166.55,3,2.4546,8.045,9,0,0.5174,0.5082,0.0313,1,1,1
198.59,3,2,96.05,2,1.0293,0.0,6,0,0.3208,0.5564,0.0758,1,1,1
84.89,2,1,94.61,0,1.1442,0.0,2,0,0.373,0.3287,0.0833,2,1,0
206.1,2,5,150.77,0,0.7829,0.0,4,0,0.2775,0.3413,0.181,1,1,1
88.8,0,1,38.94,1,0.6688,0.0,5,0,0.8805,0.3552,0.0651,0,0,0
368.92,2,2,169.64,2,1.2285,0.0,7,0,0.3391,0.678,0.3219,2,0,1
62.7,1,2,144.5,0,1.8802,0.0,3,0,0.492,0.6308,0.1114,1,1,1
64.92,0,1,70.19,0,1.0736,0.0,1,0,0.7131,0.4684,0.0436,1,0,1
239.81,3,4,93.07,0,1.0335,0.0,5,0,0.4994,0.5853,0.0736,0,0,0
174.52,5,4,134.54,2,1.2591,8.3271,3,0,0.411,0.7276,0.1809,3,0,1
266.42,4,1,121.82,0,1.5092,0.0,4,1,0.562,0.6059,0.1113,3,0,0
62.5,1,0,6.45,1,0.6988,0.0,4,0,0.5385,0.3932,0.0705,0,1,0
99.14,1,2,70.38,2,1.6412,0.0,3,0,0.3929,0.4143,0.1797,1,0,0
253.08,0,0,189.78,2,0.8463,11.949,5,0,0.6032,0.2755,0.0612,0,1,1
335.55,4,1,91.77,2,1.2316,6.8649,7,1,0.524,0.448,0.0743,0,0,1
235.81,1,2,146.61,1,0.8135,0.0,3,1,0.6582,0.0976,0.0522,1,0,1
350.52,3,1,127.31,2,1.972,0.0,6,0,0.663,0.5067,0.1351,3,1,0
111.63,1,3,231.48,0,1.208,0.0,5,0,0.2241,0.5576,0.0168,0,1,0
259.0,3,3,106.37,3,0.8908,0.0,7,1,0.4511,0.4072,0.1169,1,0,1
334.04,2,5,181.62,3,1.1273,0.0,6,1,0.5055,0.1832,0.094,3,0,0
290.72,0,3,116.91,1,1.0685,0.0,1,0,0.7701,0.4515,0.1148,1,0,0
176.79,2,2,10.02,1,0.7749,9.5692,6,0,0.2167,0.5122,0.0085,1,0,1
192.38,1,0,78.84,0,1.6308,2.3015,1,0,0.589,0.7028,0.0684,1,0,1
465.46,3,4,56.27,1,1.5252,0.0,5,0,0.9108,0.3616,0.1785,2,1,1
231.89,7,2,196.58,0,2.3742,0.0,5,0,0.3101,0.7334,0.0537,3,0,0
383.92,4,3,34.98,1,1.7645,0.0,6,0,0.7951,0.2984,0.101,2,0,0
164.42,1,0,12.18,1,1.5274,0.0,4,0,0.476,0.4574,0.1446,0,0,1
247.05,1,0,54.07,0,1.5981,5.6931,4,0,0.906,0.7107,0.1593,0,0,1
166.44,5,2,95.69,2,0.8,6.1001,5,0,0.4684,0.3426,0.0342,2,0,0
600.0,5,5,138.45,4,1.1082,0.0,6,0,0.1594,0.5135,0.2548,1,1,1
252.02,1,3,30.48,2,1.179,7.5074,6,1,0.6388,0.4726,0.156,1,0,0
325.79,1,1,31.82,0,0.6342,5.568,3,0,0.6591,0.2244,0.1563,1,0,1
407.43,3,2,170.74,0,2.2001,3.6604,5,0,0.5724,0.4658,0.2274,2,0,1
62.03,1,2,172.07,1,1.2614,0.0,5,0,0.4706,0.3376,0.027,0,1,1
231.45,2,3,54.77,0,2.776,9.1809,4,0,0.7383,0.4895,0.152,1,0,1
414.82,2,1,89.27,0,1.4331,0.0,1,1,0.4071,0.4831,0.1426,2,1,1
267.89,6,3,143.35,0,0.874,6.92,2,0,0.2411,0.5743,0.2316,3,0,1
375.26,3,5,179.31,1,1.783,0.0,3,0,0.3953,0.469,0.1531,2,1,0
303.48,3,2,110.86,0,1.5547,5.7715,4,1,0.2084,0.1991,0.1443,1,0,0
194.02,1,1,100.76,1,0.9037,9.0092,6,0,0.1445,0.3831,0.1519,2,1,1
51.63,1,5,151.48,1,1.8613,5.0051,2,0,0.8009,0.4766,0.1716,2,0,0
150.41,3,3,108.86,1,1.9061,0.0,6,1,0.2615,0.5519,0.2854,0,0,1
339.72,2,3,39.4,1,1.1137,0.0,8,0,0.562,0.2635,0.1058,0,0,1
428.13,7,4,177.31,0,0.3763,3.131,3,0,0.7711,0.341,0.0816,4,1,1
600.0,3,2,143.29,0,2.3619,0.0,3,1,0.6297,0.6228,0.1044,2,1,1
127.16,1,6,138.31,1,1.7202,0.0,6,0,0.8764,0.5016,0.1505,1,0,1
535.19,6,2,62.12,2,1.9916,0.0,4,1,0.6418,0.483,0.2037,3,0,1
263.22,3,5,49.37,2,0.855,0.0,7,1,0.3484,0.7629,0.0354,1,1,0
178.52,1,2,136.88,1,1.2498,2.6957,5,0,0.5535,0.5706,0.2651,2,0,1
262.96,1,0,67.56,0,1.3245,12.5341,1,1,0.4877,0.2931,0.0433,0,1,0
119.79,2,4,103.03,1,1.1066,8.4877,2,0,0.4324,0.7875,0.1974,2,1,1
474.49,4,3,61.99,1,0.6812,14.3232,1,0,0.4319,0.4314,0.062,3,0,1
189.24,1,2,30.2,1,1.6208,0.0,6,1,0.5533,0.8989,0.0839,1,1,0
107.33,3,1,95.46,0,1.172,4.5459,2,0,0.5323,0.1899,0.3879,2,1,0
232.52,3,2,88.82,2,1.4538,0.0,10,0,0.4245,0.5948,0.1351,1,0,1
177.2,3,3,144.38,2,1.4613,0.0,10,1,0.4439,0.5709,0.0355,2,0,1
285.96,3,4,213.13,0,1.0566,0.0,7,0,0.5399,0.5616,0.0797,2,0,1
312.33,1,0,20.17,0,1.2886,4.1709,6,0,0.3766,0.5807,0.0972,1,0,0
365.28,3,0,69.41,0,1.1829,6.5184,5,1,0.271,0.8546,0.0659,0,0,1
220.58,3,2,177.73,2,2.1279,0.0,7,0,0.4415,0.5012,0.1178,2,1,0
235.83,2,1,7.99,1,2.9896,0.0,4,0,0.191,0.7226,0.0165,2,1,0
353.57,5,3,125.07,1,2.4428,0.0,7,1,0.5296,0.3141,0.216,1,0,1
297.42,1,4,170.03,0,0.6507,5.6615,4,1,0.4125,0.3601,0.1424,1,1,0
499.02,9,4,82.18,2,1.7408,11.3316,9,1,0.4725,0.6731,0.0718,1,0,1
457.86,2,2,89.94,1,1.2802,5.8557,6,1,0.4229,0.4288,0.2777,1,1,1
196.3,4,2,38.32,0,1.3318,12.4954,3,1,0.2694,0.6737,0.0423,1,1,0
81.59,0,5,82.25,2,1.1382,2.9433,5,0,0.5448,0.6429,0.2336,0,1,0
501.04,4,3,55.81,0,0.5757,1.8549,2,0,0.4132,0.7315,0.234,1,0,1
263.78,3,4,196.4,1,1.7094,8.7599,1,0,0.3914,0.2327,0.2425,3,0,0
323.16,5,2,18.31,0,1.2508,8.3227,8,0,0.7779,0.5558,0.0445,3,0,0
422.91,7,3,112.03,1,0.6571,6.3695,7,0,0.5932,0.2515,0.1376,3,0,1
265.8,2,2,68.75,1,0.9581,12.0064,5,0,0.5163,0.4252,0.1629,1,0,0
198.43,2,1,54.9,1,1.5111,5.3403,4,0,0.3854,0.1873,0.0809,1,0,1
407.14,4,3,78.61,0,1.4833,0.0,3,1,0.3847,0.482,0.0962,1,0,1
64.75,1,4,135.34,0,0.5269,0.0,7,0,0.5797,0.1839,0.3177,2,0,1
263.69,6,2,205.97,2,1.823,11.8303,5,0,0.3435,0.643,0.0298,2,0,1
257.59,1,1,79.67,1,0.4361,0.0,5,0,0.6109,0.3585,0.0157,0,0,1
559.62,7,4,175.98,0,1.4778,0.0,5,1,0.5492,0.5805,0.0027,3,0,1
308.91,2,2,136.5,1,1.118,1.6271,4,0,0.6773,0.251,0.0587,1,0,1
213.04,0,1,21.27,2,1.0,7.4492,5,0,0.4915,0.4451,0.1746,2,0,1
600.0,7,1,120.58,1,1.1748,0.0,1,0,0.7086,0.5788,0.347,0,1,1
239.79,1,5,69.51,2,3.3228,0.0,3,0,0.4584,0.7066,0.2627,2,1,1
362.08,4,2,71.68,1,1.0472,0.0,6,0,0.8442,0.4922,0.0315,2,0,1
167.66,3,4,76.02,1,0.9201,6.0919,8,1,0.3701,0.6212,0.0373,3,1,0
34.33,0,1,2.44,2,1.3814,0.0,5,1,0.5677,0.5954,0.1005,3,0,1
254.57,1,2,120.23,1,0.7612,0.0,4,0,0.3299,0.5378,0.1891,0,0,1
338.19,3,3,148.81,0,1.2196,0.0,4,1,0.3514,0.2637,0.1428,3,0,1
212.92,2,2,19.74,2,2.9041,0.0,5,1,0.4379,0.2705,0.2131,1,1,1
301.2,5,1,37.36,1,1.9692,0.0,2,0,0.6813,0.6108,0.0168,2,0,1
309.89,5,0,44.55,2,1.3879,7.7853,7,1,0.5535,0.3064,0.0395,1,0,1
291.99,7,5,110.72,1,1.4657,0.0,3,0,0.7205,0.6482,0.1368,0,0,1
202.51,4,6,184.4,1,0.9364,8.711,4,0,0.8402,0.3728,0.0343,1,0,1
428.67,3,3,97.65,2,1.6805,0.0,8,1,0.3461,0.4386,0.1825,1,0,0
386.72,4,1,58.49,3,1.6598,0.0,9,0,0.4233,0.2177,0.0586,1,1,1
217.14,2,2,5.66,2,2.5428,9.0837,8,0,0.3228,0.322,0.042,3,0,1
600.0,2,2,95.75,1,0.9363,10.1635,5,1,0.4674,0.2099,0.1106,1,0,1
103.21,0,3,65.22,1,1.0318,1.9571,2,0,0.1816,0.3957,0.1068,1,0,1
237.44,7,5,61.3,3,2.4111,4.4412,9,0,0.4742,0.6536,0.1503,4,0,1
131.03,1,4,70.21,1,1.7564,0.0,3,1,0.7866,0.5591,0.082,3,0,1
71.04,2,2,109.34,1,1.0629,2.6905,5,0,0.1865,0.3804,0.0202,0,0,1
219.26,2,1,116.17,1,1.2558,5.2859,5,0,0.7134,0.5732,0.1175,1,0,1
117.38,0,1,39.64,0,0.6663,0.0,7,0,0.2921,0.2713,0.1425,0,0,0
505.6,6,2,162.22,1,0.9642,0.0,5,0,0.7499,0.5387,0.2171,3,0,1
71.93,1,2,14.53,2,2.3874,0.0,5,1,0.2625,0.7551,0.1636,0,0,1
395.86,3,1,102.03,0,2.311,2.6855,8,1,0.4313,0.5379,0.1149,2,1,1
198.3,2,4,193.02,0,1.2495,0.0,2,0,0.0918,0.2818,0.0709,1,1,1
128.48,0,1,55.29,1,0.4395,1.5414,4,0,0.5608,0.4659,0.0267,1,0,1
218.21,1,0,120.2,2,1.5018,0.0,4,0,0.4404,0.2266,0.0896,2,1,1
123.37,0,2,35.84,0,1.4599,9.5291,4,0,0.9011,0.6325,0.1155,1,1,1
179.15,0,2,174.48,1,1.1879,10.9344,2,0,0.2442,0.6739,0.0293,2,1,0
347.17,6,1,156.18,4,1.4904,0.0,6,0,0.4843,0.7142,0.2494,3,1,1
600.0,2,0,20.05,1,0.7911,0.9156,6,0,0.2956,0.2912,0.1182,0,0,1
278.18,0,1,11.37,1,1.6124,7.9149,4,0,0.3096,0.5315,0.1274,0,0,0
423.74,2,5,116.02,1,2.4184,0.0,5,0,0.6815,0.4653,0.1508,2,0,0
254.47,3,4,29.94,0,0.6184,10.3999,5,1,0.6825,0.4048,0.01,2,0,1
217.64,4,4,151.32,1,1.157,4.2705,6,0,0.3708,0.7679,0.2434,3,0,1
248.98,3,1,111.46,0,0.6048,0.0,4,0,0.6778,0.4129,0.0507,2,1,1
244.95,1,1,16.15,0,1.2474,3.5693,2,0,0.5751,0.59,0.1303,1,1,0
366.96,0,3,35.47,0,1.0659,0.0,1,1,0.6054,0.4404,0.2368,2,0,0
557.39,3,6,123.36,2,0.6545,0.0,7,0,0.5161,0.308,0.2291,4,0,0
363.45,6,3,149.38,1,3.1507,0.0,5,0,0.7147,0.7225,0.1031,3,0,1
208.75,3,1,16.92,0,1.1076,0.0,4,1,0.3683,0.4478,0.0765,1,0,0
600.0,4,3,110.0,1,0.8584,8.7337,4,0,0.3673,0.4001,0.3011,2,1,1
230.27,2,3,156.47,0,1.8773,9.2109,5,0,0.1189,0.3192,0.1707,0,1,1
97.15,3,1,34.75,1,2.2495,0.0,9,0,0.1344,0.4546,0.1159,1,1,0
232.28,3,4,98.5,1,1.3168,0.0,7,1,0.4323,0.3768,0.2732,1,1,1
307.45,1,1,160.47,1,0.9979,0.0,2,1,0.7357,0.231,0.0828,1,1,0
298.81,3,5,114.95,0,0.7535,0.0,4,0,0.2569,0.3804,0.1981,1,1,0
554.26,2,4,118.71,2,0.9833,5.3054,1,0,0.6382,0.4198,0.0635,2,1,1
215.9,1,3,146.59,0,1.4896,5.7173,6,0,0.5494,0.4259,0.106,2,1,1
171.61,4,1,27.18,3,1.6867,0.0,10,0,0.6504,0.7216,0.0715,4,0,1
192.97,0,0,87.2,3,1.0639,0.0,7,0,0.7766,0.5448,0.3903,0,0,0
247.84,3,3,90.43,2,1.2097,0.0,3,0,0.4108,0.4014,0.3901,0,0,0
309.22,4,4,147.83,1,1.1216,12.8079,4,0,0.2221,0.3065,0.148,0,1,1
600.0,3,5,149.24,2,0.8688,12.6652,5,1,0.2926,0.629,0.0693,2,0,1
164.03,4,0,40.52,3,2.5712,9.166,5,1,0.2477,0.3739,0.1622,1,0,1
114.19,3,3,98.31,2,1.2011,0.0,6,0,0.6223,0.4049,0.1255,2,0,1
199.44,3,2,60.85,0,1.3282,0.0,3,0,0.4325,0.3005,0.0494,1,0,1
200.92,1,1,178.66,2,1.4818,0.0,5,0,0.1529,0.5481,0.0758,1,1,0
228.89,2,1,195.48,2,1.0332,0.0,5,0,0.3401,0.501,0.0391,0,0,1
333.03,3,5,266.48,0,0.8,0.0,4,0,0.6054,0.2829,0.0903,3,0,0
136.27,4,1,39.85,0,0.5418,12.0554,2,0,0.1432,0.3816,0.0785,0,1,0
112.26,3,2,41.14,1,0.78,4.9929,5,1,0.5735,0.2688,0.0225,0,1,0
304.16,6,5,127.17,2,0.8934,0.0,6,1,0.3905,0.5331,0.074,3,1,1
237.99,1,5,218.16,0,1.1641,0.0,6,0,0.1542,0.568,0.1962,1,0,0
357.02,1,0,53.94,3,1.8705,0.0,7,0,0.5513,0.4523,0.0149,0,0,1
392.65,4,4,18.0,0,0.6371,10.134,4,1,0.2528,0.5669,0.2031,1,0,1
153.64,2,2,200.56,1,1.692,0.0,1,1,0.6475,0.5303,0.066,1,0,0
248.17,1,3,88.79,1,2.1515,0.0,9,0,0.2759,0.5974,0.1561,2,1,1
124.56,1,0,161.56,1,2.4928,0.0,8,0,0.3148,0.6454,0.0818,1,0,1
323.88,4,4,69.64,0,1.4054,0.0,3,0,0.4242,0.3557,0.1155,2,1,1
36.82,0,1,144.22,0,1.1379,0.0,4,0,0.8387,0.2389,0.0424,0,1,1
300.63,4,2,236.87,1,2.1644,0.0,8,0,0.2435,0.4066,0.0633,0,1,1
198.47,4,3,77.31,0,1.1232,10.4222,4,0,0.3616,0.6896,0.1819,0,0,1
438.36,4,4,8.76,1,2.6619,0.0,5,1,0.5143,0.655,0.0551,1,1,1
440.2,7,5,245.82,2,2.2271,0.0,6,0,0.6462,0.7561,0.2644,3,0,1
266.31,3,1,101.36,0,1.7766,0.0,2,1,0.2135,0.5137,0.2928,0,0,1
585.34,6,4,158.92,1,1.9595,0.9073,4,0,0.2416,0.3665,0.0843,0,1,1
219.26,0,3,136.59,2,1.029,9.5756,3,0,0.2054,0.3862,0.0432,0,0,0
131.18,2,3,222.29,3,0.7325,4.0483,6,0,0.258,0.4139,0.1644,1,0,1
289.46,6,2,58.98,0,3.2651,0.0,3,0,0.5236,0.7435,0.0239,1,0,0
97.99,3,1,45.65,0,1.7986,0.0,3,0,0.3991,0.5398,0.0476,1,1,0
436.12,5,2,70.05,4,2.4941,0.0,4,0,0.3082,0.7446,0.0966,0,1,1
57.68,1,2,148.81,1,0.8758,2.6282,6,1,0.3688,0.5131,0.1796,0,1,0
314.18,3,3,18.46,0,1.229,0.0,4,0,0.6332,0.6104,0.1609,1,0,1
160.02,0,3,104.26,0,0.6172,3.9918,4,0,0.6243,0.3144,0.1108,1,1,0
487.47,0,2,46.64,1,0.8351,13.4984,7,0,0.5363,0.1454,0.2114,1,0,1
380.31,3,2,26.68,1,1.4826,0.0,3,1,0.7132,0.3476,0.1581,1,0,0
109.41,2,3,25.84,2,1.9657,0.0,6,0,0.4264,0.4986,0.3798,1,0,0
111.46,3,2,90.33,0,1.7045,4.6353,3,0,0.42,0.7623,0.1112,2,1,0
550.97,1,1,52.58,1,1.1211,0.0,1,0,0.3632,0.3317,0.1513,2,0,1
478.21,4,4,146.19,1,0.7717,0.0,10,0,0.5043,0.4962,0.0313,1,0,1
134.0,1,1,13.62,2,1.1207,9.2641,1,0,0.4762,0.6801,0.0254,0,0,1
315.27,3,4,39.65,3,0.8536,12.8602,7,0,0.6325,0.4862,0.032,2,0,1
163.29,1,1,23.23,1,1.1354,0.0,2,0,0.2557,0.3703,0.0188,0,1,1
99.21,1,1,101.01,1,1.9347,0.0,4,0,0.1901,0.6391,0.0325,0,0,0
173.29,5,4,24.62,2,0.621,0.0,3,1,0.4062,0.1094,0.1663,0,1,1
519.3,6,4,153.95,1,2.035,2.9356,8,0,0.4729,0.4356,0.2061,1,0,1
186.31,2,2,47.76,2,1.8118,4.6824,5,1,0.8822,0.5144,0.0774,0,0,1
99.92,3,0,18.92,1,0.9984,7.9537,2,0,0.5777,0.5322,0.2085,1,0,0
362.34,5,2,188.45,4,1.1118,0.0,9,0,0.2815,0.2347,0.257,2,0,1
330.46,3,1,10.08,2,2.9225,0.0,4,0,0.0824,0.5224,0.0554,0,0,1
57.79,1,3,149.62,1,1.137,7.0207,6,0,0.6175,0.4722,0.0273,2,1,1
113.14,2,5,23.4,1,2.1582,0.0,2,0,0.6866,0.7826,0.2268,1,0,0
220.65,1,6,196.05,2,1.6212,0.0,6,1,0.455,0.4301,0.3,3,1,0
175.19,4,1,71.91,1,0.6519,7.4709,3,1,0.3373,0.6894,0.0361,2,0,0
101.14,1,0,64.88,0,2.7499,0.0,5,0,0.5216,0.4157,0.1057,1,0,0
454.81,3,2,100.47,2,0.6903,0.0,7,0,0.2479,0.8633,0.231,4,1,0
422.66,7,6,116.18,1,1.1641,0.0,9,0,0.8443,0.3592,0.1328,5,1,1
241.19,3,1,184.0,0,3.5936,9.2155,1,0,0.3668,0.7152,0.1483,0,1,1
328.45,6,6,66.43,0,0.8736,0.0,6,0,0.3931,0.4948,0.0709,0,0,1
353.74,3,2,76.45,1,1.5437,11.7304,3,1,0.2738,0.51,0.1918,1,1,1
453.76,2,4,53.65,1,0.7308,7.4375,4,1,0.6767,0.4026,0.1356,2,0,0
75.71,0,1,51.74,0,0.7682,2.6514,8,0,0.2303,0.3164,0.0597,1,1,0
362.03,6,4,154.26,1,2.4635,0.0,4,0,0.3941,0.4223,0.196,4,0,1
600.0,7,1,244.04,2,0.9534,0.0,7,0,0.5656,0.2414,0.1978,0,0,1
179.79,1,1,226.89,1,1.9912,0.0,1,0,0.6021,0.6337,0.13,0,0,0
238.37,2,2,90.83,0,0.6179,10.4686,4,0,0.3207,0.2706,0.1223,0,0,0
149.43,3,1,215.05,2,2.1376,5.734,5,0,0.6989,0.5138,0.1784,1,0,1
224.75,1,2,146.14,1,1.4145,7.2865,6,0,0.0959,0.638,0.1065,1,0,1
362.32,2,0,59.87,0,1.0731,0.0,4,0,0.5205,0.5308,0.1694,1,0,0
400.42,4,2,117.25,1,1.6868,0.0,5,0,0.7403,0.521,0.0967,1,1,1
79.43,2,2,197.9,2,1.9953,8.2427,4,0,0.1344,0.7325,0.0509,1,0,1
303.33,1,2,6.33,1,2.3962,0.0,4,1,0.5454,0.622,0.0878,1,0,0
334.66,4,3,104.6,2,1.1073,0.0,7,0,0.206,0.3346,0.0456,2,1,0
168.77,2,1,8.09,0,0.7014,0.0,5,0,0.3763,0.1917,0.0684,1,1,1
239.99,0,3,167.39,2,1.0816,6.9954,5,0,0.3786,0.5696,0.007,2,1,1
171.58,0,0,13.25,0,0.9477,8.0681,4,0,0.3732,0.4967,0.0058,1,0,1
403.12,1,4,111.2,2,1.4652,0.0,5,1,0.7074,0.4631,0.0881,1,0,1
277.13,2,3,136.7,2,4.0,0.0,5,0,0.7121,0.6011,0.2461,1,1,0
139.64,3,5,78.2,1,1.7161,0.0,1,1,0.4566,0.5858,0.0391,3,0,1
162.14,2,5,76.1,1,2.1216,0.0,7,0,0.3816,0.4768,0.1916,3,1,1
266.57,5,1,162.24,1,1.804,0.0,1,1,0.5234,0.272,0.1331,1,0,1
111.0,1,1,175.47,1,1.4284,8.1703,5,0,0.4885,0.4511,0.113,1,1,0
245.99,0,4,203.81,2,1.3255,4.9629,8,0,0.5798,0.4656,0.133,2,1,1
123.04,0,1,133.7,0,0.5673,2.2384,2,0,0.7534,0.4401,0.1133,0,1,0
248.57,3,0,99.18,3,1.5788,0.0,4,0,0.2765,0.4179,0.1272,1,1,1
226.92,5,1,12.64,1,1.099,0.0,2,0,0.4166,0.3711,0.0517,2,1,0
418.9,2,3,185.32,2,0.6822,6.7484,7,0,0.5625,0.2034,0.0403,1,0,0
182.67,3,2,133.58,0,2.0214,4.6099,3,0,0.43,0.666,0.2069,2,1,1
116.34,0,1,15.16,0,1.3625,7.7826,8,0,0.3075,0.2514,0.0549,2,1,0
116.11,1,1,38.78,0,0.9316,7.7673,4,1,0.2408,0.261,0.0384,3,1,0
600.0,3,5,138.63,1,0.779,0.0,2,0,0.9618,0.2227,0.2031,2,0,1
351.0,3,4,148.58,0,2.5573,0.0,5,0,0.4118,0.4125,0.2703,2,1,1
449.0,6,2,16.2,1,1.2006,0.0,2,1,0.3369,0.7712,0.0641,0,0,0
177.4,2,1,176.2,3,0.8214,0.0,4,0,0.2638,0.4365,0.0279,1,0,0
292.97,2,3,225.64,2,2.0586,10.3489,8,0,0.5295,0.4146,0.1322,0,1,1
511.76,4,3,42.6,1,1.3064,10.5857,4,0,0.5453,0.4077,0.2886,2,0,1
290.45,1,1,92.14,1,1.2124,10.2419,2,0,0.3063,0.6549,0.2366,1,1,1
338.23,0,3,53.53,3,1.5401,0.0,6,1,0.4187,0.3645,0.1866,1,0,1
69.55,0,2,134.81,2,1.4468,6.9353,2,0,0.6975,0.5558,0.1293,2,0,1
122.41,2,3,44.42,2,1.3812,10.5533,4,1,0.5261,0.7129,0.1603,2,0,1
454.52,5,0,47.96,3,1.5317,0.4125,6,0,0.2913,0.2373,0.0489,0,1,1
458.13,3,4,61.41,1,0.7222,7.8287,2,1,0.3186,0.4174,0.1029,5,0,1
273.08,4,6,67.9,1,0.9826,3.4884,5,0,0.5028,0.2231,0.0461,0,0,1
195.98,3,3,74.92,0,0.908,6.0723,4,0,0.3351,0.3944,0.1136,2,1,0
572.27,5,1,143.77,1,0.9114,6.2863,3,0,0.7443,0.5105,0.2555,1,0,1
328.35,3,4,71.96,1,2.2118,0.0,6,1,0.7771,0.5021,0.1968,1,0,1
231.35,3,4,135.3,1,0.5051,0.0,2,1,0.3419,0.5874,0.1267,2,1,0
241.75,3,1,81.76,1,0.7193,0.0,2,1,0.459,0.6078,0.1096,1,0,0
357.73,5,6,27.5,2,2.5989,0.0,1,0,0.7028,0.2063,0.0855,2,0,1
243.77,2,4,41.03,4,1.6803,0.0,8,0,0.3321,0.3874,0.0387,1,1,0
463.28,3,3,174.27,2,0.6291,0.0,2,0,0.5719,0.3268,0.0669,1,0,1
389.79,2,0,161.88,0,0.832,0.0,4,0,0.426,0.3234,0.0124,3,0,0
600.0,6,5,50.3,1,0.7137,5.1206,6,0,0.5091,0.1701,0.0999,1,1,1
158.94,0,4,164.06,0,2.3733,0.0,2,1,0.373,0.7587,0.331,3,0,1
70.43,1,1,60.67,0,1.5772,0.0,3,0,0.3331,0.2516,0.3498,0,1,0
141.0,4,1,52.58,1,2.4958,0.0,10,0,0.5216,0.5528,0.114,0,0,1
224.08,4,1,33.93,1,2.1329,0.0,7,1,0.6261,0.7474,0.135,0,1,0
370.8,0,2,26.33,1,0.7373,9.9279,9,0,0.6188,0.4326,0.2635,0,0,1
101.2,0,0,125.3,3,1.0906,0.0,4,1,0.7144,0.4677,0.0836,1,0,1
195.98,4,3,132.64,1,3.5014,0.0,5,0,0.5609,0.8018,0.2229,1,0,1
123.84,0,2,94.54,1,1.5689,7.336,6,1,0.6924,0.6441,0.0563,1,0,1
130.51,0,0,77.47,0,1.0025,6.5493,3,0,0.2916,0.4605,0.2499,1,0,0
218.92,0,4,54.03,1,1.7855,0.0,6,0,0.1459,0.5991,0.1331,0,0,1
281.98,6,2,54.65,0,0.833,4.9514,6,0,0.5559,0.4922,0.1,1,1,0
244.98,0,3,127.75,1,1.5108,4.0676,5,0,0.5273,0.2579,0.0152,0,1,1
137.3,1,0,77.18,0,1.2568,0.0,6,1,0.6976,0.2431,0.0171,2,1,0
600.0,3,4,103.47,2,1.2974,0.0,1,0,0.4037,0.6415,0.0284,2,0,1
221.94,2,4,110.93,2,1.9562,0.0,5,0,0.5874,0.7884,0.2432,5,1,0
152.68,3,3,56.58,0,3.312,0.0,4,0,0.3085,0.7509,0.0707,5,1,0
284.33,1,1,90.66,0,1.1437,0.0,7,0,0.3833,0.5587,0.0584,0,0,1
308.65,0,0,129.93,0,1.6791,0.0,8,0,0.5747,0.7499,0.0758,0,0,1
160.17,2,4,138.02,2,1.4917,0.0,3,1,0.491,0.4054,0.1387,2,0,1
411.54,5,3,187.56,0,1.427,2.9166,1,1,0.7265,0.4981,0.1021,1,0,1
304.11,1,5,237.73,1,1.2025,0.0,5,0,0.4973,0.4668,0.2855,2,0,0
266.36,3,3,86.73,2,2.0832,0.0,6,1,0.575,0.728,0.0724,2,0,1
600.0,8,3,74.2,1,1.1603,0.0,5,0,0.5566,0.3885,0.1895,1,0,1
140.36,2,2,36.0,0,1.0746,0.0,4,0,0.4556,0.5318,0.078,1,1,1
240.3,6,5,19.83,1,1.3241,0.0,6,1,0.2939,0.6028,0.0255,1,1,1
184.07,1,1,162.97,0,0.9998,0.0,5,0,0.1893,0.2597,0.1339,0,0,1
459.58,5,2,161.18,0,0.5165,0.0,7,0,0.6355,0.4573,0.108,1,1,0
338.24,1,2,154.66,0,0.8529,0.0,2,1,0.5738,0.3389,0.1383,0,0,0
261.1,1,1,19.06,0,0.6974,0.0,4,1,0.7309,0.5341,0.0864,1,0,1
302.36,2,2,103.92,0,0.9957,0.0,5,1,0.5838,0.6221,0.1221,0,1,0
251.2,4,2,79.05,1,2.0781,8.1494,6,1,0.4788,0.5091,0.175,1,0,1
221.54,1,2,46.72,0,0.629,0.7972,5,0,0.2409,0.3721,0.0309,0,0,1
323.48,6,5,96.29,0,0.8874,0.0,3,0,0.5693,0.482,0.1034,4,0,1
258.27,3,3,178.14,2,2.3061,0.0,7,1,0.0532,0.7182,0.0847,0,1,0
355.28,1,3,78.47,3,2.0245,0.0,3,0,0.3243,0.6181,0.1966,1,0,1
219.26,4,3,165.28,1,0.9516,9.0519,7,0,0.6258,0.5172,0.1861,1,0,1
97.36,1,3,32.08,1,0.6128,0.0,1,0,0.0942,0.6882,0.0203,0,0,1
332.48,8,5,201.23,4,1.6498,0.0,1,0,0.6163,0.3782,0.052,3,1,0
87.78,2,2,103.3,4,2.9385,0.0,8,0,0.1401,0.8159,0.1431,3,1,1
162.02,3,5,44.58,0,0.7022,0.0,9,0,0.5386,0.3304,0.183,4,1,1
262.24,2,1,108.03,2,0.9429,0.0,4,1,0.3351,0.5763,0.118,0,0,0
216.4,5,0,78.83,1,1.7034,0.0,9,0,0.3506,0.3735,0.1372,1,1,0
304.81,6,4,118.36,1,2.069,0.0,3,1,0.4015,0.6811,0.275,0,1,1
257.91,4,2,155.27,2,1.7405,0.0,7,0,0.7161,0.681,0.0407,2,1,1
107.3,0,3,83.61,1,3.0265,0.0,1,0,0.3314,0.7001,0.105,0,1,1
424.19,0,2,151.91,1,1.2646,3.6051,4,0,0.7965,0.5453,0.0703,0,0,0
458.63,2,6,156.89,2,0.7307,6.4331,10,0,0.108,0.5577,0.2388,3,1,0
461.62,4,2,172.5,2,0.5201,9.5745,3,0,0.9495,0.3699,0.0927,3,1,1
231.62,1,1,36.66,2,0.609,2.5123,3,0,0.1606,0.1985,0.0251,1,0,0
198.46,2,1,123.79,1,0.6302,6.9896,6,0,0.2828,0.3134,0.2186,1,0,0
383.33,2,6,58.48,0,2.3593,6.294,4,0,0.5746,0.6982,0.0675,5,0,1
438.84,4,2,99.29,0,1.399,0.0,4,0,0.4221,0.4935,0.1347,0,1,0
268.93,5,5,90.54,1,2.3557,5.9111,4,1,0.0983,0.7891,0.0866,3,1,1
211.27,3,4,147.12,1,0.7571,0.0,6,1,0.6253,0.3215,0.2299,2,1,0
218.91,3,3,74.83,2,1.3317,11.1512,4,1,0.4856,0.4788,0.0763,2,1,0
202.62,4,3,125.08,2,0.8153,7.2161,4,0,0.1483,0.434,0.2489,2,0,1
208.38,6,1,72.87,1,1.6386,0.0,2,1,0.2596,0.7105,0.0269,0,0,0
87.07,0,2,9.42,0,2.5365,6.1555,5,0,0.3288,0.338,0.0193,0,0,1
37.72,1,0,45.03,1,1.2111,10.4765,2,0,0.7957,0.385,0.1878,0,0,1
546.78,6,3,17.64,1,0.9128,0.0,8,0,0.3293,0.1765,0.0491,2,1,1
172.29,1,5,132.66,1,1.1254,10.3893,1,0,0.6155,0.4972,0.2013,0,1,1
244.76,8,5,221.27,0,2.5383,0.0,5,0,0.5431,0.7384,0.1384,0,1,1
311.44,1,1,29.35,1,1.8231,0.0,4,1,0.6897,0.3225,0.188,0,0,0
163.16,2,0,105.71,1,1.2661,0.0,7,0,0.2583,0.6706,0.1091,0,0,0
136.3,1,0,86.39,2,1.6749,2.1665,4,1,0.7435,0.4613,0.0197,2,0,0
223.01,4,3,96.73,0,0.9454,0.0,4,0,0.3787,0.4244,0.058,2,0,1
520.96,3,5,127.6,0,0.5769,5.3768,3,0,0.8632,0.145,0.1896,1,1,1
232.45,1,0,131.0,1,1.2995,0.0,5,1,0.2085,0.7365,0.1067,0,0,0
461.69,1,2,126.71,2,1.4799,0.0,8,0,0.3638,0.4601,0.16,4,1,1
159.55,3,2,53.45,1,1.9165,12.7523,1,1,0.3823,0.687,0.0865,0,0,1
99.95,1,2,121.34,2,3.7057,0.0,6,0,0.3566,0.3901,0.0429,5,0,1
236.81,5,5,77.71,1,1.1448,8.9274,4,0,0.5848,0.3753,0.1746,1,0,1
170.97,1,5,44.99,0,1.4903,0.0,7,0,0.5586,0.513,0.0222,0,1,1
356.67,2,4,149.81,0,1.0877,3.5877,4,0,0.8083,0.1758,0.1188,1,0,1
197.69,2,5,157.12,2,1.169,0.0,8,0,0.2818,0.5521,0.1664,2,0,1
55.74,1,0,126.73,0,0.9439,0.0,5,0,0.2168,0.36,0.0589,1,0,0
124.35,2,1,45.89,0,0.6493,4.2911,1,0,0.4883,0.3225,0.2034,1,1,0
259.35,7,2,118.91,0,0.7239,0.0,2,0,0.5879,0.6469,0.0617,3,0,0
246.05,2,2,184.82,0,1.016,0.0,3,1,0.6118,0.4617,0.0292,1,1,1
193.22,2,1,104.89,3,0.5383,0.0,6,0,0.358,0.3951,0.0758,2,0,1
384.51,4,2,120.08,2,0.8889,0.0,9,0,0.5297,0.5083,0.1258,2,0,1
570.46,6,4,122.98,0,1.0661,7.5871,3,0,0.5901,0.6452,0.3423,2,0,1
129.97,3,1,76.0,2,1.09,12.2393,5,0,0.2276,0.5485,0.1836,2,0,1
514.99,4,3,107.65,0,1.0253,0.0,1,1,0.4957,0.3214,0.2174,0,1,1
218.07,2,3,132.94,3,0.9767,0.0,9,0,0.5686,0.4002,0.1025,1,0,1
256.56,1,0,84.1,1,1.2802,0.0,3,1,0.5016,0.5395,0.1617,1,0,0
370.11,5,4,151.22,2,0.5206,0.0,3,1,0.4676,0.7167,0.148,1,0,1
114.77,3,2,31.66,1,2.3567,0.0,4,0,0.514,0.5256,0.0809,1,0,0
148.26,2,2,64.85,0,1.1793,0.0,2,1,0.4895,0.6012,0.1599,2,0,0
317.41,2,1,4.2,2,1.7108,0.0,3,0,0.7485,0.9066,0.1609,1,1,1
213.76,2,4,153.97,0,1.7258,8.7936,2,0,0.2304,0.4511,0.1794,1,0,1
191.69,3,2,90.62,1,1.4554,0.0,3,1,0.2355,0.5201,0.0523,0,1,0
158.53,1,0,120.03,1,0.5736,0.0,6,0,0.3076,0.477,0.2066,0,0,0
191.12,3,2,135.21,1,1.9821,0.0,10,0,0.3788,0.6631,0.2105,1,0,1
244.96,5,3,165.53,2,1.1564,0.0,8,1,0.6424,0.5702,0.1651,2,0,1
221.81,0,3,171.11,0,1.1206,8.2368,2,0,0.8446,0.5263,0.0596,1,0,1
122.52,1,1,22.03,1,2.1369,0.0,3,0,0.2447,0.5959,0.1728,1,0,0
142.97,2,0,24.37,0,1.249,0.0,4,1,0.5323,0.4192,0.0722,0,0,0
137.9,3,2,91.52,0,1.3904,0.0,4,1,0.4158,0.4196,0.2169,1,1,1
190.45,1,2,106.05,2,2.2243,4.4813,6,1,0.3075,0.4048,0.172,2,0,0
182.59,2,2,81.47,0,1.4638,0.0,2,1,0.763,0.377,0.182,0,0,1
308.36,3,4,173.96,0,1.5209,7.1168,3,0,0.9079,0.499,0.2417,2,0,1
168.44,4,0,39.26,2,1.256,6.0169,8,0,0.3966,0.3745,0.2461,1,0,1
541.72,1,4,19.98,0,2.5349,0.0,9,0,0.5478,0.5457,0.1567,1,0,1
275.04,1,1,17.83,0,1.3335,7.5015,5,0,0.5851,0.176,0.1802,0,1,0
228.54,2,1,220.09,1,2.0618,0.0,1,0,0.5651,0.3012,0.3295,0,0,0
318.37,5,2,179.07,0,1.9154,11.3463,4,1,0.4935,0.5212,0.0193,4,0,1
258.71,0,4,167.45,2,0.9327,0.0,10,0,0.3329,0.1419,0.0591,0,0,1
600.0,2,1,27.92,1,1.2128,0.0,9,0,0.3541,0.632,0.0232,1,0,1
49.75,1,0,117.12,0,0.9607,0.0,8,0,0.3975,0.2512,0.0907,0,0,1
339.65,3,3,35.51,3,1.2004,7.2002,9,0,0.3628,0.4152,0.1339,1,0,1
328.15,4,5,109.18,4,1.1181,9.2528,7,1,0.6003,0.4538,0.0755,2,1,1
310.97,4,4,37.48,1,0.6459,0.0,8,0,0.3655,0.541,0.0552,1,1,1
20.07,0,2,16.94,2,2.7849,1.1552,4,1,0.6535,0.6323,0.0627,0,1,0
428.65,4,2,59.36,0,0.9657,0.0,5,0,0.6418,0.2654,0.2016,0,0,1
522.57,6,6,149.89,0,1.5338,12.0205,2,1,0.4498,0.5777,0.0231,1,0,1
261.28,2,1,17.27,1,1.7377,0.0,4,1,0.3169,0.5958,0.2427,2,0,0
285.7,2,5,185.38,0,2.7063,3.3631,1,1,0.0595,0.8058,0.1809,1,1,0
295.46,6,1,181.31,2,0.9602,6.657,10,0,0.2339,0.6164,0.2223,3,1,0
52.11,0,0,62.22,4,0.7378,2.8151,7,1,0.1189,0.5549,0.3176,0,1,1
22.9,0,3,97.67,1,0.3517,10.111,3,0,0.5313,0.4547,0.0853,2,0,0
295.63,4,4,55.32,0,1.2265,0.0,4,1,0.3092,0.498,0.0735,2,0,0
466.51,10,2,124.1,0,2.56,0.0,7,0,0.5581,0.6292,0.2246,1,1,1
114.65,3,4,91.79,0,0.7071,10.9048,2,0,0.4508,0.4236,0.113,3,0,0
312.43,3,2,117.26,3,1.6381,0.0,9,0,0.4133,0.4804,0.0733,1,1,1
210.48,0,3,94.12,4,1.6754,6.2008,7,1,0.2522,0.339,0.1528,1,1,1
296.53,2,0,137.32,0,1.5028,7.481,7,0,0.3214,0.6787,0.0755,1,0,1
158.19,3,3,98.59,0,2.8213,0.0,3,0,0.1074,0.4401,0.0567,1,1,1
361.49,8,2,56.83,1,1.3248,0.0,5,1,0.7658,0.579,0.2014,1,1,0
276.6,2,2,59.69,1,0.9073,0.0,4,0,0.2978,0.3475,0.1573,1,0,1
79.95,2,0,46.4,1,1.5597,3.0643,5,1,0.1334,0.2022,0.0613,2,1,0
190.98,1,1,54.94,0,0.9751,0.0,3,0,0.3301,0.5994,0.0673,3,0,1
230.22,1,3,53.38,0,0.7223,0.0,2,0,0.3285,0.5738,0.086,0,0,0
161.25,3,1,128.66,2,1.9233,0.0,4,1,0.7609,0.7159,0.143,1,0,1
175.38,2,1,65.64,3,0.9445,10.7651,9,0,0.4879,0.731,0.1125,1,0,1
337.81,8,4,120.43,0,0.9394,0.0,4,0,0.555,0.3143,0.0543,0,1,1
83.73,1,1,32.64,2,0.8224,0.0,7,0,0.1687,0.4925,0.0864,0,0,1
266.82,5,6,120.64,0,1.684,5.5256,3,0,0.2516,0.5623,0.0561,1,1,1
173.94,1,0,27.22,0,0.5837,0.0,3,0,0.0471,0.5428,0.0037,0,1,0
268.41,5,3,121.08,0,2.5805,0.0,3,0,0.3062,0.4582,0.0384,0,1,1
301.32,1,0,8.3,0,1.1146,0.0,7,0,0.6286,0.2513,0.181,0,0,1
234.16,2,2,49.51,0,2.0563,0.0,4,0,0.2001,0.3086,0.0508,3,1,0
409.71,4,1,11.73,2,0.6908,0.0,7,1,0.8442,0.5154,0.0497,2,0,0
218.88,0,0,21.39,3,1.1967,1.8128,5,1,0.3441,0.4197,0.09,1,1,1
280.79,2,3,223.88,0,3.6634,0.0,3,0,0.3773,0.6729,0.1326,1,0,1
600.0,6,3,104.94,0,1.6438,6.8975,4,0,0.7254,0.6738,0.1342,2,0,1
234.55,2,3,80.23,3,3.9799,0.0,2,0,0.2858,0.4824,0.1677,2,1,1
347.64,4,0,34.6,1,0.8294,0.0,7,1,0.2258,0.5105,0.2864,0,1,1
258.56,1,1,90.06,2,0.974,0.0,7,0,0.5668,0.549,0.0845,0,0,0
353.03,3,2,75.63,2,1.0628,0.0,9,0,0.7158,0.4744,0.2054,3,0,1
306.61,2,0,118.09,0,1.2494,0.0,2,0,0.5495,0.3701,0.1002,1,1,1
269.18,5,2,86.47,2,2.9609,7.399,9,0,0.4533,0.7369,0.1167,0,0,1
56.94,0,1,75.34,1,1.3541,0.0,3,0,0.2161,0.4182,0.3037,0,1,1
332.76,3,2,52.63,0,0.7519,8.1165,5,1,0.3509,0.3138,0.0473,0,1,0
216.82,5,3,194.24,3,1.3858,6.197,5,0,0.3681,0.3617,0.0657,1,1,0
264.12,5,3,26.87,1,3.8793,0.0,3,0,0.7942,0.3264,0.1822,1,0,1
387.55,5,5,94.4,1,0.9188,0.0,7,0,0.3656,0.5377,0.0409,1,1,1
165.37,3,0,30.29,1,1.454,0.0,1,1,0.3407,0.7141,0.086,1,0,0
437.69,4,3,105.05,0,0.8432,12.1663,4,0,0.559,0.2782,0.0296,1,0,1
600.0,6,2,168.52,0,1.0876,0.0,1,1,0.4508,0.7639,0.2714,2,0,1
387.39,4,2,201.39,0,1.6969,0.0,6,1,0.2669,0.601,0.0164,0,1,0
332.3,1,3,62.22,0,1.1361,0.0,2,0,0.2909,0.5328,0.237,1,1,1
205.0,3,4,6.48,0,1.0203,0.0,5,0,0.7095,0.2379,0.0318,1,1,0
206.83,1,2,82.57,0,2.188,0.0,6,1,0.7622,0.6392,0.32,3,0,1
176.97,3,0,78.14,2,1.0135,0.0,9,0,0.6536,0.4038,0.1068,2,0,0
161.74,4,3,56.83,1,1.1711,10.971,3,1,0.1502,0.7051,0.1303,1,0,1
532.32,6,3,182.66,1,0.9812,0.0,4,1,0.3262,0.5149,0.2132,3,1,0
214.46,3,2,184.8,0,1.3791,0.0,5,1,0.2022,0.708,0.1641,3,0,1
201.73,3,1,7.92,3,1.0272,0.0,6,0,0.1168,0.5452,0.0585,0,1,1
283.69,7,3,69.98,3,2.6638,13.1091,9,0,0.6918,0.7462,0.1318,1,1,1
332.3,0,2,77.08,1,2.4769,0.0,5,1,0.7885,0.3388,0.0455,2,0,0
173.94,4,2,100.07,1,1.9353,0.0,5,0,0.3808,0.638,0.0419,3,0,1
484.69,7,4,140.45,2,1.5161,0.0,3,1,0.5914,0.7286,0.3099,1,0,1
600.0,4,5,120.61,1,1.486,6.9084,2,0,0.1519,0.2825,0.1576,1,1,0
596.5,1,3,66.02,1,2.0572,2.5549,6,0,0.2123,0.4105,0.0574,4,0,1
399.13,7,4,31.89,1,4.0,0.0,7,0,0.5209,0.5117,0.1631,0,1,1
172.89,4,3,55.41,2,0.9202,0.0,6,0,0.4325,0.5911,0.1276,2,0,1
268.18,6,5,84.83,1,0.8777,0.0,4,0,0.459,0.385,0.1621,3,0,1
212.75,1,3,131.19,2,1.6301,13.1232,10,0,0.372,0.5686,0.1785,1,1,1
238.63,7,2,108.53,1,0.9192,0.0,6,1,0.4758,0.5628,0.2042,2,0,0
106.55,1,2,54.82,0,2.2259,0.0,6,0,0.4379,0.7084,0.1176,1,1,1
258.41,1,0,6.13,5,1.5814,0.0,5,0,0.4545,0.1633,0.1489,0,1,1
484.75,5,3,70.53,1,2.0151,0.0,2,0,0.6859,0.4888,0.171,2,0,1
184.75,3,3,3.7,0,2.5599,0.0,6,0,0.6005,0.4124,0.0841,1,0,1
183.29,1,1,77.87,1,2.0203,0.0,6,0,0.538,0.5082,0.0338,0,0,1
511.64,3,6,57.21,3,2.2682,5.9123,5,0,0.2888,0.4508,0.0422,2,1,1
518.72,5,4,112.15,2,4.0,0.0,7,1,0.4288,0.5632,0.2699,2,0,1
388.73,5,3,238.17,2,1.7831,0.0,1,1,0.6584,0.7501,0.1802,1,1,1
499.07,4,1,82.03,2,2.1086,0.0,7,0,0.2728,0.5968,0.0501,0,1,1
105.08,3,0,59.85,0,1.1509,0.0,4,0,0.8103,0.6405,0.0668,2,1,0
137.83,4,0,27.13,1,1.5087,5.9545,5,1,0.4661,0.5671,0.2308,2,0,0
290.45,5,6,152.62,2,0.6196,0.0,8,0,0.4461,0.3529,0.2805,1,0,1
241.57,2,3,27.57,1,2.2647,0.0,6,0,0.2943,0.6747,0.0864,1,1,0
101.24,3,7,112.97,0,1.5333,0.0,5,0,0.4109,0.3185,0.1387,1,0,0
148.4,2,0,101.61,1,1.911,10.0243,3,0,0.2807,0.4131,0.0533,1,0,0
230.07,5,2,148.67,1,0.9081,3.4658,2,1,0.5142,0.6327,0.3494,5,0,1
202.86,1,3,106.33,1,0.8903,0.0,3,1,0.4772,0.452,0.1033,2,0,0
197.42,3,4,120.21,1,1.1296,6.0145,2,0,0.8516,0.5352,0.0639,0,1,0
290.55,3,0,113.23,0,0.9251,0.0,5,0,0.4663,0.2992,0.1576,2,0,0
438.52,5,6,146.41,1,2.075,0.0,2,0,0.782,0.5889,0.1401,0,1,1
473.73,2,0,86.86,0,1.0127,0.0,2,0,0.6182,0.2079,0.0478,0,0,0
173.63,3,5,137.1,2,1.5312,0.0,7,0,0.2674,0.3024,0.1265,3,0,1
225.27,1,1,95.21,1,0.8055,6.7448,4,0,0.2963,0.4114,0.1546,1,0,1
150.17,3,2,64.23,3,0.7318,5.6948,4,0,0.3841,0.2307,0.1527,2,0,1
101.92,2,1,116.87,3,1.346,6.6406,9,0,0.5209,0.1571,0.2611,0,0,1
438.95,4,4,41.57,0,1.2814,7.6576,3,1,0.5519,0.473,0.2431,1,0,1
600.0,7,2,21.05,2,2.7106,12.4431,8,0,0.3111,0.4015,0.294,2,1,1
177.08,2,1,20.66,1,0.9792,4.8638,4,0,0.454,0.4289,0.3276,0,1,1
151.8,2,4,36.73,1,0.5363,1.8757,3,0,0.2903,0.4471,0.1156,2,0,0
120.86,3,3,129.69,0,1.7361,0.0,2,1,0.4286,0.5477,0.2473,0,1,0
426.63,8,3,71.95,1,0.7718,11.0783,3,1,0.679,0.2881,0.0597,0,1,0
201.5,2,2,89.96,1,1.7499,6.1559,5,0,0.4014,0.8075,0.0569,0,1,0
220.8,2,4,33.74,2,1.7369,6.1764,1,1,0.7706,0.3231,0.0225,3,1,0
100.58,3,3,45.63,0,0.7751,0.0,4,0,0.4202,0.4593,0.1672,1,0,1
425.87,8,6,96.66,3,2.5426,0.0,5,1,0.7416,0.6016,0.2546,1,0,1
243.03,2,2,55.46,1,0.8276,0.0,7,1,0.6673,0.3402,0.167,0,0,1
597.28,8,5,136.25,1,1.351,2.28,3,0,0.1694,0.5726,0.2891,4,1,1
318.95,2,3,211.6,1,0.7222,0.0,4,1,0.7325,0.5348,0.2644,3,0,1
292.04,0,1,60.4,3,0.9206,1.9544,6,0,0.1691,0.5151,0.1238,0,1,0
316.74,6,2,195.69,1,1.451,12.5275,8,0,0.5638,0.5686,0.0866,1,0,1
143.33,1,2,221.76,1,1.8715,0.0,5,1,0.4974,0.6058,0.1153,1,0,1
167.37,2,1,26.35,2,0.5588,12.5398,2,0,0.3701,0.6319,0.2668,1,0,0
525.65,6,4,37.92,0,1.3342,5.8942,7,0,0.6931,0.3573,0.1828,2,1,1
309.47,1,1,89.42,3,1.0939,0.0,3,0,0.4672,0.7673,0.1661,1,1,1
266.57,1,1,123.71,1,1.5679,7.6142,3,1,0.5019,0.4569,0.0768,1,1,1
213.39,2,0,51.55,0,0.3046,3.5995,5,0,0.5588,0.5174,0.1584,0,0,0
283.48,1,2,193.01,2,0.6016,0.0,3,0,0.7263,0.5565,0.0097,0,1,0
339.79,4,4,203.34,0,2.0746,0.0,1,1,0.5469,0.5263,0.2148,2,0,1
513.31,6,5,99.69,0,0.9843,0.0,2,0,0.5659,0.5794,0.0694,3,1,0
466.58,2,3,130.82,0,0.8003,8.0288,1,1,0.7098,0.507,0.0135,1,0,0
85.08,1,0,48.23,1,1.472,0.0,6,0,0.7906,0.5477,0.0161,0,0,0
141.9,2,0,103.73,0,2.2538,0.0,3,0,0.5579,0.6996,0.1413,0,0,1
144.78,4,2,187.42,2,1.8802,0.0,5,0,0.7181,0.3923,0.0651,0,1,1
294.55,4,3,62.9,3,1.7043,1.8515,6,1,0.9458,0.6072,0.0424,0,1,1
541.07,1,3,150.03,1,1.4787,6.3966,8,0,0.4411,0.5791,0.1118,0,0,1
93.19,1,0,184.01,0,1.5658,4.7011,1,0,0.5691,0.2335,0.1026,1,0,0
439.9,2,1,74.54,0,1.2619,0.0,8,0,0.3313,0.5398,0.1674,1,1,1
300.51,2,2,114.64,0,1.5269,0.0,4,0,0.4548,0.5289,0.2107,4,0,0
273.46,3,5,105.64,2,1.0855,0.0,7,0,0.7037,0.4749,0.0213,0,0,1
278.15,2,2,205.06,0,1.0544,0.0,8,0,0.3195,0.4522,0.2858,2,1,1
136.52,3,1,113.02,2,1.2325,0.0,2,0,0.5002,0.5542,0.1952,1,0,1
346.8,3,5,51.39,1,2.4673,0.0,1,0,0.0861,0.6339,0.272,1,1,0
203.31,0,3,57.61,1,1.7528,9.1644,3,1,0.0561,0.486,0.0935,0,0,1
73.66,0,1,79.51,0,1.3357,11.5157,7,1,0.7,0.5041,0.2192,1,0,0
167.27,0,1,87.88,1,1.1673,0.0,3,1,0.6861,0.3335,0.013,0,0,0
266.45,4,4,60.2,0,1.3095,0.0,1,0,0.9497,0.2359,0.0599,0,0,0
282.56,2,4,174.74,1,1.2754,0.0,3,0,0.7637,0.5431,0.1275,2,1,1
242.59,0,3,134.71,0,2.0329,0.0,2,0,0.4124,0.4688,0.2715,1,1,1
195.5,0,5,107.99,0,2.7665,3.4565,2,1,0.5871,0.5917,0.0519,3,1,1
468.44,6,4,198.29,1,2.2748,6.9437,6,0,0.7061,0.4874,0.2392,2,1,1
211.61,1,3,67.15,2,1.0774,0.0,5,0,0.3075,0.3282,0.1367,2,1,0
447.39,7,4,43.99,1,1.0968,13.156,6,0,0.5788,0.6021,0.1333,0,1,1
248.89,6,1,176.2,1,0.6555,6.1236,5,0,0.3582,0.2779,0.1138,2,0,0
339.36,1,1,89.35,1,2.3,10.0973,5,0,0.2921,0.5476,0.2365,0,0,1
90.62,2,3,119.28,0,1.6399,0.0,10,0,0.6294,0.4327,0.0923,1,0,1
149.6,3,3,20.95,1,1.7036,0.0,5,1,0.4254,0.4806,0.1396,0,0,1
238.32,2,1,103.76,1,1.4319,0.0,3,1,0.4126,0.2801,0.1851,1,1,1
422.73,2,5,120.59,1,0.8416,0.0,6,0,0.248,0.5558,0.0439,2,1,0
526.57,6,4,52.42,1,1.2079,0.0,2,1,0.571,0.5114,0.0899,1,0,1
120.05,2,1,57.73,1,1.3233,0.0,6,0,0.568,0.1703,0.0923,3,1,0
37.69,0,3,135.08,1,0.9444,4.9047,6,0,0.5637,0.2615,0.0809,1,1,0
600.0,2,1,31.66,2,0.7433,2.8227,3,0,0.462,0.3041,0.0762,0,1,0
96.05,1,1,48.9,2,1.1555,13.5852,6,0,0.7011,0.5838,0.1969,1,0,1
580.99,4,3,88.27,0,1.9372,9.8063,4,1,0.1384,0.5103,0.0781,1,0,1
141.76,2,1,105.6,1,0.7567,0.0,4,1,0.6776,0.5544,0.2267,0,0,1
159.56,2,2,134.11,0,1.496,0.0,3,0,0.1712,0.5965,0.2172,0,1,0
432.43,3,1,33.42,1,0.9784,0.0,8,0,0.381,0.7441,0.1627,1,1,0
297.82,1,1,44.45,0,0.7934,0.0,4,0,0.2124,0.6241,0.1034,0,0,0
305.22,5,2,30.73,2,2.1514,0.0,8,0,0.7103,0.7921,0.2231,0,1,1
315.81,2,3,115.74,2,1.9244,0.0,8,0,0.0901,0.4422,0.0496,2,0,1
355.66,4,5,97.83,1,1.3729,5.3267,7,1,0.5217,0.6646,0.1693,2,0,1
282.13,3,1,32.63,1,2.0423,0.0,6,1,0.4448,0.6198,0.0997,2,0,1
209.12,5,2,146.06,1,0.7857,0.0,9,0,0.7341,0.5991,0.0789,1,0,1
343.63,4,1,77.05,2,1.6587,0.0,4,0,0.356,0.5128,0.0813,0,1,0
112.19,1,0,6.33,1,1.3256,13.4202,8,0,0.7664,0.4243,0.064,2,0,0
253.43,5,2,191.47,3,1.5231,0.0,3,1,0.442,0.6392,0.0555,0,1,1
287.43,1,0,16.76,1,1.0252,0.0,3,1,0.6222,0.2335,0.3054,1,0,0
128.91,0,0,19.08,0,0.9302,0.0,5,0,0.595,0.6109,0.1203,2,1,0
90.53,0,1,45.78,1,2.2059,0.0,5,0,0.1721,0.1992,0.2096,0,0,1
523.53,4,4,173.14,0,0.9398,0.0,2,0,0.4747,0.4001,0.0461,5,0,1
364.3,4,3,64.41,1,1.6044,0.0,4,0,0.4614,0.312,0.3496,2,1,1
236.78,4,1,9.72,0,1.1613,0.0,3,1,0.3643,0.678,0.1522,1,1,0
122.66,1,3,132.95,3,1.1799,5.4866,7,1,0.8001,0.2112,0.0084,1,1,1
122.88,0,2,138.27,1,1.3933,8.6325,1,0,0.1979,0.5575,0.1739,2,0,1
480.43,2,3,60.65,1,1.276,0.0,6,0,0.3765,0.3831,0.1225,2,1,1
352.68,5,4,68.86,2,1.3367,9.9092,4,0,0.5133,0.4237,0.1359,1,0,1
386.95,2,3,23.93,3,1.1934,12.7986,6,0,0.5639,0.5578,0.1371,2,0,1
210.74,3,2,192.35,0,1.1407,0.0,3,0,0.5789,0.6564,0.056,2,0,0
417.68,5,6,91.33,0,0.5271,10.7277,7,0,0.807,0.3075,0.1481,5,1,1
488.24,7,3,64.04,1,1.4522,4.1505,6,0,0.6907,0.6324,0.3287,0,0,1
101.32,1,2,158.53,1,0.6534,10.4812,5,0,0.6661,0.5598,0.1584,0,0,1
193.73,4,4,108.22,0,2.0066,10.1055,3,0,0.5198,0.6545,0.1421,0,0,1
137.39,0,1,42.91,1,0.8262,8.28,5,1,0.4816,0.325,0.1639,1,0,1
308.08,2,6,53.74,1,0.599,0.0,3,0,0.3161,0.5027,0.1459,3,0,0
221.62,2,2,142.52,2,1.2329,9.052,6,0,0.295,0.2375,0.2382,0,0,1
194.68,2,2,34.82,2,1.8371,0.0,4,0,0.3353,0.5447,0.0455,0,0,1
170.08,1,3,92.52,2,1.693,0.0,3,1,0.5487,0.613,0.1027,1,0,0
103.71,1,1,136.72,0,0.9613,0.0,6,1,0.7622,0.4325,0.0958,0,0,0
566.15,4,2,77.83,1,2.6228,5.7858,2,0,0.5085,0.8266,0.0306,0,0,1
600.0,2,5,93.55,2,0.907,8.3424,8,0,0.4874,0.5902,0.1246,3,0,1
415.36,5,4,211.86,1,1.129,0.0,3,0,0.4429,0.6705,0.0456,2,1,1
299.64,5,3,55.26,0,0.7321,7.553,5,0,0.5852,0.2822,0.0235,4,0,1
79.63,2,0,34.29,1,1.5044,10.3697,5,0,0.7115,0.7563,0.1741,1,0,1
289.16,0,1,129.74,0,1.3185,0.0,5,0,0.3907,0.6433,0.0413,0,1,0
92.24,1,0,84.64,2,0.8886,0.0,1,1,0.684,0.4841,0.124,1,0,0
206.72,5,5,94.02,3,1.5296,0.0,8,0,0.4155,0.3197,0.0828,2,1,1
100.88,2,0,174.26,0,0.5813,0.0,1,1,0.7645,0.3102,0.0893,0,0,0
273.45,0,0,224.62,0,0.8806,1.6416,4,1,0.3392,0.3375,0.1863,2,1,0
191.52,2,6,116.06,2,0.8387,8.4832,7,0,0.2798,0.5387,0.2379,0,0,1
315.89,2,1,71.76,0,0.6225,2.3537,1,1,0.4853,0.483,0.169,1,0,1
407.44,2,0,31.37,2,1.0809,6.9141,1,0,0.7793,0.6389,0.054,1,0,1
378.7,1,2,161.16,2,0.4543,4.9092,3,0,0.6662,0.3361,0.02,1,1,0
137.05,1,2,15.66,2,0.7376,0.0,4,0,0.7557,0.5392,0.0779,0,0,0
170.68,2,4,152.0,1,0.7151,0.0,5,0,0.8143,0.5246,0.1131,1,0,1
220.27,2,6,53.59,1,1.6589,12.1921,4,0,0.4568,0.4829,0.0215,1,1,1
401.71,2,2,48.98,0,0.5553,0.0,6,0,0.727,0.2555,0.1695,0,1,0
282.83,0,4,149.82,1,0.8791,0.0,5,0,0.5751,0.3304,0.1407,0,0,1
505.66,1,2,33.04,2,1.0678,10.3606,5,0,0.1296,0.3863,0.0577,3,1,1
268.27,0,3,120.8,2,1.0678,0.0,4,1,0.5078,0.5634,0.0976,0,0,1
444.35,2,3,174.57,1,1.1856,1.2586,10,0,0.5905,0.2956,0.0677,3,1,1
273.23,5,3,74.82,2,1.833,2.9355,4,0,0.4692,0.3368,0.1379,2,0,1
489.29,5,5,141.16,0,0.6918,0.0,3,0,0.5059,0.2289,0.2022,0,0,1
262.41,2,7,30.65,0,1.3504,0.0,4,0,0.664,0.4223,0.3361,3,0,1
80.09,2,2,156.3,0,1.2707,0.0,2,0,0.2745,0.4132,0.1659,1,1,1
257.88,2,3,95.98,2,4.0,11.7102,1,0,0.4364,0.4627,0.0396,0,1,1
282.06,5,1,103.65,1,0.3586,5.701,3,0,0.3432,0.3879,0.0906,0,1,0
244.53,2,5,156.08,1,0.6105,0.0,2,0,0.7386,0.3244,0.1058,4,0,1
306.01,3,1,138.83,2,2.3028,12.302,6,1,0.3618,0.4525,0.062,1,0,1
72.47,1,4,17.26,1,0.6553,8.5505,3,1,0.2591,0.3775,0.1994,2,1,0
359.15,8,4,155.03,0,0.5947,0.0,4,0,0.8019,0.2942,0.2062,2,1,1
467.93,4,2,149.08,0,1.0653,0.0,3,0,0.1509,0.6651,0.0303,1,1,0
600.0,3,1,106.95,0,0.6621,8.8803,4,1,0.407,0.2851,0.1424,0,0,1
297.08,3,4,108.84,0,2.8595,10.0401,3,0,0.511,0.4583,0.041,0,0,1
367.84,1,2,135.28,1,1.6592,8.1444,2,0,0.2522,0.4217,0.0768,0,1,1
64.22,0,0,22.44,1,0.65,0.0,7,0,0.8368,0.2647,0.0411,0,1,1
229.9,3,2,41.26,2,0.7688,0.0,2,0,0.4223,0.5121,0.1484,1,0,0
448.02,1,1,129.11,1,2.1064,0.0,6,1,0.5212,0.4718,0.1239,1,0,1
295.95,3,2,44.83,1,0.9584,0.0,7,0,0.4022,0.3106,0.1196,0,0,1
273.94,1,3,180.94,0,1.5123,0.0,4,1,0.5044,0.5295,0.0461,2,1,0
89.3,0,2,64.15,1,0.9705,3.2751,4,1,0.6987,0.3271,0.0656,2,0,0
202.15,2,1,102.23,1,2.1854,6.4034,2,1,0.1356,0.6249,0.2002,1,0,1
180.93,3,1,9.71,2,1.0184,0.0,5,0,0.6732,0.5938,0.2036,3,0,0
407.78,0,2,22.52,0,1.9138,0.0,3,0,0.4034,0.6652,0.088,0,0,1
273.64,5,2,208.08,0,2.0557,6.8467,1,0,0.3446,0.5992,0.0961,0,1,1
346.16,3,3,199.01,0,0.8877,7.1211,5,0,0.8379,0.7801,0.0785,2,0,1
168.16,3,1,92.67,1,1.3943,9.0713,7,0,0.4768,0.7027,0.1217,0,0,1
207.76,3,2,46.93,2,1.3794,0.0,6,1,0.9272,0.5899,0.1434,0,0,1
141.22,1,1,83.41,3,3.2076,0.0,5,0,0.3346,0.2504,0.0099,2,1,1
162.74,3,3,191.57,0,0.769,8.932,4,0,0.3586,0.4164,0.0968,3,1,1
268.3,2,2,40.03,2,1.622,5.0292,6,0,0.0718,0.7854,0.1054,1,1,1
198.22,1,3,131.76,1,0.6254,9.9007,1,1,0.3408,0.4423,0.0964,3,1,0
158.48,2,1,98.32,0,1.0846,0.0,4,0,0.4266,0.4878,0.184,0,0,1
197.86,3,1,123.45,1,1.6491,0.0,5,0,0.5218,0.2913,0.2215,1,0,0
443.94,1,1,114.17,2,1.7015,13.5732,7,0,0.4498,0.492,0.1574,0,1,1
139.52,1,2,64.88,0,1.2673,0.0,4,0,0.7075,0.5007,0.1359,2,0,0
291.21,4,0,141.78,0,3.1223,0.0,4,1,0.3848,0.8167,0.0727,3,0,1
569.43,2,2,221.05,2,1.0694,7.3372,3,0,0.5501,0.8409,0.1728,5,1,1
433.03,5,6,85.12,2,0.6662,6.5503,3,0,0.5287,0.546,0.333,1,0,1
202.82,2,2,7.14,3,0.5598,11.7076,10,1,0.3586,0.5674,0.1911,2,0,1
226.52,2,3,83.33,2,1.1244,5.3864,5,0,0.3721,0.2993,0.0488,3,0,1
214.9,3,4,106.47,2,1.4702,0.0,6,0,0.0668,0.3426,0.1406,0,1,1
312.93,3,4,38.11,0,0.6074,8.8913,3,0,0.7665,0.2508,0.2047,3,0,0
415.45,2,2,138.78,2,1.9131,0.0,8,0,0.37,0.8331,0.0467,1,0,1
119.23,1,1,31.82,1,1.2134,11.3991,3,0,0.6638,0.6171,0.1183,0,0,1
498.29,4,1,22.19,0,1.1273,6.2156,8,0,0.406,0.7489,0.1685,1,0,1
463.62,4,1,35.83,0,0.9431,4.7422,3,0,0.6644,0.3368,0.1536,1,1,1
324.2,3,0,83.0,0,1.9987,0.0,3,0,0.5536,0.5434,0.0911,3,1,0
239.58,2,2,105.72,3,0.8312,0.0,4,0,0.6414,0.3732,0.1185,2,1,1
122.57,3,4,167.71,2,1.1611,9.3137,6,1,0.8109,0.7093,0.2298,2,0,1
345.3,1,3,128.7,0,2.2847,6.6852,5,0,0.3663,0.4856,0.179,1,0,1
96.73,2,1,175.05,1,1.3546,11.132,7,0,0.2076,0.3007,0.1842,1,0,0
223.93,3,1,69.51,1,0.6244,7.491,5,0,0.451,0.234,0.2203,1,0,1
307.14,2,1,91.94,0,0.8286,0.6244,4,0,0.6067,0.3014,0.1329,1,0,1
419.73,3,4,92.22,0,1.4331,13.368,2,0,0.4719,0.793,0.1602,0,1,1
234.1,1,0,76.67,2,1.2216,4.7763,4,0,0.5108,0.3952,0.1241,0,0,0
175.64,1,4,103.66,1,0.8217,5.3166,4,1,0.7359,0.3418,0.0976,0,0,1
280.51,3,4,58.97,1,0.8146,0.0,2,0,0.1281,0.3165,0.2135,2,1,0
267.13,0,2,110.08,2,1.1194,2.8666,5,0,0.405,0.3258,0.2425,3,1,0
407.8,5,3,90.51,1,1.861,8.4648,3,0,0.5906,0.3787,0.0077,2,0,1
228.26,3,4,126.15,0,1.1901,12.9565,1,0,0.0772,0.55,0.0219,1,1,1
57.05,1,1,144.78,3,1.3806,0.0,10,1,0.1762,0.5563,0.0903,3,1,0
458.52,2,5,66.84,1,0.9799,0.0,8,1,0.6687,0.3539,0.2402,0,1,1
261.23,2,1,185.2,1,1.9816,5.5795,6,1,0.1248,0.4992,0.057,1,1,1
494.37,6,2,125.06,1,1.3667,0.0,7,0,0.5015,0.5293,0.053,0,0,1
292.57,1,3,176.09,0,1.2889,0.0,2,0,0.5116,0.3621,0.2436,2,0,1
288.14,4,4,110.21,1,1.3581,0.0,1,0,0.7418,0.2218,0.2041,3,0,1
129.57,3,0,29.19,2,1.3687,0.0,1,1,0.3687,0.6448,0.0806,1,1,0
115.18,0,1,108.18,0,1.2591,0.0,5,0,0.3824,0.4208,0.0099,0,0,1
268.54,2,1,106.94,1,0.6119,0.0,3,0,0.4773,0.2982,0.0686,0,0,0
46.88,0,2,203.82,1,2.1656,0.0,8,1,0.4727,0.6131,0.1017,0,0,1
280.29,4,6,116.26,0,1.4486,11.9572,6,0,0.5184,0.4982,0.0443,4,0,1
97.23,2,2,17.95,1,2.3963,0.0,6,0,0.6998,0.623,0.0758,2,0,1
117.92,2,2,18.18,3,0.6707,4.4992,5,1,0.8428,0.3763,0.0705,0,0,1
173.62,0,0,64.85,0,1.2026,2.1436,2,0,0.5476,0.2768,0.0863,0,1,0
176.43,1,4,144.88,0,1.0148,0.0,2,1,0.4404,0.61,0.0794,1,0,1
222.37,2,3,112.72,3,0.5906,1.4246,8,0,0.4745,0.4267,0.0468,0,0,1
192.82,1,1,221.62,0,1.2742,0.0,7,1,0.3112,0.7114,0.3479,0,0,1
364.13,4,2,38.14,1,1.0627,0.0,2,0,0.4625,0.3233,0.2284,0,1,1
129.46,1,3,30.43,1,0.8108,0.0,6,0,0.227,0.2831,0.0967,1,1,0
422.52,6,4,135.24,0,2.1602,0.0,4,0,0.5453,0.6413,0.0612,2,0,1
521.77,2,4,80.88,2,0.9131,0.0,9,1,0.3979,0.5236,0.1539,0,0,0
284.21,3,3,160.01,1,0.9399,10.5389,5,1,0.2695,0.4997,0.252,1,1,0
533.99,5,3,22.92,1,1.7142,3.1416,7,1,0.8051,0.8362,0.073,2,0,1
189.47,0,1,97.35,0,1.8405,0.0,6,1,0.3235,0.5655,0.1663,1,0,1
334.56,5,2,145.74,0,1.9673,0.0,4,0,0.4855,0.6989,0.0638,0,0,1
107.33,2,1,92.15,0,0.9876,0.0,5,1,0.5873,0.7924,0.1298,0,1,0
150.88,2,4,157.91,1,1.3035,6.7878,4,0,0.2894,0.6168,0.1105,1,0,1
352.33,5,0,95.87,1,1.1699,0.0,7,0,0.3723,0.299,0.1002,2,1,1
310.57,3,4,165.21,1,1.2575,0.0,2,1,0.2133,0.2529,0.1845,4,1,0
481.73,4,3,82.97,0,1.0305,9.923,3,0,0.6802,0.5259,0.0743,1,0,1
165.56,0,4,147.81,1,1.8537,7.9787,8,1,0.8132,0.5873,0.1733,2,0,1
203.7,2,1,116.41,3,2.0116,0.0,5,0,0.2825,0.6142,0.0189,1,1,0
267.25,3,2,54.04,0,1.2216,0.0,3,0,0.7112,0.3025,0.2227,2,0,1
397.15,4,5,162.32,2,1.307,0.0,4,0,0.7564,0.5399,0.2043,1,0,1
258.24,4,2,53.02,0,1.1976,0.0,3,0,0.7663,0.4218,0.2679,0,0,0
432.2,6,2,120.52,3,1.2498,0.0,5,0,0.4192,0.7643,0.0378,5,1,1
152.78,3,3,77.76,0,1.2194,0.0,3,0,0.3232,0.0974,0.0525,0,1,1
198.19,3,2,97.67,4,1.7338,0.0,7,0,0.7679,0.4197,0.1061,0,1,1
219.91,1,2,165.02,1,1.2445,5.1748,4,0,0.6364,0.3342,0.2167,1,1,0
247.04,4,3,229.59,2,1.7287,0.0,6,1,0.2548,0.5842,0.0606,0,0,1
130.89,0,4,159.21,0,0.5171,0.0,4,0,0.5009,0.3853,0.165,1,0,0
504.68,7,5,114.51,1,0.9275,0.0,7,1,0.668,0.352,0.2735,1,1,1
406.59,2,3,72.1,2,2.3019,2.858,2,0,0.2033,0.452,0.1472,3,1,1
231.72,3,5,147.66,3,1.0805,13.4069,9,0,0.6843,0.526,0.0037,2,0,1
140.87,1,1,2.46,0,1.0882,0.0,4,1,0.362,0.4166,0.1248,2,1,0
32.4,0,0,53.02,3,1.0292,11.3729,7,0,0.4203,0.2522,0.2086,2,0,1
146.88,2,3,7.19,0,1.1124,4.086,2,0,0.4723,0.4239,0.1498,1,1,0
45.66,1,2,69.5,0,1.7646,5.2604,3,0,0.1843,0.4589,0.1646,1,1,0
309.21,9,3,62.1,0,1.3661,0.0,2,0,0.3859,0.5778,0.1795,0,0,1
308.31,10,5,137.4,0,1.0481,5.1073,3,0,0.8228,0.4616,0.3518,0,0,1
133.72,0,1,61.13,1,0.583,2.6976,6,0,0.4331,0.1692,0.2534,0,0,1
163.97,3,3,21.58,2,1.0684,5.0861,4,1,0.623,0.4937,0.1274,1,1,0
493.81,5,4,104.03,2,2.1247,7.4816,9,0,0.6524,0.7005,0.0477,1,1,1
600.0,8,5,201.85,1,2.1675,5.2281,2,1,0.3064,0.34,0.1425,2,0,1
337.32,8,6,98.87,0,0.8637,0.0,4,0,0.5831,0.5314,0.0768,3,0,1
296.19,1,3,113.98,1,0.4377,0.0,1,1,0.6192,0.1527,0.1422,3,0,0
449.31,1,2,102.91,0,1.3256,0.0,4,0,0.7135,0.6633,0.1259,0,1,1
277.48,5,1,44.74,2,1.7766,7.4245,5,0,0.3274,0.439,0.2457,0,0,1
393.12,3,2,49.86,2,2.517,10.9876,8,0,0.4602,0.4992,0.1645,0,1,1
126.27,2,1,66.65,1,1.3784,0.0,1,1,0.1782,0.7265,0.0867,1,0,0
210.83,2,5,55.1,1,1.0673,0.0,7,0,0.6,0.4785,0.2714,2,0,1
293.28,5,3,112.17,0,3.3489,0.0,6,1,0.7132,0.6362,0.216,1,0,1
169.74,4,3,54.13,1,0.7238,0.0,2,1,0.4963,0.4223,0.2956,1,0,1
331.97,5,3,74.87,1,0.6982,1.6643,1,0,0.6582,0.3281,0.2589,0,1,1
101.11,0,0,63.55,0,1.9449,0.0,3,0,0.6331,0.5869,0.0717,0,0,1
194.22,4,1,13.9,2,0.9423,0.0,8,1,0.6129,0.4703,0.013,3,1,0
523.07,1,1,44.58,1,1.967,0.6349,1,0,0.4088,0.2312,0.1524,2,1,1
83.51,1,2,106.75,1,1.679,0.0,6,0,0.2993,0.4533,0.01,0,0,1
210.56,5,6,60.57,0,0.6014,0.0,5,0,0.6144,0.5782,0.0903,1,1,0
344.61,4,2,153.85,3,0.653,9.5601,8,0,0.2077,0.4018,0.1217,2,0,0
396.71,3,1,205.15,1,1.4494,0.0,4,0,0.0837,0.6058,0.0784,2,0,0
524.94,6,5,180.84,1,1.66,0.0,9,0,0.5205,0.4661,0.3389,2,0,1
214.57,3,0,163.02,2,1.0797,0.0,3,0,0.2829,0.3647,0.1564,1,1,1
456.48,1,2,171.37,2,3.357,0.0,4,0,0.461,0.7349,0.2098,2,0,1
315.78,1,2,74.49,1,2.3809,0.0,6,0,0.3783,0.6507,0.1712,1,1,1
307.68,6,5,140.35,1,1.06,0.0,3,0,0.5101,0.5883,0.2462,1,0,1
94.91,0,1,151.08,1,1.1912,5.6378,5,1,0.255,0.4848,0.0576,2,1,0
398.79,2,4,82.39,2,2.1841,0.0,9,0,0.5719,0.5117,0.2466,1,1,1
128.28,4,4,94.31,0,1.3349,0.0,1,0,0.472,0.5743,0.1061,0,1,0
477.88,4,4,135.93,0,1.1983,0.0,2,0,0.5386,0.2303,0.1474,3,1,1
460.1,2,2,19.04,2,1.007,7.8176,5,0,0.7714,0.6037,0.1747,2,0,1
102.13,0,1,71.13,0,0.6865,0.0,4,0,0.5161,0.4398,0.068,1,1,0
544.21,3,3,41.45,0,1.2485,0.0,4,1,0.2287,0.2422,0.0697,2,0,1
116.22,1,1,118.43,2,1.4732,0.0,6,0,0.5725,0.3876,0.2321,0,0,1
75.49,1,1,47.25,0,1.7485,0.0,3,0,0.5121,0.55,0.1451,1,1,1
502.62,1,6,67.34,0,1.479,0.0,5,0,0.6337,0.3223,0.2541,2,0,1
311.67,6,3,167.93,1,0.4593,2.8103,5,0,0.5177,0.3505,0.1735,5,0,1
177.3,1,1,67.03,0,2.0439,6.6192,7,1,0.6459,0.5344,0.2303,0,1,1
193.26,1,1,34.96,0,0.6995,0.0,2,0,0.6472,0.4162,0.0163,0,0,0
263.93,2,3,60.21,1,0.441,5.5868,4,0,0.3804,0.4341,0.0051,2,1,0
206.09,2,5,90.3,3,1.424,0.0,7,0,0.6941,0.2999,0.1841,2,0,1
371.33,2,1,158.38,0,1.0231,0.0,2,0,0.318,0.4622,0.0302,2,0,0
109.41,2,1,90.54,2,0.6658,0.0,4,0,0.5926,0.2752,0.0841,0,1,1
404.86,3,4,56.35,0,0.4226,0.7153,8,1,0.5244,0.3539,0.1243,2,1,1
120.96,2,4,167.81,1,2.0387,13.6802,5,0,0.6717,0.4067,0.0497,1,0,1
211.81,2,3,54.62,0,1.5545,0.0,1,0,0.3578,0.4125,0.1802,3,0,0
342.45,6,7,151.59,1,1.0319,1.4683,2,1,0.4283,0.408,0.064,2,1,1
120.38,1,3,34.23,2,0.5143,2.7453,8,0,0.3182,0.2633,0.2281,0,1,1
166.03,2,0,71.38,0,0.5898,0.0,2,1,0.7538,0.1306,0.0936,2,0,0
306.27,3,2,86.96,3,1.222,6.0348,8,1,0.6212,0.528,0.0822,2,0,1
261.33,5,4,117.85,1,0.7149,0.0,2,1,0.9119,0.45,0.0929,1,0,1
231.79,3,1,136.75,3,2.5687,0.0,2,0,0.552,0.5302,0.1534,3,0,1
600.0,5,3,35.01,0,1.4093,9.4722,5,1,0.2555,0.6536,0.2212,1,0,1
188.92,3,0,37.51,0,2.2895,9.0875,2,1,0.7592,0.4129,0.049,3,1,1
299.03,2,2,46.63,0,0.6989,0.0,5,0,0.654,0.4235,0.204,1,0,0
404.01,5,4,96.66,2,1.8121,0.0,3,1,0.1124,0.6299,0.2678,0,0,0
532.61,2,4,139.01,1,1.1894,6.6417,1,0,0.4386,0.4052,0.0889,0,0,1
185.89,2,2,78.5,1,1.6519,0.0,4,0,0.1583,0.747,0.1048,0,0,1
229.4,2,2,210.14,1,0.8687,0.0,9,1,0.3624,0.4034,0.044,1,1,0
260.35,4,4,94.15,1,0.4868,8.4257,5,1,0.0725,0.3083,0.1463,1,0,1
256.95,4,5,26.99,2,1.3369,0.0,2,0,0.562,0.2863,0.153,3,0,0
428.54,5,2,86.67,1,1.096,0.0,9,0,0.4434,0.1587,0.2137,3,0,1
273.3,3,5,44.12,0,0.7193,4.1434,3,0,0.4784,0.2088,0.1369,1,0,1
600.0,3,1,23.04,3,1.6941,0.0,6,0,0.6209,0.2486,0.0033,3,0,0
200.2,3,1,108.8,0,1.2708,0.0,10,0,0.3321,0.645,0.1075,0,1,1
118.98,3,1,60.34,0,1.0409,0.0,4,0,0.5787,0.4709,0.0351,2,1,0
600.0,3,4,126.5,0,2.0175,0.0,5,0,0.8182,0.3846,0.1178,3,0,1
302.14,3,5,190.59,0,1.045,4.8957,2,0,0.4428,0.3809,0.0264,2,1,0
320.37,5,1,177.15,1,2.4488,0.0,8,0,0.2269,0.4463,0.1439,5,0,1
600.0,5,4,119.14,2,0.9844,5.2566,5,1,0.7849,0.1922,0.1721,3,0,1
147.11,2,1,39.54,1,0.5418,0.0,2,0,0.4209,0.6332,0.1192,1,1,0
174.22,3,3,105.76,0,1.4651,0.0,4,1,0.6172,0.2552,0.1389,1,1,0
80.36,1,4,95.99,1,0.6605,10.2299,4,0,0.6516,0.586,0.1009,0,1,0
335.65,2,2,40.94,1,1.0006,3.7301,1,1,0.3792,0.3648,0.2468,1,0,0
340.66,2,2,49.33,2,0.8857,0.0,5,0,0.4105,0.7572,0.0859,0,1,1
340.16,3,3,123.41,2,0.7489,11.8706,6,0,0.5961,0.325,0.0811,4,1,0
180.25,2,3,122.36,1,1.0447,0.0,4,0,0.3897,0.5733,0.3564,2,0,1
237.36,5,3,37.04,3,1.0485,7.9455,6,1,0.5474,0.4545,0.0765,0,0,1
167.29,1,3,47.28,3,1.3557,0.0,8,0,0.2879,0.3289,0.0611,1,1,0
266.55,4,1,105.83,2,1.4108,0.0,7,1,0.3311,0.7839,0.1408,0,0,0
65.14,0,2,193.14,0,1.3254,4.3243,5,0,0.51,0.3402,0.1783,0,1,0
306.92,1,1,122.17,0,2.2208,0.0,2,1,0.7284,0.701,0.1007,2,1,1
192.27,2,2,115.49,3,0.5969,0.0,6,1,0.594,0.4979,0.1237,0,1,1
144.9,2,3,99.84,2,1.0095,0.0,3,1,0.6492,0.5408,0.0924,1,1,1
168.84,6,1,101.07,1,1.0212,2.7134,5,1,0.6936,0.5609,0.2338,0,0,1
243.93,6,3,27.93,2,1.9504,0.0,8,0,0.3837,0.6642,0.2866,2,0,1
231.57,2,1,184.16,1,0.9849,6.6166,3,1,0.6429,0.4037,0.0318,1,0,1
401.83,7,2,77.03,0,1.4877,5.6114,4,0,0.3566,0.7276,0.0676,1,1,1
171.16,4,3,70.93,0,1.5589,0.0,2,0,0.0344,0.5448,0.0728,2,0,1
161.33,2,2,150.57,2,1.403,0.0,7,1,0.1236,0.5198,0.1223,1,1,1
204.23,1,1,109.58,1,1.1327,0.0,4,1,0.2805,0.691,0.1084,0,1,0
372.34,3,4,13.43,1,0.9801,0.0,6,0,0.3988,0.409,0.1515,0,0,1
335.96,4,2,135.09,1,1.0706,0.0,4,1,0.6796,0.4203,0.2523,2,0,1
237.58,2,3,89.85,2,0.6842,0.0,5,0,0.3936,0.4072,0.0354,1,0,1
379.81,2,4,75.4,1,1.1358,0.0,5,0,0.3926,0.4246,0.1036,2,0,1
320.25,1,5,141.53,1,1.4882,0.0,4,0,0.295,0.4645,0.1609,2,0,1
166.32,2,2,138.92,3,0.6936,0.0,7,0,0.4681,0.3055,0.1263,4,0,1
420.9,3,5,56.44,0,0.4317,2.8448,8,0,0.3384,0.4819,0.1778,4,0,1
600.0,2,2,192.09,1,1.5799,0.0,2,0,0.1177,0.4838,0.0468,1,0,1
205.04,0,1,38.66,0,1.2726,6.6203,5,1,0.7335,0.587,0.0305,0,1,1
572.66,5,3,111.33,0,0.857,0.0,3,0,0.7044,0.3501,0.1638,3,0,1
281.56,2,2,13.89,2,1.357,8.3127,5,0,0.0799,0.5408,0.1056,0,1,1
155.42,4,2,200.21,1,0.8852,0.0,4,1,0.1282,0.4411,0.0516,3,1,0
293.54,2,4,114.56,0,0.8674,12.1401,2,0,0.6517,0.7079,0.0845,0,0,1
346.06,5,5,154.53,2,2.9624,11.871,3,0,0.4344,0.4293,0.0666,4,0,1
257.57,6,0,75.75,1,1.2837,8.694,5,0,0.6188,0.4862,0.0872,2,0,1
270.63,1,7,46.36,0,0.858,0.0,2,0,0.6053,0.3331,0.1411,1,0,0
206.43,2,5,87.65,0,1.3639,5.9943,4,1,0.7284,0.6395,0.0627,1,0,1
424.76,1,0,82.94,2,2.2538,3.126,2,1,0.4266,0.5084,0.1923,0,0,1
600.0,6,4,162.25,0,0.9989,0.0,2,0,0.3248,0.8844,0.1078,1,1,0
205.63,1,0,54.46,1,1.5242,0.0,5,0,0.8415,0.444,0.1073,2,1,1
456.8,7,2,3.13,2,1.0507,10.3458,6,0,0.6074,0.5445,0.0794,2,0,1
315.9,2,0,144.0,2,0.8567,0.0,3,0,0.4273,0.4314,0.2942,2,1,0
266.74,2,5,80.88,1,1.89,0.0,9,0,0.8647,0.5257,0.045,3,0,1
442.37,3,3,174.74,1,1.3813,0.0,4,0,0.4535,0.6881,0.2531,0,0,1
50.84,1,1,49.63,3,1.4344,7.8647,6,0,0.3432,0.6033,0.1012,0,0,1
274.48,1,1,145.71,1,2.0619,5.2554,9,1,0.5289,0.6371,0.3202,1,0,1
202.17,2,4,118.91,0,1.6118,12.226,5,0,0.5327,0.6754,0.081,1,1,1
377.12,6,4,64.3,2,0.8673,0.0,2,0,0.2336,0.3006,0.137,3,0,1
144.72,1,1,64.56,1,0.9415,0.0,3,1,0.5481,0.5178,0.0603,1,0,0
274.01,3,2,81.13,2,0.8881,4.6596,6,1,0.4556,0.5687,0.1646,2,0,0
179.32,2,2,137.11,1,0.6691,0.0,4,1,0.6705,0.2768,0.0566,1,0,0
258.42,6,0,136.02,2,0.6355,0.1905,8,1,0.3632,0.3051,0.0818,0,1,0
449.38,5,1,74.67,3,4.0,0.0,4,1,0.2337,0.5807,0.0701,2,1,1
413.85,3,3,218.58,3,1.5134,11.3312,4,1,0.4545,0.3496,0.0516,1,1,1
305.25,2,3,68.47,1,0.6374,5.8143,3,0,0.1848,0.2373,0.0518,1,0,0
600.0,5,2,93.46,1,1.0272,0.0,5,1,0.6155,0.7361,0.1225,1,0,1
515.84,5,6,82.27,1,1.6895,0.0,7,0,0.7909,0.2998,0.0913,2,0,1
435.55,7,3,56.35,2,0.7431,0.0,9,0,0.6089,0.7034,0.2882,3,0,1
38.51,0,0,62.28,2,1.8253,9.3471,5,0,0.5231,0.7907,0.076,1,1,1
27.65,0,1,40.38,2,0.7568,9.8533,5,1,0.1856,0.3937,0.093,0,0,1
157.14,1,4,113.17,2,0.8843,2.3767,5,0,0.5051,0.2951,0.0933,0,0,1
338.14,6,2,90.9,0,2.3099,0.0,1,1,0.4497,0.682,0.1821,0,0,1
37.19,0,0,103.67,0,1.0529,0.0,3,0,0.5439,0.5531,0.1569,0,1,0
211.98,4,3,193.25,1,1.6021,0.0,3,0,0.7726,0.4104,0.0903,2,0,1
129.57,2,2,110.88,0,0.741,0.0,4,0,0.2175,0.6232,0.1074,0,1,0
318.87,5,2,41.56,0,0.5943,4.2015,5,1,0.3696,0.4212,0.1512,1,1,0
120.46,3,3,45.21,4,1.1587,0.0,10,0,0.7653,0.7538,0.0628,0,0,1
113.73,1,0,71.15,1,0.7762,9.1361,4,0,0.3507,0.5423,0.1765,1,1,0
162.69,2,2,107.03,0,1.6985,0.0,7,0,0.3428,0.4298,0.0774,0,0,0
233.36,5,2,74.19,0,0.5954,7.8458,5,0,0.2626,0.311,0.1529,2,0,0
496.64,2,4,158.58,1,1.7344,12.5833,4,0,0.1603,0.5604,0.1234,2,1,1
342.76,6,3,23.1,1,1.0608,0.0,4,0,0.8402,0.5621,0.0842,0,0,1
214.92,5,3,94.39,3,1.9646,8.189,7,1,0.5874,0.5025,0.1502,3,0,1
146.35,2,1,54.34,2,1.6708,2.8594,9,0,0.467,0.5224,0.1392,1,0,1
285.01,3,0,157.09,1,2.5523,0.0,3,0,0.2848,0.4607,0.072,3,0,1
176.16,2,1,108.34,0,2.4211,0.0,5,0,0.8294,0.4183,0.0529,1,1,0
54.09,2,0,36.99,0,0.611,10.5533,6,0,0.5998,0.4152,0.2163,0,0,1
80.51,2,0,104.0,1,1.3417,6.9844,4,0,0.355,0.3706,0.0894,0,0,1
421.29,5,3,228.4,1,0.9522,0.0,4,0,0.6919,0.3255,0.0976,0,0,1
191.96,6,3,123.25,0,0.777,9.244,6,0,0.3029,0.6014,0.0805,4,0,1
118.72,3,4,42.14,3,1.2374,8.0048,9,0,0.9071,0.5114,0.1315,1,0,1
241.33,1,2,174.84,2,1.2115,0.0,3,0,0.9458,0.7177,0.1403,0,0,1
235.49,3,5,126.77,2,1.0576,0.0,1,0,0.6155,0.5684,0.0238,3,0,1
360.09,3,2,77.73,2,1.012,0.0,9,0,0.3392,0.6174,0.1543,4,0,0
268.13,3,2,137.55,0,2.512,0.0,1,0,0.9026,0.7627,0.0464,0,1,0
174.42,3,3,123.78,0,1.0996,0.0,5,1,0.56,0.6431,0.0721,0,0,0
131.37,4,1,22.23,0,1.4722,9.4566,1,1,0.2609,0.5795,0.0948,0,0,0
262.5,1,1,147.41,3,0.9799,0.0,4,0,0.5947,0.7424,0.2549,0,0,1
412.03,6,3,117.36,0,0.5065,0.0,3,0,0.1786,0.4108,0.1864,2,1,1
107.04,1,4,121.24,4,1.2483,9.4911,6,1,0.6643,0.3393,0.2877,3,0,0
532.27,8,4,88.14,0,0.6594,6.1327,3,0,0.7271,0.4157,0.1495,2,1,1
216.08,2,0,24.14,0,1.9269,0.0,3,0,0.0642,0.7531,0.0791,0,1,1
108.48,3,2,108.61,3,0.5759,0.0,5,1,0.372,0.178,0.0622,1,0,1
186.55,5,1,15.36,2,1.228,0.0,3,0,0.3359,0.6989,0.0703,0,0,1
211.51,2,4,68.03,2,3.5869,0.0,5,0,0.2046,0.5178,0.0929,4,0,1
264.13,2,2,109.54,1,0.6393,8.5711,2,0,0.5924,0.5029,0.133,1,0,1
161.96,2,4,103.39,4,2.404,7.3506,10,0,0.4177,0.7141,0.1081,1,0,1
165.59,1,0,7.06,1,1.1639,0.0,3,1,0.4307,0.3107,0.0339,2,1,0
117.68,0,2,135.96,2,1.2605,0.0,5,1,0.1849,0.7253,0.0824,2,0,1
77.25,0,2,121.79,1,0.9223,0.0,5,0,0.2791,0.2999,0.3387,0,0,1
600.0,5,4,76.2,1,4.0,0.0,2,1,0.7311,0.5041,0.2308,2,1,1
130.2,3,1,32.3,2,2.6642,0.0,1,0,0.544,0.2947,0.1473,1,1,1
104.42,1,1,50.08,2,0.9319,5.4654,6,0,0.5243,0.6944,0.1163,0,0,1
283.7,8,3,138.17,1,1.1519,6.4153,10,1,0.5152,0.3676,0.1744,4,0,1
311.52,5,3,41.48,4,0.7944,0.0,8,0,0.174,0.3058,0.131,1,1,1
418.24,2,3,98.16,1,2.6831,0.0,5,0,0.2711,0.5101,0.0216,1,0,1
242.05,1,2,99.75,2,0.4094,3.124,1,0,0.5991,0.6086,0.0408,1,0,0
345.59,3,2,77.91,0,1.1322,0.0,8,1,0.3558,0.5648,0.1002,0,1,0
341.28,6,5,186.25,2,1.3858,12.8799,5,1,0.3327,0.4371,0.145,2,1,1
570.87,8,4,136.82,0,1.3915,7.2856,6,1,0.2326,0.5573,0.1355,3,0,1
409.58,2,3,39.79,0,3.4219,0.0,1,0,0.5005,0.3955,0.2677,1,1,1
285.49,1,2,67.16,2,0.8833,13.0283,8,0,0.2563,0.607,0.1741,1,0,1
402.39,5,1,108.4,4,2.2831,12.5316,6,0,0.3051,0.3633,0.0754,4,0,1
106.31,2,2,157.1,3,1.9305,5.6401,6,1,0.5717,0.5807,0.1705,0,0,1
194.98,2,3,103.39,1,0.8789,0.0,1,1,0.2928,0.0732,0.0456,2,0,1
114.13,1,1,127.79,1,1.0825,0.0,5,1,0.5297,0.3585,0.0388,0,0,0
103.72,2,2,82.1,0,1.9483,0.0,7,0,0.335,0.7217,0.0653,0,0,1
214.31,1,0,70.99,0,2.2016,11.2399,8,1,0.2267,0.2561,0.0937,1,0,1
174.16,2,3,197.71,1,1.0881,6.6954,7,0,0.7928,0.2797,0.1053,0,1,1
148.71,2,2,68.56,0,1.113,0.0,3,0,0.2924,0.4068,0.085,1,0,0
303.85,3,2,74.34,2,0.9159,0.0,9,0,0.4081,0.3905,0.0257,3,0,1
337.4,2,3,138.81,1,1.4719,0.0,1,0,0.3105,0.4189,0.2626,1,1,0
175.97,1,1,96.91,2,1.0931,0.0,6,0,0.3921,0.497,0.057,0,0,1
131.58,2,1,43.04,0,1.2466,13.6642,2,1,0.7719,0.6983,0.0741,0,0,0
299.51,0,3,69.69,3,1.8964,9.8287,7,0,0.7063,0.6499,0.1634,3,0,1
392.6,3,2,153.08,4,0.6671,3.8964,6,0,0.721,0.0687,0.2328,0,0,1
297.03,1,1,35.33,1,4.0,3.3069,3,0,0.7507,0.7083,0.1049,1,0,1
271.13,2,5,136.47,1,1.3083,0.0,4,0,0.3145,0.3606,0.1157,0,0,0
90.73,3,0,32.71,2,1.2182,0.0,4,0,0.4396,0.5144,0.1071,0,0,1
259.17,1,3,137.81,0,0.5473,0.0,4,0,0.0787,0.348,0.2352,0,0,1
333.53,4,2,69.35,1,1.5152,7.5411,1,1,0.6254,0.3393,0.2642,1,1,0
402.44,3,2,27.91,0,1.2206,0.0,3,0,0.5283,0.7023,0.1255,0,0,1
140.02,2,3,72.15,1,1.033,4.7106,2,0,0.6091,0.5604,0.1732,1,1,1
440.92,8,4,86.4,0,1.1885,10.6467,6,0,0.6425,0.7684,0.147,2,1,1
243.89,3,2,73.99,0,1.6922,0.0,7,0,0.5524,0.2589,0.0713,0,1,1
199.15,1,3,139.59,0,0.5714,0.0,3,1,0.5611,0.447,0.1927,1,1,0
108.03,1,4,117.38,5,1.8889,0.0,2,0,0.3588,0.2409,0.1715,4,0,1
185.21,1,0,132.11,3,1.2922,0.0,9,1,0.7542,0.4316,0.1246,2,1,1
248.73,3,3,44.27,2,2.4825,8.8079,9,0,0.6481,0.6961,0.325,1,1,1
472.72,6,1,141.48,4,1.1365,6.3951,6,0,0.5503,0.5681,0.1047,2,1,1
214.21,2,1,99.69,2,2.0116,14.201,6,0,0.0932,0.6109,0.0112,3,1,1
312.5,3,3,62.3,1,1.2561,6.0175,2,0,0.118,0.2715,0.0356,0,0,1
346.73,4,6,68.0,2,0.8048,0.0,9,1,0.3663,0.4308,0.0949,1,0,0
132.84,2,1,46.3,1,4.0,0.0,4,1,0.3343,0.7347,0.0394,0,1,1
411.36,4,0,14.93,1,0.7176,10.6244,5,1,0.7268,0.6102,0.2864,0,0,1
253.01,3,2,138.08,2,1.9343,4.466,1,0,0.3073,0.2878,0.0201,0,1,0
192.64,2,1,72.66,0,1.2247,0.0,2,0,0.6232,0.5353,0.1154,3,1,0
259.22,5,0,139.32,0,1.5478,13.8859,3,1,0.5855,0.3217,0.0094,0,0,1
281.04,1,1,70.64,1,0.8364,10.853,9,0,0.4889,0.3674,0.1485,3,0,1
143.12,1,3,9.25,1,1.6407,8.2097,9,1,0.4133,0.3391,0.1225,1,1,1
484.03,2,5,106.39,1,0.6495,0.0,2,0,0.4297,0.3304,0.2773,2,0,1
515.36,2,2,14.71,3,0.7564,5.3234,8,0,0.475,0.5824,0.0793,0,1,0
209.31,5,1,126.91,2,1.6411,8.2885,7,0,0.5253,0.535,0.1664,0,0,1
595.06,3,1,102.97,1,0.7336,3.8347,8,0,0.4169,0.4663,0.0605,0,1,1
168.16,2,3,21.82,0,1.3102,10.656,4,0,0.3263,0.6736,0.0222,1,1,0
523.75,7,4,187.62,1,0.5467,0.0,4,0,0.7261,0.5896,0.228,3,0,1
277.57,2,0,58.81,0,0.6858,4.3677,3,0,0.4458,0.5781,0.194,0,0,0
347.48,3,1,173.01,1,0.5491,2.957,3,0,0.283,0.0601,0.0487,1,0,1
135.24,1,0,166.09,1,1.8907,0.0,4,0,0.3912,0.4044,0.0284,1,0,1
500.22,5,2,173.63,2,1.5709,0.0,8,0,0.5582,0.6191,0.0377,0,0,1
188.27,0,0,15.6,1,0.8427,3.4746,4,0,0.2367,0.4224,0.1075,0,1,0
215.17,2,3,74.33,0,0.5882,0.0,6,0,0.5974,0.146,0.1117,0,0,0
462.0,3,2,44.94,1,2.0332,0.0,9,0,0.6811,0.6645,0.0292,2,0,1
600.0,10,3,92.08,4,1.9647,12.8068,8,0,0.4972,0.5235,0.1334,2,0,1
33.48,0,3,57.77,1,0.5944,13.9414,5,1,0.4836,0.2387,0.0579,2,0,0
291.94,3,3,137.08,2,3.8916,0.0,4,1,0.5604,0.4526,0.1729,0,0,1
315.3,5,3,69.79,2,0.6848,11.0782,2,0,0.1793,0.6696,0.0395,1,1,0
82.76,1,0,79.62,3,1.0094,0.0,9,1,0.3234,0.6344,0.0909,1,1,1
242.98,4,2,52.88,2,1.4658,0.0,10,0,0.3351,0.4614,0.0957,0,0,1
237.95,4,4,113.0,1,3.8066,0.0,5,1,0.4216,0.7554,0.1454,0,1,1
191.49,1,2,79.26,3,1.763,9.7103,7,0,0.5188,0.6371,0.1812,0,0,1
600.0,4,1,115.8,1,1.3281,0.0,3,0,0.5363,0.5302,0.1129,0,1,1
421.51,1,5,53.03,1,0.4301,0.0,5,1,0.3773,0.3663,0.3082,1,0,0
359.46,8,3,92.78,2,0.722,0.0,4,1,0.8315,0.1999,0.0314,1,0,1
490.1,3,2,84.77,2,0.917,0.0,4,1,0.6808,0.4911,0.1018,2,0,1
418.46,2,4,158.99,1,1.7134,0.0,2,0,0.5635,0.63,0.1698,2,1,1
195.26,0,1,164.8,2,0.7066,7.0755,6,0,0.0914,0.6606,0.1926,1,0,1
510.45,2,3,162.97,3,0.8947,0.0,3,0,0.3509,0.3316,0.3007,0,1,0
91.18,2,1,109.47,2,1.3078,0.0,10,0,0.3037,0.6493,0.0175,0,0,1
205.13,6,1,91.21,0,1.8192,0.0,3,1,0.2755,0.6575,0.0426,0,0,1
261.63,3,2,93.98,2,1.5643,0.0,1,0,0.352,0.3981,0.252,1,0,1
84.02,1,0,174.19,2,0.7712,0.0,8,0,0.8167,0.2315,0.2847,1,0,0
443.83,1,1,7.57,2,1.3371,0.0,5,0,0.0789,0.5063,0.0635,1,1,1
334.29,2,2,126.23,2,1.6684,0.0,4,1,0.2951,0.6898,0.2162,1,0,1
382.37,3,6,164.2,4,1.3341,0.0,8,0,0.796,0.2133,0.1027,0,0,1
409.36,3,4,225.76,0,1.4925,6.558,3,1,0.4758,0.6645,0.0068,0,1,1
416.79,2,1,157.0,3,0.9998,4.8494,2,0,0.5909,0.5221,0.0194,2,1,0
93.94,1,5,39.83,1,0.8587,0.0,3,0,0.7977,0.5544,0.015,2,1,0
365.86,6,5,61.3,1,0.9939,2.9141,2,0,0.1739,0.3923,0.1726,3,1,0
133.99,2,1,54.92,0,2.7675,0.0,2,0,0.3696,0.7434,0.0533,2,0,0
155.53,0,3,8.67,0,1.3763,0.0,1,0,0.2732,0.4026,0.1225,1,0,0
266.82,0,1,53.46,3,1.2461,6.8079,4,0,0.2268,0.0955,0.0506,1,1,1
270.71,1,1,50.34,1,1.9791,3.6819,7,0,0.4712,0.4585,0.0289,2,0,1
218.77,4,0,52.85,0,2.5921,0.0,3,0,0.1691,0.6371,0.1052,2,0,1
272.37,0,3,37.99,1,0.8186,0.0,4,0,0.8408,0.168,0.0055,1,0,0
231.99,2,2,140.42,0,1.0078,13.1795,3,0,0.1513,0.1963,0.1608,0,1,1
40.09,0,1,12.42,0,3.1424,0.0,1,0,0.0665,0.3949,0.096,1,1,1
103.32,3,1,80.47,1,0.6634,9.6737,4,0,0.5949,0.3679,0.0737,2,0,0
318.46,3,5,203.95,2,2.5119,5.6972,8,0,0.3107,0.5023,0.0351,3,0,1
600.0,2,1,184.76,2,1.9784,9.8399,5,0,0.7164,0.6852,0.1244,1,1,1
138.53,3,4,111.22,3,1.3104,11.7747,7,0,0.5394,0.5591,0.1745,1,1,1
178.8,3,5,110.92,0,0.9355,0.0,7,0,0.7855,0.4818,0.1629,0,1,1
218.0,2,2,134.7,1,1.3936,0.0,2,0,0.1757,0.5716,0.0651,1,1,0
276.49,6,1,37.04,2,1.058,0.0,3,0,0.0953,0.3755,0.1137,0,0,0
163.9,3,3,128.0,2,1.2178,0.0,6,1,0.6746,0.343,0.0627,1,0,0
559.67,8,4,72.27,0,0.7998,7.2189,1,0,0.7682,0.5545,0.0373,1,0,1
494.56,7,4,196.56,1,0.8722,8.152,3,0,0.6436,0.4276,0.1562,1,0,1
600.0,5,4,150.74,0,0.7986,9.5765,3,0,0.5036,0.3574,0.1619,2,0,1
334.7,2,6,118.81,1,0.9772,9.5218,7,0,0.3327,0.4739,0.1203,2,0,1
289.45,3,1,86.64,2,2.033,0.0,7,0,0.7592,0.619,0.0315,1,1,1
246.27,2,3,87.0,1,0.5298,0.6717,7,0,0.9199,0.1636,0.0919,1,0,1
309.95,9,3,84.04,2,1.6584,0.0,9,1,0.8382,0.2479,0.1396,1,1,1
371.08,4,2,77.7,1,2.1821,0.0,5,1,0.4281,0.677,0.1403,2,0,0
200.01,5,3,196.53,0,0.6753,0.0,2,0,0.4911,0.4943,0.0855,2,0,1
121.81,0,0,96.02,2,0.6686,5.7921,8,0,0.5725,0.4221,0.0874,1,1,0
399.65,6,1,70.99,0,2.1212,0.0,6,0,0.4277,0.4632,0.1079,1,0,1
359.98,3,5,53.49,4,1.1599,12.5211,9,0,0.3206,0.5879,0.2026,4,1,1
235.58,3,1,50.27,1,1.3739,0.0,6,0,0.1231,0.4998,0.1484,0,0,1
252.92,7,3,174.57,2,1.8675,0.0,4,1,0.5654,0.4288,0.1529,1,0,1
256.85,2,2,75.53,1,0.6673,7.7259,3,1,0.2763,0.6014,0.1661,1,0,1
417.32,3,1,8.0,1,0.708,0.0,5,0,0.3624,0.1612,0.0336,0,1,1
278.49,4,3,39.52,1,0.9241,0.0,3,0,0.2344,0.451,0.0793,2,1,1
163.6,2,1,99.67,1,1.0604,0.0,6,0,0.4222,0.3938,0.1086,2,0,1
430.22,4,2,161.75,0,0.7624,0.0,7,0,0.5935,0.3452,0.0852,0,0,1
151.68,1,2,30.72,0,0.824,3.6145,4,0,0.7215,0.4853,0.1653,0,0,1
368.38,1,1,129.36,1,1.5891,4.1033,3,0,0.6108,0.3972,0.051,1,1,0
422.31,8,3,105.16,1,1.3157,10.0095,1,1,0.7814,0.5369,0.1624,3,0,1
367.98,3,3,113.56,1,1.5026,0.0,1,0,0.4988,0.6443,0.0087,0,1,1
212.57,2,5,151.15,1,1.2481,0.0,4,1,0.1516,0.561,0.0902,1,1,0
129.75,2,1,143.09,2,2.0872,0.0,5,1,0.5887,0.8081,0.0233,2,0,0
539.52,4,5,56.55,0,1.3627,0.0,4,0,0.737,0.6342,0.2099,1,0,1
202.26,5,5,124.74,3,1.4359,7.3329,2,0,0.6123,0.4293,0.2329,1,0,1
188.28,2,5,79.16,1,1.4029,8.308,2,0,0.426,0.6196,0.1195,4,1,0
167.28,3,1,32.56,0,1.1207,4.788,4,0,0.2015,0.7379,0.0892,0,1,0
600.0,2,2,162.19,0,1.4146,9.8644,7,0,0.7443,0.4935,0.0364,0,0,1
437.77,6,2,44.75,0,1.2226,0.0,4,1,0.4948,0.6119,0.1692,0,0,1
168.76,4,3,95.16,3,1.4599,0.0,5,1,0.0678,0.675,0.0321,2,1,1
98.43,0,2,99.75,0,1.7962,3.503,1,0,0.6456,0.1704,0.0558,1,1,0
276.7,3,2,199.29,1,0.7198,2.2379,5,0,0.7861,0.3185,0.0686,0,0,1
600.0,2,3,108.8,1,1.3295,0.0,1,0,0.3579,0.5592,0.1289,2,0,1
537.38,5,1,181.94,2,1.0627,0.0,6,0,0.4837,0.4954,0.201,0,0,0
182.73,4,3,64.81,1,1.226,5.8444,2,1,0.8217,0.4747,0.0187,1,1,1
451.16,5,4,10.99,2,1.7591,0.0,7,1,0.4775,0.7167,0.0865,0,1,1
156.18,1,3,54.97,0,0.4939,0.0,5,0,0.2251,0.4737,0.1771,0,0,1
156.71,2,3,11.73,1,2.1159,0.0,7,0,0.5989,0.661,0.0457,2,0,0
140.79,4,7,106.04,1,2.7521,0.0,8,0,0.4736,0.8066,0.2179,4,0,1
210.65,4,1,17.27,1,2.6009,0.0,4,0,0.6615,0.6693,0.0231,0,0,1
211.33,1,2,84.78,4,1.0972,3.3151,6,1,0.4376,0.4945,0.0033,3,0,1
157.44,1,2,97.17,3,1.137,9.1497,8,0,0.5403,0.3838,0.0169,1,0,1
261.12,1,4,133.46,0,1.248,6.7758,7,1,0.4603,0.559,0.1042,1,0,0
286.1,3,2,43.8,0,1.2884,0.0,5,0,0.1622,0.222,0.015,1,1,1
528.82,0,2,115.45,1,1.1935,9.0994,6,0,0.2728,0.41,0.2088,3,1,1
447.78,4,0,179.07,1,1.0139,0.0,7,0,0.337,0.4926,0.2731,1,0,1
242.27,2,1,162.1,0,0.5395,0.0,3,0,0.1079,0.2693,0.0275,1,1,0
467.71,2,2,64.91,1,1.6046,0.0,3,0,0.7532,0.4789,0.0349,1,0,1
121.43,2,2,69.74,2,2.2419,0.0,5,0,0.2292,0.8077,0.2437,0,0,0
364.63,2,3,106.41,0,0.7878,0.0,6,0,0.6887,0.5565,0.0906,2,1,0
128.65,1,1,161.67,0,0.9812,0.0,4,0,0.4898,0.4081,0.2192,3,1,1
278.41,7,3,162.94,0,1.5592,2.5843,2,0,0.8002,0.5285,0.1075,2,0,1
571.03,5,4,59.83,1,1.8754,0.0,1,0,0.5087,0.9089,0.0159,0,0,1
340.6,2,1,114.21,0,1.1081,0.0,8,0,0.1222,0.948,0.0605,1,1,1
486.52,2,3,157.35,1,1.5624,0.0,3,0,0.4271,0.4705,0.0266,0,0,1
82.73,2,1,163.39,0,1.0175,11.794,3,0,0.2887,0.5107,0.3054,0,0,0
343.77,2,2,199.73,2,0.9887,0.0,10,0,0.365,0.2894,0.1555,1,0,1
183.39,4,0,99.36,0,1.1229,9.316,6,1,0.8684,0.5004,0.1067,0,0,1
303.87,4,5,85.83,3,1.1586,0.0,10,0,0.5375,0.3696,0.2949,1,0,1
211.13,3,0,28.31,0,1.2399,0.0,4,1,0.4146,0.6526,0.1945,1,1,0
441.12,5,3,230.02,1,0.5083,12.9704,3,1,0.6137,0.2981,0.3069,1,1,0
205.43,5,6,188.5,0,0.6465,1.5875,6,0,0.123,0.1257,0.2588,5,0,1
205.87,2,3,229.85,1,1.0238,3.9697,3,0,0.7619,0.4524,0.1894,2,1,1
565.61,3,0,148.45,1,1.9865,10.9305,4,0,0.5856,0.4351,0.2739,2,0,1
303.07,3,4,96.32,1,1.0248,2.6573,6,1,0.7254,0.3755,0.0962,2,0,0
230.76,1,4,54.09,0,0.9826,0.0,6,1,0.6919,0.2536,0.0175,0,0,1
430.24,0,1,94.69,3,2.6281,0.0,2,1,0.6446,0.4519,0.3212,1,0,1
297.37,3,3,103.58,0,2.0137,12.2529,7,1,0.3095,0.3733,0.0328,1,0,1
600.0,1,2,78.82,1,1.0489,0.0,4,1,0.5309,0.6202,0.1721,5,0,1
185.89,2,4,228.11,0,1.9627,10.543,3,0,0.305,0.3242,0.0506,4,1,0
408.46,5,4,106.53,2,0.8626,0.0,5,0,0.8553,0.4592,0.3197,4,0,1
278.86,6,4,96.58,0,1.4913,0.0,4,1,0.3013,0.3695,0.1276,2,0,1
143.31,2,4,148.94,1,0.687,3.2082,10,0,0.5873,0.688,0.1312,3,0,0
583.22,0,3,91.95,0,1.6134,0.0,4,0,0.272,0.2904,0.1129,1,1,1
300.14,2,3,35.51,2,0.59,0.0,5,1,0.3505,0.2873,0.0934,1,0,1
600.0,3,3,213.8,2,1.4939,0.0,5,0,0.2158,0.2725,0.2275,1,1,0
300.07,1,0,123.37,2,0.5708,4.9214,7,0,0.1892,0.631,0.1186,0,0,1
216.77,2,0,127.02,1,1.7223,0.0,5,0,0.3484,0.5283,0.025,0,1,1
128.69,0,1,78.1,1,1.438,0.0,5,1,0.3434,0.2288,0.0496,1,0,1
595.95,5,4,128.29,0,4.0,0.0,4,0,0.7663,0.8197,0.2099,0,0,1
242.61,1,0,42.67,1,2.1662,8.9907,7,0,0.2871,0.5603,0.0521,0,0,1
419.29,3,4,52.77,2,1.3803,5.0786,8,0,0.6559,0.5168,0.1455,2,0,1
308.92,7,3,121.62,1,1.281,0.0,5,0,0.2386,0.7535,0.0847,1,0,1
207.94,2,1,63.57,2,1.9663,8.5599,6,1,0.2904,0.698,0.0217,0,1,1
156.55,3,1,109.09,1,2.5575,0.0,7,0,0.53,0.304,0.1766,2,0,1
338.14,1,1,122.97,2,1.207,0.7815,7,1,0.6026,0.4184,0.2008,1,0,1
324.19,1,2,193.67,3,1.4326,0.0,7,1,0.2388,0.6105,0.0119,1,1,1
394.45,9,1,124.86,0,2.3656,3.8867,2,1,0.4801,0.5204,0.1662,4,1,1
411.55,6,2,211.77,1,1.431,9.8086,3,0,0.5132,0.5614,0.2142,1,1,1
186.39,1,4,60.29,2,0.9215,5.2983,9,0,0.2294,0.6608,0.1338,0,1,1
329.21,1,2,95.85,1,1.0317,0.0,4,0,0.607,0.2171,0.0461,1,1,1
208.37,1,3,50.54,0,1.6459,11.8024,1,0,0.4557,0.3664,0.1138,0,1,0
550.84,2,3,57.65,2,1.8268,0.0,3,0,0.4426,0.4011,0.2301,3,1,1
148.53,0,3,62.45,0,1.4513,9.9749,4,0,0.1184,0.4583,0.0473,2,0,0
215.42,1,2,54.67,3,2.0707,0.0,6,0,0.6552,0.8641,0.0946,0,0,1
198.66,3,1,99.49,3,1.7456,0.0,6,0,0.3427,0.7432,0.0057,1,1,1
125.26,2,2,196.23,0,1.5607,0.0,6,1,0.5239,0.5005,0.2032,1,1,1
162.2,1,1,40.45,0,0.7784,7.1922,7,0,0.6242,0.3941,0.0135,2,1,1
326.98,2,4,133.67,1,0.9276,2.7695,4,0,0.6848,0.2724,0.2802,1,0,1
96.44,2,1,4.25,0,1.338,4.6061,5,0,0.7643,0.4982,0.0541,0,1,0
261.96,2,3,69.57,1,2.4647,0.0,9,0,0.4042,0.381,0.2306,0,0,1
403.41,4,3,133.78,1,0.9035,6.4597,3,0,0.332,0.4069,0.088,0,0,1
316.4,3,3,63.64,1,1.0385,3.1791,2,0,0.3982,0.4889,0.015,1,0,1
600.0,2,3,81.25,0,2.8373,9.3662,4,0,0.5665,0.6439,0.1298,3,0,1
254.06,2,1,105.19,0,0.9324,0.0,8,0,0.6719,0.5313,0.2165,2,0,1
345.75,3,3,88.01,1,1.2253,0.0,2,0,0.6129,0.3364,0.1404,4,0,1
374.34,3,4,74.76,0,0.981,0.0,4,0,0.8568,0.6204,0.0803,3,1,1
366.89,4,5,55.91,0,0.9521,10.3716,6,1,0.7588,0.395,0.0405,1,0,1
159.54,4,0,12.01,3,0.4705,0.0,5,1,0.1748,0.3075,0.072,2,0,0
222.2,7,5,147.61,1,1.51,10.5019,4,0,0.5885,0.435,0.1221,1,0,1
183.24,3,4,124.6,0,0.7833,3.5005,3,0,0.5449,0.5009,0.0794,3,0,0
344.04,2,3,86.5,3,1.5287,6.7692,5,0,0.9522,0.5164,0.1715,0,0,1
374.92,4,3,40.11,0,1.3444,0.0,2,0,0.9505,0.5295,0.187,0,0,1
306.45,3,4,191.89,0,1.8498,0.0,2,0,0.2908,0.5864,0.1562,1,1,1
600.0,5,8,97.47,1,1.1514,0.0,5,0,0.7507,0.5497,0.1522,1,0,1
371.21,6,2,85.0,0,2.4671,0.5095,3,0,0.5206,0.4646,0.1425,0,0,0
393.7,3,5,44.66,0,1.2146,6.3082,1,1,0.5215,0.3144,0.1607,0,1,1
300.43,5,0,97.25,2,1.5348,1.653,5,0,0.7055,0.3218,0.1457,1,0,1
423.38,4,2,112.26,0,1.1386,0.0,7,0,0.5755,0.3779,0.2243,2,0,1
271.61,1,3,143.75,0,1.3301,0.0,2,1,0.5124,0.5964,0.1391,2,0,0
283.81,3,0,249.32,2,0.9309,0.0,9,1,0.4001,0.2953,0.2545,3,0,0
130.03,4,2,84.5,1,2.7151,0.0,1,0,0.8152,0.3485,0.1183,1,1,0
265.81,5,2,36.0,3,1.0743,3.468,3,0,0.5721,0.7065,0.1132,0,0,1
178.38,2,4,93.32,2,0.4769,2.0184,2,0,0.4397,0.2508,0.2793,0,1,0
208.56,5,4,166.04,1,1.8635,9.0906,4,0,0.5462,0.4933,0.1694,1,0,1
193.05,3,4,83.7,2,1.3433,3.7874,7,1,0.7053,0.3932,0.0869,2,0,1
268.84,2,2,90.95,1,0.9479,8.9654,2,0,0.3549,0.6788,0.2306,3,0,1
372.81,2,6,84.71,2,0.597,11.1087,10,0,0.6269,0.3277,0.1921,2,1,1
310.67,1,0,60.14,2,2.8834,5.9648,3,0,0.5168,0.6716,0.0913,2,0,1
292.02,3,6,113.96,3,2.395,7.763,3,0,0.9106,0.4181,0.1261,2,0,1
306.65,1,2,117.54,1,1.6573,0.0,1,1,0.4706,0.4243,0.1393,3,0,0
218.78,5,3,56.4,0,2.3109,2.7942,4,0,0.5888,0.8036,0.0921,0,0,1
129.94,3,5,144.03,1,0.8591,3.7934,9,0,0.4417,0.3166,0.1387,0,1,0
327.72,2,4,74.88,2,1.8129,0.0,9,0,0.6663,0.5886,0.1306,1,0,1
172.28,2,1,12.71,0,1.1073,8.6581,4,1,0.1499,0.5441,0.0725,1,1,0
423.57,8,4,208.89,1,1.0014,5.7234,4,0,0.3643,0.2521,0.1994,1,1,1
404.64,3,2,46.13,0,1.9131,2.7277,9,1,0.6512,0.4216,0.0731,1,0,0
353.03,4,4,124.03,0,1.5222,0.0,1,1,0.7904,0.5864,0.1209,1,0,1
211.9,1,3,42.06,1,1.8026,0.0,1,0,0.5674,0.3401,0.2144,5,1,1
301.45,3,6,45.84,2,1.1195,7.9928,5,1,0.7507,0.2953,0.0633,1,1,1
201.64,6,2,140.81,2,1.058,0.0,6,1,0.284,0.2342,0.0561,1,1,0
360.07,1,4,161.61,1,1.3959,1.8138,4,1,0.4421,0.2669,0.1791,3,0,0
242.92,3,2,142.71,3,1.073,11.6963,10,0,0.2108,0.496,0.0273,0,1,1
107.23,2,1,9.18,3,1.9974,6.7071,7,0,0.6339,0.589,0.0615,1,0,1
282.52,4,5,41.41,0,1.5808,7.9157,1,0,0.7158,0.6669,0.1955,0,0,1
490.35,5,3,31.33,1,0.6469,11.3879,3,0,0.4259,0.53,0.2531,2,0,0
299.88,0,1,18.32,0,2.2017,0.0,2,1,0.441,0.6037,0.1358,0,0,1
120.79,1,2,1.55,2,1.3987,6.8936,9,1,0.2201,0.6261,0.1424,1,0,1
87.36,0,4,100.6,1,1.71,0.0,5,0,0.408,0.3104,0.1862,2,0,1
367.78,4,1,96.57,1,1.2454,0.0,3,0,0.2366,0.5695,0.1314,2,1,0
83.34,0,2,216.38,1,1.4348,0.0,4,0,0.2546,0.5331,0.0986,1,1,0
526.03,6,6,191.2,1,2.1721,0.0,2,0,0.7525,0.6058,0.1661,1,0,1
237.95,4,2,69.98,0,1.4259,6.4604,3,1,0.5396,0.6625,0.076,3,0,0
590.98,7,5,58.25,1,1.818,9.1239,7,1,0.6923,0.6022,0.0276,3,0,1
415.25,5,3,200.12,1,0.8055,0.0,6,0,0.4917,0.5408,0.0698,2,0,1
349.36,4,2,89.02,2,1.513,6.3914,4,0,0.5045,0.5934,0.2377,1,1,1
482.92,3,2,31.18,2,2.1036,10.094,7,1,0.552,0.6278,0.0801,4,0,1
225.22,2,1,96.63,1,0.977,5.3936,2,0,0.3219,0.3268,0.0559,1,1,1
409.1,7,5,15.15,2,0.8181,11.6935,3,0,0.4805,0.7184,0.0895,1,0,1
412.04,5,3,123.87,0,1.0229,0.0,4,0,0.4484,0.5286,0.1502,0,1,1
99.58,1,0,95.4,2,0.9145,9.3751,6,1,0.0611,0.4305,0.0484,1,1,0
248.68,5,0,10.39,1,1.9862,4.0768,5,0,0.7011,0.402,0.2152,1,0,1
138.45,1,3,23.62,0,1.9,8.8498,8,1,0.4527,0.4338,0.0922,1,0,1
214.08,0,2,113.06,1,0.7497,0.0,3,0,0.448,0.4693,0.1026,3,1,1
109.62,1,2,33.04,0,1.4316,0.0,3,0,0.6399,0.6403,0.1762,1,1,1
119.48,1,0,34.18,2,1.273,0.0,8,1,0.0644,0.6298,0.0443,0,1,0
429.0,2,0,91.27,1,0.621,4.6538,5,0,0.3045,0.2005,0.1639,1,0,1
406.82,2,3,58.82,3,1.0547,9.9717,2,0,0.8014,0.716,0.0858,2,0,1
170.61,2,2,120.85,1,1.2605,0.0,4,0,0.7194,0.6909,0.0858,0,1,1
187.35,0,4,103.0,2,1.7417,0.0,8,0,0.1613,0.5173,0.0676,2,0,0
307.91,7,3,156.52,0,1.0494,12.6474,3,0,0.1525,0.4203,0.2224,1,0,1
384.25,3,2,10.39,0,1.076,9.9538,9,0,0.4078,0.2464,0.102,0,1,1
95.85,2,1,32.9,1,0.9077,0.0,8,1,0.8314,0.6489,0.1331,2,1,0
261.88,5,2,66.77,1,1.0369,0.0,7,0,0.3872,0.7409,0.0853,4,1,1
157.13,0,1,49.08,3,0.994,0.0,3,0,0.7315,0.2846,0.0385,2,0,1
263.95,3,4,137.15,2,1.0928,8.3314,3,0,0.2655,0.4447,0.2056,0,0,1
409.97,4,3,33.67,0,0.4634,7.3217,2,0,0.6093,0.4312,0.0425,0,0,1
361.94,4,1,106.58,0,2.3063,0.0,5,0,0.7339,0.28,0.0211,1,0,1
202.08,4,5,26.59,1,1.7075,5.1591,5,1,0.7739,0.6538,0.1885,2,0,1
198.59,3,2,26.1,0,1.7972,0.0,6,1,0.1052,0.6527,0.1427,1,1,0
245.65,6,2,60.06,1,0.925,4.0082,6,0,0.7576,0.497,0.1693,1,0,1
222.61,2,2,24.03,1,1.7255,0.0,5,1,0.7576,0.4238,0.1954,2,0,0
600.0,10,3,86.18,2,0.6945,0.0,4,0,0.5834,0.4082,0.1853,3,0,1
141.27,2,4,21.73,1,0.5944,0.6853,6,0,0.5727,0.3002,0.0565,0,1,0
378.47,4,1,114.33,5,1.5407,0.0,7,0,0.2825,0.5186,0.143,0,0,0
161.46,3,1,91.02,1,0.9765,0.0,10,0,0.4285,0.4501,0.0556,1,0,1
150.31,3,2,55.76,0,0.8839,0.0,3,1,0.3847,0.5579,0.0211,3,0,1
150.22,1,3,84.88,0,1.6978,0.0,1,1,0.4545,0.4451,0.0721,0,1,1
226.9,2,4,92.33,1,0.9421,4.0625,1,0,0.7013,0.7458,0.0969,2,0,1
237.88,2,5,33.9,1,1.3461,13.7569,2,1,0.4656,0.4576,0.1732,1,1,1
139.2,0,0,3.3,1,0.7401,0.0,6,1,0.1474,0.108,0.1178,1,0,1
280.41,3,0,163.15,1,0.9868,0.0,1,0,0.5519,0.3634,0.1353,0,0,0
154.06,4,4,54.74,0,2.6704,13.7611,4,0,0.126,0.5358,0.1375,1,0,1
211.7,2,3,169.22,2,0.51,4.1505,8,0,0.847,0.422,0.0632,1,1,1
311.0,4,3,212.17,0,0.8019,0.0,3,0,0.5315,0.5702,0.1272,2,0,1
329.27,4,1,76.27,1,1.4688,6.9594,3,1,0.6848,0.6574,0.0782,2,1,1
185.37,2,4,105.75,0,0.6072,0.0,4,0,0.3513,0.465,0.0535,1,0,0
118.86,2,4,82.66,0,1.8388,8.1346,5,0,0.7717,0.5833,0.0417,0,1,0
206.94,0,1,136.8,5,1.3339,0.0,9,1,0.5056,0.2146,0.0374,1,0,1
245.18,4,4,105.81,2,2.3638,0.0,4,1,0.5591,0.6358,0.1814,0,0,1
130.32,2,2,77.12,0,0.969,0.0,5,0,0.3641,0.1406,0.2156,1,0,0
157.37,1,3,60.29,0,0.6839,0.0,2,0,0.2014,0.2963,0.1042,0,1,0
409.52,5,2,102.4,1,1.5216,0.0,4,1,0.2345,0.5677,0.1772,4,1,0
286.18,4,2,63.12,3,1.9484,0.0,1,1,0.5364,0.4556,0.1915,3,1,1
464.99,4,1,153.33,1,0.6643,0.0,3,0,0.3465,0.4261,0.1157,2,1,0
355.69,3,2,143.18,1,0.5127,0.0,1,0,0.5929,0.6327,0.0683,0,1,1
239.98,3,2,174.22,0,1.4713,1.3872,4,0,0.1893,0.5539,0.0104,3,1,0
428.96,3,1,247.27,1,2.7345,0.0,2,1,0.6849,0.7168,0.0604,1,1,1
69.49,1,1,33.52,1,1.0482,0.0,7,0,0.6299,0.4429,0.0572,0,0,1
39.88,1,4,107.83,2,1.5199,0.0,3,1,0.4093,0.5076,0.0433,3,1,0
185.9,2,1,114.51,3,0.9801,0.0,6,0,0.3599,0.3172,0.0345,0,1,0
147.17,3,1,90.12,2,1.4232,8.4685,2,0,0.1384,0.6494,0.077,1,1,0
238.81,5,4,140.86,0,1.3649,11.4984,1,1,0.3963,0.4541,0.2094,2,0,0
312.68,5,2,144.79,1,1.1632,0.0,6,0,0.3856,0.7573,0.1223,3,0,0
352.53,3,5,185.6,0,1.838,9.8613,4,0,0.9045,0.7495,0.1836,4,0,1
453.52,5,1,75.04,1,2.5159,0.0,4,0,0.709,0.6382,0.1456,0,0,1
226.78,3,4,125.0,0,1.5605,0.0,3,0,0.3735,0.0927,0.0582,2,0,1
123.44,1,2,36.72,0,1.6791,0.0,1,0,0.085,0.3629,0.1247,1,0,0
226.82,1,2,117.82,3,1.2584,0.0,7,0,0.3811,0.6077,0.2324,0,0,1
149.0,4,4,95.36,3,1.1305,0.0,7,0,0.2845,0.3096,0.0547,1,0,1
389.86,2,3,52.84,3,1.1076,9.4103,7,1,0.3934,0.4538,0.0476,0,0,0
498.35,5,3,157.51,2,1.7344,0.0,2,0,0.8269,0.5175,0.1631,4,0,1
548.12,6,1,138.04,1,1.9251,0.0,2,0,0.327,0.5865,0.0234,0,0,1
417.0,2,3,57.83,2,1.0369,0.0,4,0,0.7509,0.5046,0.0988,0,0,1
275.37,2,4,181.72,0,1.0173,4.1084,2,0,0.4182,0.4956,0.2365,3,1,0
156.39,2,0,42.44,2,0.6884,6.7331,1,0,0.8425,0.4275,0.1064,1,0,0
182.26,1,1,131.07,1,1.6855,0.0,3,1,0.2069,0.5143,0.173,3,0,0
378.11,4,4,25.43,0,1.3271,0.0,4,1,0.6941,0.2332,0.0546,1,0,1
327.53,6,2,199.36,4,0.9097,0.0,2,0,0.3898,0.605,0.1143,1,0,1
281.12,3,1,193.13,0,2.2462,12.3099,5,1,0.3803,0.6771,0.1774,1,1,1
259.68,2,3,60.34,1,0.5351,0.0,3,0,0.5219,0.6595,0.1764,2,0,0
173.79,1,2,86.66,0,0.9405,0.0,4,0,0.3663,0.2342,0.01,0,1,0
343.25,5,3,255.03,0,2.1238,0.0,2,0,0.7415,0.3619,0.1218,1,0,1
437.75,4,3,174.23,1,0.5119,6.5314,5,1,0.3685,0.5791,0.1116,2,0,1
176.71,6,1,94.06,2,0.8634,0.0,6,0,0.4693,0.515,0.1564,2,0,0
600.0,10,3,153.13,2,1.2539,0.0,8,0,0.3507,0.558,0.24,4,1,1
130.32,1,2,44.31,1,0.8273,12.3247,2,0,0.5057,0.5209,0.0651,2,0,0
244.73,5,1,45.0,2,0.9026,10.0914,7,0,0.3004,0.6258,0.1241,0,1,0
240.18,0,4,108.29,1,0.6661,0.0,1,1,0.7064,0.3719,0.0757,1,0,1
112.21,2,0,182.48,1,2.5093,4.8807,5,0,0.357,0.5114,0.2189,1,0,1
422.0,1,2,183.01,2,0.8734,6.993,10,0,0.4126,0.2375,0.0518,2,0,1
267.79,2,3,27.31,0,1.0678,11.5852,2,0,0.1548,0.712,0.1007,1,0,0
89.79,0,0,131.95,1,1.9297,1.0333,6,0,0.154,0.4747,0.1425,1,1,1
195.62,3,1,24.93,0,1.5966,0.0,4,0,0.1825,0.4044,0.1486,1,1,0
129.86,1,2,133.21,1,2.4257,8.7857,3,1,0.1131,0.6417,0.1549,2,1,1
600.0,1,3,157.6,2,1.023,0.0,4,0,0.2293,0.3711,0.0275,1,0,0
251.9,5,6,99.04,0,0.8507,0.0,4,0,0.7518,0.5885,0.2162,0,1,1
267.99,1,4,128.76,1,1.6056,0.0,2,0,0.6117,0.3156,0.1497,2,1,0
158.72,3,2,51.69,0,1.8887,0.0,5,0,0.3681,0.4228,0.0396,4,1,0
267.01,2,3,102.66,0,0.7678,0.0,5,0,0.3036,0.6693,0.0419,2,1,0
334.83,1,2,164.64,1,1.6796,0.0,3,0,0.5683,0.4758,0.0783,1,1,1
263.81,4,2,57.07,0,1.7067,0.0,2,0,0.4731,0.3577,0.1094,1,0,0
454.88,5,7,176.03,0,0.5515,7.5303,5,0,0.7967,0.4702,0.1868,3,1,1
90.81,2,0,3.13,0,1.4069,6.2366,4,1,0.3965,0.5451,0.0478,0,0,1
310.36,1,0,27.66,2,0.8474,0.0,5,0,0.2382,0.4459,0.2346,0,0,0
344.18,4,0,146.78,2,1.4286,8.8794,7,1,0.2929,0.5809,0.1292,4,1,0
338.93,6,2,85.08,3,1.701,0.0,8,0,0.5006,0.6624,0.2358,1,1,1
297.09,2,2,18.27,1,1.255,0.0,2,0,0.6212,0.4128,0.0638,2,0,0
316.94,4,3,24.87,0,0.7102,3.5285,2,0,0.2641,0.1577,0.149,3,0,1
113.66,1,2,9.81,0,1.0487,0.0,4,0,0.2703,0.5694,0.1894,0,0,0
422.86,1,0,50.53,0,1.8422,0.0,1,0,0.8069,0.5018,0.0784,2,0,0
179.85,0,1,27.51,2,0.5874,0.0,7,1,0.7494,0.3885,0.0663,0,0,0
406.32,3,3,141.24,1,1.1011,0.0,2,1,0.5456,0.2935,0.0455,1,1,0
226.51,0,2,176.36,1,1.2889,0.0,4,1,0.38,0.1995,0.0938,1,1,1
134.71,3,2,39.26,0,0.8818,0.0,1,0,0.3703,0.0906,0.0308,1,1,1
165.84,1,0,88.44,0,0.4179,5.2051,1,1,0.3892,0.2145,0.1417,2,0,0
193.15,1,2,118.39,0,1.3573,5.6969,5,0,0.2154,0.5933,0.0029,1,1,0
101.91,3,3,54.52,0,0.734,12.3358,3,1,0.6167,0.4114,0.261,2,0,0
303.41,4,4,89.99,2,0.862,0.0,3,0,0.5551,0.6088,0.1346,2,1,1
600.0,5,3,72.83,1,2.1352,12.0428,3,0,0.7972,0.5648,0.1099,0,1,1
333.7,2,1,48.98,0,1.394,8.7322,1,0,0.2477,0.4604,0.2034,0,1,0
304.36,4,4,83.86,0,1.0533,0.0,2,0,0.3855,0.5619,0.1381,1,1,1
307.62,2,3,118.17,2,1.0481,0.0,4,0,0.3768,0.3217,0.0671,2,0,1
355.37,7,4,114.42,2,1.1789,0.0,5,0,0.1524,0.4179,0.0863,1,0,1
600.0,4,3,151.0,1,1.4997,0.0,5,1,0.5772,0.4762,0.0914,1,1,0
360.3,2,1,57.31,2,0.8085,0.0,7,1,0.2872,0.4528,0.0238,2,0,0
223.3,2,1,42.23,0,1.1803,0.0,4,1,0.3312,0.4192,0.2394,2,0,0
328.49,3,1,166.23,2,0.7181,0.0,9,0,0.5145,0.3867,0.2971,0,0,1
219.51,2,0,31.08,1,1.7681,7.6105,3,0,0.5991,0.581,0.1341,0,0,0
127.95,3,1,68.45,4,1.5434,0.0,8,1,0.205,0.4225,0.0601,2,0,1
173.24,2,3,50.44,0,0.9215,6.431,3,0,0.5033,0.5062,0.1109,1,1,0
188.56,2,3,134.45,2,2.6514,6.4067,9,0,0.3978,0.5398,0.0978,0,1,1
208.04,0,0,46.33,1,1.1009,0.0,7,0,0.6633,0.4764,0.1773,2,0,0
181.35,0,1,131.12,1,0.8848,0.0,8,1,0.2424,0.3097,0.1224,0,1,0
427.57,3,6,155.46,1,1.2078,12.6656,1,1,0.3922,0.5972,0.0672,2,0,1
391.34,8,1,36.18,0,1.7182,0.0,4,1,0.4857,0.7348,0.0562,0,1,0
151.09,1,1,96.45,1,0.9494,2.0962,7,0,0.5125,0.5379,0.0919,3,1,1
370.29,2,4,117.76,2,1.7264,10.3411,6,0,0.299,0.4722,0.1299,1,0,1
138.33,3,2,5.71,0,1.9771,0.0,3,1,0.1735,0.3972,0.1832,0,1,0
118.85,2,1,14.27,4,0.8007,0.0,7,0,0.1706,0.5398,0.1127,0,0,1
262.41,1,1,39.83,1,1.0667,0.0,6,0,0.553,0.2776,0.1492,1,0,1
185.46,1,1,131.43,1,1.3308,8.5377,4,0,0.7171,0.3488,0.1639,2,1,0
171.3,2,3,80.23,1,1.5678,0.0,3,0,0.1186,0.2261,0.1345,1,0,1
183.15,2,4,75.33,2,1.8654,5.9303,6,0,0.3816,0.4902,0.2446,1,0,1
208.85,1,2,39.88,1,2.2946,0.0,6,0,0.2732,0.6601,0.2544,0,0,1
131.31,2,2,123.71,3,0.9456,8.5061,2,1,0.2198,0.3325,0.0376,2,0,0
185.5,1,2,134.14,1,0.8128,0.0,3,0,0.7331,0.1772,0.1174,3,0,1
258.85,4,4,42.38,0,0.558,3.949,2,0,0.1559,0.5549,0.0869,4,0,1
415.42,4,4,170.57,1,2.3092,0.0,4,1,0.5561,0.5653,0.0425,2,0,1
190.26,1,1,82.43,2,1.2967,8.6909,8,0,0.5046,0.5912,0.0351,1,1,1
282.06,4,2,151.72,0,2.0942,5.6841,4,1,0.2162,0.7756,0.1623,3,0,1
202.06,2,5,99.5,2,0.7568,2.3374,5,0,0.7677,0.25,0.1402,0,0,1
293.32,1,1,200.54,0,0.6602,0.0,5,1,0.3019,0.6016,0.1298,1,0,0
159.56,2,2,139.99,2,3.3823,6.9493,6,0,0.6033,0.4383,0.1621,3,0,1
444.6,7,3,67.19,1,2.4941,0.0,8,0,0.3353,0.7083,0.1457,5,1,1
151.17,2,2,143.6,3,1.8985,0.0,8,0,0.4941,0.6345,0.2206,4,1,0
245.3,2,2,96.82,1,0.7548,0.0,8,0,0.451,0.4066,0.0569,2,0,0
302.33,5,3,102.02,0,1.5179,12.199,2,0,0.3771,0.5746,0.1515,2,1,1
228.57,4,1,133.09,2,1.0342,0.8895,5,1,0.4931,0.2689,0.2591,2,0,0
212.52,6,2,119.92,1,1.7365,7.9806,5,0,0.5072,0.6109,0.0449,1,0,1
271.34,2,1,186.91,1,0.6875,7.4126,5,1,0.5895,0.3438,0.2154,1,0,1
135.85,3,3,42.96,2,0.7525,0.0,2,0,0.2991,0.2769,0.1064,1,0,0
258.36,7,0,140.87,2,1.0577,0.0,3,1,0.575,0.5307,0.1782,2,1,0
60.23,0,3,45.08,2,1.0482,0.0,4,0,0.1921,0.3537,0.0935,1,1,0
153.0,0,1,133.82,0,1.1913,3.4756,5,0,0.3883,0.3527,0.0708,2,0,1
579.26,1,4,78.66,0,0.7279,0.0,7,0,0.3457,0.1737,0.122,1,0,1
471.18,3,2,37.51,1,0.7294,0.0,4,0,0.4592,0.2558,0.1275,0,0,0
381.28,4,2,50.02,0,1.6825,0.0,4,0,0.365,0.388,0.1781,1,1,0
392.22,2,2,36.18,1,0.9324,9.7512,7,0,0.308,0.3855,0.1754,1,1,0
342.59,2,1,97.93,0,0.9103,0.0,2,1,0.3484,0.405,0.0182,0,0,0
376.42,1,2,177.15,1,0.9494,0.0,5,0,0.7027,0.1543,0.1152,2,0,0
356.52,7,3,154.07,1,0.7039,11.4077,8,0,0.5502,0.4623,0.285,1,1,1
598.06,3,2,28.82,0,2.1355,0.0,7,0,0.5166,0.5699,0.0327,1,0,1
295.83,5,2,208.91,1,2.2854,0.0,4,0,0.2641,0.6231,0.0812,1,0,1
169.35,3,3,35.48,1,1.0093,1.7668,3,0,0.2592,0.6952,0.0958,0,0,1
265.14,4,2,74.01,0,1.6496,9.6774,6,1,0.352,0.6903,0.3241,0,0,1
162.59,2,0,117.66,0,0.7711,0.0,2,1,0.2556,0.4394,0.181,2,0,1
196.49,2,5,25.27,0,0.972,0.0,2,1,0.5994,0.6818,0.1851,2,0,0
107.9,0,1,130.23,1,3.2054,11.2028,10,0,0.2396,0.6141,0.0543,2,0,1
461.44,5,1,182.1,1,1.2132,1.4707,2,1,0.8305,0.4116,0.1792,1,0,1
232.02,2,3,49.38,0,2.8127,0.0,3,0,0.088,0.5614,0.1304,1,1,0
240.36,3,1,55.43,1,0.8638,0.0,4,0,0.4988,0.4176,0.0281,3,0,0
447.79,3,0,50.86,0,0.7684,1.6893,3,1,0.7193,0.4179,0.0956,2,0,1
418.34,3,2,58.0,1,1.0544,0.0,9,1,0.7984,0.4829,0.2159,1,1,1
204.94,2,2,42.44,2,0.7172,6.1608,2,0,0.6507,0.5166,0.1702,1,0,0
224.08,6,3,55.13,0,0.6877,12.8794,4,1,0.6979,0.4711,0.1766,1,1,0
29.94,0,5,173.52,1,0.641,5.351,5,0,0.3903,0.4616,0.149,1,1,0
296.15,4,3,104.49,0,1.2202,0.0,3,0,0.565,0.4458,0.0306,0,0,1
208.41,3,5,79.54,1,0.9531,0.0,5,0,0.6832,0.6894,0.1329,3,0,1
345.65,3,4,183.31,1,0.9907,11.7483,5,0,0.4813,0.6747,0.1926,0,1,1
354.73,3,3,98.55,0,0.8071,9.117,3,1,0.306,0.4976,0.1978,1,0,0
201.72,3,0,28.15,2,1.8555,4.098,5,0,0.2828,0.361,0.0682,0,0,1
264.29,4,3,116.54,0,0.7189,7.1529,5,0,0.3282,0.6752,0.3034,0,0,1
279.88,9,4,99.33,2,1.1916,1.9259,3,0,0.7097,0.668,0.2152,0,1,1
294.55,2,6,101.48,0,0.7302,6.364,5,0,0.8103,0.4136,0.0882,0,0,0
193.13,3,1,146.91,5,0.9178,4.5614,7,0,0.2558,0.3116,0.0366,1,0,1
600.0,3,1,18.0,1,1.2023,11.4911,7,0,0.7476,0.7452,0.0243,0,0,1
254.85,5,3,90.33,1,0.3924,11.4999,4,0,0.6641,0.7475,0.0158,5,0,1
245.14,3,4,77.9,2,0.9068,0.0,4,0,0.5005,0.2737,0.1613,0,1,1
405.89,8,4,122.96,1,1.9952,0.0,8,0,0.5664,0.5624,0.1257,0,0,1
306.75,4,6,125.19,2,1.255,11.8217,5,0,0.4528,0.4482,0.1146,1,1,1
240.48,6,3,73.71,0,1.8729,1.4937,4,0,0.6013,0.429,0.2454,1,0,1
140.23,2,3,134.36,0,0.7816,2.9461,5,0,0.5425,0.2242,0.1146,0,0,1
262.6,1,2,67.05,3,1.5565,0.0,2,0,0.181,0.23,0.0551,1,0,1
291.38,3,4,81.27,2,0.9559,8.8508,2,1,0.8275,0.5133,0.0078,1,0,0
302.42,4,1,115.05,1,1.0968,0.0,3,0,0.254,0.6987,0.0131,1,1,0
189.84,5,5,83.76,0,0.8061,9.2267,2,0,0.446,0.7093,0.1176,4,0,1
440.9,4,4,46.64,2,0.708,0.0,4,0,0.5405,0.5298,0.333,2,0,1
206.43,3,3,107.14,1,0.8813,5.9169,8,0,0.5986,0.3392,0.1247,0,0,0
126.18,3,0,122.81,2,0.7235,8.1939,7,0,0.551,0.4959,0.0547,0,0,0
180.15,2,3,94.03,3,0.9218,0.0,9,0,0.4243,0.1945,0.2165,0,0,1
507.95,0,2,60.54,2,0.9857,0.9576,9,0,0.5317,0.2906,0.1747,3,1,0
600.0,5,2,103.66,2,1.0223,0.0,6,0,0.503,0.501,0.1414,1,1,1
274.45,1,3,53.03,1,0.5963,8.0448,2,0,0.2641,0.6735,0.0183,3,0,0
161.27,1,2,66.94,2,2.6698,12.4284,3,0,0.9097,0.7262,0.2343,0,0,1
293.4,4,1,63.99,0,1.186,6.9282,5,1,0.5935,0.6492,0.0397,0,0,1
249.27,4,3,133.25,1,1.7519,0.0,2,0,0.453,0.5119,0.0441,3,1,1
277.27,1,1,35.32,1,1.6069,0.0,6,1,0.4258,0.5004,0.0946,1,0,1
218.94,3,1,56.78,0,1.8426,6.1179,8,0,0.1745,0.6718,0.0062,2,1,1
191.82,4,1,140.15,1,1.9187,0.0,2,0,0.6856,0.6532,0.0744,1,0,1
252.27,3,3,77.03,1,1.8382,7.0039,1,1,0.2803,0.4555,0.1591,0,0,1
254.16,5,4,27.67,0,0.7917,0.0,3,0,0.6353,0.3331,0.0856,1,0,1
306.37,5,5,184.9,1,1.5582,0.0,6,0,0.631,0.5214,0.1352,1,1,1
85.72,1,0,105.4,3,0.6569,11.0267,6,0,0.3706,0.5485,0.1385,2,1,0
92.53,2,3,79.38,0,1.2247,11.4035,6,0,0.7373,0.441,0.0698,4,0,1
121.83,1,1,126.9,3,3.277,0.0,5,0,0.6217,0.4122,0.0473,2,1,1
130.61,3,2,73.6,1,0.9062,0.0,2,0,0.6343,0.2947,0.0681,0,0,1
283.65,3,5,90.56,3,0.3868,8.6946,7,0,0.2747,0.3662,0.0869,0,1,1
356.56,3,5,108.99,0,1.0696,6.5439,3,0,0.5762,0.327,0.1038,2,0,1
420.6,3,3,108.61,0,0.5068,0.0,2,0,0.1354,0.2833,0.1444,0,1,0
283.65,5,1,146.36,0,0.9729,7.3049,7,1,0.6611,0.6027,0.2155,2,0,1
281.48,5,5,78.9,0,1.3594,4.9624,3,1,0.3539,0.6102,0.1161,1,0,1
234.57,4,2,100.29,0,1.5517,8.8362,4,0,0.4325,0.5478,0.2298,2,0,1
262.41,2,4,205.03,1,1.6595,0.0,4,0,0.5714,0.8214,0.1218,3,0,0
278.42,7,6,158.29,0,3.5532,0.0,2,0,0.5058,0.3057,0.1229,1,1,1
572.95,2,5,119.85,1,1.305,3.8968,2,1,0.6286,0.3206,0.021,1,0,0
299.53,4,6,148.25,3,0.9661,6.1651,7,0,0.3709,0.5152,0.1102,2,0,1
338.85,4,6,125.59,0,1.1969,0.0,4,0,0.605,0.681,0.0878,1,0,1
596.87,3,3,170.53,0,1.1494,10.2462,2,0,0.0885,0.5459,0.2031,4,1,0
539.72,4,5,129.33,1,1.6474,0.0,1,0,0.3942,0.6174,0.1945,3,0,1
247.97,5,7,180.94,0,0.7448,0.0,6,0,0.3326,0.6997,0.0474,2,0,1
230.93,5,0,97.29,3,1.2419,0.0,1,0,0.7183,0.5085,0.0076,0,0,0
186.25,1,2,60.15,0,1.0812,0.0,8,0,0.4601,0.2653,0.1991,0,0,1
131.56,3,1,118.69,2,0.9111,0.0,2,0,0.2866,0.3759,0.2032,0,0,1
68.24,1,0,135.08,1,1.8035,0.0,6,0,0.264,0.6596,0.2445,0,1,1
216.37,4,4,32.42,0,1.3188,0.0,1,0,0.6349,0.6964,0.1086,1,0,1
228.77,4,3,171.22,1,1.8954,4.8649,5,0,0.574,0.1851,0.2676,1,1,1
234.52,2,0,19.84,1,2.8341,2.0418,4,1,0.0613,0.5407,0.116,0,0,0
171.7,2,3,94.64,1,0.9467,7.3067,2,0,0.5984,0.5284,0.1502,3,1,0
524.16,5,5,101.3,0,1.8116,8.7481,3,1,0.3224,0.6333,0.0752,4,0,1
244.27,4,1,100.77,0,1.8048,13.6267,4,0,0.3798,0.3964,0.0715,2,1,1
562.94,3,3,136.27,3,1.9095,0.0,4,0,0.2832,0.4532,0.0789,1,0,1
263.57,7,2,119.68,1,0.6502,5.9632,2,1,0.1003,0.3658,0.0965,3,1,1
219.25,3,4,205.41,1,0.9103,0.0,5,0,0.614,0.3909,0.2258,4,0,0
134.39,5,2,17.92,1,2.5739,0.0,1,1,0.3088,0.6831,0.1146,2,0,0
562.18,3,4,98.36,1,1.4331,0.0,2,0,0.4409,0.4517,0.1911,1,1,0
344.67,2,3,39.35,1,2.3644,2.3614,2,1,0.246,0.8675,0.1829,1,0,1
142.57,1,1,71.6,0,1.4429,12.2971,2,1,0.5776,0.5912,0.1071,0,0,0
210.6,3,3,186.86,2,1.8596,0.0,1,0,0.3249,0.5514,0.0691,1,1,0
47.43,0,1,7.62,1,0.8719,0.0,4,0,0.1873,0.2276,0.1171,2,1,0
224.12,0,0,36.42,1,1.5445,0.0,4,1,0.525,0.5808,0.1635,1,1,1
600.0,4,3,125.28,2,1.2026,0.0,5,0,0.1414,0.4872,0.0726,2,1,1
544.52,0,0,49.36,2,2.4993,5.2958,2,1,0.687,0.6358,0.041,1,1,1
330.01,5,6,150.79,2,1.187,0.0,2,1,0.4855,0.4533,0.0419,3,0,1
155.86,0,4,122.77,1,1.0104,0.0,7,0,0.5019,0.6837,0.0194,4,0,1
128.77,0,3,2.77,1,0.7496,9.3445,6,0,0.5962,0.6289,0.0758,0,1,0
319.77,6,2,193.08,1,1.4359,11.4763,6,0,0.503,0.357,0.125,1,0,1
316.62,4,1,28.14,3,0.6709,6.3663,5,0,0.7481,0.2988,0.0735,1,1,0
178.46,3,0,98.03,0,1.6978,0.0,3,0,0.3679,0.4078,0.1883,0,1,1
244.96,5,5,15.06,2,1.5259,3.8594,9,1,0.5564,0.3259,0.0667,2,1,1
388.27,5,4,41.44,3,1.0421,3.0492,4,0,0.458,0.6667,0.1808,2,1,1
236.81,6,6,106.0,1,0.7344,10.6117,7,0,0.3645,0.5154,0.3564,4,1,0
600.0,1,5,99.83,1,2.5589,0.0,5,0,0.3222,0.566,0.0941,1,1,0
124.63,2,1,47.49,1,1.1661,0.0,3,0,0.7478,0.3596,0.0768,3,0,0
203.62,2,4,32.34,1,0.9457,4.7336,1,0,0.2698,0.4148,0.1271,0,1,0
384.5,4,1,232.88,3,0.6577,10.1613,3,0,0.4212,0.6376,0.0671,1,0,1
299.91,5,4,164.91,2,1.5517,0.0,10,0,0.6166,0.6698,0.1369,5,0,1
600.0,5,2,96.43,0,0.675,2.7101,5,1,0.3208,0.2248,0.1958,2,1,0
334.36,4,4,67.49,1,1.0193,0.0,7,0,0.3223,0.3756,0.2349,1,1,1
384.52,4,1,51.56,1,1.0881,0.0,2,0,0.9069,0.6566,0.0979,0,0,1
158.62,2,3,144.87,2,0.818,0.0,9,0,0.6479,0.6472,0.0365,3,0,1
280.26,4,7,139.64,1,1.1467,0.0,1,0,0.2189,0.6054,0.4058,3,0,1
228.54,1,1,113.54,0,0.3867,12.3552,4,1,0.4294,0.6392,0.1057,1,1,0
144.63,3,1,50.97,0,2.2153,0.0,1,0,0.4799,0.4856,0.2054,0,0,1
99.72,1,2,84.58,1,1.9126,0.0,6,0,0.589,0.6901,0.0514,1,1,1
412.92,3,4,73.67,0,1.5704,4.4012,7,1,0.3278,0.4824,0.1425,0,0,0
96.83,0,2,86.04,0,1.6509,0.0,3,0,0.6091,0.3745,0.1653,1,0,0
264.57,1,1,93.37,3,1.1121,0.0,5,0,0.436,0.5886,0.0193,0,0,1
126.36,2,3,124.97,3,0.4145,0.0,3,1,0.4086,0.1623,0.1216,0,1,0
130.18,0,3,48.44,1,1.4143,0.0,3,0,0.2737,0.2227,0.1816,0,1,1
376.07,8,2,52.03,0,0.824,12.6543,3,0,0.3186,0.8046,0.0657,2,1,0
472.42,3,0,25.9,2,1.3568,0.0,2,0,0.2163,0.237,0.083,1,1,1
299.07,3,4,22.26,2,1.2733,0.0,5,0,0.1633,0.6795,0.1775,1,0,1
186.1,4,2,118.98,1,0.8071,0.0,4,0,0.8388,0.517,0.2357,2,0,0
271.38,3,1,124.0,1,2.0184,0.0,1,0,0.3562,0.5156,0.1294,1,1,1
260.14,7,4,143.28,0,2.5052,7.6826,4,0,0.7465,0.6721,0.0243,1,0,1
221.78,0,0,52.13,0,1.4611,0.0,3,0,0.6318,0.4354,0.1072,2,0,1
526.98,8,8,106.87,3,4.0,12.1396,5,1,0.4106,0.8571,0.0735,3,0,1
101.29,1,1,135.31,2,0.891,4.5305,5,1,0.7769,0.368,0.0081,0,0,1
172.87,1,4,107.45,0,2.7262,0.0,1,1,0.4438,0.6419,0.0474,1,0,1
486.12,4,3,122.47,0,1.2391,5.582,7,0,0.5757,0.2656,0.0488,0,1,1
258.22,3,3,78.17,1,1.9121,13.0661,6,0,0.5139,0.4754,0.0603,1,1,1
219.81,5,5,40.13,4,1.0086,9.3947,6,0,0.3681,0.1681,0.1502,0,1,1
213.43,2,3,57.97,1,0.6211,0.0,4,0,0.5576,0.3742,0.2133,3,0,1
199.08,2,0,168.15,0,0.9822,0.0,8,0,0.5003,0.2256,0.0072,0,1,0
435.21,0,1,98.27,2,1.0308,6.4388,5,0,0.7858,0.369,0.3454,2,0,1
600.0,4,1,52.17,1,2.8623,0.0,6,0,0.414,0.8546,0.0898,0,1,1
69.12,0,1,44.01,2,0.9398,6.9443,3,0,0.5162,0.3809,0.2172,0,0,0
120.09,2,3,90.89,1,1.0048,2.0035,4,0,0.3947,0.4534,0.0528,2,0,0
151.92,1,3,108.64,0,1.0445,0.0,4,0,0.5772,0.5687,0.2712,1,0,0
556.94,5,4,67.57,0,1.1469,0.0,3,0,0.4365,0.5639,0.0653,3,1,1
421.16,6,3,243.9,3,1.2354,0.0,8,0,0.3716,0.4738,0.0887,1,0,1
533.51,2,3,64.86,0,1.1519,5.3035,2,1,0.7511,0.5272,0.1453,0,0,1
293.76,3,0,135.4,1,1.3582,11.5483,2,1,0.2202,0.556,0.1042,1,1,0
188.99,1,1,259.12,1,0.6425,4.9268,5,0,0.2653,0.2772,0.1449,1,1,0
293.53,3,2,157.26,1,1.0363,5.8597,3,0,0.4235,0.3286,0.1479,1,0,1
173.04,3,1,122.55,2,0.9367,0.0,5,1,0.2825,0.2672,0.1257,1,0,0
292.17,4,2,170.89,2,0.8433,0.0,8,0,0.7771,0.3559,0.2582,0,0,1
57.83,1,0,147.7,0,1.572,0.0,1,1,0.5752,0.4167,0.1413,0,1,0
342.2,3,4,100.51,0,1.2095,0.0,1,0,0.7911,0.4238,0.2428,0,1,1
166.53,2,2,78.09,1,2.2526,0.0,6,0,0.5769,0.6999,0.1414,1,0,1
208.27,2,1,83.92,3,0.4952,0.0,8,1,0.6467,0.3483,0.1987,0,1,1
236.95,5,4,75.02,3,0.8462,0.0,5,0,0.6579,0.2479,0.2585,2,0,0
129.02,2,1,70.42,0,0.8179,0.0,4,1,0.1666,0.5857,0.2173,3,0,0
226.44,2,6,112.17,0,2.1939,0.0,6,0,0.561,0.2321,0.0963,1,0,0
349.66,4,4,190.28,2,0.996,8.2649,5,0,0.6677,0.4317,0.2102,1,0,1
296.51,2,0,57.65,4,0.8609,0.0,7,0,0.4519,0.4931,0.1004,0,0,1
400.23,7,1,141.06,1,0.9675,0.0,4,0,0.5914,0.4987,0.1748,2,1,1
377.01,3,1,80.86,0,1.6255,0.0,3,0,0.4284,0.7656,0.219,1,0,1
207.13,3,1,135.36,0,1.742,0.0,4,1,0.4548,0.4003,0.1252,0,0,0
407.41,2,2,66.52,3,1.4367,3.0802,6,0,0.2031,0.3207,0.1206,0,0,1
142.99,5,4,225.6,0,0.9172,0.0,2,0,0.3958,0.6624,0.1264,1,0,1
282.92,2,1,134.39,1,1.48,9.2306,2,0,0.1804,0.5621,0.027,1,1,0
378.26,1,1,58.16,0,1.5443,6.3893,2,0,0.2294,0.5395,0.0185,2,1,1
322.07,5,3,162.24,1,0.6244,7.2859,4,1,0.2641,0.1925,0.1273,1,1,1
175.58,1,0,105.01,1,1.7297,0.0,6,1,0.3692,0.6328,0.0277,0,0,1
109.7,0,0,27.91,2,1.5893,0.0,6,1,0.4526,0.7589,0.0238,0,0,0
600.0,5,6,75.49,1,0.7299,11.102,6,0,0.0174,0.4539,0.2078,1,1,1
228.66,4,4,72.36,0,2.4298,0.0,1,1,0.2629,0.6574,0.0222,1,0,1
374.1,3,3,150.13,1,1.0847,7.1321,6,0,0.6343,0.341,0.1502,5,0,0
600.0,3,3,95.6,3,1.488,7.2886,10,0,0.5149,0.2511,0.154,2,1,1
441.68,4,5,39.03,0,0.6268,6.4679,3,0,0.3763,0.3113,0.1776,5,0,1
200.81,2,1,82.38,1,2.0754,0.0,8,0,0.0634,0.5083,0.1663,1,0,1
188.58,3,3,118.45,1,1.1762,0.0,8,1,0.6623,0.3309,0.1262,0,0,1
250.73,3,2,102.8,1,1.0847,11.6348,6,1,0.1728,0.4447,0.0086,2,1,1
342.32,3,0,91.7,2,0.9922,0.0,4,1,0.314,0.479,0.0951,1,0,0
49.68,1,1,178.35,2,1.228,0.0,2,0,0.3191,0.4057,0.0972,0,1,0
177.38,2,2,57.99,1,0.7382,0.0,5,1,0.3663,0.3229,0.0444,0,0,1
576.96,3,3,121.82,2,1.6162,0.0,2,1,0.3933,0.7508,0.109,0,1,1
175.51,2,3,13.31,1,0.7314,9.4829,4,0,0.4002,0.425,0.1754,3,0,1
469.49,1,1,80.32,3,1.4524,6.7741,5,0,0.4436,0.5058,0.0399,0,0,1
146.47,1,4,187.59,1,1.7335,0.0,7,0,0.4219,0.4081,0.1258,0,1,1
126.09,3,0,49.17,3,1.5347,0.0,6,1,0.5407,0.3971,0.1002,0,1,1
306.5,4,2,96.07,1,1.1985,0.0,4,1,0.2972,0.7996,0.077,1,1,1
141.89,0,3,163.47,2,1.4052,8.5981,2,0,0.4924,0.7287,0.1369,2,0,0
193.47,4,4,135.51,0,1.2947,0.0,1,0,0.5472,0.6293,0.1691,2,0,1
157.87,3,2,123.06,1,2.9457,12.2398,9,1,0.1881,0.7489,0.0197,0,1,1
54.19,0,3,104.37,1,1.861,11.5002,1,1,0.603,0.4356,0.1389,4,0,1
324.34,1,3,167.74,0,0.8374,0.0,3,0,0.6391,0.4822,0.1109,4,1,0
69.9,0,0,124.91,2,0.7846,7.3247,7,0,0.354,0.097,0.0066,1,0,0
420.67,2,1,44.02,0,1.3439,9.6298,5,0,0.5162,0.4926,0.0663,3,0,1
291.31,1,5,131.16,1,1.1438,0.0,1,0,0.2286,0.5957,0.1158,3,1,1
232.8,2,3,194.19,0,0.9055,9.8161,2,1,0.4453,0.1838,0.0713,1,0,0
100.79,1,1,57.05,0,1.3401,0.0,3,0,0.6023,0.4819,0.0278,0,1,0
261.58,3,3,51.21,4,1.6326,0.0,6,0,0.645,0.5935,0.066,3,1,1
160.8,1,0,227.34,0,2.7081,0.0,2,0,0.4231,0.6721,0.1022,0,0,1
146.89,4,5,105.13,1,1.2589,0.0,3,0,0.7297,0.5844,0.0617,2,0,1
199.76,1,2,9.31,0,1.4078,0.0,4,0,0.2833,0.6348,0.1612,1,1,1
91.49,2,3,10.05,2,0.9209,2.6383,5,1,0.119,0.1702,0.0246,3,0,0
341.22,6,2,89.97,1,0.9364,0.0,2,0,0.4265,0.6049,0.3486,2,0,1
284.04,3,5,115.59,1,2.5109,0.0,5,0,0.4197,0.426,0.2204,2,1,1
358.6,2,4,35.76,1,0.914,10.2244,5,0,0.3966,0.4781,0.1306,1,1,0
420.75,5,1,64.36,0,1.0703,7.9259,3,0,0.5174,0.3364,0.1588,2,1,0
195.34,2,2,171.14,3,1.4402,0.0,8,1,0.8979,0.2496,0.1787,1,1,1
449.01,6,6,148.81,0,2.1767,3.7438,3,1,0.7495,0.5648,0.1197,3,0,1
347.72,3,5,51.09,1,0.9877,12.5162,6,0,0.5703,0.346,0.1306,5,1,0
428.99,8,1,85.71,3,1.5242,0.0,4,1,0.5857,0.5603,0.08,3,0,0
420.3,8,3,82.56,2,0.7745,9.9776,6,1,0.5801,0.5172,0.0208,0,0,1
136.23,3,1,67.22,1,0.9661,0.0,7,0,0.6916,0.3993,0.0325,1,1,0
336.43,6,4,134.6,4,0.8616,4.0418,6,1,0.5514,0.3361,0.1157,3,0,1
266.02,0,3,23.68,0,0.4847,10.1705,4,1,0.302,0.4513,0.0312,0,0,0
120.37,2,0,66.43,1,1.0557,0.0,6,0,0.6786,0.258,0.041,0,0,0
600.0,6,2,259.5,1,2.5634,0.0,2,0,0.5995,0.5624,0.0516,2,0,1
170.85,1,2,95.73,1,1.6903,3.0803,7,0,0.5516,0.4545,0.166,1,1,1
405.86,4,2,139.47,2,1.0457,0.0,6,1,0.496,0.3211,0.0313,2,0,1
355.32,5,0,89.47,0,0.8139,5.8243,2,0,0.4765,0.1331,0.036,3,1,0
442.15,4,1,75.91,3,1.322,0.0,9,0,0.5333,0.4632,0.1524,2,1,1
407.81,4,4,99.82,2,2.1453,4.9991,2,0,0.2576,0.6697,0.2739,0,1,1
292.35,6,3,68.32,2,0.8397,0.0,5,0,0.3245,0.3345,0.1233,2,0,1
380.43,3,3,132.41,0,0.6753,0.0,8,0,0.6255,0.4799,0.0796,1,0,1
149.36,1,1,240.26,1,1.4324,0.0,3,0,0.6207,0.6328,0.2558,2,0,0
294.51,1,3,106.64,3,1.0576,0.0,4,1,0.3663,0.5151,0.1128,1,0,1
62.36,0,3,36.84,1,1.9836,0.0,5,0,0.4054,0.6473,0.0812,1,0,1
195.56,5,4,64.18,1,1.1977,11.2204,8,1,0.2126,0.5752,0.0111,1,1,1
543.66,2,2,122.72,0,0.6517,2.3339,5,0,0.7207,0.527,0.0462,0,1,1
175.77,3,3,9.14,0,1.2696,0.0,4,0,0.2578,0.3469,0.0642,2,1,0
276.17,5,5,115.75,1,1.561,0.0,3,0,0.2703,0.2924,0.0871,2,1,1
370.84,4,0,2.1,2,1.2185,0.0,3,0,0.6986,0.6283,0.1225,0,0,1
143.17,2,3,19.42,1,1.3587,0.0,9,1,0.4868,0.4273,0.1931,1,0,0
539.74,5,1,53.35,2,1.28,0.0,5,0,0.4301,0.6502,0.1932,1,0,1
327.48,3,1,204.44,0,1.7586,6.7408,5,0,0.4539,0.3981,0.1978,1,0,0
321.75,3,2,89.86,0,1.1955,0.0,4,0,0.514,0.2896,0.1022,3,0,0
378.58,2,2,53.91,1,1.5491,9.5861,4,1,0.2541,0.4673,0.0905,1,0,1
542.15,1,3,66.6,1,0.8007,0.0,3,0,0.3211,0.4715,0.0639,3,1,0
302.53,5,1,117.06,1,1.7384,0.0,3,0,0.6275,0.592,0.0162,0,1,1
203.82,2,2,225.46,3,3.0513,0.0,5,0,0.1957,0.6348,0.1042,0,1,0
418.74,5,5,86.25,1,1.483,13.4406,8,0,0.206,0.645,0.0631,3,0,1
507.56,5,4,195.36,0,1.1252,0.0,3,0,0.558,0.5607,0.011,1,0,1
340.28,5,3,72.24,0,0.71,6.8805,7,0,0.2033,0.2745,0.2032,1,0,0
140.82,4,4,5.9,2,1.0132,7.8791,3,0,0.5991,0.6522,0.0511,0,1,1
600.0,4,6,155.76,0,0.9854,5.8729,4,0,0.8533,0.3214,0.1922,2,0,0
130.01,0,1,150.14,1,1.2599,0.0,4,0,0.4294,0.5292,0.2078,1,0,0
226.53,5,5,179.72,0,1.6468,4.5922,1,0,0.4625,0.58,0.1351,2,0,1
175.86,1,0,90.16,1,1.5685,8.314,5,1,0.4078,0.7242,0.0847,0,1,1
232.5,0,1,20.16,0,1.2668,0.0,4,0,0.3691,0.2082,0.1037,0,0,1
111.1,2,3,49.73,0,1.8253,0.0,4,0,0.5461,0.5068,0.048,1,1,0
128.96,0,1,36.27,0,0.8734,7.6436,2,0,0.5772,0.2672,0.0992,3,0,0
225.37,3,3,41.08,1,2.6016,12.7278,10,1,0.7071,0.5235,0.2932,2,1,1
356.1,4,3,119.89,1,1.4789,4.1949,2,0,0.2447,0.3964,0.0504,1,1,1
341.47,2,1,64.92,0,0.9873,0.0,3,1,0.3212,0.6031,0.0587,0,1,0
236.78,4,4,114.4,0,0.993,0.0,3,0,0.4115,0.6458,0.0688,1,1,1
420.05,3,4,131.27,1,1.1751,5.5426,8,1,0.4735,0.3874,0.0199,3,1,0
321.85,0,0,40.73,1,1.0831,11.6114,4,1,0.4156,0.4514,0.0485,1,1,1
600.0,3,1,125.49,2,1.147,9.9926,5,0,0.5387,0.5948,0.2614,2,0,1
267.82,4,4,127.44,1,1.4686,0.0,9,1,0.2157,0.7031,0.0864,2,0,0
222.17,6,7,188.9,1,1.7179,12.6252,6,0,0.6397,0.5994,0.2018,3,1,1
414.38,4,4,53.4,0,1.4306,0.0,7,0,0.7907,0.5229,0.0995,3,1,0
35.86,0,3,90.36,0,0.5484,10.515,3,0,0.1127,0.3383,0.1889,1,0,1
459.57,3,1,22.03,1,1.838,6.638,5,0,0.4809,0.7158,0.0517,0,0,0
45.83,1,2,9.66,1,0.9045,0.0,7,0,0.1981,0.4433,0.0916,1,0,0
600.0,4,2,160.07,3,0.6596,11.1026,5,0,0.556,0.2063,0.1167,0,0,1
250.09,1,1,103.73,0,2.4635,0.0,2,0,0.3181,0.5185,0.0628,0,1,1
260.55,3,3,15.53,2,0.8996,0.0,9,0,0.5985,0.4776,0.0657,2,1,1
530.25,4,1,65.63,2,1.5902,5.8502,7,0,0.267,0.6006,0.0135,0,0,1
178.3,1,1,99.29,1,0.7079,10.9111,4,0,0.6267,0.0707,0.2221,1,1,0
181.67,4,2,99.83,1,1.8004,0.0,9,0,0.2527,0.3572,0.0841,1,1,1
244.8,3,2,104.64,3,1.7024,0.0,9,1,0.3334,0.5075,0.0722,5,0,1
181.0,1,0,178.9,1,1.495,0.0,3,1,0.4865,0.5764,0.0348,2,1,1
187.9,4,1,72.23,1,0.9886,0.0,4,0,0.3551,0.4985,0.1089,2,1,0
167.66,1,2,38.19,3,0.7946,7.6494,8,1,0.6173,0.7707,0.0507,0,1,0
295.67,4,2,196.07,1,1.8265,0.0,3,0,0.4428,0.4255,0.0603,3,1,0
547.65,3,2,104.22,2,4.0,0.0,10,0,0.0665,0.6517,0.2383,2,0,1
209.46,4,1,72.88,0,1.5938,0.0,4,0,0.8282,0.5443,0.2229,0,0,1
149.57,3,2,215.68,1,2.8166,0.0,7,0,0.3274,0.4068,0.2711,1,0,1
286.77,2,3,77.02,1,1.1437,0.0,6,1,0.49,0.3429,0.1413,0,0,0
172.27,2,4,187.4,1,2.2448,0.0,5,1,0.0785,0.3957,0.1702,3,0,1
226.67,3,2,124.4,1,1.5614,2.5627,1,1,0.6805,0.6717,0.1771,0,0,0
154.49,0,3,49.33,0,0.9294,2.7092,4,0,0.3284,0.4275,0.0219,1,0,1
293.63,7,3,28.17,1,1.5954,0.0,5,0,0.6886,0.4663,0.1463,0,0,1
63.28,0,1,116.33,0,0.8129,4.1645,6,0,0.5288,0.321,0.0589,0,0,0
258.22,3,6,26.32,0,1.3067,0.0,4,0,0.5371,0.5881,0.0825,2,1,1
313.01,1,1,114.81,3,0.9147,0.0,7,1,0.114,0.7869,0.0156,2,1,1
216.06,1,2,32.44,1,1.4974,6.6595,4,0,0.4768,0.4822,0.047,0,0,0
149.32,3,2,83.57,0,0.9752,0.0,1,1,0.0905,0.3237,0.0417,1,0,0
220.06,3,3,37.25,1,1.1352,0.0,2,1,0.5545,0.4936,0.036,1,1,1
33.19,0,2,56.0,3,0.8847,0.0,4,0,0.4541,0.371,0.0144,2,0,0
429.09,3,5,89.89,1,0.8981,0.0,3,1,0.6789,0.4092,0.1599,1,1,1
161.14,2,0,14.9,2,0.7769,0.0,5,0,0.534,0.701,0.069,0,0,0
469.95,1,3,34.32,2,1.2173,0.0,8,0,0.4519,0.5914,0.0516,0,1,1
258.48,3,3,129.41,1,1.2665,1.3706,6,0,0.7505,0.4886,0.1112,1,0,0
208.48,2,2,98.18,1,2.7936,2.9121,2,0,0.4862,0.4475,0.111,2,0,1
352.7,3,2,113.58,0,0.7591,1.0893,3,0,0.2625,0.2932,0.1935,0,1,0
320.98,1,0,60.97,0,0.745,8.134,2,0,0.3277,0.1907,0.187,1,0,0
291.1,1,2,51.84,1,0.7601,0.0,4,0,0.1864,0.3027,0.1059,3,1,1
152.5,2,1,92.76,1,1.5768,0.0,1,0,0.8476,0.6558,0.1383,0,0,0
253.07,3,1,74.01,0,3.1055,0.0,7,0,0.5321,0.5567,0.2298,2,0,0
194.44,4,3,91.11,1,1.3452,0.0,5,1,0.4967,0.5715,0.1895,3,0,1
310.85,7,4,37.54,1,1.2818,0.0,6,0,0.4321,0.4533,0.0647,0,0,1
258.65,3,1,38.39,1,1.594,0.0,7,0,0.1512,0.3928,0.0768,1,1,0
331.86,2,4,153.86,2,1.3789,0.0,7,1,0.4145,0.6369,0.0231,0,0,0
404.51,4,4,118.49,1,1.0031,0.0,4,0,0.4078,0.3378,0.0969,4,0,1
277.98,3,1,38.79,1,0.7574,0.0,1,0,0.9232,0.2825,0.1725,2,1,0
240.03,2,1,66.9,0,1.1406,0.0,2,0,0.3844,0.5679,0.1251,2,0,1
267.51,3,3,225.57,0,1.2248,0.0,6,0,0.4361,0.4071,0.2547,1,0,1
97.27,3,2,213.89,0,1.1136,0.0,3,0,0.2756,0.6897,0.0679,1,1,0
143.18,1,0,35.15,0,1.1511,0.0,5,1,0.314,0.5997,0.1555,0,0,0
192.0,4,3,42.24,0,0.8828,9.0416,2,1,0.2259,0.4151,0.0906,0,0,0
540.74,7,5,192.41,0,1.485,6.4832,5,0,0.6681,0.583,0.0417,3,1,1
550.8,2,3,153.08,1,1.822,9.29,4,0,0.3583,0.3647,0.0054,0,0,1
99.79,1,5,103.3,1,1.7128,3.3136,1,0,0.5486,0.6527,0.1806,1,0,1
334.36,1,4,142.29,0,0.7203,12.0428,3,1,0.3963,0.6631,0.1042,2,1,0
326.53,1,2,208.91,3,1.6727,0.0,5,0,0.4563,0.1475,0.2001,1,1,1
328.89,5,2,212.93,0,0.8634,7.5152,6,0,0.3482,0.296,0.1495,0,0,1
212.64,3,1,201.12,4,1.2821,10.7229,7,0,0.6777,0.4895,0.0499,0,1,1
257.05,3,3,140.42,1,2.154,7.3981,3,0,0.6028,0.4957,0.0917,4,0,1
300.39,2,1,93.48,1,1.0323,0.0,4,0,0.2922,0.3502,0.0655,2,0,1
415.81,2,2,107.24,1,1.9678,0.0,4,0,0.5333,0.6027,0.092,0,1,1
216.79,2,5,167.69,0,0.6733,6.7476,4,0,0.6765,0.3508,0.0914,3,1,0
74.71,0,2,95.86,1,0.8025,6.1654,6,0,0.4946,0.231,0.0658,0,0,0
268.53,3,3,72.8,0,1.6066,6.0323,3,1,0.3393,0.6269,0.1109,1,0,0
480.71,5,3,198.41,1,1.1586,5.9412,6,0,0.6982,0.3645,0.0636,0,0,1
97.97,1,1,94.36,0,1.4937,2.6909,3,0,0.4952,0.2753,0.1714,0,0,1
330.94,6,5,176.53,0,0.7689,9.6306,4,1,0.4733,0.4144,0.0814,5,0,1
224.19,5,2,77.1,2,0.7076,9.4705,4,0,0.4882,0.3741,0.1586,1,0,0
337.33,4,4,166.44,1,0.8133,0.0,3,0,0.2673,0.1735,0.1582,1,0,0
307.6,2,2,74.1,0,0.7826,2.9572,1,1,0.6164,0.203,0.0125,2,0,0
260.99,3,2,66.7,3,0.9233,6.8902,2,0,0.3218,0.6028,0.0085,1,0,1
302.82,5,0,46.5,3,1.0742,1.638,3,0,0.1708,0.2315,0.04,1,0,1
396.9,3,2,89.49,0,0.6715,0.0,2,0,0.5422,0.5204,0.2139,1,0,1
128.58,1,2,33.51,0,0.6061,0.0,3,0,0.0906,0.452,0.0385,0,1,0
216.5,2,4,81.07,1,1.472,0.0,2,0,0.448,0.5479,0.0605,1,0,1
242.22,2,2,145.45,1,1.0536,0.0,6,1,0.5862,0.7163,0.1724,2,0,1
327.71,2,4,7.1,3,0.4762,0.0,6,0,0.4626,0.1746,0.1956,0,1,1
433.32,4,4,111.06,1,0.9239,8.5062,3,0,0.2088,0.4608,0.2839,1,0,0
237.0,4,3,147.74,2,0.9768,0.0,3,0,0.5084,0.1894,0.0388,1,0,1
346.22,6,1,175.16,1,1.3545,6.4913,6,0,0.5205,0.5898,0.2531,1,0,1
78.47,1,1,4.88,4,1.6561,0.0,8,0,0.8864,0.6577,0.0488,0,1,0
180.72,4,1,195.85,0,1.3031,8.7029,4,1,0.4673,0.5216,0.2075,0,0,1
304.46,5,2,59.65,1,2.8091,0.0,6,0,0.5009,0.7254,0.1387,1,0,1
577.93,3,2,140.07,3,1.1956,4.26,2,0,0.6758,0.7149,0.0957,2,1,1
153.39,1,0,59.39,2,0.8347,9.4945,6,0,0.5948,0.2658,0.2338,1,1,0
386.74,3,6,153.67,0,1.6973,0.0,5,1,0.8581,0.5345,0.0859,2,0,1
145.07,0,2,120.4,2,1.123,0.0,2,0,0.5698,0.4524,0.1161,2,1,0
248.05,2,3,27.88,2,1.3857,7.0034,7,0,0.3105,0.4561,0.0866,0,0,1
398.93,2,2,93.29,1,0.7686,11.5472,6,0,0.4344,0.3467,0.088,1,0,1
380.48,2,2,105.54,0,1.5957,0.0,2,0,0.4657,0.3498,0.1436,1,0,1
600.0,4,3,89.1,0,2.1068,0.0,6,1,0.3275,0.5741,0.0031,0,0,1
416.91,4,3,81.49,0,2.6685,11.5165,4,0,0.4427,0.5511,0.1703,2,1,1
483.83,4,4,39.18,1,1.378,6.6378,5,0,0.404,0.4603,0.2381,2,1,0
291.42,3,0,63.28,0,1.0965,0.0,3,1,0.4809,0.5825,0.1005,1,0,1
182.81,2,2,37.46,0,0.971,0.0,3,0,0.6644,0.339,0.05,0,1,0
250.48,2,3,24.14,1,1.523,0.0,5,0,0.4683,0.3851,0.1817,2,0,1
245.41,2,3,55.31,0,1.3457,0.0,4,0,0.1305,0.487,0.086,3,1,1
244.23,1,2,27.95,1,1.077,12.5735,5,0,0.6552,0.6575,0.0584,0,1,0
148.21,3,2,24.72,2,0.8819,0.0,6,0,0.3066,0.2452,0.0533,0,0,1
360.7,8,3,57.62,2,1.1466,7.8174,2,0,0.431,0.3198,0.2993,2,0,0
502.15,2,1,43.51,1,1.447,6.8512,7,0,0.5851,0.4852,0.0308,0,0,1
377.23,3,3,59.91,3,1.7685,0.0,5,0,0.6599,0.4819,0.2272,0,0,1
106.72,2,1,48.16,2,0.4803,10.5041,5,0,0.1579,0.2686,0.1338,0,1,0
141.04,1,1,154.53,3,1.1984,5.627,6,0,0.5276,0.6211,0.0875,2,0,0
116.42,2,3,131.91,2,1.7722,0.0,5,0,0.2276,0.3715,0.1003,1,1,1
171.71,4,0,240.94,0,1.3537,5.3213,6,1,0.3779,0.7033,0.1929,2,0,1
238.49,0,2,84.7,0,1.5351,0.0,1,1,0.8035,0.337,0.0597,0,1,1
297.69,5,5,206.76,3,1.2486,0.0,3,0,0.5905,0.6276,0.0603,2,1,0
224.46,0,2,147.16,1,0.4912,3.7071,4,0,0.7643,0.2697,0.0592,0,0,1
218.98,3,3,173.15,1,0.9385,8.7463,3,1,0.2603,0.8011,0.0627,1,0,0
254.34,2,4,120.1,3,1.1424,0.0,6,0,0.2228,0.5025,0.2139,0,0,1
276.06,6,4,200.01,1,0.5629,1.4074,1,1,0.6694,0.1409,0.2113,1,0,1
91.95,2,3,92.38,1,1.5591,0.0,5,0,0.6733,0.3622,0.0129,4,0,0
126.65,1,1,197.63,1,1.1665,0.0,5,0,0.2883,0.4202,0.3355,2,0,0
287.77,2,3,43.88,0,1.6202,0.0,3,0,0.4332,0.5821,0.3262,1,0,0
113.64,1,1,121.82,0,0.9844,0.0,2,0,0.0954,0.4816,0.3266,0,0,1
210.48,5,3,67.8,1,2.7806,5.2983,5,1,0.167,0.3476,0.2219,1,0,1
307.49,5,0,43.29,2,0.8229,0.0,3,1,0.6407,0.4368,0.0174,1,1,0
449.04,2,2,84.86,1,0.8145,10.6296,2,0,0.3992,0.4487,0.2721,2,1,1
97.49,2,2,29.04,1,0.8031,3.0923,4,0,0.7982,0.3971,0.0693,2,0,1
145.75,1,1,115.05,0,1.677,0.0,4,0,0.2838,0.6985,0.2315,2,1,1
126.2,2,3,110.7,3,0.5675,10.9263,7,0,0.4051,0.0704,0.1451,1,0,1
160.51,4,6,128.08,2,1.2682,5.3981,10,0,0.5548,0.449,0.0804,2,0,1
122.01,3,0,120.13,1,1.5118,0.0,7,1,0.2772,0.4231,0.1059,3,1,1
243.0,4,0,57.37,1,1.6877,0.0,1,0,0.701,0.5191,0.0968,2,1,1
223.91,3,4,80.01,0,1.8745,0.0,4,0,0.5912,0.6743,0.1104,0,0,0
82.16,1,0,15.63,2,2.6712,1.4047,8,0,0.2583,0.795,0.2552,2,0,0
398.36,2,3,107.96,0,1.3819,0.0,2,1,0.1426,0.5735,0.0693,1,0,1
247.53,4,1,41.68,0,1.301,0.0,1,0,0.4596,0.7859,0.0236,1,0,0
182.34,3,3,34.78,0,4.0,0.0,6,0,0.4492,0.3971,0.0378,0,0,1
332.15,5,1,11.55,1,0.7159,6.7818,7,1,0.7339,0.3617,0.1852,2,1,1
102.7,1,2,36.53,1,2.2028,0.0,4,1,0.2714,0.8219,0.0742,4,1,1
82.36,1,0,11.03,1,1.9572,11.2267,6,1,0.4602,0.4831,0.0519,1,1,1
119.84,1,1,82.31,3,0.4334,5.8979,1,0,0.1916,0.4747,0.0551,2,0,1
280.56,5,3,14.85,2,1.2786,7.4358,1,0,0.4435,0.4221,0.2356,1,0,1
206.14,2,1,27.35,1,0.5337,0.0,5,1,0.578,0.4966,0.1374,3,0,1
362.46,3,2,93.1,0,1.039,3.761,6,0,0.5834,0.5669,0.0305,0,0,1
428.87,1,3,33.36,2,1.147,0.0,5,1,0.2992,0.3177,0.1652,2,0,0
239.89,3,5,78.72,1,0.7809,0.0,5,0,0.152,0.5703,0.1915,1,0,1
527.7,5,4,184.83,2,1.199,0.0,7,1,0.4393,0.7849,0.1874,0,0,1
84.89,2,1,97.86,2,1.3605,0.0,8,1,0.7262,0.4773,0.0319,5,0,0
356.69,2,2,64.13,2,0.9419,0.0,1,0,0.4717,0.4518,0.1992,0,0,0
149.98,0,1,100.45,1,1.4931,8.4435,3,0,0.6404,0.4922,0.0797,0,0,1
377.63,4,3,100.68,3,1.6771,6.505,6,1,0.4065,0.3173,0.1077,1,0,1
408.85,7,4,56.03,0,1.7539,0.0,3,1,0.4526,0.7753,0.0309,2,0,1
252.02,3,4,94.85,1,1.1818,6.8388,6,1,0.6275,0.4573,0.0969,1,0,1
329.97,9,3,168.82,1,2.2512,8.6431,3,0,0.7448,0.408,0.1459,4,0,1
166.47,0,3,180.89,1,1.2651,0.0,5,0,0.6238,0.6025,0.1434,0,0,1
173.87,1,3,47.71,0,0.9055,0.0,3,0,0.6841,0.4559,0.1434,5,0,0
353.73,3,0,19.2,0,1.3198,0.0,3,0,0.2576,0.2978,0.1142,0,1,0
54.94,0,0,89.83,0,0.6452,6.4063,3,0,0.1168,0.6577,0.1034,3,1,0
296.83,3,1,38.73,1,2.2025,0.0,2,0,0.1828,0.5684,0.1108,1,1,0
396.99,4,3,143.36,1,0.6574,0.0,6,0,0.5085,0.3729,0.084,1,1,1
229.91,5,2,13.48,0,1.1077,0.0,3,0,0.5935,0.7965,0.04,0,0,0
234.07,1,1,39.39,0,1.5683,0.0,1,1,0.5016,0.5791,0.0409,2,0,1
90.9,1,0,34.25,0,1.7778,0.0,3,1,0.4484,0.3741,0.0454,0,1,0
341.68,5,4,122.26,0,0.9573,1.66,1,1,0.127,0.3185,0.197,0,1,0
252.8,1,2,86.68,3,0.8791,0.0,7,0,0.6257,0.5968,0.1884,2,1,1
73.75,2,0,76.79,2,1.1023,8.1884,3,0,0.4732,0.4853,0.1521,2,0,1
260.96,2,2,78.31,0,0.7561,7.2836,2,0,0.7041,0.5423,0.0723,0,0,0
250.01,4,1,47.3,1,1.0794,0.0,3,0,0.5101,0.4287,0.1027,0,0,0
273.97,1,0,38.8,5,1.1202,10.7224,3,0,0.1893,0.5709,0.035,0,0,0
280.88,5,3,28.7,0,0.7136,9.1796,3,0,0.2215,0.5094,0.004,0,0,1
554.15,9,7,120.03,0,0.8319,5.8723,10,1,0.9315,0.4747,0.1225,3,0,1
140.76,1,2,214.16,2,0.5645,0.0,8,0,0.4598,0.1168,0.2194,4,0,1
194.7,0,4,71.47,0,1.0429,0.0,8,0,0.3006,0.3695,0.1021,2,0,0
182.29,2,1,141.37,1,0.7667,12.0241,1,0,0.2309,0.5834,0.1807,2,1,0
377.65,2,3,71.32,0,1.011,0.0,3,1,0.5739,0.7241,0.1422,2,0,1
350.05,6,6,109.35,0,1.168,0.0,6,0,0.5587,0.3767,0.1302,2,0,1
294.52,2,4,94.11,1,3.9684,5.993,3,1,0.501,0.6623,0.093,2,1,1
560.55,5,0,25.17,2,1.1876,0.0,3,1,0.7026,0.2033,0.0586,1,1,0
216.47,5,3,77.72,0,1.0836,0.0,3,0,0.6939,0.4444,0.2866,2,0,1
527.72,7,2,113.09,1,1.7379,0.0,6,0,0.4404,0.4265,0.1427,4,1,1
168.05,2,0,16.02,1,0.6663,0.0,3,1,0.39,0.4635,0.1939,0,1,0
468.29,3,3,61.76,2,1.5405,4.9053,5,0,0.8535,0.7402,0.0485,1,1,1
358.63,4,3,126.51,2,0.4403,11.3598,10,1,0.6185,0.4762,0.091,3,1,1
232.26,3,3,119.52,1,1.9426,0.0,5,1,0.374,0.7527,0.0844,1,1,0
165.57,5,4,137.52,3,0.6561,0.0,5,1,0.4084,0.2355,0.3335,0,0,1
321.94,7,4,150.88,2,0.4367,0.0,7,0,0.4248,0.3604,0.2028,1,0,1
305.32,5,2,76.82,0,0.9784,7.0172,5,0,0.4089,0.5125,0.1692,2,0,1
209.73,3,3,126.94,0,1.5561,0.0,3,0,0.5921,0.3969,0.1575,4,1,0
224.23,0,1,148.44,0,2.0503,3.2017,2,0,0.0737,0.4856,0.1773,2,0,1
166.58,2,0,120.36,1,1.0332,7.6176,8,1,0.5343,0.6322,0.0297,0,1,1
285.7,3,1,45.55,0,2.2882,0.0,2,0,0.3708,0.7299,0.02,0,0,0
61.15,1,0,42.76,2,1.2637,0.0,8,1,0.2212,0.385,0.0787,0,1,0
527.91,7,3,124.68,0,1.0276,0.0,5,0,0.3266,0.3992,0.0251,0,1,1
159.28,1,3,28.29,1,1.5194,0.0,3,0,0.596,0.5396,0.1347,2,0,0
305.67,4,0,65.37,0,1.5072,0.0,4,0,0.2122,0.4098,0.0057,0,0,1
278.22,3,1,7.71,2,1.6803,12.9438,5,0,0.4872,0.4839,0.0566,3,1,1
220.92,2,2,68.04,0,1.0022,0.0,5,1,0.2564,0.4312,0.1893,2,0,0
393.42,6,3,154.75,2,0.6716,0.9581,4,1,0.1369,0.3535,0.2545,0,0,0
325.58,4,5,224.03,0,1.2523,4.6023,4,0,0.4718,0.6314,0.044,3,0,1
129.78,1,2,32.01,1,3.0292,0.0,2,0,0.6289,0.2174,0.0503,1,0,0
276.55,2,2,92.15,2,1.4856,9.4361,9,0,0.5915,0.6155,0.1295,0,0,1
127.83,2,1,105.63,0,1.6667,0.0,5,0,0.5633,0.7707,0.1169,0,0,1
68.47,2,1,99.83,2,1.6127,3.2359,4,0,0.6811,0.3699,0.1304,2,0,1
166.83,0,3,176.27,0,0.9303,2.7143,5,0,0.9742,0.4762,0.0941,2,0,1
489.69,6,3,60.95,2,1.1961,0.0,3,1,0.4836,0.8232,0.1779,1,0,1
299.52,4,3,107.81,1,0.9048,0.0,5,0,0.4519,0.4897,0.2434,0,0,1
117.01,1,4,19.95,1,2.7959,7.6813,7,0,0.4901,0.5025,0.183,4,1,1
600.0,4,4,49.43,1,1.003,0.0,3,1,0.7416,0.4727,0.1284,3,0,1
67.6,1,1,6.35,2,0.9717,0.0,8,0,0.5402,0.4933,0.0282,2,0,1
445.15,5,3,113.52,1,2.0049,0.0,4,1,0.7791,0.5816,0.153,3,1,0
121.65,2,3,202.67,1,0.4767,0.0,8,1,0.3604,0.4834,0.2899,1,0,1
210.64,1,1,61.6,1,1.6273,0.0,5,0,0.0644,0.707,0.0408,1,0,1
276.14,0,1,68.14,1,0.8007,4.7727,6,0,0.4199,0.1175,0.0492,1,1,1
387.59,1,2,144.11,0,1.4612,0.0,3,1,0.1454,0.5414,0.11,1,1,1
286.37,4,4,76.55,3,1.8748,0.0,6,0,0.1837,0.3043,0.0936,3,0,1
91.19,0,3,105.44,2,1.1761,0.0,8,1,0.2701,0.4189,0.0381,1,0,1
347.05,0,1,116.37,1,1.5606,9.7727,5,0,0.6547,0.6766,0.0873,0,0,1
478.76,6,1,93.53,1,0.8783,0.0,10,1,0.828,0.4982,0.0757,5,0,1
560.78,2,2,179.69,1,0.8044,9.4666,3,0,0.1799,0.3886,0.133,0,0,0
135.61,1,5,145.4,0,2.4649,0.0,4,0,0.6091,0.5286,0.1068,0,1,0
303.65,4,2,122.52,1,0.5355,12.0549,2,0,0.3925,0.5428,0.121,0,1,0
384.24,6,2,30.84,0,1.0384,0.0,4,0,0.3845,0.6099,0.0986,1,0,1
65.34,2,1,99.04,2,3.3405,0.0,6,1,0.4612,0.4452,0.0879,1,1,1
112.45,2,4,48.87,2,0.5938,4.4206,5,0,0.3868,0.5038,0.3333,1,1,0
218.23,3,3,79.46,0,0.5889,0.0,4,0,0.7637,0.1726,0.0915,1,0,1
219.71,4,1,36.47,2,0.9269,0.0,5,0,0.4904,0.3838,0.0688,3,1,0
330.68,4,3,87.43,0,0.5803,4.2753,2,0,0.7075,0.1159,0.3153,1,0,1
387.67,2,1,99.97,2,1.1629,0.0,3,0,0.3978,0.3189,0.2235,0,1,0
363.2,3,2,42.12,0,0.5597,0.0,4,1,0.2595,0.2766,0.0776,0,0,0
190.64,2,4,189.92,3,1.015,6.9507,7,0,0.7307,0.3574,0.2031,3,0,1
277.18,0,1,95.41,0,0.5616,0.0,2,0,0.0903,0.4818,0.0017,0,1,0
600.0,8,5,160.26,2,1.6459,4.1873,2,0,0.4357,0.6196,0.0831,3,1,1
410.9,6,3,65.27,0,1.4663,10.323,3,1,0.6058,0.5388,0.3079,0,0,1
259.87,1,1,99.67,1,0.8712,0.0,8,1,0.3711,0.6528,0.0696,0,1,0
320.11,2,1,95.16,1,1.781,4.6616,2,1,0.4659,0.6506,0.0714,0,0,1
138.84,0,2,52.99,1,1.1189,9.8381,6,0,0.1813,0.2949,0.0892,0,1,1
248.15,5,2,79.55,0,1.0597,0.0,5,0,0.6863,0.5584,0.1136,3,1,1
80.24,2,0,16.78,0,1.1191,0.0,7,1,0.2831,0.5917,0.046,0,0,1
581.63,3,3,30.2,1,1.0072,0.0,2,0,0.3851,0.7672,0.1866,2,0,1
190.24,2,3,30.18,2,1.1162,12.8476,4,1,0.2944,0.4407,0.1649,1,1,1
104.91,2,1,62.8,1,2.4522,9.3417,3,0,0.8076,0.535,0.1019,0,0,1
467.87,2,1,193.86,0,1.5589,0.0,5,0,0.2761,0.8692,0.2613,0,0,1
266.64,1,3,88.53,1,1.9363,0.0,4,0,0.4339,0.8472,0.091,1,0,1
273.8,0,4,27.45,2,0.6699,0.0,6,0,0.8808,0.4601,0.0451,1,0,1
369.41,5,2,158.53,0,1.6424,0.0,5,0,0.5602,0.609,0.0702,0,1,0
224.15,0,0,51.72,0,1.7252,3.9409,5,1,0.1956,0.4924,0.1971,0,0,1
129.34,2,1,130.09,1,0.6677,0.0,6,0,0.591,0.2359,0.0209,1,0,1
433.34,1,5,43.76,0,2.4397,5.3316,1,0,0.3019,0.7177,0.0227,4,0,1
221.99,2,0,62.17,0,1.9413,7.7718,4,0,0.2922,0.4557,0.1288,0,0,1
185.11,0,1,18.81,0,1.5139,0.0,5,0,0.5799,0.4056,0.0656,1,0,0
126.58,0,2,74.1,1,0.8938,0.0,3,0,0.3592,0.4224,0.0755,1,1,0
175.11,4,2,101.55,2,2.1425,4.1264,7,0,0.4511,0.4992,0.1049,0,1,1
336.63,8,3,14.94,0,2.4461,0.0,4,0,0.663,0.414,0.1138,0,0,1
92.87,2,3,106.56,1,2.1474,5.7869,5,0,0.5933,0.4409,0.0495,1,0,1
196.5,4,4,136.37,1,1.3491,7.1523,2,0,0.7521,0.6944,0.1754,1,0,1
131.2,4,1,67.08,4,0.8669,6.8627,10,0,0.5844,0.1662,0.193,0,1,0
292.62,5,3,99.07,1,1.8508,0.0,6,1,0.0804,0.6415,0.2541,0,1,1
232.79,3,3,91.76,1,0.6364,5.3956,3,0,0.5023,0.7969,0.2341,0,1,0
141.96,1,1,32.25,4,1.3254,6.759,2,0,0.4201,0.6506,0.1224,0,0,1
258.82,4,2,160.74,0,0.9025,0.0,3,0,0.2665,0.559,0.2282,1,0,0
434.62,3,1,32.05,0,2.5456,0.0,4,0,0.6068,0.8526,0.1738,2,0,1
149.31,1,2,208.82,1,0.9946,8.5942,6,1,0.3048,0.602,0.0781,0,0,0
19.82,0,1,141.73,2,1.8291,10.8259,9,1,0.6494,0.2435,0.1709,1,0,1
290.11,5,3,40.11,0,0.5392,4.9745,2,0,0.7861,0.3461,0.0663,0,1,1
160.43,1,5,152.75,0,1.9759,0.0,6,0,0.7503,0.4917,0.2102,1,0,1
222.64,2,3,109.41,0,0.9329,6.9126,1,0,0.624,0.5656,0.064,1,1,0
366.2,4,3,75.52,0,2.8384,0.0,6,0,0.492,0.5663,0.0285,0,0,1
269.87,2,2,56.16,3,1.1572,3.2645,6,1,0.5095,0.5546,0.2436,3,1,0
357.48,3,2,73.33,1,0.3715,0.0,4,0,0.2998,0.2451,0.0467,1,0,0
172.11,1,2,126.78,2,1.0479,0.0,5,0,0.4218,0.5267,0.0913,1,0,1
222.98,2,2,44.82,1,0.7502,0.0,6,0,0.4064,0.0647,0.0779,1,1,1
158.48,2,4,71.59,2,0.7556,11.3781,5,0,0.2806,0.1583,0.2017,1,1,1
70.38,1,0,91.2,2,0.5589,7.6262,2,1,0.4555,0.6367,0.2148,0,0,0
522.81,5,6,171.12,2,1.4184,0.0,9,0,0.7902,0.6788,0.3438,2,0,1
289.64,1,1,127.8,3,0.959,0.0,7,0,0.2832,0.6208,0.133,0,0,1
153.35,1,0,22.23,2,2.0707,3.2577,6,0,0.6173,0.4139,0.2178,1,1,1
352.05,1,1,93.42,1,2.2096,9.9825,5,0,0.3895,0.5257,0.1172,1,0,1
582.98,4,2,106.19,0,1.6134,5.9762,2,1,0.2441,0.305,0.1547,1,1,0
179.7,2,3,143.16,0,1.3084,0.0,1,0,0.3292,0.5332,0.0532,1,0,1
214.71,2,1,191.07,1,0.896,0.0,4,0,0.3923,0.4485,0.0609,0,1,0
362.74,4,2,92.77,0,1.1604,7.3008,5,0,0.3449,0.3009,0.1773,2,0,1
544.72,3,0,20.16,2,2.4666,4.7145,3,0,0.476,0.4133,0.1123,0,1,1
137.23,3,4,219.18,1,1.3867,10.8582,1,0,0.7183,0.5881,0.2141,0,0,1
227.83,3,1,58.71,0,1.1164,0.0,4,0,0.6335,0.4575,0.1609,2,1,1
182.79,0,3,160.99,2,1.4774,3.7972,3,0,0.5863,0.4668,0.0762,0,0,1
180.96,4,2,92.22,0,0.8598,0.0,4,1,0.4678,0.5226,0.0853,3,0,1
202.5,2,4,56.04,1,0.8651,0.0,3,0,0.2404,0.4449,0.1818,2,0,0
223.12,2,5,178.74,2,1.5073,0.0,8,1,0.4406,0.3539,0.1389,2,0,1
335.72,4,7,119.82,1,1.4527,0.0,4,0,0.177,0.7144,0.2088,0,0,1
225.86,1,0,43.34,1,0.8985,0.0,2,1,0.6046,0.2541,0.2058,1,0,0
96.33,2,5,120.04,1,1.6743,6.7346,4,0,0.7707,0.6234,0.0863,0,1,1
254.32,5,3,68.09,0,1.7789,0.0,1,1,0.3884,0.7381,0.1103,0,0,1
121.27,3,1,3.47,1,1.428,0.6759,3,1,0.4536,0.3752,0.2503,2,0,0
213.51,4,2,75.61,0,0.9427,3.9611,3,0,0.2219,0.409,0.0857,4,0,1
227.97,3,3,29.79,0,1.3322,0.0,4,0,0.1855,0.516,0.181,0,0,0
352.75,3,2,178.2,0,1.2236,7.1662,2,0,0.7196,0.5654,0.2025,0,0,1
174.17,5,2,93.28,3,2.1491,4.0125,6,0,0.2686,0.5056,0.0796,4,1,1
245.52,6,3,11.23,0,1.291,0.0,3,0,0.2479,0.7865,0.1451,0,0,1
511.17,4,5,57.6,1,2.6948,0.0,2,0,0.633,0.6091,0.1991,1,0,1
375.74,4,3,30.12,0,1.9122,0.0,5,1,0.3289,0.445,0.077,3,0,1
600.0,4,1,82.66,1,0.7691,0.0,8,0,0.7945,0.4223,0.1421,2,1,0
375.64,3,2,77.33,3,1.1472,0.0,6,0,0.4105,0.503,0.0496,0,0,1
153.4,1,3,69.41,2,1.4196,8.0112,2,0,0.509,0.5196,0.1012,2,0,1
423.76,2,3,108.36,1,1.3539,0.0,3,0,0.4343,0.5779,0.0837,0,0,1
208.24,4,1,89.64,0,1.2338,2.6372,1,0,0.2762,0.2224,0.0615,1,1,0
251.78,1,1,18.8,1,1.2166,5.2395,6,0,0.4717,0.5222,0.0258,0,1,1
241.2,3,4,138.27,0,1.3536,5.4961,3,1,0.4282,0.3101,0.0783,2,1,0
482.81,2,4,172.41,0,2.5286,0.0,2,0,0.4359,0.5385,0.2006,2,1,1
315.81,0,0,45.35,0,1.3549,0.0,3,0,0.278,0.531,0.028,1,1,1
102.97,0,4,202.64,1,2.2733,6.5844,10,1,0.3764,0.7605,0.0811,3,0,1
257.13,7,2,28.7,0,1.3262,3.6958,5,1,0.1063,0.2796,0.0725,1,1,1
135.4,1,2,59.52,1,1.8556,9.7793,5,0,0.5403,0.6624,0.0694,1,0,1
212.83,2,7,26.46,1,1.1938,0.0,1,1,0.4078,0.6527,0.0454,1,0,0
323.23,1,1,58.95,0,1.4154,10.0223,3,0,0.1869,0.6411,0.2155,0,0,1
240.8,5,4,87.63,1,1.2312,0.0,2,1,0.1744,0.6512,0.1359,1,1,0
276.33,1,3,135.48,0,1.2444,7.2255,1,0,0.7137,0.4798,0.1481,0,0,1
420.95,2,1,79.91,2,1.6032,0.0,3,0,0.5722,0.6471,0.2678,0,0,1
372.95,7,1,139.62,3,2.8221,0.0,6,0,0.4051,0.6306,0.1235,0,1,1
176.84,1,2,100.18,2,1.1623,9.0486,2,0,0.3248,0.7085,0.1615,0,1,1
100.14,2,0,18.19,1,1.3096,0.0,5,0,0.2374,0.7804,0.3081,0,1,1
338.32,4,2,71.3,0,1.1948,9.5835,5,0,0.8533,0.6863,0.0252,4,0,0
52.9,0,1,98.01,1,1.7006,0.0,4,1,0.2904,0.3115,0.0949,2,0,0
319.54,2,5,139.65,1,0.3898,3.6657,4,0,0.698,0.6118,0.2531,3,0,1
150.05,3,2,72.64,0,2.491,6.9371,1,0,0.3269,0.6899,0.0837,1,0,1
147.62,1,1,118.59,1,1.7087,0.0,2,1,0.4566,0.6389,0.1839,1,0,1
130.91,3,3,44.08,0,1.5354,0.783,5,1,0.4771,0.5979,0.0097,1,1,0
431.25,1,3,51.92,2,0.8267,4.0093,5,1,0.3137,0.5257,0.1236,1,0,0
91.05,0,0,155.22,1,1.1058,0.0,6,0,0.7038,0.6991,0.1093,0,0,1
373.87,5,2,38.98,3,1.4574,0.0,4,1,0.2826,0.5295,0.0946,4,0,1
600.0,3,4,132.0,1,0.9113,0.0,2,0,0.2095,0.3005,0.1183,3,0,1
226.72,4,0,59.14,2,1.5949,8.2568,6,0,0.2301,0.5841,0.1464,0,0,1
204.49,3,2,8.27,1,0.9414,0.0,7,0,0.7628,0.5926,0.0622,1,0,1
243.73,2,3,100.04,2,1.4246,0.7877,1,0,0.5956,0.2773,0.0902,3,0,1
350.95,7,3,47.93,0,2.3546,12.2786,4,1,0.6243,0.583,0.1156,2,0,1
278.63,3,2,79.19,1,1.2588,2.1053,2,0,0.4354,0.4074,0.172,0,0,0
285.31,3,1,55.01,1,1.2351,10.1466,5,0,0.3195,0.3389,0.1777,0,0,1
204.57,2,1,52.32,1,1.0628,0.0,8,0,0.4414,0.2296,0.0007,2,0,1
283.32,5,4,129.27,1,1.4721,0.0,5,1,0.8304,0.528,0.2699,4,0,1
455.51,5,2,121.9,3,2.7011,0.0,6,0,0.8152,0.6567,0.2224,5,1,1
222.68,2,1,175.94,0,0.5232,0.0,2,0,0.494,0.5006,0.0484,1,0,1
138.83,2,1,48.09,2,2.4875,0.0,8,0,0.2572,0.6122,0.0353,0,1,1
290.48,5,5,207.81,0,0.7543,3.5851,1,0,0.6509,0.5327,0.0468,0,0,1
289.49,5,3,171.92,0,4.0,0.0,6,0,0.6212,0.6944,0.0207,2,0,1
222.49,1,0,32.93,2,0.6867,0.0,2,1,0.4444,0.2993,0.087,1,0,0
96.73,0,1,132.65,1,1.3099,0.0,4,0,0.5043,0.5508,0.1337,2,0,1
244.43,3,1,96.25,1,2.1936,0.0,3,1,0.435,0.4123,0.1485,0,0,1
450.42,2,3,78.48,1,1.3338,0.0,8,1,0.1435,0.2351,0.1069,0,0,1
192.32,3,2,189.48,0,1.4651,0.0,2,1,0.678,0.5219,0.1504,2,1,0
292.11,3,4,138.16,1,2.4745,0.0,7,0,0.343,0.7987,0.0926,3,0,1
307.67,4,3,5.94,0,0.986,0.0,4,0,0.4869,0.4782,0.1093,0,0,0
219.15,4,1,26.81,0,1.1058,0.0,2,0,0.206,0.5199,0.0455,1,1,1
283.87,4,3,86.22,2,1.2803,9.6045,7,0,0.6046,0.5661,0.0691,2,0,1
157.62,3,4,36.42,0,1.4148,0.0,5,0,0.7147,0.3515,0.074,1,0,1
171.76,1,2,9.08,1,3.0283,0.7257,1,0,0.1784,0.2069,0.1466,0,1,0
177.69,3,0,44.89,0,1.8409,9.8692,5,0,0.2949,0.4444,0.0367,1,1,0
394.46,0,2,54.65,0,2.0729,4.8374,5,0,0.5574,0.594,0.136,0,0,0
600.0,4,5,167.54,3,1.0723,0.0,4,1,0.9159,0.5344,0.204,3,0,0
186.47,1,2,126.42,3,1.2987,0.0,10,1,0.5781,0.2663,0.0983,1,0,1
186.14,3,2,145.1,0,0.339,5.7307,3,0,0.8491,0.3843,0.0799,1,0,0
298.02,3,4,165.85,2,0.8839,0.0,8,0,0.4379,0.5596,0.0443,2,0,0
248.03,2,1,154.06,0,1.3423,7.9663,5,1,0.3215,0.4216,0.0296,1,0,0
337.58,6,4,64.06,0,1.2844,12.9909,3,0,0.8358,0.6575,0.0796,1,1,1
427.45,2,0,40.29,4,0.9965,0.0,7,1,0.3331,0.6474,0.1054,0,1,0
325.96,4,3,120.31,2,0.8441,3.9832,3,0,0.2779,0.3809,0.0822,1,1,0
600.0,7,4,177.54,0,1.8895,0.0,3,0,0.1832,0.635,0.2754,1,0,1
122.16,2,4,105.3,1,0.7671,0.0,4,0,0.3508,0.5098,0.1433,1,0,1
403.38,5,3,40.95,1,2.1603,0.0,7,1,0.308,0.4107,0.1065,3,0,1
469.72,4,3,159.53,0,0.6202,0.0,4,1,0.6521,0.2901,0.0986,2,1,0
375.07,2,5,92.53,1,0.8367,5.154,2,0,0.8842,0.5496,0.1131,1,0,1
212.08,2,1,73.91,0,0.7698,3.9991,2,0,0.5116,0.3974,0.2357,0,0,0
297.81,3,3,109.62,2,1.6317,11.931,4,0,0.4695,0.5462,0.0907,2,0,1
133.37,2,2,121.5,0,0.9267,0.0,4,1,0.2196,0.663,0.0175,0,1,0
217.01,7,1,104.26,3,0.5669,9.6699,10,0,0.5864,0.6092,0.1233,2,1,1
327.58,7,5,207.36,0,1.6245,2.7465,7,1,0.4889,0.6199,0.148,5,1,1
125.99,2,2,53.15,0,1.3651,0.0,8,1,0.2078,0.6001,0.0546,0,1,1
530.65,4,4,103.7,0,1.8329,0.0,3,1,0.5829,0.5039,0.2095,1,1,1
600.0,2,4,199.76,0,2.0866,0.0,3,0,0.4048,0.7592,0.1138,0,0,1
238.81,5,4,43.54,1,0.8092,1.6548,7,1,0.2627,0.3889,0.1084,0,0,1
181.88,2,0,39.17,2,1.3162,6.0081,8,0,0.3652,0.4832,0.0578,1,1,1
135.28,2,3,224.11,0,1.3398,0.0,3,0,0.6902,0.5294,0.0776,1,0,0
163.48,1,3,66.14,3,0.5587,2.6521,6,1,0.2602,0.4476,0.126,0,1,0
204.29,2,2,56.91,1,1.3384,8.7448,5,0,0.4781,0.7254,0.1763,0,1,1
181.15,3,5,132.66,1,0.8673,0.0,2,0,0.1972,0.1292,0.0937,2,1,0
77.63,0,2,129.84,0,0.8319,0.0,4,1,0.3771,0.2944,0.2847,0,0,0
346.62,0,3,50.0,1,2.3465,0.2122,2,0,0.2505,0.2579,0.0378,0,0,0
180.86,2,5,160.91,0,1.0632,9.0282,4,1,0.7125,0.5997,0.0852,2,1,0
118.79,0,5,58.03,0,1.288,0.0,2,0,0.2507,0.6785,0.2107,1,1,0
242.64,4,3,11.28,2,1.5938,0.0,3,0,0.7599,0.5363,0.1499,0,0,1
173.9,3,2,149.44,0,0.8676,4.5623,3,1,0.2685,0.5936,0.1404,0,0,1
52.52,0,1,48.37,1,1.4618,0.0,4,0,0.7272,0.3868,0.082,3,0,1
600.0,2,3,86.38,0,2.0937,0.0,3,1,0.4202,0.6603,0.2034,1,0,0
219.79,1,4,62.73,1,1.0966,7.539,4,0,0.3635,0.4561,0.0207,1,0,1
264.91,5,4,86.02,0,1.1745,0.0,5,0,0.5106,0.5293,0.1728,1,1,1
116.42,2,1,43.19,1,0.7409,0.0,3,0,0.3606,0.5092,0.0417,0,0,0
240.33,2,3,143.23,1,1.3602,6.3821,4,1,0.447,0.5139,0.0671,1,0,1
201.15,1,0,117.44,3,1.7631,0.0,5,1,0.4139,0.5354,0.0087,4,0,1
251.21,4,1,96.96,1,0.8583,9.1733,4,0,0.1976,0.3503,0.0176,2,1,0
494.29,6,4,62.47,0,0.7219,7.304,3,0,0.3618,0.3288,0.243,1,1,1
153.78,4,2,98.96,1,1.7629,0.0,7,0,0.7546,0.8425,0.0663,0,0,1
75.76,0,1,33.53,3,0.9329,7.64,9,1,0.3253,0.3788,0.0682,2,0,1
165.41,2,2,40.72,1,1.7941,0.0,9,0,0.3933,0.3533,0.2217,3,1,1
112.56,1,3,99.89,0,1.202,5.7063,4,0,0.3579,0.4592,0.1099,0,0,1
157.84,1,1,61.4,2,0.9324,1.2065,4,0,0.3099,0.3236,0.0143,0,1,0
403.38,0,1,49.71,1,1.5724,0.0,4,0,0.2503,0.4863,0.0157,0,0,0
151.16,2,2,70.12,1,1.6025,0.0,9,0,0.2485,0.4461,0.1955,0,1,1
116.96,1,3,125.88,0,0.9088,7.7499,5,0,0.1957,0.2144,0.2428,1,0,1
183.91,2,3,83.09,1,2.9469,0.0,2,0,0.3778,0.5859,0.1747,3,1,1
249.93,2,3,59.18,1,1.1948,0.0,2,1,0.5713,0.5414,0.0811,1,0,0
345.38,2,2,94.43,2,1.5928,0.0,3,1,0.2144,0.5209,0.0878,2,1,0
390.93,6,2,40.41,2,1.5251,0.0,4,0,0.3419,0.5676,0.158,1,1,0
131.67,3,2,59.72,2,1.0068,0.0,6,1,0.4515,0.1576,0.0392,1,1,0
541.14,2,1,101.46,1,1.1708,0.0,6,1,0.4714,0.4772,0.278,2,0,0
454.82,2,1,143.32,0,3.3783,0.0,6,1,0.7734,0.5942,0.0471,2,1,1
456.26,5,4,104.41,0,1.9698,5.9703,3,0,0.616,0.5592,0.0515,2,0,1
97.11,1,3,97.01,1,1.7777,0.0,4,1,0.5115,0.4843,0.0449,5,0,1
306.29,1,4,69.48,0,1.1902,3.3189,6,0,0.4236,0.345,0.0767,0,0,1
71.84,2,0,90.51,0,1.3323,0.0,4,0,0.6048,0.5896,0.1854,1,1,0
150.75,1,1,92.89,0,1.3335,7.6593,8,0,0.2704,0.3952,0.144,2,0,1
450.93,1,3,20.04,0,1.1902,0.0,4,0,0.7408,0.4664,0.0181,1,0,1
295.77,8,3,149.32,0,1.5667,12.1737,5,0,0.1106,0.6704,0.0646,1,0,1
265.98,3,1,182.2,1,1.5631,0.2391,6,1,0.5771,0.2462,0.0948,2,0,1
186.91,3,1,77.89,0,1.0379,10.3177,3,0,0.7692,0.3979,0.1183,0,0,1
337.36,3,3,63.3,2,0.8851,0.0,5,1,0.6468,0.5073,0.2468,3,0,1
126.19,3,4,95.41,1,1.7708,0.0,8,0,0.5925,0.7111,0.0388,0,0,1
378.45,4,3,34.88,1,2.1603,0.0,3,0,0.1488,0.5009,0.0945,2,1,1
202.47,1,3,169.8,1,0.4112,0.0,4,0,0.3184,0.387,0.0243,0,0,1
190.65,1,1,113.47,0,0.5714,0.0,4,0,0.1963,0.2831,0.0169,3,1,0
115.42,0,0,71.09,0,2.4337,0.0,4,0,0.168,0.5605,0.1674,0,1,0
104.21,0,1,52.97,0,1.1967,12.1879,3,1,0.5344,0.3414,0.0294,0,1,0
595.24,6,3,58.6,2,1.2366,0.0,4,0,0.4053,0.6415,0.0818,1,1,1
178.37,4,4,103.25,3,1.1312,0.0,9,1,0.8137,0.4933,0.0098,0,0,1
246.03,2,3,104.16,2,1.3941,0.0,2,1,0.414,0.7518,0.0952,2,0,1
483.36,4,2,153.72,0,1.7086,0.0,6,1,0.8189,0.6913,0.0428,1,1,1
289.14,5,2,107.49,1,1.4964,0.0,5,1,0.4069,0.8327,0.0609,2,1,1
186.09,2,2,60.84,2,1.051,8.453,3,0,0.4907,0.5816,0.0524,2,1,0
326.96,1,4,124.46,0,2.5721,6.1742,5,0,0.6942,0.3927,0.205,0,0,0
299.08,4,2,76.42,0,2.0394,2.9336,4,1,0.6837,0.5185,0.0431,1,1,1
134.96,1,1,114.47,1,0.6793,0.0,4,0,0.4784,0.5663,0.0358,0,0,1
131.22,0,2,33.78,4,0.7323,0.0,7,0,0.132,0.446,0.0533,0,0,1
195.98,1,3,54.21,0,3.756,3.6907,1,0,0.5237,0.2578,0.0763,0,1,1
396.01,5,4,21.17,1,1.1634,0.0,8,1,0.8608,0.6569,0.1593,3,1,0
165.05,2,4,126.42,1,0.6382,11.3396,3,0,0.313,0.5133,0.0444,1,0,1
402.83,4,2,80.95,0,1.9211,0.0,4,0,0.4602,0.532,0.0873,1,0,0
341.69,3,3,9.4,0,1.5805,0.0,4,0,0.6698,0.3382,0.2382,2,0,0
600.0,7,0,40.0,1,0.9932,8.9961,5,1,0.5696,0.2262,0.1242,1,0,1
421.22,4,2,122.09,0,1.9973,0.0,8,1,0.2571,0.3352,0.1697,1,1,1
221.36,3,5,112.15,0,1.2242,4.5328,1,0,0.2101,0.3235,0.1926,2,1,1
102.06,1,1,171.4,0,1.109,0.0,4,0,0.2583,0.3283,0.1942,0,1,0
523.08,5,4,140.92,1,0.7874,0.0,7,0,0.566,0.5751,0.1662,0,0,1
191.16,4,2,65.19,0,1.0371,0.0,5,0,0.4934,0.3544,0.1998,0,0,0
343.43,4,3,174.39,4,0.8531,9.4406,3,0,0.6735,0.2486,0.1442,1,0,1
384.64,2,1,179.99,2,0.62,14.4304,3,1,0.7353,0.2418,0.3582,1,0,0
397.62,3,5,169.05,0,1.5693,0.0,3,0,0.6233,0.718,0.0568,1,1,0
399.56,0,4,149.25,1,1.3284,0.0,5,0,0.4636,0.4385,0.2315,2,0,0
588.07,2,2,93.8,2,1.2912,0.0,8,0,0.5842,0.3046,0.3734,2,1,1
384.39,1,1,70.78,0,1.4657,0.0,1,0,0.3157,0.4494,0.0825,2,0,1
98.82,2,0,21.19,1,0.4392,6.7456,4,0,0.1594,0.228,0.2868,0,1,0
273.44,3,2,163.09,1,1.357,0.0,4,1,0.5727,0.5464,0.1169,1,1,0
231.63,1,4,61.63,0,1.3362,0.0,6,0,0.3647,0.2213,0.0494,1,1,1
135.19,4,0,40.21,3,1.9227,8.1408,10,0,0.3969,0.6992,0.0642,0,1,1
70.5,1,1,35.05,0,0.6126,0.0,3,0,0.3926,0.2476,0.0301,2,1,0
346.05,3,2,166.66,2,1.4382,0.904,5,1,0.3693,0.4556,0.307,1,1,0
197.4,2,4,111.44,2,0.4548,0.0,3,0,0.7473,0.6112,0.0667,1,0,1
442.35,6,2,126.98,2,2.0117,4.4016,3,0,0.4587,0.2189,0.2827,1,0,1
265.57,2,0,134.8,2,1.0261,0.0,5,0,0.6132,0.7129,0.0493,2,0,1
197.93,2,3,26.81,1,1.7666,0.0,4,0,0.574,0.2889,0.2787,0,0,1
237.92,2,2,2.21,3,1.0327,7.1532,5,0,0.1486,0.2172,0.0589,0,0,1
185.92,2,4,110.61,0,2.161,0.0,3,1,0.1467,0.6225,0.1026,0,1,0
197.62,3,5,64.54,0,1.1031,0.0,4,0,0.6453,0.4399,0.2202,2,0,0
221.56,4,6,52.08,3,1.9103,3.0989,9,0,0.6504,0.5512,0.1625,3,0,1
308.86,1,1,98.72,2,0.9347,0.0,6,1,0.4291,0.3523,0.2649,1,0,1
249.84,4,6,136.38,0,1.3571,9.8855,3,0,0.4029,0.6494,0.1669,1,0,0
140.95,1,0,61.82,2,0.9568,0.0,3,0,0.3738,0.3706,0.0026,0,1,0
80.03,0,3,146.38,0,0.9652,13.0734,8,0,0.5139,0.6775,0.0496,1,0,1
242.7,4,5,48.19,1,3.2574,10.4934,1,0,0.664,0.5616,0.1693,1,1,1
317.49,5,3,107.27,1,1.6259,3.8027,2,0,0.7081,0.7593,0.274,2,1,1
189.8,0,0,105.69,3,2.8819,0.0,8,1,0.2958,0.8709,0.1361,0,0,1
221.07,3,0,95.09,2,0.5668,5.1737,1,0,0.2712,0.1923,0.1809,2,0,1
183.25,5,3,68.44,2,1.9825,4.5502,6,0,0.7563,0.6031,0.0533,1,1,1
431.99,2,4,164.68,3,1.5425,0.0,4,0,0.6197,0.4909,0.2162,2,0,0
272.1,3,2,39.66,0,0.8828,0.0,7,1,0.6222,0.6036,0.1868,1,1,0
235.81,1,3,26.38,0,0.9459,6.4657,7,0,0.13,0.4621,0.1458,1,1,0
288.33,2,1,135.7,3,2.6867,0.0,8,0,0.6017,0.5289,0.0665,0,0,1
600.0,4,4,155.94,1,1.4742,6.9993,7,1,0.6437,0.7224,0.012,0,1,1
398.13,10,0,75.15,1,1.3693,0.0,3,0,0.5291,0.5039,0.1627,0,0,0
134.75,3,5,64.96,0,0.9533,0.0,5,0,0.2962,0.5398,0.1204,4,0,1
349.92,7,3,74.75,0,1.1886,7.6804,2,0,0.7281,0.6081,0.0371,3,0,1
355.89,2,1,15.23,0,0.8772,11.9666,7,0,0.4077,0.81,0.1038,0,1,0
198.92,2,4,30.56,3,0.7346,8.4344,4,0,0.6285,0.6385,0.0044,2,1,0
478.97,6,1,213.93,1,1.154,0.0,4,0,0.6254,0.2166,0.0843,1,0,1
49.35,0,2,2.41,1,1.2908,5.948,3,0,0.0948,0.2623,0.1316,1,0,1
129.42,3,3,97.06,0,0.8009,0.0,4,0,0.5656,0.5568,0.0685,2,0,1
212.99,3,2,84.48,1,1.5081,8.7659,5,0,0.3394,0.7396,0.0949,1,0,1
364.94,5,3,179.19,1,0.7792,0.0,2,1,0.4597,0.346,0.0869,0,1,1
472.0,7,3,80.98,0,1.0633,0.0,2,1,0.5581,0.5888,0.1286,0,1,1
115.4,2,1,99.58,2,1.2195,0.0,5,1,0.3686,0.5803,0.0315,1,0,0
504.19,3,4,87.85,2,2.2236,11.0779,2,0,0.5104,0.4395,0.2115,1,1,0
581.35,0,4,80.75,0,0.9283,0.0,5,0,0.7343,0.4265,0.2705,0,0,1
246.11,3,1,57.9,0,1.1611,10.1146,2,1,0.4513,0.5168,0.0897,1,1,0
121.19,1,0,15.96,0,1.5613,4.1182,1,0,0.4109,0.6005,0.0226,1,0,0
114.23,2,2,84.96,1,1.1152,0.0,5,0,0.729,0.7759,0.1951,0,0,1
596.93,1,3,154.71,2,1.0439,0.0,2,0,0.1746,0.2073,0.2115,2,1,0
84.59,1,0,62.74,2,1.3768,0.0,5,0,0.2953,0.2782,0.0453,0,0,0
258.27,5,3,30.81,0,0.9064,7.1845,2,0,0.6573,0.638,0.0973,2,1,0
335.82,0,0,95.07,1,0.6958,5.0226,6,0,0.0435,0.2154,0.1031,0,1,0
162.52,1,2,31.42,1,0.864,13.8901,5,0,0.1263,0.1964,0.0388,0,1,0
178.72,2,3,76.46,2,0.8484,0.0,8,0,0.5378,0.2353,0.204,4,1,1
333.31,1,4,62.97,0,1.1662,0.0,1,0,0.6269,0.6035,0.1341,1,1,0
183.41,2,0,75.79,0,1.8886,0.0,2,1,0.3314,0.331,0.089,0,0,0
378.25,3,3,86.51,0,1.0031,0.0,5,0,0.8767,0.6799,0.0847,3,0,0
377.08,5,1,226.36,0,1.2856,11.6608,5,0,0.1556,0.5136,0.1228,0,0,1
432.9,2,3,102.69,0,0.8058,0.0,3,0,0.5788,0.5065,0.1253,1,1,0
424.49,2,2,158.91,4,1.3859,0.0,6,1,0.5743,0.5731,0.191,0,0,0
124.41,0,3,84.26,0,0.9917,8.8835,4,0,0.3143,0.3116,0.0996,2,0,1
423.74,6,1,76.05,3,0.9931,0.0,5,0,0.4463,0.7474,0.1941,2,1,1
80.04,2,2,63.86,1,1.6779,5.4735,5,0,0.4078,0.3774,0.2304,2,0,1
47.62,0,4,4.66,0,0.8663,0.0,7,1,0.329,0.3822,0.0991,0,1,1
414.24,1,0,115.28,0,1.7669,0.0,2,0,0.6782,0.3102,0.083,4,1,1
144.53,1,2,189.77,4,1.0256,0.0,5,1,0.3372,0.3556,0.0993,1,1,1
257.79,5,4,172.53,0,1.1234,0.0,4,1,0.557,0.5527,0.1193,2,0,1
243.18,6,5,82.09,0,2.781,1.666,2,1,0.2274,0.4898,0.1777,1,1,1
161.01,4,1,8.35,2,0.9602,0.0,6,0,0.7871,0.6702,0.0477,2,0,1
600.0,7,3,120.38,0,3.698,0.0,2,0,0.2639,0.3788,0.0745,3,0,1
551.34,2,0,94.99,0,0.9717,0.0,2,0,0.5007,0.4116,0.0315,1,0,0
203.29,0,3,28.81,2,1.8993,3.0443,6,0,0.5487,0.541,0.1617,0,0,1
600.0,7,6,80.7,0,1.6357,0.0,5,0,0.2459,0.6406,0.136,0,0,1
600.0,6,2,157.69,1,2.8217,0.0,3,1,0.674,0.8064,0.1379,2,0,0
194.08,4,3,135.02,1,2.6113,0.0,3,1,0.8787,0.7888,0.0193,0,0,1
197.18,2,1,184.25,2,1.7771,6.227,7,0,0.5422,0.466,0.1139,0,1,1
355.68,3,4,118.1,1,1.9407,4.7635,4,1,0.8927,0.4105,0.1369,2,0,1
128.55,2,0,66.34,2,1.167,2.5536,9,0,0.1789,0.4226,0.1062,1,1,1
186.65,2,1,76.08,1,1.8779,0.0,6,0,0.4896,0.2243,0.1487,2,0,0
327.23,5,2,130.31,2,0.9852,2.0358,6,0,0.1831,0.4563,0.2273,0,0,1
549.72,3,3,164.07,0,1.1985,0.0,3,1,0.2536,0.66,0.1119,2,0,0
403.99,1,3,197.98,0,0.6942,10.1364,3,0,0.418,0.2825,0.1082,1,1,0
444.8,3,2,86.95,0,0.9004,0.0,4,0,0.6296,0.1618,0.0214,1,0,1
80.41,1,3,186.41,0,1.4403,0.0,3,0,0.2383,0.5683,0.0737,2,0,0
301.47,4,2,49.2,0,2.5675,7.2101,3,1,0.1341,0.5731,0.0672,2,0,1
303.03,6,1,143.24,0,0.7565,0.0,2,0,0.7986,0.3505,0.0245,1,0,0
105.51,3,3,18.72,2,1.1722,5.6837,6,0,0.7717,0.2214,0.1821,3,0,1
192.58,2,2,22.15,3,1.2684,4.7184,7,0,0.2091,0.1728,0.1802,1,0,1
529.88,3,1,42.3,0,0.792,0.0,4,0,0.4028,0.3549,0.1428,1,0,1
360.74,3,5,112.93,1,1.1829,6.8695,5,0,0.7349,0.8523,0.0423,0,0,1
269.96,1,3,15.89,2,1.4529,0.0,10,0,0.9484,0.2017,0.1487,1,0,1
261.2,1,3,118.6,0,2.0813,0.0,3,0,0.3479,0.762,0.1182,4,0,0
231.59,2,3,25.2,0,1.1527,6.3002,7,0,0.632,0.6897,0.2124,0,0,1
195.3,4,2,91.48,1,0.7261,11.1786,4,1,0.2414,0.2508,0.3092,1,0,0
330.22,1,2,31.56,1,1.9951,12.0264,4,1,0.2256,0.2674,0.1081,1,0,1
100.82,2,3,98.53,0,0.6895,11.3894,6,1,0.7345,0.4296,0.0841,2,1,0
243.56,3,2,56.05,0,0.8246,0.0,2,0,0.8732,0.7909,0.1503,1,0,1
356.29,5,4,49.9,3,2.094,0.0,2,0,0.5467,0.4962,0.1508,1,1,1
565.37,5,2,245.97,0,2.3689,9.4819,3,0,0.6298,0.6091,0.0301,1,0,1
182.76,4,1,59.33,0,2.6294,5.1634,2,1,0.2511,0.687,0.1334,0,1,1
424.57,3,0,84.59,1,2.7453,12.4502,7,0,0.3875,0.3774,0.0271,1,0,1
361.95,2,3,77.79,0,0.4554,0.0,2,0,0.2092,0.2663,0.0867,1,0,0
440.43,4,3,244.82,1,0.8769,14.4972,7,1,0.8203,0.2184,0.0779,0,0,1
292.05,4,1,205.24,2,2.0852,13.5412,9,1,0.6905,0.4922,0.0929,0,1,1
123.49,3,3,116.17,3,0.9879,7.2337,9,0,0.3484,0.5781,0.0843,2,1,1
138.27,2,2,64.9,0,0.8317,0.0,3,0,0.3848,0.5665,0.0959,0,1,1
408.69,2,0,145.82,1,0.9594,0.0,4,1,0.6684,0.5139,0.1943,4,0,1
348.29,8,4,30.17,1,0.6797,0.0,5,0,0.1993,0.266,0.0281,1,0,1
311.7,3,5,106.59,2,1.2715,0.0,7,0,0.26,0.747,0.0373,1,0,0
441.14,4,7,110.06,3,2.1089,0.0,1,1,0.1823,0.6241,0.0919,5,1,1
139.44,2,2,36.33,1,2.5051,11.1821,10,0,0.548,0.5027,0.0091,4,1,1
297.48,1,1,114.07,0,1.8009,11.9679,5,0,0.6975,0.7752,0.1452,2,0,1
29.11,0,4,97.6,2,1.1857,0.0,5,1,0.5444,0.4774,0.1671,1,1,0
306.78,3,3,39.69,1,0.9237,1.0403,4,0,0.3352,0.5513,0.1136,0,0,0
273.67,4,1,30.88,2,0.5063,4.92,8,0,0.5171,0.4172,0.1618,0,1,1
239.14,4,3,210.54,3,1.5526,0.0,7,1,0.3777,0.543,0.0789,1,1,0
338.66,0,3,48.93,1,2.2566,4.1108,3,0,0.2857,0.2067,0.148,0,0,0
260.76,3,0,15.06,0,1.9456,0.0,4,1,0.4953,0.5125,0.1142,0,1,0
316.45,2,3,22.97,2,1.93,10.4861,5,0,0.6641,0.5167,0.1213,0,0,1
119.52,3,3,104.69,0,1.3137,9.7957,5,1,0.7064,0.4516,0.3174,0,0,1
239.34,5,6,47.85,2,0.8471,0.0,10,0,0.5108,0.7957,0.138,3,0,1
422.53,8,0,102.89,1,1.1165,9.0778,4,0,0.7992,0.5613,0.353,1,0,1
309.28,4,4,110.82,2,0.6991,5.6204,10,0,0.4735,0.2419,0.0971,1,1,1
385.21,2,3,130.84,2,1.2599,8.0748,6,0,0.735,0.6192,0.2071,2,0,1
150.63,2,2,79.08,2,1.588,0.0,9,1,0.2615,0.5206,0.1124,1,0,1
528.53,2,0,37.63,0,0.4782,0.0,4,0,0.0879,0.5735,0.0252,1,0,0
297.91,4,1,106.04,0,0.7308,0.0,3,1,0.1645,0.5275,0.0915,2,1,0
200.36,4,1,6.5,0,2.0101,3.3726,1,1,0.724,0.435,0.056,0,0,1
224.06,4,1,149.28,2,1.5607,0.0,6,0,0.5682,0.6223,0.0331,0,0,1
279.22,5,3,56.42,3,0.6887,0.0,10,1,0.6756,0.7922,0.0677,2,0,1
380.35,3,2,72.16,1,2.5622,9.783,4,0,0.4404,0.7153,0.1325,1,1,1
281.16,1,1,105.81,4,1.6403,0.0,10,0,0.1954,0.5199,0.0589,3,1,1
247.08,4,4,67.8,3,2.2363,0.0,3,0,0.3992,0.1887,0.2404,1,0,1
362.15,2,2,130.05,2,0.6704,0.0,4,0,0.2618,0.2532,0.0827,1,1,0
280.31,3,3,76.97,0,1.7662,9.5914,9,1,0.754,0.6893,0.0874,1,1,1
255.37,3,2,48.45,3,0.7083,12.108,7,1,0.4647,0.2948,0.2715,3,0,1
356.0,10,2,77.73,0,1.1307,7.5758,4,0,0.5661,0.6798,0.0408,0,1,1
357.63,2,1,228.92,0,2.2986,0.0,2,0,0.3648,0.6671,0.0744,1,1,1
77.15,0,0,230.71,1,0.7009,0.0,6,0,0.2868,0.4104,0.1146,0,0,1
181.27,1,1,121.74,2,0.8606,9.6393,4,0,0.3185,0.3258,0.1089,2,0,0
307.88,4,5,120.04,3,1.8817,0.0,7,0,0.5246,0.268,0.1248,2,1,1
259.96,3,3,179.26,0,0.8962,0.0,3,0,0.5073,0.4701,0.1315,4,0,1
426.08,2,3,85.48,1,1.2282,0.0,5,1,0.4846,0.4571,0.0256,0,0,1
209.98,4,5,92.67,3,1.0617,0.0,5,0,0.441,0.66,0.134,0,1,1
481.17,3,3,101.36,1,2.465,0.0,3,0,0.6826,0.7598,0.2323,4,0,0
207.83,3,3,134.47,0,1.8648,2.5819,2,0,0.5274,0.6294,0.0967,3,0,1
251.01,6,0,16.49,1,1.3348,6.6607,10,0,0.6127,0.3685,0.0488,1,0,1
117.94,1,2,59.36,0,1.1924,0.0,5,1,0.4086,0.6361,0.0149,2,1,0
235.99,2,0,44.2,0,1.1217,11.3859,3,1,0.2165,0.5951,0.0904,0,0,0
427.28,0,1,64.99,2,1.4937,4.3632,3,0,0.7764,0.539,0.1879,1,0,0
100.62,1,3,129.05,1,1.4324,0.0,3,0,0.211,0.4379,0.1238,1,0,0
108.22,2,2,35.34,4,1.7102,3.509,7,0,0.5237,0.2095,0.1301,1,0,1
363.81,6,3,76.38,0,0.9866,0.0,2,0,0.6025,0.6628,0.074,4,1,0
188.29,0,3,85.58,1,0.9439,0.0,7,0,0.2816,0.4424,0.0675,4,1,0
164.23,2,6,55.13,2,1.0148,2.7906,1,0,0.2808,0.7686,0.1213,1,0,0
252.15,4,3,84.22,2,1.7304,0.0,1,0,0.8007,0.4626,0.1854,0,0,1
600.0,8,6,104.66,1,0.8658,0.0,2,1,0.3191,0.7669,0.0954,4,1,0
311.79,3,3,186.38,0,1.5957,9.2917,8,1,0.7072,0.2322,0.0336,2,0,1
343.14,0,3,20.27,1,1.5796,0.0,6,1,0.3208,0.4779,0.0747,1,0,1
115.47,1,3,160.0,0,1.2143,0.0,2,1,0.4714,0.6933,0.0199,1,0,1
441.14,4,2,90.03,0,0.7653,0.0,4,0,0.3213,0.2365,0.0448,3,1,0
600.0,7,6,208.17,1,1.338,0.0,1,0,0.7143,0.6183,0.0312,2,0,1
69.31,0,1,48.05,0,2.4169,0.0,5,1,0.6792,0.7704,0.03,2,1,0
246.15,3,2,76.95,1,3.854,0.0,8,0,0.5085,0.595,0.0579,0,1,1
90.59,1,4,150.76,1,2.0383,0.0,7,0,0.2725,0.5493,0.236,2,1,0
336.13,4,2,64.52,1,0.8146,6.0515,5,1,0.4746,0.4639,0.0559,3,1,0
220.22,3,3,130.47,1,1.7417,8.8923,2,0,0.5403,0.5964,0.1519,0,0,1
177.15,0,0,20.14,1,1.9087,0.0,2,1,0.3958,0.3511,0.1873,2,0,0
177.61,5,1,11.69,0,1.4134,9.7834,3,0,0.3567,0.4972,0.0352,0,1,1
175.67,1,2,72.65,0,1.1543,10.6436,9,0,0.0766,0.5928,0.1282,1,0,1
134.03,3,0,93.55,0,1.0998,12.234,8,1,0.2415,0.6554,0.0613,0,0,0
400.98,2,2,67.8,1,0.9744,11.2663,5,0,0.5246,0.2062,0.0547,1,1,1
123.47,2,4,70.9,0,1.8339,9.2255,3,0,0.6339,0.7302,0.0647,0,1,1
117.39,1,5,85.95,0,1.3803,0.0,5,0,0.4587,0.5065,0.0983,2,0,1
226.88,3,2,105.21,0,1.0304,0.0,6,0,0.553,0.4142,0.3021,1,1,0
600.0,4,1,105.76,0,1.6763,0.0,1,1,0.1985,0.6839,0.2509,2,0,1
142.87,3,1,99.16,1,1.324,7.6172,4,1,0.4724,0.7511,0.0364,0,1,1
362.01,5,3,101.67,2,3.3226,0.0,7,0,0.395,0.7575,0.1542,2,1,1
355.01,3,3,152.11,1,1.0822,8.554,3,1,0.0979,0.2678,0.0941,2,1,0
124.13,2,3,20.03,0,1.7642,0.0,6,1,0.5081,0.6095,0.1223,2,0,1
386.3,5,3,157.64,0,0.74,12.9323,3,0,0.4833,0.6525,0.221,3,1,1
213.34,0,4,217.55,4,0.7896,5.6279,5,1,0.4262,0.3028,0.1741,2,1,0
600.0,5,5,159.58,0,0.749,9.9256,3,0,0.3306,0.7228,0.1165,1,1,1
412.95,4,2,47.12,2,1.3235,5.9002,5,1,0.9461,0.7526,0.0875,2,0,1
323.31,1,1,60.59,0,1.4676,5.0001,2,0,0.6438,0.7842,0.1209,2,0,1
316.7,3,1,19.9,2,1.4155,4.1389,7,0,0.5356,0.429,0.1087,0,1,1
306.64,3,0,88.62,2,0.6741,11.3243,10,1,0.2561,0.5256,0.1031,0,0,1
234.85,3,1,53.64,4,0.9937,0.0,9,0,0.5399,0.5019,0.0691,0,0,1
197.79,0,5,121.88,1,0.7292,10.2002,3,0,0.7742,0.5084,0.1302,2,0,1
117.08,3,1,70.57,1,0.7773,0.0,4,0,0.4279,0.6387,0.1661,2,0,0
534.77,9,5,172.26,0,1.3449,0.0,8,1,0.5211,0.1766,0.1875,1,0,1
212.19,4,3,88.48,0,2.9709,7.762,5,0,0.4599,0.5448,0.0487,3,1,1
600.0,3,4,62.55,0,2.9923,0.0,4,0,0.4311,0.6769,0.0548,1,1,1
492.1,1,2,102.11,0,2.0034,0.0,2,0,0.1862,0.3973,0.0543,4,0,0
169.93,2,3,221.01,1,1.3413,0.0,3,1,0.5581,0.2436,0.1368,2,1,0
345.45,3,2,102.77,1,2.4865,11.6473,1,0,0.2487,0.3249,0.143,0,0,0
121.33,0,1,25.65,1,1.1452,2.7321,4,0,0.3722,0.3448,0.196,1,1,0
85.46,0,1,147.77,1,1.4417,0.0,1,0,0.4481,0.4297,0.227,0,0,1
225.97,3,1,47.79,1,1.1451,0.0,3,0,0.5578,0.2564,0.0121,1,1,1
304.13,4,1,104.48,1,2.5065,0.0,2,0,0.5988,0.6819,0.129,1,0,1
188.95,3,3,136.86,0,0.7849,13.0318,6,0,0.3867,0.6704,0.1573,0,0,1
175.27,1,1,42.14,1,1.8137,0.0,5,0,0.6926,0.3171,0.0093,1,0,0
82.9,1,2,130.29,4,0.6732,2.8196,7,0,0.0234,0.3404,0.2731,0,0,0
160.2,3,2,103.53,0,2.652,10.1656,3,0,0.5004,0.7886,0.0809,2,0,0
144.78,0,3,56.29,1,1.8301,7.9758,5,0,0.7756,0.3741,0.0652,0,0,1
403.61,4,3,128.76,1,1.1274,0.0,3,0,0.5992,0.5113,0.0063,1,0,0
316.12,2,1,42.37,1,1.2994,0.0,6,0,0.4694,0.8002,0.1838,1,0,1
187.99,2,1,124.86,1,0.8301,0.0,4,0,0.3192,0.3228,0.0614,0,0,0
330.59,5,1,116.3,0,1.3852,1.6855,1,0,0.548,0.2303,0.176,1,1,1
117.07,1,0,20.6,2,1.8779,0.0,3,1,0.3933,0.7274,0.0733,1,0,0
152.36,1,0,159.87,1,0.6702,1.2393,1,0,0.7381,0.1259,0.1508,0,0,0
280.14,4,3,187.18,2,1.4328,6.454,5,0,0.5459,0.2624,0.0959,3,0,1
479.03,4,1,36.29,1,1.6343,0.0,4,0,0.468,0.6719,0.0661,1,1,0
139.76,2,4,137.94,0,0.9082,3.131,2,0,0.2101,0.3643,0.2752,2,1,0
157.1,2,1,89.04,2,0.6903,6.1359,5,0,0.2196,0.5418,0.1047,0,1,0
114.58,0,0,28.55,1,0.8751,0.0,6,0,0.349,0.436,0.0408,0,1,1
214.74,3,2,35.71,1,1.042,6.3066,2,0,0.6573,0.5217,0.0784,1,0,1
113.32,0,0,184.04,2,1.083,0.0,4,0,0.1977,0.2856,0.0614,0,1,0
359.96,4,1,161.33,1,1.0631,11.6746,4,0,0.2301,0.257,0.263,0,0,1
439.61,3,1,127.47,1,1.7792,8.2229,9,0,0.6991,0.4843,0.1153,1,0,1
205.65,5,2,69.43,0,1.6355,0.0,3,0,0.4263,0.6622,0.1103,2,1,0
35.43,1,1,141.7,1,2.6664,0.0,3,0,0.4409,0.5893,0.2086,1,0,1
108.29,1,2,96.3,2,1.2106,10.0574,4,0,0.346,0.3188,0.0211,2,0,1
129.08,0,1,41.86,2,3.5664,0.0,3,1,0.5165,0.7069,0.1195,1,0,1
386.82,1,0,166.07,2,3.3008,0.0,3,0,0.5939,0.5259,0.0591,0,0,1
379.55,4,3,129.09,0,1.3663,0.0,5,1,0.7739,0.7842,0.1966,3,1,1
260.79,3,5,56.83,1,4.0,6.6323,4,0,0.627,0.6595,0.2498,1,0,1
463.88,2,3,49.7,2,1.7517,4.2236,5,0,0.8175,0.5774,0.0311,1,0,1
325.35,6,5,122.03,3,1.3505,0.0,5,0,0.6486,0.7668,0.0993,0,0,1
162.6,1,2,27.56,3,4.0,6.5021,2,0,0.5364,0.3799,0.2425,1,1,1
105.16,1,1,32.37,1,0.9686,0.0,7,0,0.499,0.6748,0.196,2,0,0
319.95,5,1,100.14,2,0.7226,0.0,4,0,0.1844,0.2278,0.1868,1,1,0
201.28,3,1,39.78,2,1.18,0.0,6,0,0.9091,0.5565,0.3064,1,0,1
184.84,1,0,61.83,0,2.7027,0.0,2,1,0.5669,0.5376,0.0333,1,0,1
465.29,1,6,48.48,1,1.1429,0.0,1,0,0.5457,0.4179,0.197,0,1,1
518.24,4,5,164.21,1,1.2833,5.8901,2,0,0.3497,0.431,0.1213,0,0,1
289.89,6,3,44.88,3,2.5572,0.0,7,0,0.6873,0.6448,0.2003,5,0,1
226.03,3,0,79.59,2,0.5661,0.0,5,1,0.6311,0.2996,0.0638,0,1,0
239.85,2,2,41.41,3,1.5139,0.0,9,0,0.2112,0.4511,0.1167,4,0,1
600.0,0,2,134.7,1,0.6298,0.0,4,1,0.7987,0.3494,0.0065,0,0,1
254.57,6,2,97.59,1,1.6455,0.0,7,1,0.5931,0.6932,0.2342,2,1,1
232.51,6,3,95.75,2,0.9947,0.0,5,0,0.5388,0.3739,0.3306,3,0,1
157.59,2,2,63.8,1,1.3618,0.0,7,0,0.7803,0.2272,0.0609,3,0,1
242.4,4,3,80.63,2,2.5393,0.0,9,1,0.7306,0.626,0.0693,1,0,1
467.18,2,2,123.57,1,2.216,0.0,4,0,0.147,0.1851,0.1764,0,0,0
249.12,4,0,94.42,0,2.5412,0.0,6,0,0.336,0.7618,0.1691,0,1,0
213.93,3,2,70.38,1,2.1125,0.0,3,0,0.6228,0.2404,0.0228,0,1,1
356.13,3,4,191.34,0,0.8654,0.0,1,0,0.4362,0.5204,0.1297,3,1,0
234.98,6,2,43.69,2,1.9009,7.9162,6,0,0.402,0.6778,0.229,0,0,1
308.76,6,3,123.55,1,0.7101,2.1433,6,0,0.1993,0.2768,0.1966,2,1,1
289.7,2,2,38.08,1,1.2074,5.6982,4,1,0.2568,0.3524,0.1427,0,1,1
211.83,1,2,14.84,0,1.1379,5.7954,1,0,0.4913,0.6502,0.1715,1,0,1
153.96,2,1,93.74,0,1.6684,5.9373,3,0,0.3231,0.6484,0.1506,3,1,1
190.39,3,4,130.61,0,1.0106,0.0,2,0,0.623,0.6475,0.0748,2,0,0
355.21,3,4,73.81,0,2.3396,4.9132,4,0,0.5398,0.6375,0.1938,5,0,1
421.68,10,4,129.76,3,2.015,0.0,6,0,0.5755,0.4572,0.1779,1,1,1
442.81,2,3,222.57,2,0.6672,9.1952,8,0,0.5985,0.3405,0.1091,2,1,0
108.78,1,1,9.19,1,1.2881,4.0832,2,0,0.7275,0.3034,0.0257,1,0,0
331.67,3,1,144.74,0,1.7244,7.7115,3,0,0.4276,0.6893,0.1278,1,0,1
204.0,4,3,142.51,1,1.7217,0.0,4,1,0.5946,0.6118,0.1311,0,0,1
362.57,3,2,126.97,1,2.1607,0.0,3,0,0.329,0.5164,0.1237,1,0,1
206.4,4,0,47.67,0,1.9223,8.9258,1,0,0.866,0.6808,0.1695,1,0,1
418.89,1,2,39.74,0,2.0465,0.0,3,0,0.3802,0.3574,0.0447,1,0,1
457.33,3,3,51.01,1,0.9108,0.0,6,0,0.5406,0.2579,0.0685,0,1,0
104.13,2,1,58.42,3,0.9965,0.0,4,1,0.3262,0.2668,0.2004,1,1,0
294.09,5,2,60.75,2,1.8245,5.1377,9,0,0.3093,0.5456,0.26,3,1,1
181.59,1,1,113.04,1,1.2833,6.1699,2,0,0.3477,0.3603,0.0736,0,1,1
255.05,5,1,173.0,0,0.8502,3.189,1,0,0.6476,0.3117,0.1623,0,1,0
139.44,0,2,103.48,1,0.8841,8.6821,5,0,0.368,0.2722,0.0847,1,1,0
264.17,2,2,97.83,0,1.6277,6.8232,2,0,0.5466,0.6848,0.0572,3,0,1
572.45,7,3,93.29,2,1.2364,9.3097,3,1,0.7435,0.7354,0.1184,3,0,1
194.55,1,0,83.71,0,1.2321,0.0,5,0,0.3403,0.4164,0.0942,0,1,0
226.19,6,4,34.4,0,0.6659,0.0,5,0,0.6338,0.4743,0.071,1,1,0
105.98,3,0,75.67,1,2.236,3.0361,7,0,0.5346,0.4442,0.1427,0,0,1
150.47,1,1,10.73,1,1.0426,0.0,2,1,0.4335,0.2057,0.1746,0,0,0
303.88,1,2,137.48,1,1.8822,7.9808,5,0,0.6034,0.6979,0.044,1,0,1
380.0,3,1,150.68,3,0.6875,8.4485,7,0,0.4969,0.3005,0.0587,1,0,1
73.61,1,2,104.57,0,0.5438,0.0,3,1,0.2974,0.3625,0.2965,0,1,0
163.97,1,0,1.77,0,1.1103,9.0428,1,1,0.0931,0.1932,0.2203,0,0,0
294.04,4,3,207.63,0,0.8304,4.2848,2,0,0.3283,0.4594,0.088,4,0,1
98.01,1,1,50.3,1,0.9951,0.0,2,1,0.1856,0.2133,0.1823,0,1,0
330.59,5,1,62.86,0,0.8467,0.0,4,0,0.4815,0.564,0.0506,1,1,1
497.84,7,3,113.41,0,2.3601,7.8513,4,1,0.4414,0.7852,0.1252,3,1,1
330.65,2,1,93.95,2,1.6938,0.0,3,0,0.4238,0.6369,0.2137,2,1,0
135.96,1,5,59.6,2,0.6006,0.0,3,1,0.6492,0.7436,0.1681,2,0,1
396.77,6,3,117.75,1,2.9635,5.7654,2,1,0.2715,0.5064,0.1349,5,0,1
89.01,2,0,113.85,1,1.1194,0.7439,4,0,0.183,0.3043,0.1041,0,1,0
137.73,1,3,26.47,1,1.3218,0.0,4,1,0.7018,0.3679,0.1672,1,0,1
110.33,1,0,147.79,2,0.813,0.0,3,0,0.3632,0.6413,0.0452,1,0,0
289.63,2,1,129.75,0,1.9876,9.1563,2,0,0.3334,0.5044,0.0555,1,0,1
194.95,2,1,36.15,2,1.0649,0.0,3,0,0.3206,0.7066,0.0733,2,0,0
204.86,1,1,119.24,1,1.0228,0.0,3,0,0.7432,0.2963,0.1634,1,0,1
310.79,2,3,96.59,0,0.6417,11.5225,3,1,0.6965,0.4914,0.2033,0,0,0
230.14,5,4,99.21,1,3.6938,0.0,3,1,0.3306,0.6144,0.1516,3,0,1
180.35,2,4,43.52,0,0.9864,0.0,3,1,0.7052,0.6529,0.1123,0,0,1
429.88,4,2,64.74,2,1.0715,0.0,1,0,0.6534,0.3958,0.0672,0,1,0
357.31,1,2,177.34,2,1.3219,5.9958,4,0,0.2827,0.2989,0.1508,3,0,0
292.28,2,4,99.47,4,0.6566,7.8916,7,0,0.1341,0.3345,0.2617,3,0,1
228.84,3,2,127.44,0,0.7981,6.9899,5,1,0.1999,0.6583,0.0208,2,0,1
600.0,4,2,153.31,0,1.1936,13.2811,4,1,0.5895,0.635,0.0091,2,1,1
278.69,0,1,104.32,0,0.9168,7.3537,2,0,0.593,0.5191,0.043,0,1,0
114.19,1,1,139.58,2,1.8403,5.4306,9,0,0.6001,0.4213,0.3321,1,1,1
175.03,1,1,82.74,1,0.9167,0.0,2,1,0.4569,0.5724,0.0426,1,0,0
87.97,0,3,16.68,2,1.6864,1.8596,5,0,0.2324,0.256,0.3139,0,0,0
303.17,4,2,107.97,2,1.0513,0.0,1,0,0.4702,0.6566,0.2183,5,0,1
446.35,6,3,96.44,0,2.574,4.0174,3,0,0.5722,0.5183,0.0167,1,0,1
199.26,1,4,163.9,1,1.2579,1.7133,4,0,0.5135,0.273,0.1276,1,1,0
499.82,2,2,130.75,0,0.9301,1.4376,2,0,0.2905,0.2092,0.0635,1,1,0
349.72,5,3,138.05,0,1.653,0.0,2,0,0.3744,0.8113,0.1763,1,0,1
247.73,3,2,21.02,3,1.119,5.9422,6,0,0.6038,0.5936,0.0554,5,1,1
397.37,6,6,140.22,0,0.9579,0.0,4,0,0.3995,0.1833,0.2802,1,1,1
135.39,0,3,23.09,0,0.6691,0.0,1,1,0.0868,0.3389,0.1748,2,0,0
288.29,2,1,27.48,1,1.5726,0.0,4,0,0.4732,0.3268,0.0184,0,1,1
515.7,7,3,122.68,1,1.598,0.0,3,0,0.6007,0.6684,0.3571,2,1,1
278.82,0,1,242.58,0,0.8503,7.2305,4,0,0.5388,0.4492,0.1204,0,1,0
262.91,1,1,67.9,2,0.8534,0.0,5,0,0.2415,0.4669,0.1453,2,0,1
445.79,5,5,104.83,3,0.6838,0.0,8,0,0.3654,0.2778,0.116,2,1,1
167.14,5,0,80.25,2,0.9293,0.0,5,0,0.4461,0.4028,0.0732,1,1,0
326.14,5,1,77.89,0,1.4754,6.2742,8,0,0.3691,0.5342,0.1817,2,0,0
402.29,2,1,76.49,0,1.8219,0.0,5,0,0.5015,0.6909,0.1004,1,0,1
387.2,3,1,59.52,1,0.8051,0.0,4,1,0.5293,0.717,0.2713,2,0,1
329.05,8,3,60.21,0,1.8278,0.0,6,1,0.3437,0.5999,0.0894,1,0,1
514.45,3,1,32.31,0,2.4827,7.6331,1,1,0.6086,0.8571,0.234,1,0,1
296.18,5,1,75.4,2,2.2178,0.0,5,0,0.5215,0.3075,0.1757,3,1,0
307.49,3,1,213.04,0,0.7862,0.7681,4,0,0.2071,0.5032,0.1401,4,0,0
180.8,0,2,54.44,2,1.6774,12.0184,2,0,0.6882,0.4332,0.1169,2,0,0
310.18,2,4,152.98,3,0.625,0.0,8,1,0.2058,0.5508,0.0632,0,1,1
241.78,4,2,141.65,0,2.527,0.0,7,1,0.3,0.5329,0.2187,0,0,0
174.0,3,2,155.49,0,1.2626,0.0,5,0,0.5399,0.6251,0.0827,1,0,1
356.02,5,2,94.74,0,1.3238,7.5295,2,1,0.7787,0.4944,0.096,4,0,0
600.0,6,4,97.4,2,1.0786,0.2547,4,0,0.8494,0.4,0.1555,0,1,1
600.0,6,3,109.14,1,1.0691,0.0,3,1,0.9351,0.7841,0.0553,1,0,1
82.86,2,0,9.03,1,0.6964,11.7808,5,0,0.3471,0.5909,0.2589,0,0,1
197.19,5,2,26.82,1,0.8696,0.0,4,0,0.4305,0.7238,0.1426,1,0,0
597.53,3,3,123.87,1,0.4416,0.0,2,0,0.3628,0.4136,0.0896,4,0,0
333.33,2,5,108.1,3,1.5312,0.0,9,0,0.827,0.5,0.1178,2,0,1
224.65,2,4,92.44,0,0.8578,0.0,3,1,0.2783,0.1687,0.1405,0,0,0
359.64,4,3,106.87,0,1.6567,0.0,5,0,0.3959,0.6516,0.0152,1,1,1
100.42,2,2,57.18,3,2.6619,7.1173,10,1,0.7782,0.8355,0.2231,3,0,0
234.85,6,4,74.28,2,0.759,0.6675,6,1,0.5023,0.2312,0.1147,1,0,1
219.74,4,5,224.63,2,0.5959,0.0,5,1,0.3992,0.2133,0.0026,1,0,1
357.77,5,4,193.32,3,2.8609,0.0,7,0,0.9163,0.4272,0.1887,4,0,1
302.32,3,2,239.27,1,1.1981,7.2789,3,1,0.5206,0.7116,0.135,0,0,1
208.0,1,4,65.83,1,0.7326,8.6948,3,1,0.5707,0.6911,0.0106,1,1,0
143.69,3,2,87.35,1,1.168,0.0,7,0,0.0457,0.7494,0.1662,0,1,0
29.18,1,3,9.37,1,0.8296,0.0,5,0,0.3542,0.6372,0.221,1,1,0
257.02,6,4,236.19,1,1.8362,9.3814,4,0,0.5875,0.4613,0.0887,0,0,1
181.13,2,0,188.12,2,1.6254,0.0,7,0,0.5891,0.2797,0.0374,3,1,0
369.42,2,1,95.38,0,1.286,11.9271,4,0,0.6644,0.5465,0.0841,2,0,1
290.23,5,2,44.24,0,1.6924,0.0,9,1,0.1516,0.6461,0.1032,1,0,1
140.31,4,3,179.29,1,0.5249,0.0,2,0,0.1888,0.3032,0.0553,2,0,0
410.73,3,2,240.77,2,1.2843,0.0,3,1,0.6439,0.6438,0.0778,1,0,1
356.46,2,2,54.44,1,0.3983,7.0799,4,0,0.5286,0.4149,0.1715,0,0,0
254.14,3,2,4.22,2,0.6771,0.0,7,0,0.641,0.5203,0.0594,1,1,0
136.69,2,1,54.23,2,1.4496,3.8894,3,0,0.9579,0.3831,0.1534,3,0,0
25.97,0,0,49.68,1,1.3675,0.0,4,0,0.325,0.2981,0.2035,1,1,0
187.14,3,1,89.8,0,2.0523,0.0,3,0,0.3488,0.7206,0.1017,1,1,1
103.03,0,1,166.99,3,2.8949,0.0,5,0,0.4214,0.5945,0.1158,0,1,1
600.0,7,5,220.23,2,1.4239,3.6714,6,0,0.2703,0.659,0.2775,1,1,1
431.94,4,4,75.78,1,0.605,0.0,8,0,0.5656,0.2655,0.0723,0,0,1
399.45,1,2,178.94,2,0.7704,3.5046,4,0,0.3092,0.5616,0.2849,1,0,1
506.82,5,3,135.32,1,1.7228,7.7762,5,0,0.3887,0.4299,0.0847,1,1,1
85.25,0,1,21.58,1,0.8399,0.0,3,0,0.5416,0.3913,0.1751,0,1,0
360.77,2,2,35.79,0,1.3684,0.0,2,0,0.2902,0.597,0.1214,1,1,1
209.26,2,4,65.77,0,1.5424,11.2242,6,0,0.6543,0.3504,0.1875,2,1,0
179.07,3,2,6.63,0,2.3866,9.0061,4,0,0.4055,0.3926,0.0925,0,1,1
71.82,1,1,161.55,0,2.0662,0.0,3,0,0.3432,0.8436,0.0737,1,0,0
103.63,1,4,105.16,1,0.9384,0.0,6,0,0.7053,0.6664,0.1046,1,0,1
462.44,4,1,75.83,4,0.8675,9.1615,4,0,0.0544,0.6078,0.07,1,0,1
255.58,3,4,85.43,3,1.2841,1.2611,9,0,0.1335,0.2409,0.083,4,0,1
384.32,2,6,162.09,2,1.8098,3.6324,5,0,0.4851,0.4341,0.0849,1,1,0
193.8,4,1,38.29,3,0.6415,12.0994,5,0,0.5403,0.267,0.1245,0,0,1
352.68,3,1,70.86,1,0.7543,0.0,7,0,0.2512,0.3093,0.0741,1,1,1
150.34,0,2,50.05,0,1.2977,0.0,5,1,0.4,0.3182,0.0883,1,0,0
137.28,3,1,132.85,1,2.0878,12.0744,7,0,0.2355,0.8133,0.1356,0,1,1
362.01,5,4,139.21,0,1.0714,0.0,5,0,0.3949,0.4305,0.1407,4,0,1
309.54,3,4,110.1,2,0.8499,8.8169,2,1,0.4913,0.6931,0.3256,3,0,1
142.54,0,2,89.5,2,1.6077,10.2099,3,0,0.0737,0.6941,0.2001,2,1,1
600.0,5,4,96.51,2,1.594,9.156,4,1,0.3748,0.5345,0.1878,2,0,1
488.17,1,3,133.14,2,0.824,10.0478,8,0,0.7943,0.6314,0.1428,2,0,1
155.91,4,2,226.98,0,1.2761,3.7258,2,1,0.2665,0.562,0.1369,2,1,0
187.75,2,1,88.9,3,2.3978,0.0,9,0,0.3278,0.6348,0.1126,0,0,1
143.6,2,1,118.49,0,3.2489,2.3148,2,0,0.7323,0.5503,0.055,0,0,0
273.34,0,2,67.46,1,0.7911,0.0,8,1,0.3306,0.3206,0.003,0,1,0
231.85,1,2,151.13,1,1.1059,6.9155,5,1,0.8729,0.439,0.0442,1,1,0
183.92,2,2,234.7,2,0.9895,0.0,8,1,0.2647,0.2275,0.1442,2,1,0
303.68,5,3,187.66,1,0.7356,5.3379,3,1,0.2442,0.3477,0.163,2,0,0
310.27,1,1,146.72,1,1.1404,0.0,7,1,0.4351,0.4081,0.0222,0,0,1
484.56,3,2,60.9,0,1.0763,0.0,6,0,0.2823,0.7556,0.1446,1,1,1
264.74,4,5,203.6,1,1.4323,7.1163,2,1,0.7571,0.685,0.1444,1,0,1
191.16,2,2,111.08,0,1.5739,0.0,8,0,0.331,0.4211,0.041,3,0,1
193.1,1,0,57.38,1,1.3588,0.0,3,0,0.1706,0.5268,0.2221,3,1,0
66.21,2,1,43.54,0,0.7601,9.1922,2,1,0.271,0.209,0.1557,1,0,0
268.94,3,4,32.45,0,0.4569,0.0,5,0,0.1908,0.6102,0.2405,1,1,0
455.15,4,1,26.46,1,1.8395,0.0,4,1,0.612,0.775,0.029,1,0,1
140.4,2,3,138.28,2,1.0786,0.0,7,1,0.306,0.3333,0.1353,1,1,0
429.7,2,4,118.28,3,1.0189,2.2589,6,1,0.5324,0.5252,0.0765,0,1,1
295.07,3,4,83.75,2,0.9814,0.0,4,0,0.6142,0.6322,0.1069,2,1,0
322.75,2,0,85.38,0,1.0283,0.0,3,0,0.5484,0.5873,0.074,0,0,0
369.15,6,8,176.19,1,1.1789,0.0,4,0,0.8894,0.403,0.2166,1,0,1
290.09,2,2,99.42,0,1.4706,7.6798,5,0,0.4418,0.658,0.1041,3,0,0
317.28,1,2,173.87,2,1.6306,6.4351,4,0,0.6598,0.5138,0.0774,3,0,1
396.35,1,3,163.82,0,1.3466,0.0,4,0,0.5909,0.2716,0.1553,2,1,0
385.36,2,1,80.89,1,1.2973,0.0,4,1,0.6065,0.621,0.0808,3,1,0
447.38,4,2,188.01,1,1.2457,0.0,4,0,0.6074,0.6318,0.0138,5,1,1
127.73,4,2,80.35,0,1.3537,5.8263,3,0,0.458,0.5683,0.0263,1,0,0
505.05,9,3,220.46,2,1.6383,0.0,7,1,0.3216,0.7652,0.1942,3,0,1
150.15,3,0,21.92,3,2.1849,0.0,10,0,0.5488,0.2295,0.063,1,1,1
183.71,1,0,77.1,1,0.7894,4.8988,7,0,0.3355,0.5843,0.0363,0,1,0
38.86,0,3,163.63,3,1.7392,0.0,4,1,0.6494,0.5958,0.109,1,0,0
288.43,5,1,32.97,1,0.9424,8.9416,5,1,0.4642,0.5358,0.0923,1,1,0
205.29,1,1,98.12,1,1.2387,0.0,7,0,0.4871,0.2391,0.1914,1,1,1
199.03,3,3,227.0,1,1.2452,0.0,7,0,0.8108,0.2099,0.0884,2,0,1
99.35,2,2,184.67,2,2.0498,0.0,8,1,0.6429,0.4678,0.0175,1,1,1
455.09,7,1,26.21,1,1.892,0.0,3,0,0.5552,0.4805,0.0657,2,1,1
223.2,0,0,28.57,1,2.044,0.0,5,0,0.259,0.3526,0.0834,0,0,1
284.21,7,3,51.2,0,0.8911,8.2852,4,0,0.4157,0.6467,0.2016,0,1,1
268.99,2,2,135.87,1,1.3766,0.0,7,0,0.442,0.4937,0.0444,0,0,1
600.0,3,4,256.06,2,1.176,0.0,8,1,0.7376,0.5152,0.063,3,0,1
288.51,2,1,109.2,1,1.3797,0.0,3,0,0.8133,0.2947,0.349,0,1,0
533.51,4,3,47.17,1,1.0895,0.0,5,0,0.4871,0.4714,0.0961,1,1,1
195.92,2,1,156.58,1,2.5466,0.0,9,0,0.4472,0.2518,0.0367,0,1,1
252.18,2,0,64.58,0,2.026,0.0,1,0,0.3096,0.4575,0.2377,0,1,0
132.47,3,3,47.96,0,1.5071,0.0,4,0,0.5537,0.5883,0.1291,1,0,1
322.26,6,2,53.81,1,3.0232,9.532,6,0,0.2639,0.4435,0.1103,1,1,1
353.48,6,3,54.25,1,1.0259,0.0,2,1,0.8787,0.5949,0.1048,3,0,1
369.53,1,2,179.8,2,0.9666,9.8962,7,0,0.3064,0.5184,0.0378,1,1,0
203.54,2,3,83.4,0,1.4726,0.0,7,0,0.4283,0.4028,0.2049,2,1,1
182.04,3,2,46.02,1,1.0545,7.4924,4,0,0.2516,0.2775,0.1703,0,0,1
432.56,3,5,57.12,2,0.7916,12.1503,5,1,0.496,0.515,0.2268,1,0,1
194.78,2,0,117.23,1,1.7288,1.4172,2,1,0.0674,0.5838,0.0741,1,1,0
190.0,4,1,72.19,0,1.2838,0.0,3,0,0.526,0.5761,0.2095,4,1,0
225.18,4,3,115.62,0,1.004,0.0,8,0,0.551,0.5896,0.0117,1,1,0
247.16,2,3,31.34,0,0.9145,4.2176,3,0,0.4592,0.2839,0.0665,2,0,0
101.22,1,4,75.82,2,1.1013,0.0,4,0,0.4699,0.2749,0.0643,2,0,1
243.91,3,5,117.52,2,0.4294,0.0,7,0,0.7114,0.547,0.1527,3,0,1
165.99,2,1,28.88,0,0.9727,0.0,2,0,0.1477,0.5205,0.0551,1,0,1
217.09,3,2,133.03,3,1.3413,0.0,7,1,0.5729,0.4893,0.0472,0,1,1
375.48,1,5,171.96,0,2.0467,0.0,1,1,0.2105,0.6869,0.2196,1,0,1
311.05,4,4,101.45,2,1.4353,10.5366,6,0,0.6097,0.4893,0.05,0,1,1
474.57,4,4,135.78,0,1.5979,0.0,8,1,0.3546,0.5951,0.0853,5,0,1
285.86,4,3,78.62,0,1.4785,0.0,3,0,0.3538,0.6882,0.126,5,1,0
300.15,5,1,145.45,1,0.9897,7.0438,3,0,0.9344,0.4137,0.0296,2,0,0
370.93,2,1,77.63,0,0.9695,0.0,3,0,0.3755,0.6541,0.0372,1,0,0
600.0,6,4,74.91,1,0.8534,0.0,4,0,0.7347,0.4817,0.1417,3,1,0
298.04,3,4,109.65,3,1.4389,0.0,3,0,0.4848,0.4196,0.0587,1,0,1
106.67,2,5,96.94,1,0.5177,6.1168,1,0,0.5314,0.4501,0.1634,2,0,1
228.52,3,3,82.16,1,0.6084,11.6004,2,1,0.3187,0.3439,0.1527,1,0,1
199.91,2,6,75.36,2,1.5505,0.0,6,0,0.2951,0.2142,0.1339,1,1,0
362.51,1,1,7.45,1,2.7444,6.8801,3,1,0.739,0.3095,0.0919,0,1,0
398.2,1,0,34.32,0,0.9274,0.0,4,1,0.5039,0.4014,0.1874,0,1,0
305.94,2,0,17.0,0,3.2304,0.0,3,0,0.699,0.7662,0.0211,1,1,0
402.76,4,3,206.22,2,1.68,0.0,2,0,0.4891,0.5894,0.3372,2,0,1
386.83,0,4,31.21,0,0.4218,10.8806,3,0,0.4286,0.1845,0.0684,1,0,1
460.18,3,2,50.16,3,1.1788,3.6603,7,0,0.4168,0.5863,0.1725,2,0,1
190.83,5,3,133.08,1,0.3053,7.9946,5,0,0.6494,0.2237,0.0746,2,0,1
366.98,5,1,72.9,1,1.5507,6.609,4,0,0.1891,0.4821,0.3595,2,0,1
134.6,0,2,28.21,2,1.6985,12.1217,7,0,0.3237,0.8226,0.0348,0,0,0
133.32,1,5,65.9,0,3.3587,9.7847,1,0,0.3035,0.3101,0.1684,0,1,0
338.14,4,7,194.02,0,1.6523,0.0,1,1,0.3385,0.4093,0.1388,0,1,1
110.66,2,0,40.95,0,0.6676,9.8417,2,0,0.1853,0.6973,0.1515,0,0,0
232.52,1,1,37.95,0,1.039,0.0,3,0,0.2439,0.4135,0.0484,1,1,0
316.51,5,2,23.9,1,1.5664,9.1673,5,0,0.5395,0.5026,0.1852,1,1,1
258.32,4,3,152.74,0,0.9357,10.0896,5,0,0.5976,0.4299,0.1077,1,0,1
64.4,0,1,112.93,0,0.8161,0.0,3,0,0.2924,0.475,0.1473,1,0,0
300.11,4,3,51.4,1,0.7394,0.0,5,0,0.3235,0.3358,0.083,1,1,0
170.88,1,2,9.08,0,1.0109,0.0,4,1,0.2893,0.4596,0.1253,0,1,0
270.38,3,2,82.86,0,0.732,0.0,3,0,0.5012,0.2467,0.0309,0,1,0
142.84,3,3,132.6,1,1.2799,0.0,4,0,0.6727,0.5695,0.2777,0,0,1
230.43,0,0,25.88,3,0.8003,0.0,6,0,0.521,0.3181,0.0486,1,0,0
80.27,0,3,141.65,1,0.6904,0.0,5,0,0.5532,0.5706,0.0665,1,0,1
495.52,4,4,84.59,0,1.047,8.3429,3,0,0.5327,0.328,0.0469,1,1,1
302.11,2,6,108.65,0,1.2156,8.0706,4,0,0.3479,0.3718,0.1658,1,1,1
352.71,2,0,36.91,0,1.46,6.0553,8,0,0.2361,0.2136,0.0235,1,1,1
512.43,4,2,71.9,1,0.9604,0.0,8,0,0.1953,0.6019,0.1812,2,1,1
227.06,1,1,191.39,0,1.6143,8.9145,4,0,0.4752,0.3411,0.1599,1,0,1
302.41,1,2,180.36,0,1.1793,0.0,3,1,0.3421,0.5886,0.1915,0,1,1
266.97,0,2,95.64,1,1.6989,0.0,4,1,0.2821,0.3066,0.182,1,1,0
215.05,3,1,104.93,1,0.7616,4.2382,2,0,0.5332,0.3144,0.1351,2,1,1
284.81,6,4,166.57,0,1.2144,10.9259,2,0,0.2224,0.745,0.1406,1,1,1
145.47,1,0,48.47,1,2.0561,3.7475,4,0,0.4572,0.6561,0.0295,0,0,0
276.57,2,2,51.28,2,2.3173,12.7989,5,0,0.2668,0.7788,0.2843,1,0,1
278.7,2,2,72.22,1,1.6648,0.0,6,0,0.3051,0.6093,0.308,1,1,0
196.83,4,4,71.48,1,2.0387,0.0,5,1,0.7032,0.6119,0.0644,1,0,1
190.72,2,2,77.45,2,0.8724,8.7888,5,1,0.3776,0.3169,0.2079,3,0,1
398.56,4,4,49.51,3,0.7771,0.0,7,1,0.6373,0.7433,0.0846,0,0,1
564.14,2,3,86.01,2,1.4454,0.0,4,0,0.7486,0.4116,0.0816,0,1,1
62.89,2,4,54.04,1,1.3915,0.0,6,0,0.7227,0.48,0.0975,0,0,1
402.49,4,2,132.58,2,0.931,11.3268,4,0,0.5403,0.1556,0.1977,0,0,1
249.81,2,6,165.94,1,0.8447,0.0,6,0,0.7968,0.5517,0.1561,1,1,1
346.12,4,6,113.22,0,0.9167,11.1125,2,1,0.7496,0.3419,0.0462,2,1,1
244.66,4,4,154.48,0,1.728,0.0,3,0,0.4237,0.2617,0.0945,2,1,1
600.0,4,4,156.47,3,1.6188,0.0,6,0,0.4433,0.2951,0.0951,3,0,1
375.58,2,0,71.76,2,2.6362,0.0,5,0,0.6572,0.2529,0.0123,1,0,1
209.33,2,1,171.49,3,1.2245,0.0,4,0,0.3257,0.6887,0.1096,5,0,1
394.04,4,0,129.67,1,1.0326,0.0,4,0,0.4602,0.3291,0.0117,0,1,0
426.38,1,5,61.67,1,1.0244,0.0,7,0,0.5263,0.5929,0.105,1,0,1
445.63,4,6,108.79,0,0.6794,5.9964,2,0,0.1257,0.3728,0.1833,0,0,1
297.15,0,1,126.86,1,1.2084,3.5387,5,1,0.4849,0.6042,0.0663,1,1,0
329.76,4,2,104.03,0,1.9041,11.1284,3,0,0.6893,0.3641,0.0455,2,0,1
162.69,3,4,62.81,0,0.9372,0.0,9,1,0.5415,0.2592,0.19,1,0,1
161.68,3,1,49.83,2,0.7331,5.9042,10,0,0.0388,0.5318,0.0456,0,0,1
221.37,2,2,166.87,0,0.8867,0.0,6,0,0.4859,0.2926,0.0966,3,0,1
326.3,6,4,190.14,0,1.3328,0.0,3,0,0.7854,0.5499,0.1916,3,0,1
78.49,1,0,23.43,2,0.9216,1.3699,2,0,0.1399,0.2978,0.0386,1,1,0
405.87,6,1,72.94,3,1.9455,6.7377,5,1,0.3826,0.4103,0.0616,1,0,1
280.91,1,0,69.58,0,0.8555,0.0,6,1,0.5897,0.7384,0.0064,2,1,0
510.55,6,6,171.77,3,1.0609,0.0,6,0,0.4994,0.5928,0.1204,3,0,1
26.43,0,2,98.72,2,0.6188,7.2999,5,1,0.5475,0.4929,0.0507,1,0,0
275.75,4,3,128.9,1,0.8627,0.0,3,1,0.5334,0.5516,0.0857,3,0,1
451.59,5,2,105.58,3,0.9237,0.0,1,0,0.4108,0.7262,0.1435,3,1,0
308.95,1,4,107.41,3,0.8684,0.0,2,0,0.7073,0.3654,0.1797,1,0,0
221.21,3,3,182.89,2,1.6157,3.1313,5,0,0.3756,0.4184,0.0752,0,1,0
234.06,2,1,54.33,1,1.9146,0.0,2,0,0.2773,0.7059,0.0708,0,0,1
102.8,0,0,134.79,1,1.8619,8.216,4,0,0.8965,0.256,0.0191,2,0,0
351.18,6,6,196.6,1,1.3686,0.0,4,0,0.6307,0.7549,0.0247,2,1,1
50.2,1,1,29.75,3,1.3504,0.0,6,0,0.2062,0.4973,0.1401,1,0,1
223.88,2,2,63.42,2,2.1233,0.0,2,1,0.3271,0.4041,0.0511,0,0,1
377.6,10,2,42.78,1,0.7075,0.0,5,0,0.2615,0.6082,0.3086,3,0,1
277.55,2,2,58.75,0,1.0404,6.1772,1,0,0.225,0.6372,0.0794,0,0,1
199.67,3,3,141.61,1,0.8748,0.0,5,0,0.6013,0.4426,0.2077,2,0,1
264.41,2,2,162.23,2,0.8603,13.9947,6,0,0.2242,0.5018,0.075,3,0,1
139.32,1,1,11.74,1,1.6598,3.7645,2,0,0.4242,0.8592,0.0551,0,1,1
240.54,2,2,84.39,0,1.4221,0.0,2,0,0.289,0.7189,0.1385,2,0,0
91.75,1,1,29.21,1,1.015,0.0,1,0,0.1232,0.3593,0.1685,2,0,0
211.03,2,1,71.8,0,2.8155,0.0,3,1,0.3817,0.4969,0.1933,0,0,0
391.06,5,4,152.55,1,1.5032,0.0,10,0,0.6302,0.2381,0.2785,4,1,1
343.62,4,1,26.22,0,1.1185,0.0,4,0,0.3183,0.4736,0.1159,0,1,0
241.52,1,2,192.09,1,1.7068,0.0,2,1,0.4808,0.2089,0.0549,0,0,1
130.06,3,2,24.16,1,0.8691,0.0,8,0,0.7312,0.4448,0.1698,1,1,0
210.97,4,0,43.46,2,1.4176,6.3462,3,1,0.5907,0.5566,0.1029,0,0,1
600.0,0,1,100.01,2,1.2615,9.5315,7,0,0.3324,0.2798,0.2415,0,1,1
269.45,0,4,119.9,0,0.741,0.0,3,0,0.6163,0.3809,0.0928,2,0,0
227.39,6,4,43.4,0,0.787,4.2488,2,0,0.5323,0.6226,0.1283,2,0,1
107.63,1,2,206.0,2,1.1239,0.0,10,1,0.2072,0.5472,0.0682,0,0,0
179.88,5,6,182.09,1,0.8827,0.0,6,0,0.6315,0.1903,0.1611,2,0,1
401.5,1,4,55.43,1,2.2714,7.4825,7,0,0.3084,0.6223,0.1695,1,1,1
324.18,5,4,103.38,1,1.5341,0.0,3,1,0.6034,0.6151,0.0628,0,0,1
209.01,3,5,28.38,1,1.4424,0.0,4,1,0.5013,0.36,0.0977,1,1,0
425.02,9,6,152.04,2,1.2339,0.0,3,0,0.5682,0.4819,0.2369,1,0,1
225.47,0,2,135.92,1,1.352,0.0,2,0,0.8145,0.5362,0.0925,0,1,0
432.58,4,6,78.48,0,2.8022,9.5011,4,0,0.6489,0.4622,0.1539,5,0,1
235.97,3,0,68.38,0,1.9292,0.0,3,0,0.4841,0.3942,0.1277,0,1,0
243.47,1,0,47.96,1,2.0725,6.4626,3,0,0.3547,0.3767,0.1571,1,0,1
338.42,4,1,24.05,1,1.5717,0.0,2,0,0.4227,0.4979,0.1293,1,0,0
240.45,1,3,99.26,1,0.7375,0.0,3,0,0.2662,0.3114,0.1364,3,1,0
434.31,6,5,176.7,0,1.423,0.0,3,0,0.4851,0.2609,0.0596,3,0,1
292.75,5,5,64.37,1,1.3429,0.0,2,0,0.7161,0.3711,0.3031,5,1,1
343.94,5,6,118.65,0,0.4516,0.0,3,0,0.5614,0.3647,0.0501,2,1,0
259.71,7,5,96.35,0,1.5565,0.0,4,1,0.7809,0.6949,0.1135,1,1,1
359.69,4,4,134.18,0,1.9338,10.6492,1,0,0.1704,0.3844,0.1414,1,1,1
458.87,3,1,90.78,0,1.639,3.2961,2,0,0.6588,0.4284,0.195,2,0,1
72.72,1,4,58.07,0,0.6815,11.63,2,0,0.1997,0.379,0.4804,2,1,1
14.91,0,2,32.18,0,1.1212,0.0,4,0,0.4936,0.5161,0.0047,1,1,0
285.57,3,3,105.37,1,0.4999,0.0,4,1,0.2355,0.5476,0.13,2,0,1
205.35,0,1,113.98,4,0.8418,10.2732,9,0,0.1479,0.323,0.2066,1,0,1
351.37,1,1,41.52,1,0.5072,1.9204,6,0,0.8378,0.427,0.0244,1,0,0
187.21,2,3,164.32,1,1.572,7.6426,5,0,0.4209,0.6734,0.0131,1,0,1
447.57,4,5,168.65,0,1.2649,0.0,2,0,0.6476,0.3699,0.1061,0,0,1
421.21,2,5,33.53,0,1.1394,0.0,1,1,0.5152,0.5536,0.134,1,0,1
228.05,3,5,136.87,0,0.7701,3.3313,3,0,0.3979,0.4735,0.06,0,1,0
103.82,0,2,129.14,2,1.3551,3.9831,6,1,0.3324,0.3361,0.0133,0,0,0
384.59,5,4,130.2,0,0.2786,7.6263,4,0,0.6148,0.2515,0.0386,1,0,0
136.12,0,0,61.11,0,1.997,12.4295,4,1,0.5638,0.4481,0.1113,1,0,1
317.97,3,1,51.05,1,0.6787,0.0,3,0,0.6103,0.5394,0.0487,0,1,0
120.25,2,1,72.12,2,2.3418,0.0,5,0,0.3213,0.5889,0.0384,1,0,1
553.59,7,1,159.76,0,1.315,0.0,5,0,0.5053,0.6103,0.0631,3,1,1
105.48,0,0,79.82,2,1.3122,0.0,6,0,0.1828,0.3871,0.1366,1,0,0
198.02,3,2,44.93,2,1.6288,0.0,7,0,0.4186,0.6117,0.1448,3,0,0
231.8,2,0,51.47,2,1.8951,8.1278,3,0,0.2587,0.388,0.0119,0,0,0
343.89,1,2,117.95,3,1.4846,5.9891,7,0,0.3027,0.7847,0.2381,0,1,1
363.98,2,3,91.15,0,0.5256,6.7803,6,1,0.1356,0.6363,0.1508,2,1,1
279.86,2,3,104.44,1,2.3534,0.0,7,0,0.4759,0.3954,0.0263,0,0,1
269.78,4,2,32.39,2,1.8777,5.2656,8,0,0.6964,0.6332,0.0921,4,1,1
298.54,3,3,191.12,5,4.0,7.1764,6,0,0.1719,0.3942,0.1618,0,0,1
250.77,2,0,96.59,3,1.1989,4.3229,8,1,0.3182,0.6342,0.1965,2,1,0
428.41,0,1,107.86,1,1.0168,13.1417,5,1,0.271,0.4187,0.1025,0,0,0
273.42,5,2,52.95,2,1.8841,0.0,8,0,0.2569,0.6457,0.0193,1,1,0
211.75,2,2,124.72,1,1.3784,0.0,7,0,0.4417,0.5003,0.0644,1,1,1
305.26,1,5,75.23,0,1.6852,12.5027,3,0,0.345,0.6265,0.0652,0,0,0
288.93,2,1,196.71,1,0.7445,0.0,6,0,0.3376,0.4223,0.0449,0,1,0
196.28,3,0,46.22,1,1.1411,2.3321,9,0,0.4717,0.5382,0.1692,2,1,1
284.32,3,6,112.04,0,0.8897,4.3267,3,0,0.4173,0.4808,0.1791,3,0,0
600.0,4,4,48.72,0,3.6575,0.0,2,0,0.2692,0.6107,0.0615,1,1,1
149.42,1,2,168.96,1,0.9987,0.0,2,1,0.6856,0.5634,0.0247,1,0,0
252.26,0,3,71.11,0,1.0482,0.0,2,0,0.6937,0.4175,0.2597,1,0,1
600.0,9,4,83.89,3,0.9351,0.0,9,0,0.5878,0.8411,0.0523,1,0,1
232.27,2,1,104.19,0,1.6586,0.0,5,0,0.3267,0.4621,0.0985,0,0,1
595.85,5,4,149.39,2,1.8363,10.5007,4,0,0.5383,0.5739,0.108,2,1,1
327.14,4,1,94.34,0,0.9528,8.9808,4,1,0.1571,0.6132,0.2704,0,1,0
508.76,4,6,56.65,2,1.0763,7.81,1,0,0.5084,0.4475,0.0589,2,1,1
301.6,5,1,28.3,2,1.2563,0.0,2,0,0.4566,0.4958,0.0493,1,1,0
156.73,1,1,82.47,1,1.3481,0.0,8,0,0.5386,0.4054,0.1555,0,0,0
293.02,7,4,83.58,0,1.3862,0.0,8,0,0.599,0.4972,0.2408,4,0,1
91.32,2,0,66.05,1,1.3828,3.7151,2,0,0.721,0.5014,0.1686,0,0,0
279.47,3,2,48.83,0,0.7079,5.0206,4,1,0.3391,0.2895,0.0369,1,1,0
569.7,6,6,164.11,2,2.3332,0.0,6,1,0.568,0.6038,0.1035,5,1,1
163.47,4,5,123.66,2,1.8165,0.0,5,1,0.3864,0.6671,0.0937,1,0,1
266.14,2,1,28.19,2,1.7172,4.8324,4,1,0.1152,0.486,0.0557,0,1,0
220.0,4,3,21.65,2,0.5023,0.0,3,0,0.7355,0.755,0.1591,0,0,1
227.49,7,6,148.69,0,0.5789,3.8936,4,0,0.2813,0.5067,0.075,1,1,1
535.46,0,1,70.46,2,2.0218,7.7419,7,0,0.3145,0.2919,0.1897,0,0,1
131.76,0,2,65.37,0,2.463,0.0,4,1,0.7322,0.4462,0.1086,1,0,1
143.38,2,3,145.05,4,1.7326,0.0,2,1,0.3957,0.7419,0.0045,2,0,0
224.88,4,3,151.94,1,2.4478,6.2452,5,1,0.8129,0.7323,0.0666,3,1,1
209.84,5,5,162.5,0,3.2624,0.0,5,0,0.3014,0.7713,0.0535,0,0,1
298.36,1,1,145.9,1,0.3001,8.1308,4,0,0.2397,0.2496,0.2017,3,0,1
511.86,3,4,109.79,0,1.9645,8.5373,6,0,0.8481,0.2877,0.1946,1,1,1
269.46,1,2,48.08,1,1.7453,0.0,4,0,0.5767,0.4703,0.0804,0,1,0
376.07,6,5,20.72,2,1.0852,0.0,5,0,0.4675,0.2749,0.2005,1,0,1
244.17,2,0,74.19,0,1.4705,0.0,5,1,0.6002,0.6981,0.0277,1,0,0
216.74,4,5,83.54,0,1.2573,2.0599,3,1,0.696,0.556,0.1195,2,1,1
372.19,2,4,106.55,0,1.1815,0.0,5,1,0.4791,0.4776,0.2549,2,0,1
90.95,2,1,27.01,0,1.0263,0.0,5,0,0.1329,0.333,0.0881,0,0,0
322.29,3,0,86.41,2,1.3931,11.5345,4,0,0.2993,0.5438,0.0773,1,1,1
233.09,2,1,45.36,1,1.1882,5.9043,4,0,0.4792,0.4157,0.2681,1,0,1
600.0,10,3,168.44,1,1.0519,0.0,6,0,0.6407,0.4622,0.0228,2,0,1
220.08,0,0,63.16,0,1.5171,0.0,1,0,0.5287,0.3889,0.0299,3,1,0
371.2,3,5,139.11,1,0.686,6.8111,2,0,0.5737,0.2965,0.1238,2,0,0
181.48,2,2,30.23,1,2.6928,0.0,4,1,0.6564,0.6782,0.1135,2,0,1
135.43,3,2,107.02,3,0.9406,0.0,5,1,0.4954,0.6983,0.0429,2,0,1
310.23,2,3,71.17,0,0.8966,6.2257,3,0,0.6336,0.3253,0.1529,0,0,0
123.39,3,4,150.8,0,0.9007,0.0,6,0,0.7025,0.3098,0.1326,1,0,0
380.49,6,3,186.47,3,3.1494,0.0,7,0,0.3819,0.7987,0.1518,1,0,1
245.32,3,2,41.85,2,1.0773,0.0,4,0,0.6804,0.5666,0.1007,0,0,1
404.74,2,3,119.89,0,0.6373,9.2301,6,0,0.7179,0.7721,0.0127,0,0,1
445.86,3,1,216.45,0,0.4716,8.1101,1,0,0.7329,0.3117,0.0276,0,1,1
344.85,1,1,208.91,1,1.6734,0.0,5,0,0.2635,0.3384,0.008,0,0,0
27.02,0,1,86.26,2,1.0292,0.0,4,0,0.7177,0.4783,0.0275,1,0,1
303.96,2,0,139.22,2,1.1461,0.0,4,0,0.3608,0.5217,0.0237,1,0,1
161.78,4,2,32.42,0,2.6242,0.0,6,0,0.1963,0.4293,0.0745,1,0,1
261.98,2,3,90.17,1,0.805,4.2734,7,1,0.74,0.5023,0.1066,0,1,1
237.95,3,1,21.36,2,1.2664,0.0,10,1,0.5913,0.5121,0.1146,2,0,1
290.64,1,2,35.99,0,1.1693,0.0,4,0,0.5471,0.2561,0.1642,0,0,0
358.34,3,4,91.3,0,1.2806,0.0,4,0,0.7326,0.2375,0.0869,1,0,0
175.95,1,1,106.34,2,1.1879,10.5669,5,1,0.361,0.6368,0.0562,4,0,0
463.22,4,5,84.4,0,1.7522,0.0,1,1,0.2749,0.6474,0.0667,4,0,1
84.02,1,2,139.71,1,1.0067,4.0761,3,0,0.4009,0.7319,0.1359,3,1,0
242.13,2,2,42.66,1,1.21,7.2735,2,1,0.6773,0.6025,0.1471,2,0,1
200.01,0,0,142.75,0,1.3697,0.0,3,0,0.4347,0.3376,0.1408,1,0,0
133.29,2,3,32.58,2,1.005,0.0,2,1,0.3992,0.3637,0.1029,0,0,1
485.61,2,3,97.57,1,1.2066,2.5011,10,0,0.4975,0.5453,0.0483,1,0,0
230.72,5,4,113.35,1,0.9697,0.0,4,0,0.8861,0.3846,0.1875,3,1,1
170.01,2,3,101.48,2,0.9359,2.333,6,1,0.3527,0.3761,0.0705,2,0,1
338.44,3,0,56.07,1,1.958,0.0,1,0,0.7041,0.4333,0.0798,3,0,1
197.94,6,2,102.96,1,2.4044,0.0,3,1,0.3037,0.5038,0.0662,3,1,1
380.84,2,2,59.36,0,2.872,0.0,2,0,0.547,0.6015,0.1692,2,0,1
399.28,4,0,3.31,1,1.613,0.0,4,0,0.4032,0.7561,0.1078,0,0,0
600.0,10,5,105.33,0,1.1581,10.3994,6,0,0.558,0.501,0.1095,2,0,1
167.36,0,0,34.95,2,1.9496,5.2651,10,1,0.2103,0.5423,0.1902,0,0,1
264.11,2,3,48.08,1,4.0,12.0394,7,0,0.6004,0.7389,0.0992,2,0,1
434.3,3,7,133.18,0,1.7116,4.2852,1,0,0.3644,0.4211,0.1273,0,0,1
133.05,3,1,140.29,0,0.9612,8.0328,1,1,0.6135,0.4668,0.0204,0,1,0
85.42,2,2,131.3,1,0.6571,4.6967,5,0,0.3236,0.3187,0.0882,0,1,0
246.16,4,5,146.78,1,0.4849,9.1688,3,0,0.6925,0.2126,0.3478,2,0,1
209.0,4,4,113.87,1,0.8794,8.2456,2,0,0.5234,0.3207,0.2847,1,1,1
452.31,1,1,43.61,1,1.0371,8.1594,1,0,0.2356,0.5009,0.1472,1,0,1
275.2,1,2,93.52,0,1.9912,0.0,3,0,0.0837,0.178,0.1233,0,0,0
158.18,0,2,199.01,2,0.9959,0.0,6,0,0.4418,0.4927,0.1184,2,1,0
430.01,5,4,120.81,3,1.0659,0.0,7,0,0.5734,0.3745,0.1976,1,1,1
466.09,4,2,125.04,0,2.2038,6.5821,1,0,0.8617,0.5743,0.1658,1,0,1
445.91,6,5,128.01,2,1.5709,13.2714,6,1,0.5088,0.4905,0.21,2,1,1
281.06,2,2,36.03,2,0.8616,0.0,3,0,0.2169,0.342,0.1244,0,0,0
247.93,2,4,31.53,2,1.7144,0.0,7,0,0.5878,0.671,0.149,0,0,1
163.45,1,1,54.58,3,0.8695,11.3987,3,0,0.3145,0.3651,0.119,1,0,0
467.41,5,1,147.62,1,3.2334,8.5962,3,0,0.6815,0.4837,0.1587,1,0,1
423.49,4,3,94.89,1,1.4976,0.0,2,1,0.3623,0.6713,0.1336,1,1,0
254.53,3,6,68.9,1,1.8566,0.0,4,0,0.0973,0.3617,0.0933,2,1,1
168.77,0,2,113.17,0,1.047,7.9178,1,0,0.6851,0.4241,0.0054,0,1,0
317.06,2,3,106.77,0,1.4898,10.2466,1,1,0.3226,0.4113,0.1453,0,0,0
237.61,5,3,123.72,2,1.1826,10.7911,5,1,0.563,0.5663,0.103,1,1,1
474.73,5,3,75.2,1,2.6125,3.801,6,1,0.29,0.6577,0.1061,1,0,1
230.84,5,4,95.88,1,2.2423,0.0,7,0,0.7251,0.6724,0.1169,3,0,1
142.47,3,5,142.08,0,1.6979,0.0,4,0,0.8679,0.511,0.1457,3,0,0
97.25,0,0,104.54,1,1.5728,0.0,4,1,0.3988,0.6703,0.234,1,0,0
188.23,3,1,177.75,3,2.0059,0.4635,2,0,0.3137,0.4632,0.1424,0,0,1
600.0,4,3,204.74,1,1.0809,0.0,3,0,0.6729,0.4371,0.1082,0,0,1
268.1,2,4,43.23,2,1.2548,8.2568,3,0,0.4522,0.5782,0.0891,2,1,1
55.92,1,2,62.85,0,1.389,0.0,3,0,0.555,0.5747,0.1354,0,0,0
198.96,1,3,25.56,0,1.5557,0.0,5,1,0.2173,0.6442,0.2222,1,0,1
220.06,3,0,54.51,1,1.5555,3.4427,7,0,0.6931,0.3553,0.3065,0,1,1
184.25,1,0,50.08,0,0.8842,0.0,5,0,0.8176,0.4348,0.0668,0,1,0
138.25,1,2,104.4,1,0.4663,0.0,6,0,0.9245,0.5027,0.1995,0,1,1
274.69,3,3,24.85,1,0.8844,0.0,9,1,0.2566,0.6272,0.098,1,0,1
298.35,4,4,54.23,0,0.9659,7.7002,4,0,0.2125,0.4335,0.0969,0,0,1
203.11,2,3,161.7,1,3.2165,0.0,4,0,0.6085,0.4724,0.0681,2,0,1
324.9,4,1,128.35,2,2.2886,0.0,5,0,0.3142,0.4171,0.1125,2,1,1
410.22,8,4,183.12,0,0.7159,0.9757,4,0,0.3409,0.7064,0.1058,1,0,1
62.24,1,1,23.56,0,1.6379,0.0,4,1,0.2527,0.4412,0.1152,3,0,1
281.36,8,1,175.8,0,0.9162,0.0,4,0,0.6204,0.5081,0.0793,0,0,1
308.3,5,4,145.23,0,0.9537,12.7631,5,1,0.5267,0.6896,0.2548,5,0,1
483.56,9,2,87.42,1,1.4248,0.0,5,0,0.3992,0.7415,0.0443,3,0,1
84.63,0,3,91.99,1,1.0609,0.0,4,1,0.3172,0.5726,0.0842,0,1,0
299.64,3,5,46.67,3,1.3396,0.0,8,0,0.4889,0.6162,0.2581,3,0,1
221.42,1,2,65.46,3,2.8006,0.0,7,1,0.2365,0.8012,0.0659,2,0,1
249.0,4,3,187.79,2,0.7522,7.3831,9,0,0.3957,0.4134,0.0573,3,0,1
93.32,2,2,33.35,0,1.2554,13.7064,3,0,0.614,0.412,0.0712,3,1,1
498.95,4,4,101.38,1,1.9705,0.0,5,0,0.2267,0.5254,0.1477,3,1,0
165.13,2,0,72.28,0,0.8498,12.1131,5,0,0.6903,0.5177,0.1896,0,0,1
264.7,3,3,92.99,1,1.5453,5.2595,3,0,0.2334,0.5767,0.0365,1,1,1
218.88,4,0,85.08,0,1.5521,7.9871,4,0,0.8596,0.4514,0.1985,3,0,1
215.43,2,2,59.93,1,0.2916,10.4958,5,0,0.2605,0.2263,0.0034,0,1,0
208.22,4,2,114.52,1,1.1176,10.8442,4,1,0.7671,0.6946,0.0805,3,0,0
227.22,3,3,119.5,2,1.4183,0.0,5,1,0.2394,0.5265,0.2286,2,1,0
371.45,2,0,14.64,3,0.7161,0.0,4,0,0.4111,0.2882,0.0805,1,0,0
399.24,8,5,191.77,0,1.8591,4.5252,7,0,0.548,0.4754,0.0779,1,0,1
461.69,3,1,92.18,0,2.5257,0.0,7,1,0.5013,0.5846,0.3215,1,0,1
499.54,4,2,87.25,0,0.8809,0.0,1,0,0.715,0.5258,0.101,5,0,0
600.0,1,3,71.36,2,1.2068,0.0,5,1,0.3394,0.392,0.0931,0,0,0
546.31,10,4,203.0,2,1.533,0.0,3,0,0.3706,0.4262,0.0632,0,0,1
449.73,2,2,208.95,1,0.9535,0.0,2,0,0.8426,0.5887,0.0384,2,1,0
272.93,2,2,114.09,2,0.9907,0.0,2,0,0.1872,0.6187,0.0746,0,1,1
54.73,0,2,30.42,2,1.2763,0.8569,5,0,0.1729,0.5518,0.0342,0,1,0
600.0,6,6,164.55,2,0.5465,0.0,2,1,0.4105,0.5565,0.2175,1,0,1
249.87,3,0,83.36,1,1.4279,3.353,2,0,0.2288,0.309,0.0507,1,1,0
309.74,2,4,66.94,2,1.3668,0.0,6,0,0.2928,0.7679,0.073,0,0,0
440.12,4,2,216.7,1,1.4955,7.0105,9,0,0.414,0.5044,0.2291,0,0,1
362.45,1,3,5.84,3,1.3399,9.0944,6,1,0.7063,0.4513,0.1045,0,0,1
202.99,2,1,20.17,1,1.4063,9.4015,9,0,0.243,0.4179,0.0936,0,1,1
206.32,2,4,77.18,1,0.7194,1.5455,5,1,0.4833,0.4454,0.1088,1,0,1
302.12,1,1,38.48,2,1.8254,5.126,2,0,0.3223,0.6098,0.0883,0,1,1
337.03,1,4,164.63,0,1.5301,10.0893,2,0,0.5151,0.4015,0.1401,0,0,0
132.62,1,1,57.17,1,0.7807,3.7195,6,0,0.4089,0.341,0.185,0,0,0
270.35,3,3,72.84,0,1.1566,8.5741,5,0,0.5334,0.1304,0.085,2,0,1
455.71,1,0,49.3,1,0.7783,7.971,3,0,0.434,0.799,0.0694,0,0,0
94.76,2,2,91.62,0,3.4083,0.0,3,0,0.1504,0.5349,0.0141,0,0,1
224.69,3,2,144.05,2,1.0748,0.0,6,1,0.3646,0.6994,0.0164,2,0,1
44.93,0,0,37.55,1,1.008,0.0,4,1,0.1202,0.3524,0.0839,1,1,0
294.74,2,4,214.65,2,1.2903,0.0,10,0,0.7372,0.2237,0.1953,0,0,1
361.65,5,4,54.6,1,1.2192,7.9901,7,1,0.2431,0.6105,0.2368,2,1,1
421.21,3,0,160.91,2,0.9889,0.0,2,1,0.6631,0.462,0.1062,0,0,0
234.07,3,1,155.35,0,1.115,0.0,3,1,0.5199,0.4885,0.0761,2,0,1
112.97,2,1,135.39,0,1.5656,0.0,2,0,0.4113,0.7556,0.1531,0,1,0
328.66,1,0,62.9,1,0.7418,2.7807,8,0,0.4877,0.2197,0.2392,0,1,0
198.63,2,2,73.76,2,1.3442,0.0,3,0,0.2759,0.362,0.0315,1,0,0
162.98,1,0,157.59,1,1.6478,7.091,2,0,0.7312,0.6467,0.0995,1,0,0
363.48,1,3,2.15,0,0.8672,4.6535,8,1,0.518,0.3906,0.0494,1,0,0
338.56,3,0,102.47,2,0.6925,8.3387,10,0,0.5376,0.4385,0.0121,0,1,0
175.09,4,3,72.49,4,1.1211,5.9696,8,0,0.2119,0.4976,0.052,0,0,1
418.08,5,2,19.78,1,0.6896,7.3678,9,1,0.5601,0.526,0.0595,1,1,1
457.64,2,2,93.06,1,1.3897,8.4984,4,0,0.1861,0.596,0.0748,1,0,1
262.25,6,3,106.49,1,0.8315,9.1974,4,0,0.6228,0.3045,0.1094,2,0,1
312.14,4,3,192.13,0,1.832,8.4349,4,1,0.3597,0.67,0.1933,1,1,1
194.56,0,0,99.44,2,0.9697,0.0,5,0,0.3459,0.6076,0.1865,0,0,0
178.09,1,3,61.0,1,1.1894,7.1492,2,0,0.4828,0.3211,0.1,0,0,0
108.78,2,3,111.93,1,0.9014,0.0,9,1,0.273,0.4828,0.2754,2,0,1
147.1,3,4,82.51,0,1.808,2.1376,5,1,0.6462,0.608,0.1834,2,1,0
390.72,7,5,181.9,1,1.406,8.3587,4,0,0.3051,0.7327,0.1619,1,1,1
290.94,5,2,62.16,1,2.1263,9.9052,5,1,0.6447,0.4729,0.0487,0,0,1
220.58,3,2,52.08,0,0.7956,12.5109,4,0,0.5534,0.6673,0.0933,0,0,0
357.63,4,4,196.52,0,1.1084,0.0,4,0,0.8171,0.672,0.2623,2,0,0
367.88,1,5,109.05,1,0.7697,7.4975,6,0,0.3009,0.6772,0.0923,1,1,1
243.46,4,3,54.86,2,0.9492,0.0,3,1,0.3072,0.343,0.0682,2,1,1
156.17,4,1,53.86,1,0.796,4.6296,3,0,0.2814,0.5651,0.1469,0,1,0
297.87,4,1,142.08,0,1.3718,8.4705,3,0,0.5932,0.5148,0.0287,1,1,1
87.93,1,4,109.07,2,0.8253,0.0,1,1,0.676,0.3188,0.0977,1,1,0
491.98,5,1,51.7,2,1.4334,1.8428,3,0,0.3503,0.2617,0.1239,1,0,0
194.82,0,3,75.15,2,1.5094,0.0,4,0,0.2536,0.5912,0.0438,4,0,0
138.3,3,1,35.48,1,0.6814,0.0,7,1,0.4807,0.6182,0.003,4,1,0
152.45,1,1,81.63,0,0.5134,12.3745,7,0,0.547,0.5131,0.0206,1,0,1
117.53,3,4,117.76,0,0.5706,0.0,1,0,0.5415,0.4133,0.18,0,1,0
280.78,1,0,42.73,1,1.8194,0.0,5,0,0.1399,0.8041,0.0067,0,1,1
163.5,3,1,80.8,0,1.2439,6.9564,2,0,0.5668,0.5683,0.287,2,1,1
146.55,2,1,69.26,1,1.1507,0.0,6,1,0.2899,0.4457,0.0799,0,1,1
250.72,5,5,85.58,0,1.2882,0.0,5,0,0.6285,0.3465,0.2471,0,0,1
10.0,0,0,3.35,1,0.7712,6.1928,5,0,0.3613,0.3256,0.1259,2,1,0
477.74,1,4,179.25,1,0.9229,0.0,4,0,0.2062,0.064,0.2696,1,0,0
296.72,4,2,85.71,0,2.3969,0.0,4,0,0.4748,0.6215,0.1871,0,1,1
384.13,3,2,62.93,2,0.9012,0.0,2,0,0.1048,0.6863,0.1299,4,1,0
564.72,1,4,24.74,1,0.7842,0.0,3,0,0.6606,0.2801,0.1185,0,0,1
171.35,3,4,146.35,0,0.7062,13.5835,2,0,0.1261,0.8345,0.0671,1,0,1
292.42,3,3,193.92,0,1.5716,10.5429,4,0,0.6898,0.587,0.1769,0,0,1
108.5,0,2,19.76,3,0.6773,0.0,4,0,0.4998,0.4676,0.1523,0,0,1
600.0,4,2,49.49,0,1.1579,2.0976,2,0,0.7487,0.6849,0.1057,2,0,0
253.24,3,4,69.36,1,1.5444,0.0,2,1,0.7351,0.776,0.1121,2,1,0
443.19,7,4,133.8,1,0.8176,0.0,1,1,0.1348,0.2414,0.1416,0,1,1
217.94,4,3,51.12,1,1.6562,7.7123,9,0,0.7602,0.4649,0.2014,0,0,1
249.08,2,2,65.12,2,1.9238,0.0,4,1,0.3952,0.6814,0.2249,2,1,1
151.62,2,3,196.17,0,1.0238,0.0,5,0,0.6201,0.436,0.1403,2,1,0
355.27,1,2,42.78,3,1.7748,0.0,4,0,0.3672,0.3131,0.0284,1,0,0
449.48,3,2,184.88,4,0.9225,0.0,10,1,0.3923,0.3874,0.0813,1,0,1
119.2,3,4,126.48,1,1.6683,0.0,5,1,0.8776,0.5687,0.1692,1,0,1
422.96,5,2,116.21,0,1.4021,8.65,2,1,0.4578,0.2996,0.2188,0,0,1
533.35,3,3,160.74,3,1.1434,7.4103,6,0,0.7449,0.9369,0.1386,0,0,1
190.26,2,3,67.0,0,0.7596,0.0,4,1,0.4314,0.2237,0.0641,1,0,1
140.67,1,1,24.65,2,0.7736,0.0,7,1,0.3818,0.2833,0.0389,1,1,0
276.96,3,2,184.47,0,1.1882,0.0,2,0,0.2605,0.6822,0.0576,2,1,1
171.99,5,1,90.57,0,1.4263,0.0,4,1,0.1796,0.6229,0.2113,2,1,0
105.35,0,1,143.19,0,0.9393,0.0,6,0,0.5299,0.2369,0.2097,0,0,1
137.2,2,0,64.67,2,1.011,0.0,4,0,0.7635,0.3953,0.2319,2,0,1
490.97,2,3,77.31,1,1.2014,0.0,2,1,0.2994,0.367,0.1366,1,0,0
199.35,1,2,192.77,0,1.9811,0.0,4,0,0.5149,0.5197,0.1493,1,0,1
342.72,5,2,219.34,3,1.1324,5.346,5,1,0.4938,0.6442,0.0787,2,0,1
305.44,3,3,89.47,1,0.9852,0.0,8,1,0.3341,0.4342,0.081,1,0,1
232.84,3,5,193.21,1,1.5903,0.0,6,0,0.4822,0.6233,0.0841,2,0,1
335.15,2,1,63.83,0,1.2528,0.0,6,0,0.3862,0.3755,0.0488,2,1,0
328.19,1,4,93.21,3,2.079,6.8344,7,0,0.5908,0.3822,0.108,0,0,1
402.08,3,5,92.02,0,1.1761,0.0,4,0,0.1419,0.3707,0.1873,2,1,0
229.52,3,1,19.7,1,0.8822,0.0,2,0,0.6108,0.3463,0.1648,1,1,0
180.3,2,1,156.91,2,1.6256,10.1812,3,0,0.5178,0.7259,0.0319,1,1,1
371.83,2,0,82.37,0,0.8418,0.0,6,1,0.3815,0.4882,0.102,0,1,0
254.31,3,0,48.49,0,1.8516,0.0,3,0,0.5288,0.5155,0.2838,2,0,0
321.03,5,4,45.33,0,3.0616,0.0,3,0,0.4435,0.7361,0.2534,1,1,1
380.4,5,3,96.43,0,0.917,2.0028,1,0,0.8997,0.3142,0.0497,3,0,1
192.96,4,2,118.92,1,1.9068,0.0,6,0,0.4738,0.4576,0.1215,1,0,0
255.07,1,3,68.54,2,1.0711,2.7985,2,1,0.25,0.6762,0.09,0,0,0
71.45,1,3,117.45,0,1.5348,0.0,3,0,0.7757,0.4222,0.1331,2,0,0
278.77,1,4,67.69,1,0.8916,0.0,5,0,0.1377,0.6676,0.1228,0,0,1
286.91,2,3,40.69,1,0.7721,0.0,5,1,0.0918,0.5433,0.0747,0,0,0
201.55,4,2,90.4,0,1.1154,7.4234,6,0,0.2516,0.3922,0.1783,0,0,1
159.72,2,2,63.57,1,0.8839,0.0,4,0,0.3395,0.4142,0.0561,0,1,0
538.67,4,5,58.31,1,1.8498,0.0,4,0,0.2604,0.3901,0.0304,3,1,1
345.92,2,3,47.34,0,2.0308,0.0,6,0,0.2283,0.7404,0.0973,1,0,1
600.0,6,5,47.73,4,1.3119,10.9549,7,0,0.6634,0.6822,0.2871,0,0,1
497.73,6,4,42.99,2,0.5611,0.0,9,0,0.4907,0.3072,0.152,2,1,1
600.0,4,4,95.84,2,2.3708,12.588,6,0,0.4159,0.9151,0.11,5,0,1
425.01,7,4,203.74,1,1.6198,9.5579,5,0,0.7361,0.4031,0.1144,2,1,1
351.98,3,4,44.96,1,1.5996,0.0,7,0,0.0753,0.5139,0.1439,0,0,1
402.63,5,5,125.25,0,1.1315,0.0,1,0,0.1878,0.3682,0.2472,1,1,1
333.63,4,3,119.5,1,1.3003,7.7912,7,0,0.4192,0.5273,0.1498,2,1,1
200.18,1,4,37.79,2,1.7586,5.7221,8,1,0.7071,0.5696,0.1424,2,1,0
379.88,3,4,74.08,0,1.7786,0.0,4,0,0.4669,0.4172,0.0092,0,0,1
327.09,5,3,72.11,0,1.5406,0.0,2,0,0.8118,0.5525,0.3001,3,0,1
258.63,0,0,136.32,1,0.8492,0.0,3,1,0.6498,0.6264,0.1751,1,0,0
184.35,0,0,58.01,1,1.7179,3.781,5,0,0.6714,0.7548,0.0985,0,0,0
354.89,2,1,65.32,1,1.7547,9.2321,4,0,0.3956,0.4343,0.0763,0,0,1
260.2,5,5,71.75,1,0.597,5.3084,3,1,0.6308,0.3861,0.0951,0,0,1
327.41,1,4,120.81,1,1.9813,0.0,3,1,0.634,0.6501,0.0108,1,0,1
337.09,3,1,153.03,3,3.1165,0.0,5,1,0.522,0.819,0.0459,0,1,1
463.81,3,3,171.92,0,1.3443,0.0,4,1,0.6625,0.4156,0.1968,1,0,0
206.2,2,4,88.61,1,0.6166,0.0,2,0,0.8684,0.5056,0.2058,5,0,0
100.1,1,4,60.85,2,1.2956,0.0,4,0,0.195,0.579,0.1721,2,1,0
344.57,3,3,45.56,0,2.2804,10.4189,4,1,0.9003,0.6156,0.0542,4,1,1
335.8,3,4,179.6,4,1.304,4.9522,4,0,0.49,0.7521,0.035,2,0,1
248.24,2,2,19.32,2,1.3986,8.8627,7,1,0.5233,0.5702,0.071,2,0,0
455.59,4,2,136.84,1,1.5941,0.0,1,0,0.4433,0.4076,0.0858,0,1,0
600.0,4,5,71.47,0,1.8013,9.6189,3,0,0.2656,0.3852,0.1509,2,1,1
216.82,4,0,46.38,3,1.3385,7.1334,3,0,0.8947,0.456,0.0571,1,0,1
236.74,4,2,93.74,1,1.1487,0.0,8,0,0.4938,0.5746,0.0818,2,0,1
153.97,2,1,79.37,0,1.7294,6.4602,1,1,0.5206,0.7086,0.0443,2,0,0
469.88,6,3,18.96,2,1.0446,0.0,6,1,0.2187,0.5429,0.1528,3,0,1
248.94,5,1,97.09,1,2.5888,0.0,5,0,0.3778,0.4052,0.1129,1,0,1
181.52,3,2,143.85,1,0.5744,0.0,4,0,0.3304,0.403,0.1968,1,0,0
361.18,2,3,105.83,0,1.6104,0.0,3,0,0.2334,0.4221,0.0668,2,1,1
146.77,0,0,75.9,2,2.3464,0.0,8,1,0.5781,0.5587,0.1517,2,0,0
217.59,1,4,69.5,0,1.5474,0.0,3,0,0.2033,0.7204,0.0203,2,0,1
333.24,0,2,5.08,0,1.5463,4.6776,1,0,0.4305,0.4255,0.0446,2,1,1
370.22,6,6,83.69,0,0.7227,0.0,4,0,0.4428,0.6761,0.2271,4,0,1
207.38,2,0,97.62,1,2.1729,0.0,3,0,0.9005,0.5108,0.355,1,0,1
108.0,2,1,83.31,2,0.9847,9.4428,8,0,0.3394,0.4384,0.1431,0,0,0
354.96,7,3,109.03,0,0.9184,7.0969,3,0,0.5136,0.6296,0.2131,2,1,1
170.79,2,2,185.99,0,1.2938,0.0,8,0,0.6959,0.5368,0.1563,1,0,1
205.11,1,2,122.64,2,0.8787,6.6773,8,0,0.6456,0.3757,0.3196,2,0,1
110.98,2,0,32.8,0,1.9514,9.859,3,1,0.7158,0.7537,0.1112,1,0,1
260.19,2,2,87.65,1,0.7817,7.3751,3,0,0.2428,0.4096,0.0489,0,1,0
264.0,6,1,101.41,1,0.8495,0.0,7,0,0.2156,0.4172,0.4172,0,1,1
408.97,0,0,27.91,1,1.0836,7.9409,5,0,0.0658,0.4939,0.1043,1,0,0
238.74,5,3,46.2,0,0.5593,0.0,3,0,0.3833,0.3358,0.1398,3,1,1
252.01,2,1,137.55,0,2.5587,0.0,6,0,0.5272,0.7327,0.1545,0,0,1
210.81,4,2,143.51,0,1.6044,5.4413,1,0,0.671,0.6754,0.2371,1,1,1
286.53,4,1,73.46,1,1.303,0.0,8,0,0.4221,0.6663,0.1085,3,0,1
215.02,2,5,78.85,1,1.5731,0.0,3,0,0.7502,0.3386,0.0755,3,0,0
210.39,3,6,118.93,0,1.6757,0.0,6,1,0.3313,0.1983,0.401,1,0,0
343.28,1,4,131.14,0,3.2206,0.0,5,0,0.5662,0.5044,0.1679,1,1,0
317.38,5,4,73.96,0,1.1587,0.0,3,0,0.9088,0.7729,0.1051,2,0,1
435.56,6,2,13.4,0,1.4128,5.422,3,0,0.608,0.6604,0.2491,1,1,0
238.52,2,1,41.81,1,0.8234,0.0,3,1,0.5494,0.4866,0.0313,0,0,1
115.27,2,1,34.1,0,1.8411,0.0,7,0,0.4451,0.4671,0.0807,4,1,1
211.01,3,2,187.61,1,1.2844,0.0,1,0,0.4723,0.4178,0.0758,1,0,1
323.05,1,6,88.15,2,2.5715,0.0,4,1,0.4191,0.5039,0.0402,2,0,1
488.92,3,3,206.31,1,0.8537,0.0,5,0,0.3037,0.2788,0.0803,0,1,0
94.1,1,0,14.32,1,1.8063,0.0,2,0,0.6773,0.3427,0.1409,1,1,1
134.87,1,1,143.2,2,2.1607,0.0,5,0,0.6977,0.631,0.1835,1,0,0
239.97,2,4,47.06,1,0.8246,0.0,5,0,0.3241,0.5997,0.0947,3,1,0
305.16,6,2,95.86,0,1.7087,0.0,5,0,0.7445,0.5242,0.0436,1,0,1
244.33,5,3,72.07,1,1.062,5.9933,3,0,0.4808,0.6216,0.2859,1,0,1
120.97,0,2,17.17,0,1.6989,0.0,1,1,0.6634,0.5183,0.1277,0,0,0
339.25,1,1,87.71,0,1.285,0.0,5,0,0.5556,0.415,0.2784,0,1,0
461.78,4,3,136.17,1,1.3388,13.3477,6,0,0.3262,0.4845,0.163,1,0,1
313.81,3,6,150.68,0,0.4851,0.0,2,0,0.2248,0.3763,0.0893,1,1,0
424.01,5,4,220.01,1,1.2769,8.562,5,0,0.5174,0.4499,0.1506,1,1,1
500.4,3,7,102.07,1,1.7304,7.3336,4,0,0.4596,0.7814,0.1686,1,0,1
374.32,3,3,83.68,0,0.8191,0.0,5,0,0.3121,0.5316,0.1631,2,1,1
148.18,5,2,50.05,0,0.8046,0.0,4,1,0.573,0.2599,0.17,1,0,0
119.46,2,2,126.56,0,1.2791,0.0,4,0,0.4073,0.4178,0.2801,0,1,1
119.65,1,0,29.33,1,1.4802,6.4621,5,0,0.4505,0.4061,0.1072,0,1,1
325.04,5,1,105.22,0,2.0467,0.0,2,0,0.3547,0.6202,0.1994,2,1,1
291.18,2,3,22.54,2,0.8091,5.9738,6,1,0.3862,0.4672,0.1309,2,0,0
290.69,0,2,72.49,0,1.4656,7.1911,1,0,0.6308,0.4797,0.1605,2,0,1
507.51,7,6,63.38,0,1.0359,11.7156,1,0,0.2853,0.579,0.1813,2,1,1
48.18,1,2,33.46,1,1.5863,1.6992,5,0,0.2974,0.3927,0.1984,0,0,1
323.99,3,2,172.69,1,0.8718,0.0,2,0,0.2187,0.7688,0.1886,1,0,0
257.85,3,3,115.53,2,1.1599,0.0,5,1,0.6104,0.5621,0.0533,1,0,1
244.08,2,3,67.12,4,0.7499,11.6277,6,0,0.5837,0.3838,0.0175,1,1,0
348.46,1,6,219.01,0,1.6033,0.0,6,0,0.5908,0.5998,0.0745,2,0,1
199.9,4,3,184.78,1,0.8718,0.0,5,0,0.2605,0.6594,0.3528,1,1,1
349.16,2,2,53.08,1,1.7237,0.0,2,0,0.4003,0.2706,0.2102,1,1,0
600.0,1,2,116.12,1,3.4968,6.1315,7,0,0.6252,0.7848,0.031,1,1,1
44.4,0,0,42.81,3,1.5841,0.0,10,0,0.0325,0.4099,0.1923,1,0,1
420.13,6,1,158.17,0,2.0401,0.0,5,0,0.352,0.5639,0.093,2,0,1
488.28,2,5,83.75,4,0.8898,0.0,10,0,0.4819,0.4933,0.2644,5,1,0
169.62,3,0,201.32,2,1.646,0.0,4,0,0.2608,0.4658,0.3059,4,0,1
155.96,4,2,67.76,1,0.8898,0.0,1,0,0.5035,0.2535,0.1661,1,0,0
129.36,2,1,49.88,1,0.8552,0.0,3,1,0.3529,0.7191,0.3243,0,1,0
111.36,2,1,59.06,0,0.5203,8.5978,5,0,0.7374,0.3915,0.1566,1,1,0
173.71,1,2,75.06,1,3.399,9.7608,6,0,0.2968,0.6849,0.3011,0,0,1
379.99,5,4,22.88,0,0.8224,7.7686,3,0,0.3976,0.6258,0.105,2,0,0
600.0,2,5,96.21,1,2.1127,0.0,7,0,0.8369,0.1912,0.2071,1,1,1
320.78,4,1,86.39,1,3.8581,0.0,4,1,0.4331,0.6085,0.124,1,1,1
285.02,4,1,110.47,2,0.5239,4.6768,2,0,0.3006,0.3849,0.0236,3,1,1
372.07,4,4,68.22,1,0.6747,0.0,3,0,0.43,0.7696,0.2371,1,0,0
152.57,1,2,92.98,1,1.2655,9.815,5,0,0.804,0.6872,0.1897,0,0,1
377.55,3,2,203.62,1,1.1255,0.0,4,1,0.2325,0.3716,0.0054,1,0,0
258.71,6,3,95.83,2,2.1194,4.1366,2,0,0.5673,0.7249,0.0238,1,1,1
531.64,5,5,63.71,1,0.8789,0.0,7,0,0.8268,0.3832,0.2525,1,0,1
325.68,1,2,117.39,0,1.6464,0.0,5,1,0.3621,0.5424,0.0778,1,0,1
466.87,2,1,57.22,1,1.1656,0.0,1,0,0.7366,0.3102,0.0817,1,0,1
321.61,6,2,121.46,0,1.9999,0.0,3,0,0.3396,0.6004,0.1424,1,1,0
473.43,5,4,125.54,0,1.7028,11.1203,4,0,0.4155,0.4595,0.1573,1,1,1
369.67,3,1,138.75,2,1.1019,8.475,4,1,0.0555,0.4066,0.054,0,0,1
153.61,2,1,34.6,1,2.6613,0.0,5,0,0.5469,0.8331,0.1073,0,1,1
249.34,1,0,46.48,3,0.6307,6.1733,7,0,0.2586,0.4919,0.3313,0,1,1
188.98,2,4,42.96,2,1.2055,0.0,1,0,0.626,0.4359,0.2435,3,1,1
253.96,0,1,49.75,0,0.6519,0.0,4,1,0.307,0.3564,0.0684,0,1,0
214.05,4,4,23.8,1,1.0794,0.0,3,1,0.3675,0.3655,0.2569,0,1,0
378.1,2,1,234.32,0,1.1872,0.0,4,0,0.3156,0.8026,0.1589,1,0,1
171.09,2,0,118.96,1,0.4584,1.4509,5,0,0.8261,0.2114,0.0562,1,0,1
287.88,1,1,83.55,2,2.2084,5.8473,5,1,0.2492,0.3447,0.1578,0,1,1
142.12,2,0,93.5,0,0.664,1.7396,4,0,0.465,0.512,0.1632,0,1,0
182.34,3,3,159.95,1,1.3215,7.1501,3,0,0.6628,0.2865,0.1196,2,0,1
230.47,1,3,215.93,2,0.4937,7.1178,5,0,0.5065,0.3725,0.0857,3,1,0
320.98,2,3,142.01,3,0.7344,0.0,3,0,0.5138,0.3556,0.2303,1,1,1
336.7,3,2,82.18,1,0.767,0.0,2,0,0.5971,0.4497,0.1108,1,0,1
218.17,0,0,72.23,1,0.7131,0.6378,6,0,0.2007,0.4137,0.2015,0,0,0
503.03,3,6,79.9,0,2.0289,0.0,2,0,0.671,0.4459,0.0799,1,0,1
302.55,3,4,166.83,0,0.7217,9.3208,2,0,0.4452,0.6447,0.2585,2,0,1
388.1,2,2,43.03,2,1.088,13.5774,9,0,0.4435,0.489,0.0727,0,0,0
113.71,0,3,22.1,1,1.6531,0.0,4,0,0.3902,0.4972,0.1718,1,0,1
281.6,1,1,138.16,0,0.901,0.0,4,0,0.2558,0.3596,0.2553,0,0,1
272.0,6,2,106.46,1,1.3382,0.0,7,0,0.7485,0.5127,0.0183,1,0,1
221.15,4,1,38.62,1,1.2657,0.0,4,0,0.6481,0.3875,0.0665,0,0,0
136.07,3,0,48.16,0,1.4731,0.0,4,0,0.6218,0.4215,0.0764,2,0,1
600.0,3,3,87.69,2,1.6619,0.0,5,1,0.4539,0.6204,0.3118,0,1,0
206.33,2,4,43.64,1,2.0445,0.0,4,1,0.397,0.5804,0.0628,2,0,1
161.78,1,1,87.6,0,0.8047,3.6557,4,0,0.5886,0.2461,0.1458,1,1,0
213.92,2,1,92.13,0,1.1023,4.4814,2,0,0.6831,0.2935,0.1168,2,1,0
435.82,3,2,130.29,1,1.4655,7.9588,4,0,0.4777,0.3654,0.0432,2,1,0
413.33,3,6,54.59,1,0.652,7.641,7,0,0.7331,0.4824,0.0752,3,0,1
181.6,4,3,144.76,3,2.962,5.1853,7,0,0.5869,0.741,0.1906,1,0,1
263.03,3,3,23.13,1,0.7539,0.0,6,0,0.6997,0.1653,0.1087,0,0,0
185.59,1,4,123.58,2,1.438,0.0,3,1,0.7198,0.5744,0.0579,0,0,1
228.6,1,0,116.47,0,1.2274,0.0,2,0,0.5121,0.3505,0.1698,1,1,0
360.52,2,1,54.18,0,1.6384,13.6269,4,0,0.5593,0.4603,0.1878,0,0,1
372.95,2,3,77.44,1,0.7639,0.0,2,0,0.5882,0.349,0.1196,0,0,0
588.16,5,3,128.05,3,2.2617,4.6815,3,0,0.6914,0.5935,0.3594,0,0,1
310.42,1,2,63.95,1,1.0698,6.7178,6,0,0.3506,0.7408,0.187,3,1,0
222.38,1,4,114.07,1,1.5801,10.4595,9,0,0.4364,0.4068,0.0792,1,0,1
319.31,4,3,158.38,0,1.3913,0.0,3,1,0.1318,0.5318,0.0818,0,0,1
161.95,3,0,165.43,1,1.4495,0.0,5,0,0.534,0.42,0.3053,1,1,1
345.64,1,3,155.33,3,0.9336,11.6642,8,0,0.609,0.2248,0.1109,1,0,1
121.34,2,2,53.37,0,1.8779,0.0,2,0,0.4128,0.2727,0.208,1,0,1
212.15,3,1,95.23,3,1.6002,0.0,9,0,0.3939,0.5205,0.1978,1,0,1
185.93,1,3,108.98,2,1.0838,2.9141,5,0,0.4627,0.528,0.0365,1,0,0
266.5,3,5,82.93,0,1.4306,4.0832,5,0,0.4944,0.6843,0.1676,1,0,1
38.94,0,2,28.23,2,0.7764,7.3577,5,0,0.7609,0.4549,0.1803,1,0,1
45.89,0,3,42.46,1,1.8379,4.5818,3,0,0.3002,0.5832,0.1314,1,0,1
229.54,4,3,207.16,0,1.3164,10.6445,4,0,0.1555,0.6772,0.1984,0,0,1
55.34,0,5,35.72,0,1.1685,0.0,3,0,0.769,0.3032,0.0294,0,1,0
323.97,5,4,75.97,0,1.1344,3.835,2,0,0.522,0.3947,0.1491,0,1,1
549.69,3,3,51.7,2,1.3108,0.0,2,1,0.6142,0.6393,0.0267,0,0,0
104.52,2,0,15.59,2,1.5294,0.0,10,1,0.272,0.7486,0.1442,1,1,0
154.84,2,3,67.97,2,3.5652,0.0,7,0,0.6604,0.7287,0.1109,3,0,0
28.48,0,3,149.92,0,1.5462,0.0,1,1,0.5899,0.6753,0.0331,1,1,0
263.56,4,2,119.65,3,0.8892,0.0,10,0,0.4786,0.8794,0.1305,2,0,1
337.63,1,3,179.97,3,1.4491,8.3283,5,1,0.293,0.5606,0.1605,3,0,1
156.57,2,0,134.88,0,2.0914,1.8526,8,1,0.2918,0.7667,0.1176,0,0,1
395.22,4,3,118.83,1,1.7257,8.4552,7,0,0.6803,0.8747,0.1734,0,0,1
115.76,3,1,34.14,0,0.9191,0.0,2,0,0.3285,0.3715,0.088,2,1,0
276.16,5,3,73.07,0,1.3386,13.7882,1,0,0.4268,0.6401,0.1024,2,0,1
167.0,2,5,209.69,0,1.6033,0.0,3,0,0.7692,0.3228,0.2288,3,0,1
447.4,3,1,84.04,1,1.7617,4.177,3,0,0.2886,0.5645,0.0588,1,1,0
363.81,2,3,151.34,0,0.5658,6.305,3,0,0.4274,0.2789,0.0267,0,0,1
170.22,1,1,38.17,0,1.3581,0.0,2,0,0.6057,0.4494,0.1564,0,0,0
388.83,5,5,207.08,2,0.7161,9.4149,9,1,0.3954,0.625,0.0063,2,0,1
523.88,3,0,25.31,0,1.0468,7.0173,4,1,0.2288,0.4096,0.0343,0,0,0
102.63,2,1,44.3,2,0.9191,7.6148,8,0,0.2358,0.4491,0.1449,0,0,1
202.28,4,1,147.06,0,0.7439,4.3889,2,1,0.5094,0.5335,0.1045,0,0,0
497.79,3,4,37.27,2,1.1162,0.0,5,1,0.3742,0.4745,0.3187,5,0,0
543.85,8,2,53.79,1,4.0,0.0,5,0,0.3301,0.5274,0.0632,1,0,1
482.47,2,3,147.25,1,1.4806,0.0,5,0,0.5505,0.4728,0.1447,2,0,1
100.46,1,2,168.54,1,0.5986,6.2692,4,0,0.2698,0.2821,0.059,2,1,0
204.11,3,3,45.7,0,2.137,0.0,2,0,0.2039,0.5014,0.0448,0,0,0
300.89,4,2,126.42,0,2.6152,0.0,1,0,0.4988,0.5165,0.1657,2,0,1
82.05,2,0,122.14,1,1.319,0.0,1,0,0.528,0.5592,0.0712,1,0,0
119.03,3,3,36.61,0,2.917,0.0,4,0,0.1471,0.6314,0.0851,0,1,1
150.72,3,0,61.86,1,1.2113,7.2066,4,0,0.7518,0.3749,0.0034,3,0,0
55.21,0,1,28.17,1,1.0881,0.0,2,0,0.2607,0.2977,0.2263,2,1,0
145.55,1,3,98.54,1,2.2656,7.4977,8,0,0.2314,0.527,0.058,4,1,1
65.47,0,1,113.01,2,1.544,0.0,5,0,0.7068,0.4649,0.1024,1,0,1
191.94,2,1,105.25,1,2.5112,2.0754,6,1,0.2985,0.4762,0.2077,2,1,1
288.61,2,3,128.21,0,0.7554,4.1204,9,0,0.2301,0.5387,0.1321,1,0,1
421.24,5,2,65.64,3,0.9501,0.0,10,0,0.299,0.352,0.0544,2,0,0
84.35,1,1,108.25,1,1.1231,0.0,1,0,0.4924,0.6571,0.1322,1,0,1
598.29,2,2,167.22,3,1.4852,0.0,3,0,0.4187,0.2732,0.1237,2,1,1
193.55,1,2,146.05,2,2.1265,0.0,1,1,0.7764,0.1999,0.1548,0,1,1
310.31,5,3,82.07,2,0.6624,11.4923,5,0,0.093,0.4153,0.2548,2,0,1
171.91,2,3,131.9,0,1.7161,0.0,2,0,0.7523,0.5302,0.0259,0,1,1
324.54,1,1,143.52,4,0.8956,0.0,7,1,0.5161,0.2183,0.046,0,1,0
362.72,6,1,150.84,3,1.7951,0.0,9,1,0.4838,0.3911,0.2435,3,0,0
107.74,2,1,142.95,1,1.1916,0.0,1,1,0.2319,0.1657,0.1346,0,0,1
236.05,3,1,34.14,1,0.8253,0.0,5,1,0.6454,0.6239,0.0824,1,0,0
132.42,1,3,74.7,1,0.8946,0.0,7,0,0.7381,0.72,0.1734,0,0,1
401.16,6,3,26.93,1,1.0087,0.0,4,0,0.6944,0.705,0.2607,0,0,1
296.34,3,4,131.28,2,1.4569,0.0,3,0,0.7585,0.5252,0.0283,0,0,1
279.2,4,3,135.94,1,1.0143,0.0,6,1,0.6543,0.5907,0.0652,2,1,1
587.39,1,0,35.06,1,1.1528,7.4209,4,0,0.2342,0.4385,0.1207,1,0,1
324.08,1,2,61.49,2,0.7019,10.4076,3,0,0.6614,0.2834,0.1215,0,0,1
264.05,8,7,114.78,1,1.2842,8.0049,1,1,0.592,0.5718,0.2673,2,0,1
379.84,3,5,225.42,0,1.1122,0.0,1,1,0.4362,0.5016,0.1391,2,0,0
136.58,1,3,85.51,1,0.6328,0.0,4,0,0.3329,0.511,0.1623,0,0,1
141.32,1,3,35.6,4,2.5255,0.0,8,1,0.699,0.4534,0.0224,4,0,1
171.27,2,1,184.79,1,1.1936,9.7386,7,0,0.2588,0.5811,0.1133,3,0,1
291.78,3,0,57.36,1,1.2608,0.0,3,0,0.3349,0.3798,0.2312,4,1,1
152.93,1,5,191.71,4,1.681,5.0994,9,0,0.4533,0.3985,0.1033,4,1,0
349.56,7,3,115.82,0,1.4938,0.0,3,0,0.5382,0.9162,0.284,1,0,1
246.06,4,3,50.31,0,1.2657,3.0052,8,0,0.7483,0.6803,0.0921,1,0,1
279.24,3,5,166.08,1,1.4317,3.431,2,1,0.5631,0.3619,0.2016,0,0,1
220.93,3,2,79.07,2,0.5297,0.0,10,0,0.5288,0.1347,0.1606,1,0,1
246.39,3,0,72.85,1,1.932,11.5914,2,0,0.2488,0.5997,0.0603,0,1,1
318.86,1,4,39.66,1,1.4017,2.216,5,1,0.2537,0.718,0.0427,3,1,0
510.1,7,4,192.44,2,1.3367,0.0,3,0,0.5909,0.5896,0.0818,0,1,1
253.35,3,2,74.59,2,1.4705,0.0,5,0,0.5524,0.5499,0.1971,1,1,1
465.62,6,1,56.32,0,0.4242,0.0,4,0,0.4626,0.2385,0.2052,3,1,0
336.29,2,2,40.46,3,1.6791,8.3892,3,0,0.4764,0.3253,0.0035,0,1,1
486.1,2,1,142.13,2,1.5131,7.695,5,0,0.3303,0.6653,0.26,0,1,1
230.75,1,4,75.3,0,1.0592,0.0,3,1,0.6138,0.3506,0.0088,1,0,0
273.63,2,0,57.89,2,3.2759,0.0,3,0,0.4192,0.5152,0.1529,0,0,1
220.98,2,2,102.78,1,1.6502,0.0,7,0,0.9382,0.6212,0.22,2,0,1
210.35,1,2,61.33,2,2.7723,0.0,8,0,0.2829,0.7421,0.3323,1,0,1
175.31,5,2,97.09,1,0.9628,0.0,1,1,0.1646,0.364,0.1223,2,1,0
195.42,2,4,168.03,1,0.8904,5.9627,5,0,0.6648,0.2058,0.1392,1,0,1
203.0,2,1,123.59,2,0.8022,3.111,4,1,0.4472,0.3604,0.043,0,0,0
139.1,4,1,80.57,0,1.0603,0.0,8,0,0.1888,0.4819,0.1437,1,1,1
120.69,1,0,38.94,2,1.0834,0.0,9,0,0.3708,0.4776,0.2787,1,1,1
229.88,3,1,86.47,3,1.1138,0.0,5,0,0.3285,0.6061,0.2894,0,1,0
573.5,8,4,193.85,4,2.7905,0.0,10,0,0.5766,0.3684,0.1503,2,0,1
163.46,1,3,43.46,1,0.8405,2.2759,1,0,0.4959,0.2603,0.2122,0,0,0
266.69,3,3,81.95,0,0.7217,4.3579,3,1,0.4466,0.3278,0.1059,1,0,0
127.32,1,2,69.56,0,1.7855,0.0,2,1,0.1423,0.6504,0.1923,2,1,0
189.06,4,3,89.37,0,2.0682,0.0,7,0,0.3301,0.7486,0.3383,1,1,1
123.2,1,0,99.07,1,1.6565,5.9424,5,0,0.1504,0.484,0.2092,2,1,1
245.18,5,2,84.23,1,1.1911,5.0739,2,0,0.7201,0.4633,0.0674,2,0,1
255.49,4,3,139.43,2,0.6472,0.0,8,0,0.4755,0.2742,0.1307,1,0,1
267.71,1,0,80.11,1,0.8426,0.0,2,0,0.3005,0.1495,0.069,0,0,1
339.48,2,4,136.83,0,1.0341,9.6763,3,0,0.5789,0.4793,0.2348,2,0,1
194.84,0,2,84.96,0,1.2323,4.6279,3,0,0.1795,0.5418,0.1107,0,0,0
445.05,0,3,171.82,0,1.4481,0.0,1,1,0.5126,0.6612,0.1004,0,0,0
294.76,0,1,165.12,1,0.7568,0.0,4,0,0.5825,0.3269,0.118,1,0,0
157.56,2,0,78.68,0,1.8114,1.9161,1,0,0.4041,0.6213,0.0589,1,0,1
177.46,1,0,100.17,0,1.6368,0.0,7,0,0.7037,0.3967,0.0035,0,1,0
264.76,1,2,44.38,1,1.169,0.0,3,0,0.5357,0.7175,0.0953,0,0,0
111.25,1,1,102.54,2,0.6634,13.1109,3,0,0.8075,0.3046,0.1073,1,0,1
388.2,5,5,235.78,2,1.5687,0.0,8,0,0.4518,0.7665,0.0809,0,0,1
274.4,4,2,166.16,1,1.5798,0.0,6,0,0.6007,0.5492,0.0264,3,0,1
277.09,6,2,145.9,2,1.3991,0.0,8,1,0.1599,0.2862,0.1284,3,0,0
164.31,1,0,115.8,0,1.371,0.0,2,1,0.2971,0.7281,0.1497,1,1,0
288.99,4,4,157.92,3,1.1843,0.1725,1,1,0.5238,0.373,0.2089,2,1,0
146.66,2,0,166.49,0,2.0923,3.7774,4,0,0.1687,0.4986,0.0037,0,0,0
201.41,3,1,141.32,2,2.8903,9.9906,8,1,0.1667,0.7741,0.1137,1,1,0
257.83,4,2,26.5,3,1.8992,0.0,6,0,0.6623,0.4226,0.075,1,0,0
166.45,3,4,239.87,0,1.2262,9.3645,4,1,0.5579,0.6565,0.2541,1,0,0
600.0,6,1,227.94,2,3.0409,5.1335,3,0,0.7525,0.2452,0.2216,2,1,1
227.3,6,1,104.69,1,0.564,0.0,10,0,0.6677,0.4652,0.1567,1,1,1
388.79,4,2,129.54,2,1.7901,8.0568,10,1,0.4951,0.8481,0.0515,0,0,1
340.77,7,4,163.83,1,0.8542,0.0,2,1,0.5583,0.2182,0.0666,3,1,1
570.13,3,4,142.3,1,0.705,0.0,3,1,0.469,0.3133,0.054,2,0,1
182.86,2,0,43.09,0,2.2049,0.0,3,0,0.2988,0.8552,0.0483,0,1,0
92.63,0,0,13.67,2,1.4272,0.0,3,0,0.2284,0.49,0.003,0,0,0
233.72,1,2,95.52,3,0.8213,10.514,6,1,0.2516,0.6604,0.1036,2,0,0
365.15,5,5,181.36,3,2.3313,0.0,6,0,0.4965,0.4715,0.2106,2,0,1
218.95,2,1,109.38,1,1.4678,5.0016,2,0,0.2977,0.6442,0.0712,0,0,1
600.0,4,1,111.71,3,1.1407,0.0,6,0,0.6366,0.2826,0.1319,0,1,1
503.09,2,6,150.47,0,1.7703,9.3888,3,1,0.5181,0.6566,0.2763,2,1,1
239.29,5,3,52.0,1,1.1469,0.0,1,1,0.8295,0.4716,0.1448,2,1,1
375.0,6,2,36.4,0,1.2899,0.0,6,1,0.8743,0.5447,0.1338,4,0,1
202.99,3,2,95.57,1,2.5756,0.0,5,1,0.6405,0.5736,0.2334,0,1,0
430.03,2,7,145.7,1,0.8268,2.4407,6,1,0.7282,0.4049,0.0226,3,1,1
356.18,0,2,83.43,2,0.6744,0.0,1,1,0.4798,0.3949,0.1927,2,0,0
366.73,1,0,35.42,0,1.232,0.0,4,0,0.4557,0.4076,0.2792,1,1,1
423.19,3,2,110.76,2,1.2106,0.0,6,0,0.425,0.6457,0.247,1,0,0
335.64,4,1,31.43,1,0.6374,0.0,8,1,0.6137,0.3121,0.1058,3,0,1
302.56,2,3,136.77,0,0.7595,3.0399,7,1,0.3609,0.3821,0.2982,3,0,0
378.19,6,5,95.75,0,0.8689,8.9375,6,0,0.2552,0.8404,0.2365,1,1,0
232.31,1,3,62.47,1,1.9737,0.0,1,0,0.6894,0.5021,0.0705,0,0,0
239.6,0,2,67.25,1,0.8997,0.0,1,0,0.8659,0.5942,0.2388,3,0,1
354.16,3,2,87.91,0,1.1452,0.0,4,1,0.657,0.5453,0.1199,4,1,0
296.19,4,3,69.09,0,4.0,8.1943,8,0,0.3043,0.7891,0.1088,0,0,1
256.03,2,4,100.36,3,0.8715,0.0,6,0,0.5775,0.3817,0.0411,2,1,1
76.75,1,0,105.27,5,0.6551,2.4561,9,0,0.272,0.1894,0.0321,0,0,1
366.99,1,1,29.94,0,1.0725,0.0,2,1,0.1678,0.5407,0.258,1,0,0
289.64,2,1,191.25,1,1.3788,0.0,5,0,0.5047,0.3697,0.2012,0,0,0
540.18,6,1,82.45,1,1.4642,0.0,3,0,0.4066,0.5482,0.0426,0,0,1
549.65,3,2,45.16,1,0.8232,0.0,3,0,0.3101,0.1434,0.1486,2,0,1
229.36,3,3,59.41,0,3.2613,0.0,4,0,0.1683,0.3203,0.3118,0,1,0
300.61,3,1,52.5,2,1.1864,0.0,4,0,0.3477,0.3065,0.0883,3,0,0
147.12,1,2,154.86,2,2.012,8.3889,4,0,0.0812,0.5913,0.0145,0,0,1
368.75,1,3,42.6,1,0.3603,0.6166,2,0,0.6848,0.388,0.1015,0,0,0
498.78,4,0,140.03,2,1.8502,0.0,5,0,0.345,0.303,0.0029,0,0,1
449.03,6,5,49.61,0,0.9116,10.9304,4,0,0.4151,0.6022,0.0827,0,1,0
240.27,2,0,43.29,0,1.959,5.6583,4,0,0.1695,0.7112,0.1259,0,1,1
451.56,2,3,96.61,0,1.553,0.0,2,0,0.3281,0.7683,0.2182,0,0,0
199.77,0,2,71.59,1,1.2365,6.614,6,0,0.7372,0.6162,0.1031,1,0,1
300.04,6,6,36.21,1,1.681,0.0,2,0,0.3044,0.4465,0.1971,2,1,1
167.21,2,2,227.31,0,0.9835,11.1637,4,0,0.4983,0.4953,0.261,3,0,1
306.71,7,3,159.42,1,1.2422,0.0,1,0,0.3853,0.5761,0.0845,3,1,1
269.55,2,4,41.52,2,1.0925,8.881,3,0,0.5241,0.4155,0.1295,0,0,0
48.21,0,1,146.47,0,1.172,0.0,2,1,0.555,0.6,0.0262,0,0,1
129.32,1,2,71.75,2,0.546,0.0,7,0,0.5209,0.3877,0.1688,2,0,1
269.07,4,3,106.35,0,1.9189,13.5887,3,0,0.7257,0.5332,0.2169,0,0,1
320.89,4,2,60.75,0,2.115,0.0,4,0,0.1243,0.738,0.2897,3,1,1
215.6,5,1,61.53,3,0.6091,8.4404,6,0,0.7707,0.6264,0.2793,3,1,1
227.66,2,0,33.88,0,0.8267,0.0,5,0,0.5332,0.5614,0.0505,1,0,1
355.54,1,3,128.24,1,1.7821,0.0,2,0,0.7816,0.4355,0.0783,2,1,0
298.84,3,3,66.68,1,1.6239,0.0,9,1,0.2196,0.4107,0.0828,1,1,0
152.08,3,1,45.68,0,1.1287,0.0,3,0,0.6343,0.6462,0.2462,1,1,1
525.83,4,1,44.78,1,1.2303,0.0,3,1,0.1872,0.7901,0.0461,2,0,1
162.27,1,2,194.28,1,1.5663,9.2315,5,1,0.3679,0.6159,0.0325,1,1,1
145.99,3,5,98.77,0,1.3229,0.0,5,0,0.4585,0.3892,0.0672,0,0,1
207.76,4,3,75.1,1,1.4304,0.0,1,0,0.432,0.2576,0.1433,5,1,1
472.75,8,5,114.68,0,1.7673,0.0,2,0,0.5262,0.5954,0.2091,4,1,1
294.17,2,3,14.67,2,1.499,11.3762,5,0,0.1951,0.4577,0.0572,0,0,1
195.92,2,1,44.95,1,0.4878,4.7939,1,1,0.622,0.2225,0.2242,0,0,0
391.61,4,2,32.53,2,2.2831,0.0,2,0,0.5264,0.5015,0.0138,0,0,0
336.5,0,0,147.52,2,3.181,6.3683,4,0,0.5393,0.356,0.1573,3,0,1
268.45,2,1,174.58,0,2.5644,0.0,2,0,0.3783,0.6278,0.2569,2,0,0
223.67,1,4,106.17,1,1.1748,0.0,3,1,0.5683,0.3682,0.1614,3,1,0
323.28,3,2,98.11,0,1.5503,0.0,4,0,0.8472,0.7563,0.1728,1,1,0
337.36,2,0,125.06,0,1.1113,0.0,3,1,0.1385,0.5452,0.0591,1,0,1
123.47,0,1,23.33,1,0.7513,0.0,2,1,0.3581,0.5965,0.0568,1,1,0
600.0,7,4,98.38,2,1.1424,2.8793,5,0,0.3172,0.3316,0.3531,1,1,1
273.83,0,4,165.71,0,0.8286,10.912,4,0,0.2083,0.5484,0.0652,2,1,0
359.51,5,6,139.82,2,2.4281,0.0,4,0,0.4578,0.7026,0.1671,1,1,0
475.39,7,3,110.49,2,1.7286,0.0,6,1,0.1783,0.4196,0.0467,2,1,0
188.91,3,1,27.44,0,1.0268,0.0,3,0,0.4793,0.2456,0.1823,1,0,1
140.45,1,1,186.95,4,0.9262,0.0,7,0,0.2773,0.4099,0.0583,0,0,1
474.02,3,2,140.7,2,1.855,0.0,3,0,0.7279,0.4643,0.0664,1,1,1
193.42,1,1,48.91,2,1.5004,5.9677,8,0,0.7741,0.5644,0.0769,1,1,1
317.54,2,0,89.7,0,1.5014,4.2849,1,1,0.2097,0.2971,0.1333,1,0,0
169.28,4,1,110.12,0,1.0367,3.2133,5,1,0.69,0.249,0.0577,1,0,1
369.11,4,5,11.89,1,0.8944,3.7095,7,1,0.6457,0.1126,0.0521,1,1,1
125.42,0,0,83.95,2,1.5901,0.0,2,0,0.3715,0.7491,0.0778,0,0,1
240.59,6,4,199.57,1,1.1309,0.0,4,0,0.4963,0.4221,0.012,0,0,1
194.39,3,2,73.57,1,0.3267,6.145,8,1,0.8149,0.4238,0.1392,0,0,0
310.67,1,1,82.62,0,1.0774,0.6016,5,0,0.4719,0.1397,0.1107,0,0,1
600.0,3,4,97.28,1,0.7757,5.5437,3,0,0.527,0.2375,0.0846,2,0,1
195.5,4,0,58.41,1,1.4083,11.4984,4,1,0.6616,0.7187,0.3443,1,0,0
185.48,2,3,94.46,0,2.0818,0.0,3,0,0.2373,0.3793,0.0592,2,0,1
286.31,6,2,78.7,3,1.8396,10.7574,8,0,0.3716,0.5419,0.0038,0,0,1
270.07,1,5,182.46,2,1.2376,0.0,7,0,0.1532,0.4021,0.2764,0,1,0
336.51,5,6,118.27,1,1.0527,0.0,4,0,0.5781,0.3573,0.2168,1,1,1
396.11,4,3,124.26,2,1.6822,8.4896,6,0,0.5336,0.5767,0.1163,2,0,1
234.14,1,3,196.28,4,0.8583,0.0,6,1,0.538,0.5389,0.275,0,0,1
361.62,3,2,111.72,2,0.9294,3.074,7,1,0.6125,0.178,0.0909,4,0,1
265.3,2,1,90.16,1,1.7552,0.0,1,0,0.8259,0.428,0.1367,0,1,0
156.26,3,3,59.58,1,2.1408,0.0,2,0,0.6322,0.4898,0.0663,0,1,1
410.64,1,5,120.87,2,1.0249,0.0,9,0,0.683,0.4048,0.0494,0,1,0
350.22,4,3,168.39,1,1.1404,0.0,3,0,0.4246,0.2445,0.0226,2,1,0
513.69,6,1,153.99,1,1.3878,0.0,1,1,0.6656,0.3745,0.0945,1,0,1
303.12,7,4,101.21,1,2.1943,6.4042,2,0,0.5146,0.6269,0.0216,1,0,1
260.45,2,1,19.01,2,2.6041,0.0,7,0,0.4943,0.3211,0.1944,0,1,0
247.44,2,4,103.77,0,1.9214,0.0,4,0,0.6328,0.6327,0.1413,2,0,0
255.54,6,4,44.18,1,1.4036,0.0,7,0,0.6559,0.3733,0.1336,2,0,1
480.07,4,2,46.77,0,0.8082,11.3309,4,0,0.2961,0.5035,0.0909,2,0,1
496.48,2,0,60.79,0,1.7778,10.2399,5,0,0.8563,0.5893,0.2629,1,0,1
142.01,2,1,137.41,0,1.0343,0.0,3,0,0.4237,0.5958,0.1116,0,0,1
189.86,3,2,104.24,0,1.7143,3.8911,3,0,0.3924,0.6133,0.1114,5,1,0
143.26,1,1,145.96,1,1.6739,0.0,2,0,0.3801,0.4147,0.2409,0,0,1
173.88,1,2,219.68,1,1.9904,6.7313,4,1,0.7162,0.7959,0.2973,1,1,1
600.0,8,5,81.42,0,2.4092,6.696,2,1,0.3767,0.5302,0.1766,2,0,1
312.69,5,3,67.33,1,0.7048,4.7771,3,0,0.4409,0.4225,0.1736,1,0,1
51.3,1,0,88.43,0,1.6719,0.0,4,0,0.4321,0.2378,0.0535,0,1,0
168.37,1,2,72.06,1,1.1266,7.5968,3,0,0.2901,0.1288,0.2407,0,0,1
449.88,1,1,76.0,2,1.5958,0.0,7,0,0.3628,0.3664,0.2553,0,0,0
329.85,4,5,153.16,4,1.128,0.0,3,0,0.207,0.4974,0.0283,0,1,1
185.38,2,1,177.11,0,0.9405,11.6932,5,0,0.5366,0.5691,0.1151,0,0,1
380.52,7,5,211.11,1,1.0724,0.0,2,0,0.5611,0.4566,0.2737,0,0,1
77.87,2,3,83.02,2,0.8684,0.0,5,0,0.1284,0.1364,0.1269,3,1,0
217.82,1,1,151.41,2,2.4813,0.0,2,1,0.5793,0.4681,0.3435,1,0,1
212.33,2,3,161.22,2,0.9256,0.0,5,0,0.6865,0.3347,0.1295,1,0,1
177.5,0,3,212.62,1,1.2016,0.0,6,0,0.3047,0.2868,0.0448,1,1,0
600.0,5,6,92.86,0,1.5763,0.0,3,1,0.4574,0.5037,0.1185,3,0,1
270.36,3,2,172.4,1,1.4937,0.0,6,0,0.6259,0.5249,0.1493,2,1,1
385.47,4,2,83.44,0,1.3582,0.0,2,0,0.3905,0.4595,0.1346,1,1,0
96.12,2,2,78.31,2,1.6913,8.0586,1,0,0.5356,0.413,0.2077,0,0,0
410.6,6,7,102.18,1,1.0114,0.0,1,0,0.4841,0.3094,0.0221,1,0,0
226.97,4,2,16.56,0,1.8214,9.3801,1,1,0.5446,0.5185,0.1889,0,0,1
398.66,4,4,139.11,0,2.9095,7.786,1,0,0.6257,0.8248,0.0607,1,0,1
392.18,3,5,51.0,3,2.6535,13.2377,7,1,0.6057,0.5428,0.1245,3,0,1
111.03,0,2,180.82,0,0.7794,5.9402,5,0,0.4657,0.4699,0.032,2,0,1
600.0,2,2,90.32,2,1.1051,8.8232,8,0,0.4707,0.5772,0.1574,1,0,1
338.21,4,3,137.28,1,2.8675,1.2586,6,0,0.3712,0.385,0.1246,3,0,1
142.66,3,1,156.73,2,0.6948,0.0,7,0,0.3493,0.2395,0.2916,1,0,1
301.94,0,0,70.19,2,0.6461,3.1012,6,0,0.4019,0.1804,0.1391,0,1,0
284.87,4,0,47.3,0,1.0264,8.5116,10,1,0.3859,0.5818,0.1852,1,0,1
187.17,4,0,16.08,3,2.6238,0.0,7,0,0.8572,0.5411,0.1255,0,0,1
78.99,1,0,90.56,2,1.4043,13.3825,4,0,0.1402,0.6333,0.0598,1,1,1
201.84,2,2,95.75,1,1.2948,4.0593,5,0,0.2493,0.7306,0.3454,1,1,1
189.61,4,0,56.99,1,2.522,9.0575,6,1,0.5522,0.6926,0.0413,1,1,1
134.26,1,2,164.37,2,1.2617,0.0,4,0,0.5457,0.6205,0.1054,0,1,0
343.76,4,5,126.58,0,1.6528,0.0,1,0,0.7051,0.4714,0.1921,5,0,1
268.17,1,1,61.66,1,1.2724,0.0,9,1,0.82,0.6452,0.0746,2,1,1
449.06,1,5,69.69,1,0.5813,0.0,6,0,0.3469,0.2276,0.1701,1,0,0
152.42,2,4,32.14,1,1.3462,0.0,5,1,0.2499,0.4591,0.1019,2,0,0
474.12,4,1,159.86,3,1.0462,0.0,7,1,0.1576,0.5871,0.0549,3,1,1
327.09,0,2,46.0,0,0.4062,0.0,3,1,0.5831,0.671,0.1932,4,1,0
289.09,4,0,111.83,3,0.6158,0.0,3,0,0.7865,0.6202,0.1198,2,0,0
120.81,2,1,79.76,1,1.4173,0.0,6,0,0.8011,0.6874,0.0395,0,1,0
147.6,2,5,100.29,0,1.7466,0.0,4,0,0.3597,0.562,0.1801,1,0,1
467.54,4,4,80.93,1,1.0234,13.682,7,1,0.791,0.3193,0.0561,0,0,1
179.62,2,2,130.9,3,1.1935,0.0,8,0,0.5122,0.3014,0.042,0,0,1
339.98,2,3,26.28,1,2.5256,7.055,5,0,0.805,0.6757,0.1408,1,0,1
234.72,1,6,208.91,0,0.8179,2.7766,4,0,0.3892,0.4905,0.1743,3,0,1
281.38,5,2,48.34,2,2.1409,0.0,7,0,0.6677,0.5269,0.0473,0,0,1
214.49,4,3,122.33,1,0.8677,4.4601,4,1,0.8132,0.637,0.0766,0,0,1
92.13,0,1,9.34,3,1.7775,12.9238,2,0,0.4503,0.5063,0.0673,0,0,0
298.57,2,1,22.49,0,1.11,0.0,4,0,0.1122,0.599,0.1393,2,1,1
356.88,3,3,100.75,1,1.4887,3.6466,4,1,0.4187,0.8067,0.1581,1,1,1
239.36,5,1,38.68,1,0.9879,7.4433,2,0,0.3458,0.4216,0.145,0,0,1
600.0,2,1,24.85,0,2.4451,0.0,3,1,0.5734,0.752,0.1213,1,1,1
454.23,1,0,28.08,2,1.2487,0.0,3,0,0.1928,0.5258,0.1315,0,0,0
253.24,1,4,80.12,2,0.6772,0.0,3,0,0.437,0.429,0.11,1,1,0
251.65,1,1,69.39,2,1.3724,4.2851,2,1,0.3167,0.7184,0.2825,1,0,0
291.91,4,4,50.69,2,1.3849,0.0,3,0,0.5258,0.5841,0.1999,2,0,1
321.47,3,1,44.27,0,1.0491,5.855,5,1,0.2705,0.6379,0.0645,2,1,1
375.86,4,2,52.79,2,1.538,0.0,3,1,0.1748,0.4269,0.1773,0,1,1
140.78,1,2,38.96,3,2.3108,9.281,8,1,0.4105,0.6443,0.0171,0,1,1
243.12,1,2,3.9,3,1.8199,0.0,9,0,0.6685,0.4185,0.0933,1,1,1
201.06,3,5,105.48,1,0.9926,5.1052,1,0,0.3487,0.5459,0.0646,0,0,1
326.92,1,1,129.84,0,1.9529,0.0,3,0,0.4456,0.714,0.1686,2,1,0
246.35,2,0,94.94,0,0.7708,0.0,4,0,0.5581,0.4604,0.0337,0,0,0
129.58,1,4,116.83,0,0.7016,3.9943,4,0,0.5606,0.3322,0.075,5,0,0
98.55,0,2,55.25,1,1.8624,0.0,5,1,0.5531,0.5535,0.084,1,1,0
235.21,5,4,111.04,1,2.0937,0.0,7,0,0.2363,0.6619,0.0298,3,0,1
369.59,3,0,19.62,1,0.7604,1.5509,5,0,0.5369,0.3414,0.0769,0,0,0
373.2,4,4,109.76,0,1.2198,0.0,3,0,0.497,0.465,0.139,2,0,1
314.81,3,1,138.74,0,1.7017,5.9961,5,0,0.5142,0.6387,0.0844,1,0,1
408.73,5,5,111.75,1,1.3192,0.0,5,1,0.6756,0.2258,0.1388,4,1,1
221.56,5,0,172.18,3,0.6972,0.0506,1,0,0.5184,0.2464,0.229,0,1,1
434.12,1,4,99.58,1,0.9881,11.8746,4,0,0.7265,0.5191,0.1833,0,0,1
193.92,3,3,188.38,2,0.4515,0.0,5,1,0.4367,0.3227,0.1312,1,0,0
176.12,3,2,46.08,1,1.5012,0.0,2,0,0.4304,0.5067,0.0876,0,1,1
230.94,4,2,118.77,2,0.9001,0.0,8,0,0.7667,0.3321,0.2278,0,0,1
135.74,1,1,155.46,1,1.0577,0.0,7,1,0.5765,0.6678,0.1737,0,0,0
419.31,4,3,123.59,1,0.9366,9.1499,5,1,0.2633,0.5283,0.0056,0,1,1
449.28,4,1,65.16,1,1.0386,0.0,3,0,0.268,0.6109,0.0627,0,0,0
182.89,1,2,100.07,0,1.905,10.4267,3,0,0.147,0.6968,0.0785,0,1,1
561.44,6,2,31.52,1,0.8218,12.0995,2,0,0.4243,0.8658,0.0928,1,0,0
339.99,3,2,89.94,2,1.9796,0.0,6,0,0.9173,0.6436,0.0526,2,0,1
252.91,2,3,19.25,1,1.0779,11.377,5,1,0.2887,0.3652,0.2261,2,1,0
128.63,0,2,71.52,1,1.3201,0.0,5,0,0.4015,0.7699,0.0917,4,1,0
150.75,3,6,152.66,1,0.9176,0.0,4,0,0.2003,0.5536,0.0357,5,1,0
262.14,2,0,156.63,1,0.7155,0.0,5,0,0.3511,0.5407,0.2003,1,0,1
170.67,5,1,118.66,0,2.0034,8.66,5,0,0.7741,0.5531,0.0604,1,0,1
124.12,3,1,89.48,1,0.9635,0.0,2,0,0.5894,0.2495,0.3078,4,0,1
243.5,8,2,83.85,0,1.355,0.0,4,0,0.1579,0.5693,0.0215,0,1,0
578.68,4,4,63.55,1,0.87,3.8669,2,0,0.5263,0.4898,0.1596,2,1,1
422.54,2,2,41.07,0,0.7314,8.851,2,1,0.7741,0.1704,0.2209,2,0,0
349.4,1,3,149.66,2,0.9491,12.5812,8,0,0.7727,0.6503,0.0669,3,0,1
168.77,1,2,36.94,1,1.1735,0.0,6,0,0.5406,0.4533,0.0536,0,1,0
258.1,5,2,84.65,1,1.4771,9.4851,3,1,0.4706,0.7072,0.3345,2,0,0
436.98,5,4,115.95,2,1.571,0.0,2,0,0.5362,0.4353,0.0943,1,0,1
236.34,2,4,163.81,0,2.9035,0.0,3,1,0.4226,0.7308,0.0327,2,0,0
306.34,2,3,86.65,0,0.6759,8.8787,6,1,0.8189,0.529,0.0251,1,0,1
124.06,3,2,48.83,1,0.7176,8.7771,6,0,0.1933,0.4376,0.1566,0,1,0
255.7,6,4,95.99,1,1.956,0.0,6,1,0.4805,0.309,0.1679,2,0,1
157.8,2,2,91.98,0,2.8251,5.3277,9,1,0.2935,0.6737,0.0075,0,1,1
433.7,5,5,136.26,0,1.6658,0.0,3,0,0.2387,0.6347,0.0453,1,0,1
174.63,2,1,16.83,1,0.7266,0.0,2,0,0.2789,0.3734,0.0691,0,0,0
351.76,2,5,118.25,2,1.0165,0.0,4,1,0.5016,0.5285,0.0306,0,0,1
173.97,3,2,126.85,1,3.0259,0.0,3,0,0.4764,0.6265,0.0273,1,1,1
314.27,3,2,102.42,0,0.6672,10.6997,5,0,0.5614,0.5334,0.2011,0,0,0
160.69,2,5,143.25,1,1.5048,14.8818,5,0,0.8475,0.5502,0.2224,4,0,1
211.38,1,2,45.66,1,1.6345,2.4406,8,0,0.2938,0.6262,0.0652,2,0,1
224.44,3,3,141.46,4,1.6388,0.0,7,0,0.1795,0.7997,0.1243,2,1,1
531.72,3,4,109.47,0,1.4245,4.2495,5,0,0.4524,0.2312,0.1871,2,0,0
214.09,4,5,131.3,2,1.3378,5.8239,7,0,0.4729,0.4558,0.0981,2,1,1
383.95,2,4,89.29,0,1.0759,0.0,3,1,0.6112,0.3733,0.0885,0,1,0
137.39,3,1,125.08,3,1.7519,8.7663,6,0,0.1878,0.3855,0.024,1,0,1
440.01,5,3,223.24,1,1.4524,0.0,2,0,0.2495,0.6625,0.0451,0,0,1
141.6,0,1,59.4,0,1.3191,9.4888,2,0,0.3161,0.3751,0.1617,0,0,1
292.33,4,0,77.13,0,1.11,0.0,2,1,0.1935,0.579,0.2338,1,0,0
220.39,1,1,145.97,0,1.3467,0.0,3,0,0.1399,0.3704,0.0247,1,1,0
183.54,2,3,158.39,1,1.5873,0.0,6,0,0.2751,0.5421,0.3464,1,0,0
240.79,3,2,146.09,1,1.1425,10.066,5,1,0.3113,0.6684,0.0651,3,0,1
156.89,2,2,40.77,0,1.1704,4.9454,4,1,0.3318,0.4194,0.107,2,1,0
128.23,1,1,40.62,0,0.7103,0.0,7,0,0.5327,0.4228,0.0319,1,0,0
313.11,3,0,109.31,1,1.517,0.0,7,0,0.3793,0.4659,0.1208,1,0,1
302.81,2,2,133.66,0,2.2742,0.0,4,0,0.61,0.4092,0.1538,1,0,1
441.36,2,1,33.75,2,0.8383,0.0,1,0,0.8076,0.4435,0.0553,1,1,0
243.85,5,2,86.92,2,2.0602,4.2133,7,0,0.8762,0.4623,0.242,0,1,1
259.87,3,2,92.36,0,0.8948,0.0,4,0,0.4797,0.4638,0.0885,1,1,0
297.7,2,2,62.23,1,1.5415,0.0,4,1,0.1518,0.4752,0.1278,0,1,1
157.45,4,5,123.99,1,1.0084,0.0,1,1,0.2088,0.4727,0.0472,0,1,1
215.12,3,2,84.94,2,0.8201,0.0,2,0,0.3716,0.5428,0.0727,1,1,0
259.34,4,4,94.55,1,1.5229,0.0,3,0,0.7121,0.496,0.2636,2,1,1
142.02,1,1,31.58,0,0.8248,10.4851,6,0,0.4736,0.2935,0.1468,0,1,0
265.91,1,0,138.46,0,0.8889,0.0,3,0,0.5262,0.257,0.1333,0,1,0
488.34,8,1,61.42,0,1.0027,6.6653,3,1,0.6765,0.7217,0.2866,1,0,1
253.08,6,4,164.02,2,4.0,0.0,2,0,0.648,0.5082,0.0239,2,0,1
75.8,1,0,65.16,2,0.5748,0.0,4,0,0.6279,0.3598,0.0144,1,0,1
345.72,4,3,37.62,0,1.9688,0.0,1,0,0.4473,0.5508,0.0286,1,0,0
422.29,8,1,42.05,1,0.6687,6.5382,1,0,0.3916,0.6176,0.0358,3,0,1
474.11,3,5,49.89,2,1.2408,0.0,2,0,0.6776,0.5756,0.0728,3,0,1
335.02,5,3,96.22,1,1.2024,0.0,2,0,0.7534,0.5173,0.1177,2,1,0
238.9,4,4,66.23,1,4.0,0.0,1,0,0.5427,0.8412,0.2194,0,1,1
370.37,1,4,186.38,0,1.4232,0.0,2,0,0.5899,0.5697,0.1769,4,1,0
348.29,2,4,152.93,0,1.8412,5.9643,3,0,0.2482,0.354,0.1259,0,1,1
285.84,3,2,26.98,2,1.5465,0.0,7,1,0.3278,0.2074,0.0325,0,0,1
318.68,7,2,49.99,1,1.0143,0.0,5,1,0.0929,0.5928,0.1863,2,0,0
600.0,4,1,56.64,1,1.3839,8.0824,6,0,0.2064,0.4655,0.0611,0,1,0
129.47,1,2,136.85,4,1.8364,11.8861,7,1,0.5412,0.6868,0.1531,2,0,1
331.61,0,3,71.83,0,1.062,0.0,3,0,0.6626,0.3546,0.1542,2,0,0
75.7,1,2,29.14,2,0.9022,0.0,5,0,0.3139,0.4872,0.0339,0,1,0
542.8,4,1,52.39,0,2.8484,0.0,5,0,0.5242,0.4865,0.0251,1,1,1
284.58,6,1,75.08,1,1.3526,0.0,4,1,0.194,0.5842,0.0956,2,1,0
319.7,3,4,82.89,1,0.7519,1.9269,4,1,0.7215,0.5121,0.2031,0,0,0
559.44,4,2,169.42,0,0.8543,5.0208,4,0,0.6816,0.4372,0.1848,4,1,1
449.54,6,6,192.74,3,1.5559,0.0,9,0,0.4807,0.1322,0.2506,1,0,1
318.05,5,1,168.73,3,1.262,11.2853,5,1,0.6747,0.5985,0.1936,2,0,1
162.81,3,4,70.23,1,1.6052,0.0,1,0,0.1951,0.6739,0.1052,1,0,1
168.66,2,6,118.66,2,0.9954,0.0,4,0,0.5873,0.1835,0.1013,1,0,0
438.64,5,4,61.3,2,1.6362,3.8696,9,0,0.3428,0.6719,0.3403,5,0,1
188.15,1,3,91.96,0,1.2846,0.0,2,0,0.6219,0.4978,0.1124,1,0,0
48.73,0,1,86.94,2,1.438,10.2511,5,1,0.4595,0.3367,0.017,2,0,0
203.54,2,3,173.19,1,1.0694,0.0,2,0,0.8912,0.3167,0.1405,1,1,0
322.59,2,4,44.07,0,2.3968,1.9824,5,0,0.3774,0.5796,0.1305,0,0,1
300.78,2,5,59.7,2,1.8684,0.0,1,0,0.3229,0.3185,0.1124,3,0,1
287.51,4,3,34.35,2,3.1624,0.0,7,0,0.2097,0.43,0.0571,1,0,1
282.28,3,3,55.67,0,1.1617,0.0,3,1,0.9117,0.3377,0.1385,1,0,1
333.1,5,2,137.7,2,2.2116,0.0,7,1,0.2976,0.5081,0.2052,2,1,1
196.19,4,1,152.69,1,1.1448,6.3997,4,0,0.5426,0.5268,0.0438,2,0,1
322.42,5,6,139.76,2,1.8205,7.0442,4,0,0.5779,0.2952,0.069,5,0,1
445.24,9,4,137.17,1,1.7283,0.0,9,0,0.1668,0.5239,0.0541,1,1,1
379.75,2,4,92.21,1,1.7798,0.0,7,0,0.473,0.6153,0.1703,3,0,1
416.71,4,5,145.48,1,2.1344,0.0,3,0,0.8613,0.6597,0.3126,3,0,1
166.68,1,4,150.35,1,0.65,0.0,5,0,0.4991,0.3522,0.0319,0,0,1
278.89,4,1,190.33,2,0.6375,0.0,7,0,0.3669,0.2813,0.2098,0,1,1
296.01,4,1,71.48,1,1.0622,0.0,4,0,0.4963,0.576,0.1434,4,1,1
143.32,3,3,48.69,1,0.6466,0.0,2,0,0.7239,0.3408,0.1012,0,0,0
227.55,2,2,40.12,0,0.4179,0.0,4,0,0.7179,0.3876,0.2015,0,0,1
139.53,1,2,102.69,0,0.5782,3.4444,2,0,0.3312,0.3752,0.1506,1,0,0
345.02,3,3,40.8,2,0.9515,4.7908,1,1,0.2424,0.4243,0.1615,0,1,0
69.67,2,4,21.28,0,0.8832,11.5533,6,1,0.2993,0.4719,0.0295,0,0,1
187.66,2,2,79.91,5,0.9053,0.0,2,0,0.3988,0.5554,0.0829,0,0,0
154.4,1,1,120.78,1,0.9491,0.0,2,1,0.2538,0.5907,0.0493,0,1,0
187.5,3,0,37.27,0,2.1674,0.0,3,0,0.2744,0.8724,0.0388,0,0,1
234.19,5,0,202.01,0,1.4597,0.0,3,0,0.306,0.448,0.0913,1,0,0
69.98,0,0,52.15,3,0.597,0.0,7,0,0.6667,0.3478,0.0177,0,1,0
240.45,2,1,39.44,1,1.5069,4.0267,4,1,0.729,0.6998,0.2058,1,1,1
464.9,6,5,73.66,2,0.8279,0.0,2,1,0.5867,0.5195,0.0615,0,0,1
215.75,1,3,186.65,0,0.4073,10.6855,2,0,0.3935,0.6316,0.051,1,1,0
180.14,4,5,159.07,2,0.5329,8.3241,7,0,0.8639,0.3769,0.1961,2,0,1
95.35,1,4,93.67,0,1.2082,8.7542,9,1,0.8049,0.4341,0.2354,0,0,1
228.58,2,2,80.4,0,0.7817,7.3038,4,0,0.1638,0.3579,0.002,1,0,0
66.27,1,4,173.57,2,1.4767,6.8324,9,0,0.6218,0.614,0.093,1,1,1
234.29,5,4,252.28,2,1.2579,0.0,9,1,0.3498,0.4336,0.1553,0,1,1
155.14,1,4,113.96,1,1.2209,5.2757,5,0,0.6884,0.4402,0.079,4,1,1
81.81,2,1,5.28,2,1.2079,0.0,8,0,0.189,0.8436,0.2391,1,0,1
283.82,0,0,25.97,2,1.5869,0.0,2,0,0.3941,0.3812,0.0808,2,1,0
407.69,6,3,52.95,2,1.6003,5.6284,3,0,0.5445,0.745,0.1861,0,0,1
104.48,1,0,140.99,0,1.6875,8.9786,3,1,0.503,0.3834,0.0707,1,1,1
247.21,2,4,141.78,0,1.4146,6.3937,3,1,0.625,0.4127,0.1114,1,1,0
203.47,2,0,87.75,0,2.1328,13.5574,5,1,0.3846,0.8694,0.0466,2,0,1
521.38,3,3,150.52,2,2.0862,0.0,7,0,0.6619,0.4765,0.0486,2,0,1
86.73,1,2,38.96,1,1.2284,0.0,5,0,0.1015,0.5958,0.1088,0,0,0
302.81,4,4,70.84,1,1.6631,10.1822,4,1,0.692,0.5018,0.0213,2,1,1
483.31,2,5,191.56,0,1.4561,8.6614,4,0,0.4297,0.2756,0.1663,2,0,0
291.72,5,1,125.25,1,1.9125,7.2774,2,0,0.2891,0.7654,0.0129,0,1,1
207.61,4,7,139.49,1,1.5374,5.5743,4,0,0.8784,0.1216,0.1802,1,0,1
307.99,8,3,85.3,1,0.6846,0.0,6,0,0.7504,0.5729,0.324,3,0,1
361.08,3,6,126.21,0,1.4185,0.0,8,0,0.4699,0.5218,0.1988,2,1,1
161.27,4,3,117.14,0,0.8317,8.275,2,0,0.0139,0.7077,0.0777,1,0,1
129.77,3,2,177.61,1,0.5655,0.0,2,0,0.706,0.6474,0.0799,0,0,0
353.57,4,3,112.42,4,1.2283,0.0,10,0,0.2196,0.2716,0.1232,0,0,1
121.98,0,0,99.42,1,0.9181,0.0,3,0,0.4008,0.4651,0.0159,0,1,0
151.61,1,1,105.81,2,1.3529,2.6204,3,1,0.4369,0.1892,0.1587,0,1,1
438.36,5,4,102.82,1,4.0,0.0,4,0,0.6722,0.7061,0.117,1,0,1
591.42,4,0,38.09,4,3.4841,6.9912,8,0,0.5406,0.5812,0.1366,1,0,1
189.37,3,3,160.01,2,1.0113,0.0,3,1,0.7518,0.7601,0.0592,4,0,1
109.51,2,2,104.87,0,1.8602,0.0,3,0,0.2729,0.5416,0.1626,0,0,0
276.88,1,3,99.25,1,1.0182,0.9787,7,0,0.563,0.6261,0.1349,1,1,1
339.32,1,1,73.09,2,1.6633,0.0,2,1,0.3167,0.4896,0.0084,1,0,1
335.08,0,2,91.55,0,0.9542,6.2379,4,0,0.562,0.1407,0.2261,0,0,0
367.52,2,2,58.45,2,0.9686,0.0,3,1,0.288,0.573,0.1364,2,0,1
114.71,1,1,118.04,1,1.2272,0.0,7,0,0.8565,0.5664,0.0447,3,0,1
122.23,1,2,38.13,0,0.7802,6.8223,7,0,0.3671,0.4733,0.0813,0,0,1
424.02,9,4,109.09,1,2.2457,0.0,1,0,0.8303,0.6152,0.1381,3,0,1
90.41,0,0,42.43,1,1.4668,0.0,6,0,0.9004,0.4075,0.0805,0,1,1
187.58,5,3,104.86,2,1.2327,0.0,8,1,0.6572,0.4912,0.0488,0,0,1
345.24,4,2,85.39,1,1.7973,0.0,6,1,0.4403,0.3604,0.2575,2,1,1
204.78,2,2,108.74,0,1.6123,5.8542,3,1,0.624,0.484,0.0303,2,0,0
188.04,4,3,147.33,1,0.9111,5.5795,3,0,0.1801,0.3039,0.0177,1,1,0
469.37,3,5,37.46,2,0.7354,0.0,4,0,0.4746,0.4304,0.2417,2,0,1
574.24,3,2,52.82,1,1.1591,0.0,6,0,0.7739,0.422,0.0911,2,1,1
142.2,3,2,171.32,2,1.4876,1.8733,2,0,0.6404,0.3017,0.15,1,1,0
288.08,3,5,62.61,2,1.141,0.0,2,0,0.6978,0.3977,0.2705,4,1,1
599.25,4,6,185.99,0,1.1515,0.0,1,0,0.5383,0.5025,0.1743,3,0,1
183.03,2,4,161.75,0,2.5159,0.0,6,1,0.1858,0.5402,0.1598,1,1,1
97.64,0,3,80.16,0,1.2724,0.0,3,0,0.1271,0.7126,0.0665,1,1,1
443.54,4,7,143.76,0,1.9514,6.2906,5,0,0.7191,0.7823,0.2508,2,0,1
430.91,5,5,79.11,1,0.7314,0.0,6,0,0.4479,0.1977,0.1323,5,1,0
131.47,0,1,27.59,0,0.8179,0.0,5,0,0.368,0.406,0.055,1,1,1
205.13,2,2,99.18,2,0.545,0.0,5,0,0.5653,0.3819,0.0959,5,1,0
451.1,3,6,87.93,3,2.0959,0.0,6,0,0.5452,0.6914,0.0584,5,0,1
455.94,9,4,69.93,2,2.4946,0.0,4,1,0.4944,0.6221,0.3533,0,1,1
143.36,3,2,56.01,0,1.1727,0.9044,4,1,0.2335,0.3167,0.1518,1,0,0
187.69,3,1,75.44,1,0.8462,8.2192,4,0,0.4255,0.1754,0.3068,0,0,0
128.01,2,5,77.88,1,0.7781,0.0,5,0,0.5668,0.3962,0.3062,2,1,0
158.95,1,1,153.6,1,0.7402,8.7866,6,0,0.7732,0.2307,0.0909,2,0,0
364.08,2,1,48.77,0,1.6305,0.0,2,1,0.5219,0.7616,0.1757,1,1,0
239.88,6,5,71.23,0,1.1989,0.0,6,0,0.5458,0.5477,0.0949,2,0,1
205.96,1,3,105.06,1,1.4432,0.0,7,0,0.224,0.2638,0.0344,3,0,1
491.88,10,4,83.06,1,1.9417,9.0886,6,0,0.3244,0.8387,0.2559,5,0,1
207.53,3,0,61.02,0,0.5445,4.1973,3,0,0.3756,0.2487,0.1514,0,0,0
227.39,1,5,102.58,0,2.1632,0.0,3,0,0.5783,0.4999,0.1748,2,1,0
174.37,3,4,117.7,2,1.2155,0.0,8,1,0.304,0.604,0.1478,0,0,1
457.13,1,3,125.08,0,1.0703,0.0,6,0,0.6415,0.1887,0.1252,1,1,0
117.64,1,3,33.79,1,0.7473,10.6734,3,0,0.2839,0.3975,0.0552,0,0,1
348.73,2,2,194.44,1,1.8023,0.0,3,0,0.3322,0.4181,0.0749,2,0,1
128.91,1,2,130.18,2,1.6649,0.0,4,0,0.8587,0.2667,0.1621,4,0,1
214.54,2,1,48.29,2,1.1488,5.1072,5,0,0.4798,0.3573,0.1848,1,0,1
137.68,2,2,8.82,1,0.8523,4.1284,6,0,0.2682,0.601,0.1153,2,1,1
550.57,4,6,175.75,1,2.4006,0.0,5,0,0.8225,0.6339,0.1176,2,0,1
334.1,3,3,107.73,0,0.8128,0.0,2,0,0.4902,0.4509,0.0594,1,0,1
466.92,4,0,93.2,0,1.3334,0.0,3,1,0.5092,0.574,0.1853,1,0,1
394.88,7,4,148.68,0,2.8785,8.4614,3,1,0.7448,0.7266,0.1222,1,1,1
502.49,6,7,176.22,0,1.4117,6.0129,4,0,0.5635,0.5763,0.2449,2,0,1
164.08,3,2,77.32,2,1.2729,10.534,9,1,0.513,0.6761,0.0216,0,1,1
193.52,2,5,196.01,1,2.2509,2.7382,7,1,0.4088,0.4926,0.0639,3,0,1
341.34,1,1,60.48,1,1.3924,0.0,7,0,0.8624,0.4229,0.0868,0,0,1
205.45,3,1,174.05,1,1.5548,0.0,2,0,0.4367,0.4369,0.1833,2,1,0
240.44,3,3,208.5,1,0.8349,3.5218,3,1,0.5889,0.2122,0.0813,2,0,0
445.76,3,6,101.32,2,0.9757,0.0,8,0,0.6601,0.2511,0.1391,4,0,1
283.13,2,0,188.4,3,1.869,0.0,8,0,0.659,0.3367,0.3686,1,0,1
212.27,2,3,53.51,1,0.9846,2.4334,5,1,0.794,0.2077,0.2587,1,0,1
349.02,6,6,161.79,2,1.2821,11.7461,3,1,0.7476,0.6577,0.2341,3,0,1
399.11,1,4,89.9,0,0.9815,0.0,3,0,0.4506,0.7561,0.0904,3,1,1
173.38,3,1,64.64,1,1.5065,0.0,6,0,0.834,0.5108,0.07,1,0,1
255.54,2,1,91.06,1,0.5784,5.5502,2,0,0.1872,0.4314,0.1528,0,0,0
545.42,2,4,177.4,2,2.1329,0.0,5,1,0.2441,0.7141,0.094,3,0,1
362.23,5,4,42.28,3,0.5669,0.0,10,1,0.4536,0.6414,0.2839,0,1,0
141.44,3,5,90.49,1,0.9931,9.0556,4,1,0.595,0.506,0.113,0,0,1
296.19,2,2,99.17,1,2.9302,0.0,3,1,0.5919,0.8047,0.276,1,1,1
333.03,0,1,165.04,1,1.0038,0.0,8,0,0.6143,0.3433,0.2385,2,0,1
600.0,6,4,129.91,0,0.7651,9.0423,3,0,0.6857,0.4286,0.0129,3,0,1
529.03,2,4,70.8,3,2.1951,0.0,4,0,0.6308,0.4148,0.1543,2,0,0
189.89,2,4,164.68,2,2.2488,0.0,5,1,0.4432,0.6036,0.1153,1,0,1
600.0,4,2,36.95,2,1.2575,0.0,2,1,0.6671,0.5533,0.0634,4,0,1
419.2,4,4,39.2,1,2.1716,0.0,4,0,0.3533,0.538,0.0252,0,0,1
218.54,3,5,161.59,1,2.4575,0.0,6,0,0.6412,0.6811,0.1648,4,0,1
264.19,2,2,36.9,0,1.0914,0.0,2,0,0.6136,0.4909,0.0753,2,0,0
169.38,1,1,70.36,2,1.7027,0.0,2,0,0.2907,0.7315,0.129,1,0,0
277.56,2,2,113.99,2,0.4978,10.4038,8,0,0.1078,0.5103,0.0409,2,0,0
304.52,3,3,88.94,2,1.4345,4.743,5,0,0.6278,0.4343,0.0208,2,0,1
386.17,6,4,96.93,1,0.8794,0.0,9,0,0.2451,0.8377,0.2563,2,1,1
501.0,5,1,80.52,1,1.6809,0.0,4,0,0.4149,0.704,0.1353,2,0,1
381.81,3,1,110.89,0,0.6195,11.1806,4,1,0.5359,0.3199,0.0502,2,0,1
442.86,1,4,133.17,0,1.3828,11.3314,1,0,0.3177,0.5588,0.2867,5,0,0
296.55,1,2,166.23,0,0.8949,8.3207,3,1,0.8078,0.3748,0.0393,1,0,0
90.03,2,3,116.87,3,1.2274,0.0,5,0,0.456,0.5174,0.244,0,0,0
600.0,1,2,164.42,3,1.0246,8.9222,8,0,0.5558,0.4603,0.2368,1,1,1
282.22,2,1,67.45,2,1.6603,0.0,3,0,0.8916,0.3871,0.0662,1,0,0
172.45,1,4,99.93,1,2.6801,0.0,3,1,0.3799,0.6652,0.1673,1,0,1
336.22,5,4,84.56,0,1.8311,0.0,5,1,0.8617,0.5447,0.1496,3,0,0
117.29,1,4,147.45,2,1.1907,0.0,4,1,0.6877,0.3935,0.149,1,0,1
412.54,5,1,95.41,3,2.045,0.0,9,0,0.1182,0.5009,0.2505,1,1,0
118.54,3,6,92.0,0,0.8991,3.4835,2,1,0.6171,0.4488,0.0142,1,0,0
315.89,2,2,57.19,0,0.8251,6.3396,4,0,0.524,0.5196,0.099,1,1,0
55.14,1,1,5.57,3,0.8621,0.0,10,0,0.3648,0.3181,0.0416,1,0,1
212.5,2,0,120.49,0,1.629,9.0817,2,1,0.7147,0.2666,0.0179,0,0,1
344.25,0,1,69.67,1,0.56,0.0,2,1,0.7465,0.4975,0.1185,0,0,0
336.26,3,4,149.91,2,0.984,2.2535,9,0,0.0784,0.4381,0.1608,2,1,1
138.76,3,3,95.16,0,1.0664,0.0,7,0,0.3443,0.7562,0.0608,1,0,1
119.23,2,2,79.85,1,1.359,0.0,2,0,0.1543,0.4126,0.1052,2,1,0
600.0,4,5,140.95,2,0.985,0.0,5,0,0.203,0.3226,0.1837,1,0,1
61.3,1,2,108.71,1,1.5823,0.0,3,1,0.467,0.5135,0.0604,0,0,1
333.29,3,4,161.39,2,1.4247,0.0,7,0,0.5994,0.2443,0.0505,3,0,1
207.6,3,3,41.01,3,2.0743,8.1129,9,0,0.2759,0.5123,0.1726,3,1,0
214.38,3,4,31.25,1,2.289,10.9283,3,1,0.8753,0.5525,0.136,2,0,1
352.11,1,1,40.57,0,0.6636,2.2994,3,0,0.3223,0.394,0.1227,2,0,1
161.21,2,1,157.15,0,1.1295,9.4767,1,0,0.3093,0.4909,0.0188,0,1,0
116.52,1,0,20.87,2,1.2912,0.0,5,0,0.6095,0.3478,0.1436,0,0,1
289.82,3,4,181.51,3,0.5515,0.0,4,0,0.5847,0.3121,0.2011,2,1,1
110.14,3,2,124.76,3,0.868,0.0,10,0,0.6057,0.5465,0.2384,1,1,1
318.83,0,0,34.91,0,0.5785,10.8955,7,0,0.6009,0.4707,0.2286,2,0,0
254.98,5,4,135.19,2,1.0957,0.0,5,0,0.616,0.589,0.0916,0,0,1
204.54,3,1,115.75,1,2.843,3.6646,7,0,0.2689,0.2377,0.0343,1,1,1
406.73,5,1,40.87,0,1.1227,0.0,9,0,0.6514,0.6851,0.3459,2,1,0
219.32,5,3,50.8,0,0.6035,0.0,3,0,0.5818,0.3707,0.0357,1,1,0
357.25,5,3,90.79,3,1.5724,0.0,5,0,0.3996,0.6673,0.222,0,0,1
348.96,5,3,156.99,0,1.0456,0.0,5,0,0.897,0.4567,0.2635,1,0,1
53.22,1,1,21.48,0,0.7691,8.8537,3,0,0.7885,0.1799,0.0693,3,1,0
122.62,2,0,97.46,0,0.4354,0.0,3,0,0.7492,0.6627,0.098,1,1,0
384.29,1,1,19.5,1,3.476,0.0,8,0,0.7223,0.6421,0.0155,3,1,1
301.18,1,4,104.76,1,0.9969,8.4021,1,0,0.5191,0.3432,0.0602,0,0,0
600.0,7,3,84.72,0,1.3851,0.0,3,0,0.4307,0.6239,0.1105,1,0,1
83.6,0,4,108.98,0,2.0839,0.0,1,0,0.4436,0.5985,0.2147,3,1,1
148.93,2,0,102.65,2,2.1891,1.2611,4,0,0.7958,0.3768,0.0136,1,0,1
214.36,2,5,181.19,2,1.2858,9.374,4,0,0.6197,0.6431,0.1944,5,0,1
103.92,0,0,103.39,1,0.7925,10.0938,6,0,0.4289,0.3721,0.1334,0,0,1
297.96,2,1,148.52,2,0.6021,2.5842,6,0,0.2561,0.4223,0.0588,3,0,1
235.7,3,2,90.09,2,0.8134,0.0,4,1,0.6837,0.5569,0.076,3,0,0
208.55,2,3,111.72,0,1.5985,7.6831,7,0,0.4976,0.5776,0.0945,1,0,1
305.93,1,0,160.93,1,0.6862,2.4292,7,0,0.4855,0.5686,0.0853,1,0,0
582.47,8,4,154.29,0,1.2498,8.8092,3,0,0.8773,0.5852,0.125,3,0,1
228.53,2,3,16.04,0,1.8321,2.1225,2,1,0.333,0.3487,0.3327,0,0,0
274.53,2,2,80.73,1,1.4943,0.0,5,0,0.576,0.4,0.031,1,0,1
296.1,1,3,82.22,1,1.5923,0.0,2,0,0.2811,0.2452,0.0308,1,1,1
480.48,2,0,36.36,0,1.3537,0.0,5,0,0.1865,0.7792,0.0832,1,1,1
385.2,4,6,102.2,0,2.1368,6.3872,4,0,0.5346,0.5769,0.0775,2,0,1
46.96,0,3,14.71,0,0.838,8.0866,4,0,0.5407,0.6457,0.0317,0,0,1
59.93,0,3,203.0,0,1.5086,0.0,5,0,0.1113,0.3533,0.1377,2,0,0
290.31,5,4,74.86,0,0.6164,0.0,4,0,0.4487,0.1616,0.1196,0,0,0
303.01,0,4,145.14,0,1.1593,0.0,6,0,0.3433,0.6159,0.0724,2,0,1
317.51,3,3,160.21,1,1.426,0.0,6,0,0.5776,0.3897,0.1392,4,0,0
245.21,2,2,28.06,0,0.883,0.0,3,0,0.1958,0.3733,0.0544,1,0,0
129.09,2,1,131.21,0,1.0387,0.0,4,0,0.2269,0.6765,0.0675,0,1,1
283.33,3,3,40.54,0,1.2582,0.0,3,1,0.1838,0.4124,0.092,2,1,0
268.88,4,3,171.85,0,2.2604,0.0,5,1,0.5979,0.3939,0.1015,2,0,1
100.14,3,1,36.16,1,1.552,6.6048,4,0,0.8701,0.5379,0.1166,2,1,0
257.39,4,4,82.38,1,0.8644,12.0544,3,0,0.717,0.6513,0.1015,2,0,1
129.94,4,5,47.18,1,0.62,6.8465,4,0,0.2882,0.3077,0.0715,1,1,1
86.17,1,3,154.83,1,1.1025,0.0,1,0,0.6172,0.3013,0.1119,1,0,1
476.66,6,6,110.0,0,0.7535,8.2439,5,0,0.44,0.2587,0.1898,0,0,1
289.0,5,5,117.35,0,1.5547,0.0,8,0,0.2603,0.465,0.103,2,1,1
424.7,2,0,83.85,1,1.959,0.0,3,0,0.3574,0.6491,0.1762,2,1,1
289.29,2,1,200.13,0,1.0287,0.0,6,0,0.5701,0.2389,0.2813,0,0,1
580.81,1,1,111.84,1,1.2424,0.0,3,0,0.2826,0.3651,0.147,2,0,1
127.72,2,3,19.08,1,0.6331,0.0,3,0,0.0544,0.1267,0.072,0,0,0
600.0,3,4,132.55,2,0.4625,7.4301,7,0,0.2684,0.4595,0.0728,2,0,1
466.27,7,1,93.01,1,1.6761,0.0,6,0,0.5078,0.3065,0.1466,0,0,1
339.33,1,0,14.3,1,1.4683,0.0,3,0,0.3607,0.8101,0.0641,0,1,0
113.02,2,0,45.84,2,1.5119,4.56,5,0,0.4429,0.6388,0.0245,0,0,1
408.22,3,2,91.86,2,1.201,0.0,5,1,0.4043,0.3284,0.0636,4,0,1
206.42,0,4,57.46,0,1.5426,0.0,2,0,0.3198,0.4992,0.2188,1,0,1
375.1,4,6,66.86,0,1.007,0.0,4,0,0.2898,0.6694,0.0638,0,0,1
351.02,4,5,143.97,2,0.8485,0.0,6,0,0.4021,0.6054,0.033,3,1,1
419.43,2,3,51.42,0,0.657,0.0,4,0,0.2523,0.4391,0.1576,1,0,1
222.3,2,2,190.5,0,0.7127,8.6742,3,0,0.4043,0.2481,0.0647,0,0,1
148.83,2,4,113.8,1,1.8761,0.0,4,0,0.2256,0.3372,0.0373,2,0,0
181.25,3,1,40.97,0,2.609,0.0,9,1,0.2367,0.6883,0.0656,0,0,1
88.71,1,0,139.78,0,1.07,8.0115,2,0,0.4068,0.5829,0.0286,1,1,0
126.05,3,2,29.07,0,1.0291,7.0889,7,0,0.3913,0.2668,0.0755,0,0,1
412.18,6,3,74.16,1,1.1054,0.0,8,0,0.4154,0.6762,0.0522,0,0,0
172.25,4,2,124.64,3,0.986,7.8472,5,0,0.716,0.5912,0.0611,1,1,0
231.02,2,1,79.72,1,1.7443,8.7014,2,0,0.3275,0.786,0.213,0,1,1
462.42,2,2,194.46,2,3.6694,0.0,7,0,0.4788,0.3834,0.1483,1,1,1
600.0,4,3,101.48,1,0.7976,0.0,4,0,0.284,0.3902,0.2027,1,0,1
275.09,2,5,66.9,1,0.775,0.0,1,0,0.392,0.3336,0.014,5,1,0
253.55,2,5,23.52,1,1.2409,8.1991,4,0,0.2595,0.5017,0.0671,0,0,1
600.0,2,0,38.27,0,1.8385,0.0,3,0,0.3187,0.2153,0.0472,2,0,1
171.71,1,2,89.96,0,1.2406,0.0,4,0,0.2278,0.2338,0.0824,0,0,0
109.92,1,2,35.64,1,1.0696,5.5814,5,0,0.6104,0.2909,0.2112,3,1,0
167.96,2,1,72.0,2,1.2453,0.0,6,0,0.552,0.4557,0.2412,3,0,1
165.55,4,1,134.06,1,0.7746,0.0,8,1,0.6381,0.2768,0.0725,2,0,0
100.44,0,1,105.36,1,2.5684,0.0,6,1,0.3572,0.6912,0.0378,0,1,1
490.0,5,2,56.3,1,0.9564,10.897,4,0,0.0669,0.2303,0.0509,1,1,1
335.31,2,2,134.05,1,2.371,6.9211,1,1,0.8045,0.5845,0.1715,0,0,1
148.99,2,2,95.13,0,0.7555,0.0,3,0,0.8612,0.5118,0.0818,3,0,1
159.19,3,2,107.96,1,0.9965,11.1868,5,0,0.5789,0.5579,0.3056,1,1,0
316.06,1,1,39.26,0,1.3955,2.9153,3,0,0.7772,0.5101,0.2165,1,0,1
362.08,2,0,147.53,1,2.2099,0.0,4,0,0.6672,0.3244,0.1049,2,1,1
190.81,1,2,33.05,0,2.3951,0.0,2,1,0.391,0.5369,0.2334,0,1,1
382.72,3,3,120.06,0,0.7771,0.0,2,0,0.8524,0.401,0.0513,1,1,0
239.73,1,4,68.41,2,1.3569,6.2903,1,0,0.5525,0.4622,0.3232,0,0,0
272.68,1,2,166.25,1,4.0,0.0,4,1,0.1642,0.4797,0.3447,0,0,0
184.79,4,1,153.55,0,1.762,0.0,1,1,0.6921,0.4365,0.0454,1,1,0
199.56,1,5,135.77,1,1.2298,0.0,5,0,0.5907,0.4591,0.1298,2,1,1
282.26,3,4,60.96,1,0.7504,0.0,2,1,0.2545,0.1131,0.0395,5,1,0
334.04,3,0,72.58,2,0.5888,0.0,8,0,0.7074,0.2802,0.0321,0,0,1
420.74,4,4,243.47,1,1.2437,5.8703,6,0,0.7391,0.4789,0.1546,3,1,1
151.06,2,0,54.35,2,2.1709,0.0,8,1,0.4994,0.5438,0.1656,0,1,0
199.89,3,4,137.89,3,1.7024,0.0,7,0,0.7495,0.5471,0.3103,2,1,0
156.51,3,2,130.43,0,0.7168,0.0,5,1,0.6777,0.4321,0.1697,1,0,1
230.21,2,0,20.12,2,0.544,0.0,9,1,0.1538,0.5153,0.1135,3,0,0
203.69,4,1,33.44,3,1.0932,0.0,5,0,0.54,0.661,0.2211,1,0,1
286.06,6,3,63.1,1,1.3012,9.0655,8,0,0.3776,0.3068,0.0812,1,1,1
269.81,1,0,147.22,1,1.1663,3.0462,3,0,0.7538,0.4118,0.0224,1,0,1
166.06,3,2,79.7,1,1.3202,0.0,2,1,0.6859,0.8931,0.0767,1,0,1
394.44,5,2,115.57,0,0.6641,6.8739,5,0,0.3772,0.3579,0.2993,3,1,1
195.27,3,5,226.31,1,0.6474,8.4157,1,0,0.2281,0.534,0.1129,1,0,1
301.44,1,2,102.04,1,1.3789,5.6665,7,0,0.631,0.7099,0.2023,1,1,1
124.7,1,4,38.61,2,0.9149,0.0,2,0,0.3466,0.5699,0.1136,1,1,0
226.91,3,0,90.87,1,1.6196,0.0,3,0,0.363,0.7331,0.0263,1,1,0
174.56,2,4,113.31,1,0.996,0.0,6,0,0.3578,0.3421,0.1,3,1,1
404.16,3,0,158.85,1,0.8623,0.0,4,1,0.2063,0.3357,0.0758,0,0,0
264.92,3,0,63.9,3,1.4018,4.2509,3,0,0.3049,0.7123,0.0772,0,1,0
189.84,1,3,85.91,1,0.6429,6.1959,6,0,0.5604,0.5863,0.057,5,0,0
134.92,1,0,84.35,0,2.2369,11.5284,1,1,0.15,0.5186,0.2395,1,1,1
122.07,1,0,48.51,1,0.8036,0.0,6,0,0.4725,0.5755,0.2521,0,0,1
115.63,1,2,59.3,0,0.677,0.0,7,1,0.6641,0.1709,0.1586,0,1,0
316.91,4,4,128.25,1,1.1458,7.2295,2,0,0.3905,0.3361,0.0271,2,0,1
366.24,2,4,66.76,3,0.9076,1.9638,3,0,0.706,0.3787,0.0196,1,1,0
171.61,2,2,131.59,1,1.7994,0.0,5,0,0.6045,0.3721,0.1801,1,1,0
106.93,0,1,52.11,2,1.2941,0.0,5,1,0.5196,0.3629,0.1489,0,0,0
552.18,2,4,139.16,1,0.8568,0.0,2,1,0.4457,0.1909,0.2407,1,0,0
428.9,4,0,157.23,0,1.1114,0.0,3,0,0.4806,0.5001,0.0631,2,0,0
322.7,5,2,93.98,2,1.7916,12.048,7,0,0.293,0.4617,0.0655,0,1,1
462.27,3,3,200.01,1,1.3236,11.0251,8,1,0.7214,0.4706,0.1133,1,0,1
65.55,1,0,69.57,3,0.839,0.0,5,0,0.4022,0.2625,0.154,1,0,0
172.69,2,0,38.4,1,0.9327,8.0958,6,0,0.1574,0.2685,0.1278,3,1,1
594.96,10,3,171.56,1,0.7715,6.7195,7,0,0.5434,0.2209,0.1899,3,1,1
452.91,6,2,146.69,0,0.7966,7.2223,4,0,0.286,0.3191,0.1058,1,1,1
527.26,5,4,76.76,0,1.2911,1.4086,5,0,0.5451,0.3099,0.12,2,0,1
351.76,3,1,222.52,1,0.6615,0.0,8,0,0.253,0.7128,0.05,0,0,1
154.73,2,2,94.93,0,1.7703,5.892,7,0,0.9203,0.4577,0.1481,2,0,1
146.99,0,1,102.87,0,1.5951,0.0,4,0,0.2124,0.594,0.1177,1,0,0
190.05,3,6,104.71,1,0.8581,9.8301,10,1,0.7704,0.4567,0.1428,2,0,1
505.29,6,2,179.59,1,1.9161,0.0,5,1,0.3018,0.6964,0.1346,1,0,1
600.0,7,5,113.8,2,2.7553,0.0,5,0,0.395,0.625,0.0835,2,1,1
102.78,1,1,76.07,1,1.4121,11.8478,7,1,0.2167,0.4697,0.1974,0,0,0
287.64,6,4,195.05,0,1.1355,0.0,4,0,0.387,0.2478,0.0595,3,0,1
432.22,9,4,122.36,2,4.0,0.0,7,0,0.6068,0.4659,0.1024,2,0,1
197.46,6,1,70.52,0,1.0465,0.0,2,0,0.4455,0.4015,0.1807,2,0,1
109.16,2,1,91.63,1,0.8039,0.0,4,0,0.4355,0.5889,0.1734,0,0,0
237.04,1,5,134.11,1,1.7879,0.0,2,1,0.625,0.5175,0.1148,2,0,1
335.7,4,4,112.73,0,1.085,10.6161,6,0,0.3106,0.5363,0.1139,3,0,1
98.82,1,5,122.53,0,0.8958,0.0,4,1,0.5656,0.3317,0.1185,1,0,0
521.79,3,3,96.22,1,1.175,0.0,1,0,0.5103,0.8538,0.1894,1,0,1
222.16,0,0,154.31,0,1.0888,0.0,2,0,0.4549,0.4353,0.0645,0,0,1
123.19,1,3,182.49,1,1.5989,0.0,3,1,0.7471,0.6563,0.0832,0,0,0
198.95,2,1,49.95,2,1.5864,0.0,5,0,0.6904,0.3069,0.0495,0,1,0
319.25,2,2,144.44,0,1.1115,0.0,5,0,0.7574,0.6002,0.1177,2,1,1
274.56,5,2,75.2,1,0.8906,11.3666,1,0,0.3988,0.3624,0.1991,1,1,1
301.84,4,3,130.86,3,1.5064,9.0572,10,0,0.3263,0.6157,0.1791,1,0,1
209.03,3,3,183.64,4,1.9786,5.8833,3,0,0.7734,0.6286,0.1975,0,0,1
391.9,4,4,149.44,1,1.3093,0.0,4,0,0.7897,0.6301,0.0742,2,0,1
354.96,3,1,181.9,0,1.9581,3.108,3,0,0.5806,0.3906,0.0323,2,0,0
400.51,1,3,11.45,1,1.2707,0.0,3,0,0.726,0.3073,0.2301,3,1,1
240.01,2,2,169.31,0,1.3887,6.2121,4,1,0.4188,0.3842,0.035,2,1,1
90.55,2,1,52.87,0,1.0874,0.0,1,0,0.6393,0.2957,0.1049,0,1,0
101.88,1,3,26.86,4,1.1949,6.6906,5,1,0.7699,0.2456,0.3594,2,0,1
437.38,5,3,152.09,1,1.4571,0.0,3,0,0.5826,0.3596,0.2307,0,0,1
391.97,1,4,105.24,1,0.7854,7.4701,7,0,0.3173,0.4135,0.1946,0,0,1
482.31,1,1,240.87,0,2.3368,0.0,4,0,0.4609,0.6208,0.2479,4,0,1
149.62,0,2,31.29,1,0.8261,10.4482,4,0,0.7852,0.3742,0.1329,1,1,0
291.04,2,3,97.62,1,1.2681,0.0,4,0,0.3116,0.7399,0.0687,3,0,0
266.69,6,0,73.29,1,1.0763,0.0,1,0,0.15,0.6415,0.2036,2,1,0
361.06,2,2,112.93,0,1.1973,0.0,1,0,0.8105,0.3123,0.0378,1,0,0
138.32,3,5,169.02,3,0.3184,0.0,2,0,0.4571,0.2714,0.0241,2,1,1
152.75,0,1,127.46,0,1.551,0.0,4,1,0.3862,0.3882,0.1162,0,1,0
503.18,3,2,63.22,1,0.4649,3.7979,4,0,0.4103,0.2408,0.0253,0,0,0
314.89,3,4,131.46,1,1.5308,0.0,2,1,0.5501,0.3869,0.1057,0,1,1
334.92,5,5,198.37,1,0.7042,0.0,7,0,0.5114,0.2478,0.1914,1,0,1
600.0,5,3,23.02,1,2.431,0.0,4,0,0.0766,0.5428,0.1079,2,0,1
325.29,6,5,144.59,2,1.4791,0.0,9,0,0.3288,0.5613,0.0798,2,0,1
318.51,3,5,36.78,2,0.9701,0.0,5,1,0.7474,0.5454,0.1471,1,1,0
169.3,1,0,66.31,0,1.634,0.0,3,0,0.6369,0.2976,0.0122,1,0,0
281.69,3,4,135.05,0,1.4859,0.0,3,0,0.5347,0.6625,0.0651,4,0,1
355.53,1,0,79.61,1,0.5692,1.4794,4,1,0.117,0.4158,0.0823,1,1,0
249.72,2,5,49.32,0,0.685,9.1829,5,0,0.6639,0.5058,0.151,0,1,1
98.24,1,1,64.25,1,2.1838,9.0015,5,0,0.3193,0.4689,0.247,1,0,1
117.14,4,1,94.3,2,0.5138,0.0,2,0,0.4081,0.3766,0.1641,1,0,0
258.34,1,4,85.72,2,1.6887,9.9297,9,0,0.6354,0.4482,0.2569,0,1,1
202.52,2,2,33.6,0,1.0714,8.2894,2,0,0.3774,0.6405,0.1049,2,0,1
163.27,1,2,70.97,1,1.4514,0.0,6,1,0.3858,0.6759,0.299,1,1,1
246.52,7,4,134.22,1,1.339,0.0,5,1,0.2766,0.484,0.0301,2,0,1
152.86,2,0,176.1,2,0.9012,0.0,7,0,0.6527,0.4009,0.2854,3,0,1
199.96,4,3,80.66,1,1.7567,0.0,4,1,0.7702,0.359,0.2067,0,0,1
207.64,2,1,34.1,1,2.7679,0.0,8,1,0.2625,0.4847,0.0148,1,0,1
145.03,3,6,103.9,1,1.3043,0.3882,1,0,0.6021,0.2262,0.1183,1,1,0
513.84,7,4,66.05,1,2.7441,3.8181,5,0,0.2644,0.8356,0.2023,3,0,1
273.11,4,3,52.29,0,0.7696,0.0,7,0,0.423,0.5234,0.1486,0,0,1
255.77,0,2,155.63,2,0.9274,0.0,4,0,0.7,0.6423,0.1829,2,0,0
387.2,1,1,187.15,0,1.0528,10.3949,1,0,0.366,0.5066,0.2569,2,0,1
444.62,3,2,94.52,0,1.7462,10.9374,1,0,0.3671,0.5555,0.0939,1,0,1
345.81,8,5,128.97,0,1.9562,9.0419,1,1,0.5918,0.5848,0.1364,4,0,1
305.25,7,6,105.02,0,0.6974,0.0,1,0,0.5873,0.3202,0.1838,3,0,1
196.81,1,2,46.11,2,0.6856,5.0498,7,0,0.0832,0.695,0.2352,0,1,0
325.91,0,0,84.99,0,0.4015,2.8195,2,0,0.2848,0.0886,0.1816,0,1,0
322.55,0,1,142.1,2,1.2212,0.0,7,0,0.334,0.3479,0.0597,1,0,1
84.82,2,0,87.89,0,1.7246,0.0,3,0,0.7797,0.5065,0.0177,0,0,0
84.23,2,1,132.61,2,0.8805,9.1268,4,1,0.5117,0.6484,0.119,1,0,0
399.95,3,1,198.34,2,0.5579,3.4288,6,1,0.1164,0.3392,0.2398,4,0,0
143.46,1,2,41.41,0,0.6589,0.0,3,0,0.3506,0.3705,0.1021,2,0,0
233.35,5,2,78.4,2,1.4384,0.0,6,0,0.4359,0.6385,0.0451,2,1,1
225.83,3,3,261.38,1,1.2594,0.0,5,1,0.5517,0.5522,0.127,0,1,1
167.18,2,3,105.51,3,1.6069,0.0,7,0,0.2512,0.7699,0.1198,0,0,1
273.69,1,0,54.41,2,1.9242,0.0,9,1,0.3291,0.3707,0.0203,2,1,0
181.09,0,1,147.64,3,1.6547,0.0,5,1,0.6858,0.2254,0.0939,2,1,0
174.83,4,5,124.46,1,0.5879,6.8021,4,1,0.5078,0.2452,0.1698,1,1,0
600.0,3,2,59.96,2,1.9907,8.304,2,0,0.7588,0.4486,0.1301,1,1,1
479.2,3,3,86.49,1,1.3387,0.0,4,0,0.232,0.455,0.1352,1,1,1
477.4,0,1,82.58,5,1.1336,0.0,8,0,0.2488,0.5515,0.1577,0,1,1
433.06,2,2,159.56,1,1.8469,0.0,3,0,0.7698,0.8461,0.1219,2,0,1
174.79,2,1,95.98,2,1.2978,0.0,3,0,0.5494,0.4736,0.147,3,1,0
546.2,1,3,37.04,0,1.5542,0.0,4,0,0.7267,0.5016,0.0734,3,1,1
220.21,3,2,46.44,1,1.7871,0.0,4,0,0.5704,0.6307,0.1418,1,1,0
309.71,0,2,68.79,0,1.5982,0.0,3,0,0.4528,0.2225,0.0964,0,0,0
366.08,3,1,122.25,0,2.3622,11.8833,2,1,0.3768,0.6101,0.0651,2,0,1
461.08,3,4,208.83,3,1.2601,12.6292,3,1,0.4186,0.5864,0.118,2,1,1
357.09,6,3,165.48,1,1.0135,8.0333,3,0,0.552,0.5451,0.2327,1,0,1
336.63,7,5,103.17,0,1.0017,12.5189,4,0,0.5826,0.3727,0.2316,2,0,1
233.49,1,1,110.47,0,1.0687,0.0,7,0,0.3781,0.3666,0.0904,2,0,0
273.45,3,3,57.68,0,0.6323,5.6914,2,1,0.3933,0.4869,0.0745,0,0,1
478.44,4,6,86.01,2,0.8749,0.0,4,1,0.7502,0.2575,0.1356,0,0,1
230.87,2,1,193.23,1,1.0526,0.0,3,0,0.6169,0.2442,0.0988,0,0,1
288.76,2,4,112.23,2,1.466,0.0,6,0,0.2306,0.3528,0.0403,1,1,0
457.24,5,6,56.29,2,1.2655,0.0,3,0,0.4654,0.4383,0.2407,1,1,1
164.43,1,1,85.38,1,3.1452,2.1579,5,0,0.1467,0.5778,0.1291,1,0,1
118.2,1,3,95.64,1,2.2392,9.5608,1,0,0.7382,0.3581,0.1026,1,0,1
196.26,1,0,119.57,1,0.9486,7.5304,4,0,0.4982,0.435,0.0336,0,1,0
367.66,3,1,24.51,1,1.5899,8.3946,4,1,0.5144,0.5998,0.0427,0,0,1
436.32,8,3,94.51,3,2.5857,8.6025,9,0,0.6477,0.5295,0.1225,2,0,1
131.15,3,0,65.53,0,1.2024,0.0,1,1,0.6102,0.4642,0.1087,0,0,0
334.42,3,1,75.99,1,2.9154,0.0,7,1,0.5783,0.7092,0.1838,1,0,1
186.38,4,0,75.95,1,1.3861,8.6771,4,0,0.5436,0.5455,0.2468,0,0,1
144.02,3,2,127.3,1,1.355,0.0,3,1,0.2758,0.5456,0.0647,1,1,0
206.2,1,1,75.6,0,0.842,0.0,2,0,0.5737,0.2962,0.0099,2,1,0
360.07,2,3,70.9,1,2.3965,0.0,4,0,0.8351,0.6993,0.1209,3,0,1
204.24,0,2,19.45,0,1.4952,0.0,3,0,0.5452,0.4773,0.0722,2,0,0
302.67,4,1,126.88,0,0.9326,0.0,6,0,0.2233,0.5912,0.0224,3,1,0
313.44,5,3,182.34,1,1.4268,7.7177,9,1,0.6149,0.6471,0.1198,1,0,1
319.42,4,5,154.94,1,0.9821,0.0,3,1,0.1622,0.3426,0.1195,0,0,1
247.45,2,3,12.22,0,1.0933,0.0,2,0,0.5582,0.503,0.1607,1,1,1
412.23,3,4,151.66,1,3.1112,12.8313,3,1,0.67,0.6497,0.1639,0,0,1
187.1,3,1,93.34,3,0.5124,3.8067,8,1,0.2625,0.511,0.0675,2,0,1
490.14,8,5,141.79,0,1.1759,8.8689,6,0,0.6499,0.4521,0.1356,2,0,1
158.89,2,1,57.17,2,1.7723,0.0,2,0,0.2924,0.3549,0.1412,0,1,1
264.55,2,1,6.5,1,1.2198,6.6789,3,0,0.4243,0.5334,0.0498,0,1,0
240.74,0,3,105.7,0,0.7971,1.612,4,1,0.7609,0.3895,0.1491,0,0,1
238.11,5,3,166.3,2,1.7417,0.0,9,0,0.3902,0.6598,0.1765,0,1,1
188.07,3,2,137.04,3,0.4979,0.0,6,0,0.3853,0.2115,0.3491,0,0,1
163.67,0,1,38.35,1,2.8426,0.0,3,0,0.3485,0.2194,0.1627,1,1,0
223.36,2,4,148.49,2,0.7396,0.0,5,1,0.6671,0.2587,0.163,5,0,0
342.91,2,4,65.59,1,2.808,5.4639,5,0,0.3557,0.5082,0.1418,1,0,1
413.04,2,4,115.68,2,0.5958,0.0,8,0,0.5343,0.759,0.1078,5,1,0
153.97,0,1,81.81,3,0.8063,7.8337,9,0,0.5675,0.5826,0.1172,1,0,1
295.9,5,4,111.73,3,0.7315,0.0,6,0,0.6553,0.5034,0.1735,1,0,1
166.52,3,0,102.54,1,1.5208,0.0,5,0,0.2482,0.8447,0.1753,0,1,0
226.68,5,2,108.55,0,0.6945,6.9194,5,0,0.6399,0.3272,0.1107,4,0,1
140.63,3,3,178.42,0,1.1968,3.7684,3,0,0.0815,0.7512,0.1392,1,1,1
279.95,6,3,101.72,0,0.6675,0.0,3,0,0.5493,0.2658,0.2737,1,1,1
347.21,5,1,231.51,1,2.0459,0.0,6,0,0.5772,0.5824,0.0279,2,0,1
440.77,5,3,146.86,2,2.0189,0.0,10,1,0.5449,0.7523,0.0191,1,1,1
186.43,4,1,100.05,1,2.125,0.0,4,1,0.4343,0.2577,0.1944,1,0,1
245.56,7,1,65.72,1,0.5111,0.0,3,1,0.1305,0.6529,0.1149,1,1,0
120.86,2,3,195.22,0,1.3639,10.7088,4,0,0.9538,0.4875,0.2875,3,1,1
412.82,5,3,80.7,1,1.359,0.0,3,1,0.6914,0.7168,0.2295,1,0,1
321.47,1,1,43.29,3,0.7963,6.6043,2,0,0.2883,0.8212,0.0233,0,1,1
250.96,1,2,22.77,2,1.3583,4.2964,6,1,0.0853,0.3097,0.0642,1,0,0
170.75,2,2,148.86,2,2.0018,0.0,9,0,0.6565,0.4707,0.023,0,1,0
280.92,2,1,92.97,1,0.785,0.0,5,0,0.6066,0.3997,0.1195,1,1,0
254.32,3,1,139.33,0,1.3675,9.1906,3,0,0.3695,0.6366,0.0267,0,0,0
158.81,2,3,123.17,0,0.9489,0.0,2,0,0.6844,0.3695,0.0792,2,1,0
308.78,2,3,91.69,2,1.2837,0.0,2,1,0.4096,0.1311,0.0337,0,0,1
250.29,2,5,122.08,0,1.098,0.0,2,1,0.3824,0.6216,0.1048,1,0,0
387.82,1,1,39.65,4,1.1597,0.0,7,0,0.3702,0.5065,0.1061,3,1,0
283.2,4,1,133.46,3,1.3027,0.0,4,0,0.4889,0.413,0.1771,0,0,1
162.13,1,0,56.89,1,1.3141,9.1661,8,0,0.2112,0.4146,0.0706,0,0,0
145.98,4,2,66.93,3,1.4123,12.1965,7,0,0.1467,0.6711,0.0926,0,0,1
283.75,3,2,73.05,0,1.6697,0.0,3,0,0.5396,0.4248,0.1835,2,1,1
112.65,1,1,5.98,0,3.2836,5.285,5,0,0.4376,0.6361,0.1458,0,1,1
235.18,3,3,235.5,1,1.918,12.247,2,0,0.372,0.433,0.159,2,0,1
379.31,3,2,39.8,2,1.1643,0.0,4,0,0.5318,0.7225,0.0473,0,0,0
139.33,0,2,21.72,3,1.0268,0.0,6,0,0.4758,0.6247,0.2819,0,0,0
138.98,4,4,192.7,1,2.6045,0.0,6,0,0.8387,0.3874,0.277,4,1,1
265.48,6,1,105.85,2,1.1498,6.0452,6,0,0.1074,0.4434,0.0937,1,0,1
350.93,4,2,137.08,1,0.5979,0.0,4,0,0.4096,0.2577,0.111,5,1,0
168.71,3,1,3.32,2,0.6804,4.5137,5,1,0.5779,0.5539,0.012,2,1,0
274.73,3,6,111.26,1,0.5377,8.4579,4,1,0.3491,0.6312,0.0165,2,1,1
274.12,4,5,161.23,2,0.582,6.8361,5,0,0.1264,0.6982,0.0648,1,0,1
235.27,5,3,114.65,0,2.6023,3.15,4,0,0.4191,0.3706,0.1713,4,0,1
147.26,4,2,110.82,2,1.1075,0.0,6,0,0.3352,0.1025,0.0784,0,0,0
72.33,2,2,48.42,0,1.5831,4.3096,3,1,0.2279,0.6383,0.1403,0,1,1
119.23,3,0,4.62,0,0.7622,12.2388,2,1,0.4706,0.5368,0.1371,0,0,1
126.96,2,1,53.04,0,0.9017,2.6755,4,0,0.3401,0.5242,0.1326,2,1,0
211.25,4,2,120.43,0,2.0724,0.0,2,1,0.4336,0.5792,0.0353,0,0,0
230.08,0,5,152.8,3,1.0566,0.0,8,0,0.4094,0.5086,0.1368,2,1,1
62.39,1,1,84.5,1,3.1258,0.0,4,0,0.5561,0.3985,0.1234,1,0,1
329.45,1,3,69.69,1,1.443,0.0,5,0,0.6299,0.6014,0.017,1,0,0
22.32,0,2,42.82,1,1.4318,3.4346,6,0,0.2107,0.269,0.3472,2,1,0
458.14,3,2,53.29,2,1.142,0.0,7,0,0.303,0.3468,0.137,1,0,1
336.18,2,3,202.16,1,1.713,10.1542,4,1,0.4914,0.7703,0.1095,0,1,0
191.13,4,4,102.67,1,1.2145,0.0,6,0,0.4749,0.6463,0.0366,1,1,1
362.12,3,2,175.24,3,1.1949,0.0,6,0,0.5497,0.5454,0.212,3,0,1
501.33,6,4,63.42,0,1.115,0.0,3,1,0.4627,0.3077,0.1144,5,1,0
217.54,3,2,38.38,0,1.2511,0.0,3,0,0.4095,0.5998,0.2055,0,0,0
155.46,2,0,0.5,0,1.9228,14.5398,3,0,0.4718,0.4219,0.2174,1,0,1
223.7,2,2,182.74,2,1.8308,0.0,8,0,0.6099,0.3055,0.0876,3,0,1
168.11,3,4,161.51,1,1.5542,0.0,5,1,0.1405,0.5677,0.1392,0,1,0
238.85,2,1,33.25,3,1.2689,6.7486,5,1,0.2957,0.5224,0.0829,2,1,0
96.66,2,0,131.08,0,1.4372,0.0,6,0,0.2872,0.4511,0.0546,1,1,1
490.92,3,4,44.87,0,1.5862,0.0,4,0,0.5391,0.7807,0.1954,5,1,1
234.55,5,4,20.99,2,1.3827,9.2974,4,1,0.5042,0.5196,0.1687,1,0,1
172.67,3,3,147.89,1,1.1436,9.5739,6,0,0.6121,0.4098,0.1495,1,1,1
513.32,4,2,78.75,0,1.2508,0.0,4,0,0.5261,0.6122,0.0839,0,0,1
491.85,4,3,106.76,0,0.8937,0.0,6,0,0.3331,0.4442,0.0747,0,1,0
225.02,5,4,150.13,1,0.8403,0.0,2,0,0.7091,0.786,0.2851,1,1,0
540.92,5,4,100.83,1,0.783,3.5942,6,0,0.1906,0.2372,0.0381,5,0,1
600.0,5,6,237.94,0,0.828,0.0,2,0,0.4418,0.376,0.1163,5,0,1
340.96,3,2,52.59,2,1.3204,11.4843,7,1,0.5212,0.434,0.0111,0,1,1
317.45,0,4,125.63,1,1.4881,5.0453,5,1,0.2418,0.3029,0.0886,2,1,1
205.59,3,1,152.02,0,2.3586,0.0,1,0,0.7363,0.6193,0.081,2,1,1
144.72,1,1,46.78,2,3.357,5.5881,9,0,0.3883,0.8634,0.125,0,0,1
157.0,2,2,28.69,1,1.3698,0.0,4,1,0.5822,0.6362,0.1338,0,0,1
281.37,1,5,9.43,1,2.5214,0.0,4,0,0.4961,0.4789,0.1636,1,0,0
232.42,3,4,52.78,3,0.992,0.0,5,0,0.243,0.4782,0.0558,2,0,0
276.14,3,3,148.92,1,1.4035,0.0,3,1,0.1777,0.6574,0.1531,0,0,1
102.41,0,2,85.19,1,1.0318,0.0,7,0,0.6872,0.4292,0.1235,2,0,1
485.87,4,3,143.05,2,1.3154,10.2802,2,1,0.5399,0.7239,0.2296,1,0,1
332.04,4,5,185.68,1,0.4901,0.0,4,1,0.6958,0.6241,0.1355,1,1,0
117.93,2,2,20.93,1,2.2138,0.0,4,0,0.2915,0.5371,0.102,2,1,1
293.0,4,4,117.11,0,0.881,0.0,4,0,0.4221,0.4549,0.1381,0,0,1
239.65,3,0,189.13,1,1.0387,5.9875,4,0,0.2708,0.6339,0.1525,0,1,0
224.23,2,0,217.09,3,1.3912,0.0,4,0,0.2724,0.2711,0.1572,1,0,0
327.55,3,3,134.6,2,1.8397,0.0,10,0,0.4552,0.3937,0.1624,1,0,1
403.84,5,4,222.62,2,0.6874,7.7556,10,0,0.196,0.6075,0.0698,4,1,1
364.42,4,3,130.62,4,1.0812,7.0722,10,0,0.5253,0.4162,0.1636,0,0,1
416.11,4,2,79.83,0,0.5261,0.0,2,1,0.5198,0.6345,0.3303,3,0,1
301.56,4,2,64.79,0,1.4228,0.0,5,1,0.4016,0.631,0.174,1,0,0
203.92,4,5,10.14,0,1.8477,10.1495,3,0,0.5045,0.4496,0.2011,1,1,1
412.29,7,2,153.01,1,0.8196,11.3178,1,1,0.2239,0.7533,0.1775,1,1,1
195.42,2,1,47.63,0,1.9929,0.0,3,1,0.7989,0.3286,0.003,1,0,0
341.6,2,5,150.79,3,0.8779,0.0,3,0,0.4861,0.453,0.0769,0,1,0
229.27,3,1,116.2,1,1.9669,6.006,4,0,0.6512,0.4539,0.2737,1,0,1
219.92,1,0,35.97,0,0.8458,0.0,6,0,0.6331,0.5798,0.1112,0,1,0
306.75,3,1,169.42,1,0.8078,11.701,7,0,0.1651,0.4999,0.2113,1,1,1
136.01,0,3,108.9,1,1.0811,0.0,4,0,0.4628,0.3344,0.2465,2,0,0
111.27,3,1,54.54,1,0.9926,10.0249,4,0,0.3531,0.7007,0.1674,0,1,0
242.09,2,4,67.67,1,1.186,3.6229,2,1,0.3748,0.3989,0.0502,0,0,0
202.52,3,0,40.29,0,0.6965,0.0,4,0,0.3443,0.571,0.0975,1,0,0
190.0,2,4,34.59,0,0.4726,13.1323,4,0,0.709,0.3874,0.1538,1,0,0
308.72,4,4,136.49,2,1.6635,0.0,5,0,0.5777,0.6476,0.0412,2,1,1
293.0,6,2,139.54,0,1.3401,6.2987,4,0,0.7357,0.4411,0.0284,3,1,1
166.24,4,4,49.67,0,1.2684,4.4918,5,0,0.2765,0.7233,0.0814,2,1,1
129.4,3,2,81.49,1,2.3921,0.0,4,0,0.4477,0.402,0.0809,0,0,0
501.4,7,6,81.74,2,1.1684,0.0,9,1,0.4539,0.5417,0.2549,0,1,1
219.62,1,0,50.74,4,0.7808,2.5225,10,0,0.4322,0.3338,0.1541,1,0,1
308.69,5,2,83.13,0,1.102,5.2596,3,0,0.4876,0.666,0.1778,5,1,1
244.12,3,1,52.29,0,1.0605,0.0,4,0,0.5576,0.8307,0.1663,2,0,0
496.82,1,3,91.96,2,2.2232,0.0,3,0,0.5844,0.6122,0.1523,1,0,0
245.19,5,3,100.88,1,1.6558,0.0,4,0,0.2777,0.3472,0.1603,1,0,0
227.79,2,1,78.59,0,2.0629,4.254,1,0,0.2175,0.5968,0.1519,1,0,1
310.88,2,5,170.69,2,1.5122,4.8564,3,0,0.4704,0.3822,0.0329,1,0,1
241.18,4,0,46.41,1,0.9861,0.0,6,0,0.18,0.6392,0.1056,1,0,0
328.99,6,3,88.19,0,1.5389,0.0,6,0,0.3471,0.4388,0.0166,2,0,1
549.85,2,3,173.29,1,1.9806,0.0,2,0,0.3409,0.6215,0.2037,1,0,1
199.64,2,1,55.67,0,1.2981,0.0,2,0,0.2143,0.3151,0.0072,0,0,1
99.78,0,1,58.74,2,2.5452,0.0,3,0,0.7426,0.6024,0.2329,1,0,0
60.66,1,2,45.64,1,1.3511,0.0,1,0,0.693,0.5417,0.1783,0,0,0
540.23,4,5,37.61,0,3.1019,4.5714,4,1,0.8065,0.792,0.3007,2,0,1
462.67,5,2,174.11,0,1.0407,3.8801,3,0,0.8349,0.2902,0.2418,0,0,1
425.37,2,3,88.29,0,1.1233,0.0,2,1,0.5674,0.7798,0.252,2,0,1
332.37,3,2,126.91,1,0.7176,0.0,3,1,0.2978,0.4974,0.2669,2,1,0
188.02,3,1,103.99,1,1.5148,0.0,7,0,0.5519,0.5611,0.1168,0,0,0
298.61,2,1,129.63,1,0.8446,5.6806,4,0,0.3308,0.3617,0.0939,0,0,1
600.0,6,5,114.42,2,0.857,7.0149,10,0,0.6705,0.6783,0.1082,5,1,0
114.68,2,1,113.84,1,2.682,0.0,3,0,0.1959,0.4951,0.0614,1,1,0
551.82,4,1,85.76,0,1.3646,0.0,9,0,0.3946,0.6945,0.258,0,0,1
175.84,3,3,175.81,3,2.1733,8.9427,6,1,0.3473,0.8612,0.0539,1,0,1
173.34,2,4,99.62,0,0.7269,0.0,1,0,0.4145,0.5585,0.0948,1,0,1
276.36,1,4,62.72,0,0.8517,0.0,3,0,0.5805,0.4657,0.1543,3,1,1
308.06,4,0,20.05,0,0.8871,8.6942,1,0,0.2783,0.4003,0.2238,0,0,1
324.46,7,4,190.28,1,1.4046,0.0,4,0,0.406,0.5697,0.2442,3,0,1
586.7,8,4,212.02,1,1.0639,0.0,4,1,0.7176,0.4665,0.0264,3,0,1
480.14,4,3,61.68,0,0.8478,0.0,1,0,0.454,0.525,0.3416,2,0,1
128.92,1,2,110.84,1,1.8495,0.0,4,1,0.631,0.6331,0.1033,3,0,1
45.64,0,3,84.88,0,1.4489,14.3778,2,0,0.5162,0.5961,0.0413,3,0,0
167.03,4,2,29.06,1,1.6041,0.0,7,0,0.3145,0.8078,0.0692,3,0,1
215.97,4,2,117.39,2,1.1218,0.0,8,1,0.2415,0.213,0.0665,1,0,1
188.29,3,1,153.37,0,1.0652,9.24,4,0,0.2563,0.593,0.2063,2,0,1
128.22,1,1,19.22,1,0.5559,5.8341,3,0,0.2685,0.5733,0.0759,0,1,1
265.79,1,3,145.67,0,1.3491,1.7891,4,0,0.2901,0.4875,0.0279,1,0,1
600.0,4,2,78.46,3,0.6612,0.0,3,1,0.3767,0.6232,0.1365,2,0,1
82.76,0,1,82.37,1,0.707,1.1823,4,1,0.3334,0.3343,0.207,1,1,0
363.39,1,4,76.44,0,0.6819,0.0,4,0,0.5216,0.5196,0.1409,1,1,0
321.61,4,1,70.63,2,0.4272,0.0,4,0,0.4793,0.2456,0.1822,0,0,1
399.86,4,3,215.51,2,0.7906,6.2036,4,0,0.6882,0.2375,0.0698,2,0,1
332.17,2,3,96.42,1,0.5236,3.7367,4,1,0.5218,0.1133,0.1374,5,1,1
71.9,1,1,44.54,3,0.9377,0.0,6,0,0.3739,0.7086,0.0585,0,0,0
164.11,2,5,85.62,2,1.1785,5.0522,5,1,0.7783,0.402,0.0988,0,0,0
172.71,3,4,194.51,0,1.2968,13.0899,4,0,0.1599,0.3371,0.0163,1,1,1
192.37,3,3,101.68,2,0.8808,8.6082,6,1,0.508,0.4952,0.1819,1,1,1
112.77,2,2,50.53,2,1.6365,0.0,9,0,0.2474,0.553,0.0915,2,0,0
492.74,6,0,106.78,1,1.1051,0.0,2,0,0.4853,0.418,0.1528,0,0,1
228.33,5,4,200.12,4,1.0879,6.2811,4,0,0.6897,0.5858,0.0903,1,0,1
395.66,5,3,94.56,3,2.3589,0.0,3,1,0.8389,0.3423,0.124,0,0,1
447.72,4,2,94.35,3,1.2137,0.0,5,0,0.1378,0.3055,0.0371,2,0,1
268.06,2,2,61.23,1,1.2887,0.0,1,1,0.6037,0.4646,0.0386,0,0,0
303.06,1,0,126.2,0,0.7596,0.0,4,0,0.4191,0.3914,0.1619,0,1,0
245.17,1,2,84.39,1,1.4287,0.0,3,0,0.2686,0.4284,0.1886,0,0,1
190.89,5,4,20.47,1,2.1067,3.8567,4,0,0.6991,0.4621,0.0118,1,1,1
229.73,3,1,33.71,3,0.8314,0.0,6,1,0.3584,0.3789,0.2987,0,0,1
462.75,0,0,113.05,1,1.9449,0.0,4,0,0.1205,0.6304,0.0731,2,1,1
280.97,2,3,16.07,3,0.9687,0.0,8,1,0.6256,0.3136,0.0188,1,1,0
261.97,0,1,127.85,2,1.0216,0.0,7,0,0.129,0.518,0.0437,2,0,1
165.23,2,2,58.64,2,1.4306,11.2261,4,1,0.7372,0.5316,0.2838,2,0,0
572.79,3,1,161.81,1,0.7709,4.063,3,0,0.3966,0.5742,0.2763,1,1,0
158.05,4,0,54.95,1,2.1668,0.0,2,1,0.2598,0.3867,0.1394,0,1,1
354.68,1,4,41.24,2,0.7968,3.8945,4,0,0.4467,0.5713,0.1697,0,1,1
283.41,3,1,69.92,0,1.985,6.173,1,0,0.1861,0.4334,0.1953,0,1,1
161.54,2,0,35.78,0,1.0632,8.2975,5,0,0.4248,0.1526,0.0722,2,0,1
450.42,5,5,116.53,1,2.6879,0.0,7,1,0.5879,0.5139,0.1833,1,0,1
256.48,4,3,188.1,0,1.1252,0.0,3,0,0.8009,0.608,0.0784,1,0,1
228.75,7,3,159.88,1,1.7271,0.0,3,1,0.3837,0.4918,0.1501,1,1,0
340.42,4,2,80.2,0,0.7412,0.0,3,0,0.6043,0.7229,0.0625,3,0,0
303.16,4,1,25.44,0,1.1563,0.0,7,0,0.6429,0.7082,0.1364,1,1,0
131.07,2,2,50.29,0,1.319,0.0,4,0,0.7347,0.3038,0.3006,1,1,1
169.15,2,2,123.37,0,1.2792,0.0,3,1,0.2807,0.3645,0.0596,1,1,0
348.15,5,4,92.95,1,1.7406,0.0,6,0,0.1877,0.5677,0.187,1,0,1
290.05,4,2,24.28,1,2.859,0.0,4,0,0.54,0.7063,0.1598,1,0,1
146.85,2,1,214.66,0,1.2271,0.0,2,0,0.4082,0.4483,0.1695,3,1,1
175.09,2,5,140.63,2,1.011,0.0,7,0,0.8609,0.2748,0.0615,1,1,0
600.0,1,2,103.96,2,2.3802,0.0,9,0,0.224,0.4767,0.1149,4,0,1
232.0,3,4,167.81,0,0.7333,11.7815,4,0,0.4847,0.4,0.0502,0,0,1
387.05,4,6,137.34,1,0.9264,5.3692,6,0,0.9483,0.4623,0.0765,2,0,1
341.37,4,2,71.45,1,1.2462,9.1276,3,0,0.569,0.3934,0.1505,2,0,1
181.73,2,0,55.91,3,1.9674,7.9121,3,0,0.5833,0.562,0.1041,0,1,1
401.77,6,2,142.54,1,1.6115,13.3496,3,0,0.8411,0.5581,0.2342,2,0,1
221.19,5,1,28.17,1,0.6738,9.7507,3,0,0.2502,0.582,0.1238,1,0,1
198.58,0,2,66.12,2,1.5132,5.3696,8,0,0.7906,0.4177,0.0872,0,0,1
154.8,1,2,102.32,0,1.7756,7.8784,4,0,0.893,0.5418,0.1101,2,1,0
172.71,3,3,169.59,2,1.6359,0.0,9,0,0.7862,0.2446,0.1518,0,0,1
120.84,1,4,31.67,1,1.8582,10.796,7,1,0.7118,0.6707,0.0572,1,0,1
151.85,1,2,65.72,1,1.5527,12.4648,4,0,0.2756,0.5832,0.0141,0,1,1
183.1,2,2,74.25,1,0.5058,7.7189,5,1,0.5311,0.5087,0.154,1,0,1
166.13,2,2,167.14,2,1.3785,9.8821,4,1,0.5905,0.4915,0.2071,2,1,1
175.06,5,4,91.88,0,0.5547,0.0,4,0,0.5778,0.3587,0.0382,1,1,1
237.18,2,1,31.63,3,1.0934,0.0,5,0,0.4275,0.5687,0.4155,0,0,1
292.06,5,5,132.73,0,0.9921,0.0,5,1,0.4406,0.5712,0.0793,5,0,1
389.96,0,4,65.86,1,1.1524,10.168,4,1,0.7852,0.6403,0.1141,0,0,1
294.58,7,5,151.31,2,1.776,0.0,8,0,0.4128,0.7829,0.0788,3,1,1
275.23,1,1,58.02,1,1.3208,7.1588,6,0,0.3656,0.6024,0.0003,1,0,1
195.68,0,0,89.25,0,0.7465,0.0,4,0,0.2666,0.2685,0.0887,0,0,1
258.87,5,1,41.61,0,0.5274,0.0,6,0,0.089,0.718,0.0083,1,0,1
105.99,2,0,42.84,0,2.6536,9.952,3,0,0.1721,0.547,0.2248,0,0,1
499.71,3,1,77.9,1,1.6613,2.6572,7,1,0.7477,0.5682,0.1242,0,0,1
188.42,1,1,61.97,0,1.6701,0.0,6,0,0.4274,0.45,0.1369,0,0,1
114.91,3,0,113.17,1,0.3994,9.0763,5,0,0.4917,0.2611,0.1456,3,1,0
127.98,2,3,133.71,0,0.9744,0.0,2,1,0.4933,0.638,0.0498,1,0,0
231.1,2,1,63.7,0,1.2257,0.0,3,0,0.4352,0.4312,0.0569,0,1,1
86.51,2,1,104.3,0,1.5469,6.8861,1,1,0.3771,0.8085,0.0438,0,1,1
416.24,2,0,155.03,0,1.0374,0.0,5,0,0.3576,0.1625,0.1968,2,0,1
362.3,4,5,60.02,1,1.0339,0.0,4,0,0.4765,0.487,0.1541,2,1,1
86.83,0,4,71.99,1,1.7545,8.7344,1,0,0.1769,0.3596,0.0653,1,0,1
123.98,0,3,53.0,1,1.3896,0.0,1,0,0.322,0.2332,0.1291,0,0,0
346.89,3,3,90.39,1,2.1918,7.8176,1,0,0.3738,0.1939,0.1883,3,1,1
207.3,2,2,52.24,1,1.715,14.0395,6,0,0.5655,0.5056,0.1028,0,0,0
231.27,2,0,104.22,0,2.2906,0.0,6,1,0.2428,0.5164,0.0918,0,0,0
403.6,1,2,110.18,0,0.5584,0.0,4,0,0.7032,0.4559,0.1749,1,0,1
216.12,3,3,149.98,2,2.2425,5.8774,7,0,0.4657,0.4775,0.1196,3,1,1
174.53,1,5,139.17,0,0.6701,0.0,3,0,0.6916,0.504,0.0109,1,1,0
491.67,4,5,65.31,0,1.5542,2.3597,2,0,0.6159,0.5644,0.3063,2,1,1
95.67,2,3,114.73,3,0.8726,0.0,8,0,0.1065,0.4627,0.0736,0,0,1
139.09,3,0,47.59,1,1.9023,7.3982,9,0,0.526,0.5714,0.1508,0,0,1
22.66,0,1,8.49,0,1.1328,0.0,4,0,0.4622,0.599,0.1716,1,1,0
206.83,3,1,61.81,0,1.6526,0.0,2,0,0.3648,0.5382,0.1263,1,0,0
116.6,1,2,205.97,2,0.654,9.4168,4,0,0.5996,0.4507,0.0233,0,1,0
135.01,2,1,38.1,0,1.994,3.6392,3,1,0.7343,0.7758,0.0767,0,0,1
479.88,5,3,119.52,1,1.5177,0.0,3,0,0.1004,0.4686,0.0747,1,0,1
144.79,3,3,28.26,0,1.1946,0.0,3,0,0.7759,0.4669,0.1916,0,0,0
193.91,6,5,212.82,0,3.0798,0.0,2,1,0.6874,0.7088,0.1203,3,1,1
130.64,1,2,117.0,3,1.9753,0.0,7,0,0.4206,0.2913,0.1608,1,0,1
288.89,0,1,84.9,0,1.6421,0.0,2,1,0.5634,0.2772,0.1331,1,1,0
194.44,3,2,38.76,2,1.5672,12.2678,7,1,0.5882,0.5758,0.0247,2,0,1
271.84,2,3,137.8,1,0.6479,4.1284,6,0,0.4015,0.3547,0.2177,0,0,0
110.98,3,5,46.08,2,1.487,0.0,3,0,0.3834,0.639,0.0931,0,0,1
424.43,0,1,121.15,1,1.6197,10.6385,4,0,0.5555,0.6039,0.0295,2,1,1
363.9,6,4,140.54,2,1.2077,0.0,2,1,0.5189,0.4939,0.066,3,0,0
151.58,1,2,96.69,0,0.8314,2.999,2,1,0.7363,0.2871,0.1193,4,1,0
600.0,7,2,160.67,1,1.6619,0.0,6,0,0.5109,0.6534,0.1597,4,1,1
366.77,4,4,229.0,2,1.3895,7.7546,2,0,0.6231,0.2433,0.0944,3,0,1
129.06,2,1,32.2,1,0.9257,0.0,8,0,0.44,0.5922,0.0409,1,1,0
226.89,4,1,180.13,1,2.0176,0.0,4,0,0.1007,0.3693,0.1532,3,1,0
315.43,2,2,115.96,1,0.9805,0.0,6,0,0.5519,0.4087,0.0094,0,0,1
119.83,0,2,154.38,2,2.4911,2.9224,9,1,0.5612,0.6142,0.1359,1,0,1
187.91,3,2,66.86,0,1.185,1.7755,2,0,0.3995,0.515,0.2761,1,0,1
260.88,5,2,103.85,2,0.7812,3.0519,4,1,0.3867,0.4825,0.1793,0,0,0
318.6,2,4,78.75,3,2.326,0.0,5,0,0.5768,0.5662,0.063,2,0,1
188.48,4,3,148.91,2,1.2212,0.0,4,1,0.7256,0.1189,0.107,0,0,1
194.66,1,4,110.68,2,1.736,0.0,10,0,0.8118,0.5758,0.1583,1,0,1
516.42,2,2,209.68,0,0.9662,0.0,1,1,0.7701,0.6496,0.0648,2,0,1
109.89,3,4,69.19,3,1.6487,5.5786,3,0,0.5812,0.3948,0.1508,0,1,1
366.44,4,6,89.45,1,1.7824,7.8892,4,1,0.6807,0.4708,0.0781,3,1,0
600.0,5,3,191.21,2,1.4802,5.1367,3,1,0.4981,0.2203,0.1273,2,0,1
131.05,2,3,144.07,1,1.4939,3.3591,9,0,0.4987,0.5412,0.2315,0,0,1
279.79,5,1,106.17,2,1.4903,11.5933,4,0,0.5824,0.5189,0.1189,0,0,1
177.07,2,0,112.19,0,0.7042,0.0,4,1,0.2988,0.3616,0.2346,0,0,1
220.82,2,4,50.13,3,0.7823,8.5546,2,0,0.0757,0.5682,0.1694,2,0,0
155.45,0,1,66.64,2,1.1134,5.4983,2,1,0.2375,0.5775,0.0446,2,0,1
311.49,6,4,52.22,0,0.967,0.0,3,1,0.2392,0.7056,0.0271,1,1,1
349.62,0,2,78.57,1,1.6737,0.0,3,0,0.2774,0.4634,0.1966,0,1,0
407.29,8,4,218.49,0,3.076,0.0,1,0,0.2884,0.6547,0.0519,1,0,1
192.64,0,2,165.91,1,2.5785,4.4609,4,1,0.4659,0.5522,0.1986,3,1,1
326.91,0,1,30.45,3,0.86,6.411,7,0,0.3295,0.2256,0.1846,0,0,1
105.11,1,4,53.99,1,0.6584,7.9121,10,0,0.4581,0.4248,0.0953,2,0,0
462.43,3,2,146.36,2,1.2922,0.0,1,0,0.435,0.3835,0.1118,0,0,0
160.7,2,1,44.81,0,1.0449,0.0,5,1,0.5936,0.3284,0.2431,0,0,0
398.96,0,3,79.94,4,0.6745,0.0,10,1,0.5771,0.4219,0.2715,2,1,1
81.99,1,5,96.06,1,0.562,7.4369,6,0,0.141,0.7148,0.1337,2,0,1
33.18,0,2,130.21,1,0.8759,0.0,4,0,0.4318,0.5153,0.0175,0,0,1
315.88,0,1,90.91,1,1.5193,11.3351,9,0,0.4975,0.3426,0.0483,2,1,1
209.19,2,1,184.13,0,1.4463,9.9691,1,0,0.5212,0.7414,0.1688,0,1,1
264.67,1,0,114.59,2,0.8821,3.9064,7,0,0.5136,0.5482,0.1493,1,0,1
456.81,3,1,40.06,1,0.7685,5.7114,3,1,0.3767,0.5098,0.0509,0,0,0
88.21,1,2,137.36,0,0.7064,7.8359,5,1,0.5932,0.2407,0.2197,1,0,0
250.6,1,1,48.71,0,0.9412,0.0,5,0,0.4965,0.3094,0.0403,1,1,0
304.78,1,5,125.64,2,1.199,0.0,5,0,0.5065,0.4313,0.1464,0,0,1
595.27,6,4,55.78,2,1.702,0.0,1,0,0.4333,0.4735,0.1328,1,1,1
159.68,1,2,43.12,0,1.4137,2.531,2,1,0.4023,0.4872,0.0737,0,0,0
234.2,7,2,103.78,2,1.4922,0.0,5,1,0.5921,0.7489,0.1207,2,0,0
244.03,0,0,51.41,1,0.9303,0.0,3,0,0.0832,0.704,0.2675,3,0,0
123.29,2,2,84.37,0,1.5971,8.2876,5,0,0.6561,0.5851,0.1859,0,0,1
119.74,1,5,127.98,0,1.0982,0.0,8,0,0.47,0.6335,0.3185,1,0,1
84.35,1,1,44.1,1,0.8731,0.0,5,0,0.3358,0.365,0.0408,0,0,1
236.26,0,0,123.94,1,1.5517,0.0,1,1,0.5424,0.4223,0.1794,0,0,1
232.35,1,6,53.2,1,0.9373,0.0,4,0,0.2354,0.2116,0.1767,1,0,1
275.67,3,5,119.88,1,1.2115,0.0,2,0,0.4984,0.2941,0.0839,4,0,1
192.1,3,2,86.36,3,1.3402,0.0,9,0,0.4339,0.5521,0.0545,1,0,1
257.91,2,1,107.41,2,2.6521,5.8748,2,0,0.86,0.6507,0.0735,0,0,1
158.31,3,4,117.47,2,1.1311,0.0,5,0,0.7563,0.2585,0.1396,1,1,1
268.33,1,1,57.23,1,1.8946,8.3965,3,0,0.3926,0.5938,0.0457,2,1,1
197.85,4,3,46.71,0,0.3359,5.1285,2,0,0.3881,0.1463,0.0484,0,0,1
323.9,2,1,129.5,1,1.9636,0.0,10,0,0.5179,0.5304,0.2175,1,0,1
414.37,5,2,239.82,1,1.1747,0.0,4,0,0.3492,0.2665,0.1595,0,0,0
166.03,1,3,86.87,2,1.7141,0.0,2,0,0.4353,0.5189,0.2027,1,0,1
218.12,3,2,48.63,2,0.8709,0.0,8,1,0.4597,0.6091,0.0325,3,0,0
64.31,1,2,67.72,1,1.1441,4.0885,2,0,0.4579,0.6164,0.0807,0,1,1
108.61,3,0,202.96,0,0.8832,0.0,3,0,0.802,0.5742,0.0154,4,0,1
356.04,6,1,56.23,0,1.0364,0.0,2,1,0.3197,0.4551,0.1998,0,0,0
228.31,3,2,86.24,3,1.9433,11.3935,2,1,0.4673,0.3484,0.0651,2,0,0
334.51,0,3,71.9,0,1.1193,0.0,5,0,0.2724,0.5095,0.0644,2,1,1
140.34,3,1,213.0,1,1.1873,8.6227,5,0,0.6981,0.4204,0.1428,1,1,1
295.61,3,1,100.72,2,0.7323,7.5011,7,0,0.2151,0.5044,0.0462,1,0,1
40.78,0,4,91.7,1,1.5304,0.0,1,1,0.377,0.4365,0.0433,0,1,0
474.28,5,2,32.2,1,1.0921,0.0,2,1,0.2705,0.7291,0.1732,2,1,1
262.82,2,4,10.82,0,1.3849,8.628,1,1,0.5284,0.6019,0.1052,1,1,1
281.72,2,2,20.67,1,1.5211,2.8337,9,1,0.3022,0.3309,0.0352,0,1,1
404.18,8,5,91.44,3,1.2097,8.0808,2,0,0.642,0.4012,0.1852,2,1,1
198.82,3,1,128.71,0,2.7333,0.0,4,0,0.3314,0.541,0.1465,0,0,1
364.7,5,1,135.98,1,1.132,10.226,4,0,0.4787,0.5433,0.1475,0,0,1
230.1,2,1,117.72,2,1.8934,0.0,4,0,0.1937,0.3072,0.0043,2,1,1
488.39,3,3,73.58,1,0.5542,3.2364,7,0,0.2722,0.1621,0.1005,4,1,0
207.65,3,5,65.7,1,2.8877,9.8269,4,1,0.5346,0.7707,0.0728,3,1,1
345.17,1,3,86.75,0,1.0521,2.6205,2,0,0.2928,0.2991,0.1015,0,0,1
135.31,2,1,57.53,0,0.9894,8.4179,2,1,0.3117,0.4536,0.1288,1,0,0
469.77,5,3,111.54,1,3.7485,3.5296,2,0,0.6111,0.6142,0.0283,3,1,1
194.72,3,1,66.78,3,2.3323,0.0,6,0,0.9359,0.6752,0.1606,0,0,1
165.41,2,0,146.02,1,2.5932,0.0,3,1,0.4003,0.6953,0.1683,4,0,1
266.38,4,4,66.19,0,1.0014,7.5069,4,0,0.7602,0.4228,0.1592,3,0,1
267.53,4,4,198.09,0,1.5463,0.0,5,0,0.7631,0.4746,0.1325,2,1,1
319.2,4,6,51.81,0,1.8869,0.0,1,0,0.3368,0.3759,0.0514,0,1,0
445.52,4,7,74.4,0,0.9184,0.0,3,0,0.8735,0.7446,0.1105,2,0,1
109.05,3,0,107.62,2,1.0278,0.0,6,1,0.8095,0.6291,0.025,3,1,1
236.2,3,0,195.9,0,0.7677,0.0,3,1,0.6636,0.3385,0.0997,1,0,0
365.16,2,1,83.87,1,1.9905,0.0,2,0,0.5039,0.5329,0.1161,0,0,1
426.77,6,4,18.08,1,2.8025,4.4476,5,0,0.2748,0.5015,0.276,0,0,1
358.44,1,3,88.27,0,1.3938,7.7001,2,0,0.0728,0.4439,0.0547,3,1,0
211.3,4,2,31.9,1,1.0228,0.0,5,1,0.6022,0.4428,0.2774,2,0,1
238.47,4,2,43.63,1,0.8643,4.2201,4,1,0.3813,0.2746,0.1208,1,1,0
134.73,3,2,62.87,2,1.6147,9.8284,8,1,0.739,0.6354,0.0357,2,1,1
129.34,1,1,108.09,1,1.5003,2.3852,4,0,0.0813,0.69,0.0184,1,0,1
207.42,0,3,5.65,1,0.356,2.2412,2,1,0.3642,0.4053,0.2469,2,0,0
93.17,0,3,11.53,2,1.2156,0.0,3,1,0.362,0.3091,0.2008,1,0,1
386.43,2,3,191.17,1,1.991,0.0,7,0,0.7698,0.6604,0.0846,1,1,1
290.48,2,2,76.8,0,1.0651,3.0505,6,0,0.4307,0.5682,0.0369,3,0,1
288.68,4,2,54.37,1,1.8474,0.0,3,0,0.624,0.3553,0.0164,1,0,0
189.98,2,3,148.29,1,1.358,0.0,8,0,0.1481,0.5866,0.0806,1,0,0
79.72,0,3,130.27,1,2.2449,0.0,2,1,0.3178,0.2978,0.078,2,0,0
142.77,2,2,121.71,1,1.2429,9.8446,8,1,0.5692,0.4559,0.0382,1,0,0
227.68,2,0,69.56,2,1.1428,6.1722,6,0,0.4671,0.3573,0.0452,1,0,0
327.98,4,3,137.88,1,1.246,0.0,3,0,0.645,0.5536,0.213,0,1,1
48.04,1,3,200.06,0,2.7308,7.3564,5,1,0.4036,0.7479,0.0823,2,0,1
192.92,3,4,76.44,1,1.5992,10.1247,3,0,0.7533,0.1669,0.1445,0,0,1
293.16,3,4,164.17,1,1.5046,0.0,6,1,0.5552,0.6454,0.0962,3,0,0
345.69,3,1,26.79,0,1.6499,10.2246,1,1,0.0999,0.5591,0.0827,0,0,0
590.52,6,2,48.37,1,3.406,0.0,4,0,0.3965,0.523,0.0586,2,0,1
515.6,3,4,225.47,1,1.4046,8.2126,5,0,0.2651,0.7068,0.0968,2,0,1
162.19,1,3,203.32,0,1.5061,0.0,5,0,0.6208,0.5498,0.0269,0,1,1
134.98,1,2,65.34,0,1.3531,0.0,4,1,0.4729,0.7683,0.0524,2,0,1
216.74,0,2,93.42,0,1.0808,0.0,6,0,0.4308,0.204,0.0041,0,0,1
284.73,5,2,26.73,0,1.9697,0.0,2,1,0.4242,0.6138,0.0032,0,1,1
343.91,7,3,100.36,0,2.1873,12.237,3,1,0.9204,0.7484,0.1465,0,0,1
332.48,2,3,168.92,0,1.7135,5.6028,4,1,0.5116,0.3053,0.0558,1,1,0
350.47,2,2,153.9,0,1.2128,10.298,4,1,0.1754,0.8707,0.1015,2,0,1
300.96,3,1,93.09,1,1.1428,0.0,4,0,0.161,0.4916,0.1851,0,0,1
116.41,1,3,95.11,0,1.0431,0.0,6,1,0.1586,0.1737,0.1232,2,0,1
150.25,2,4,120.98,1,0.731,0.0,3,0,0.6918,0.4646,0.1555,3,1,0
314.16,3,0,59.0,2,1.9305,0.0,4,0,0.2883,0.452,0.2254,1,1,0
80.33,0,1,29.17,0,1.9269,0.0,2,1,0.6243,0.6658,0.1006,3,0,0
210.6,4,4,108.44,1,2.8271,0.0,4,1,0.6156,0.5579,0.0315,0,0,1
504.37,4,3,64.22,0,1.3769,0.0,5,1,0.3811,0.2577,0.0951,2,0,1
371.22,4,2,136.11,1,1.5544,0.0,6,0,0.5221,0.6059,0.1731,0,0,1
523.72,4,7,105.37,1,1.018,0.0,3,0,0.6754,0.5981,0.2552,1,0,1
284.01,5,3,80.01,1,2.3288,9.2902,4,0,0.569,0.4426,0.1691,0,0,1
391.82,7,5,108.43,1,2.9667,11.711,2,0,0.7904,0.6952,0.166,1,1,1
303.39,6,2,140.81,1,2.39,6.677,2,0,0.9197,0.5559,0.1771,4,0,1
278.08,5,3,124.33,0,0.8176,6.394,2,0,0.7384,0.1462,0.2595,2,0,1
319.81,1,1,32.18,1,1.5175,4.5862,2,1,0.7633,0.6099,0.0307,2,0,0
262.18,2,2,187.88,3,1.1151,2.791,8,0,0.108,0.5339,0.1042,2,0,1
269.45,8,1,80.14,0,3.0188,9.6988,3,1,0.8393,0.6593,0.0669,0,1,1
267.76,3,2,148.63,0,0.8963,10.3981,1,0,0.7046,0.3277,0.1805,3,0,1
249.04,2,2,95.51,1,1.1996,0.0,1,0,0.4652,0.6529,0.2928,3,0,1
190.79,2,4,142.76,4,0.9313,0.0,5,0,0.7732,0.6864,0.1586,0,0,1
291.4,1,2,4.91,4,0.6268,0.0,9,0,0.5178,0.8269,0.2111,0,0,1
533.59,3,1,21.67,0,0.6101,11.0755,2,0,0.6626,0.6417,0.023,0,1,0
371.82,4,4,222.21,1,1.5403,0.0,3,0,0.4983,0.5853,0.053,0,0,1
547.67,3,1,26.02,0,1.0961,0.0,6,0,0.3251,0.6093,0.0761,0,1,1
239.66,0,2,35.52,0,0.7099,0.0,4,0,0.6673,0.5347,0.0397,1,0,1
243.38,1,2,83.01,1,1.1907,6.6971,3,0,0.6636,0.5877,0.071,0,1,1
245.53,3,0,39.02,1,0.7933,0.0,6,0,0.3076,0.4467,0.138,0,1,1
187.85,2,2,109.41,1,1.6302,0.0,4,0,0.3166,0.546,0.1273,5,0,0
267.51,5,6,104.65,1,0.9216,0.0,3,0,0.507,0.6391,0.1077,2,1,1
103.2,1,0,134.11,0,0.7141,6.7263,1,1,0.1934,0.3881,0.2384,0,1,0
168.84,2,1,47.15,1,0.8909,0.0,7,0,0.3558,0.2779,0.0972,3,1,0
438.1,2,2,73.36,3,1.4938,7.5086,2,0,0.5184,0.5913,0.2292,1,0,1
209.11,3,0,81.82,0,0.7568,9.9396,4,0,0.4858,0.5887,0.1746,1,0,0
188.23,3,1,193.96,0,1.5159,0.0,5,0,0.6217,0.4692,0.0907,3,0,1
452.09,6,1,103.39,0,1.6822,8.1166,1,0,0.5281,0.6603,0.1484,3,0,0
145.28,1,2,165.29,1,2.1499,4.8644,3,1,0.31,0.7042,0.2432,0,0,1
232.32,0,1,70.88,1,1.8038,0.0,4,0,0.1197,0.6867,0.0273,0,0,1
121.25,1,1,50.26,1,1.0071,0.0,5,1,0.3027,0.3823,0.0287,0,0,0
73.67,2,2,93.72,2,1.1436,11.1032,5,0,0.2357,0.596,0.1767,0,0,0
358.04,3,3,65.43,1,0.9971,0.0,4,0,0.4545,0.485,0.1159,2,1,0
238.13,1,5,71.58,0,1.2712,0.0,4,0,0.2318,0.5127,0.12,1,0,0
134.84,2,4,97.54,1,1.2814,4.1548,3,0,0.4588,0.3679,0.0328,2,1,0
368.26,2,3,34.1,1,1.308,5.5048,3,0,0.1304,0.5871,0.239,1,0,0
600.0,5,4,162.41,2,1.014,0.0,7,0,0.4263,0.2161,0.221,1,1,1
272.75,5,3,186.45,0,0.9579,0.0,8,0,0.3434,0.4001,0.1212,1,1,1
374.64,3,3,139.19,3,1.7165,0.0,6,0,0.3257,0.6192,0.0957,0,0,1
95.23,1,2,54.66,2,1.9952,6.7247,4,1,0.2937,0.6477,0.1452,3,1,1
293.47,3,2,59.12,0,1.0761,0.0,2,0,0.6252,0.4483,0.1163,1,1,0
149.54,2,0,53.06,1,1.9102,9.6137,5,0,0.3041,0.424,0.0797,0,0,1
271.56,2,4,138.14,2,1.2015,0.0,6,0,0.308,0.2977,0.0946,1,0,0
600.0,5,3,138.72,2,2.7529,0.0,1,0,0.3132,0.3854,0.0798,1,1,0
300.07,2,2,95.19,0,1.2577,0.0,3,1,0.5868,0.4317,0.0208,2,0,1
355.58,6,4,130.14,1,0.8576,5.7356,2,1,0.8875,0.5668,0.1544,2,0,1
206.49,4,2,89.65,0,1.7016,0.0,3,0,0.1526,0.2607,0.0697,1,1,0
50.46,0,1,102.51,1,1.1053,0.0,2,0,0.372,0.5707,0.0476,3,0,1
215.88,3,3,127.02,0,2.0099,0.0,3,1,0.2941,0.4942,0.1446,2,0,1
509.88,4,5,145.74,0,2.8356,0.0,2,1,0.3772,0.4975,0.1935,2,1,1
202.13,3,2,20.08,1,1.2166,3.5757,6,0,0.2581,0.4639,0.2859,0,0,1
281.77,5,6,132.8,2,1.4689,0.0,7,0,0.7333,0.4976,0.2634,0,1,1
461.51,2,2,41.43,1,3.1442,0.0,6,1,0.4635,0.7758,0.034,0,0,1
363.79,2,4,117.9,1,2.319,6.0499,5,0,0.496,0.7157,0.1801,3,0,1
102.33,1,3,25.5,1,1.3595,7.6474,5,1,0.5352,0.4961,0.0854,2,0,1
221.43,2,0,5.46,1,1.2394,0.0,4,1,0.7679,0.6845,0.021,2,0,0
402.94,2,4,182.82,1,1.2082,0.0,9,0,0.2792,0.6479,0.1495,4,1,1
215.35,0,1,98.16,0,0.4589,0.0,3,0,0.4115,0.2123,0.0291,2,1,0
237.46,2,0,50.29,0,1.127,0.0,4,0,0.5281,0.5768,0.154,2,0,0
135.79,2,3,38.88,0,1.5794,0.0,6,0,0.1818,0.406,0.116,0,1,1
294.44,5,2,71.14,3,1.3095,0.0,3,0,0.4558,0.8001,0.0323,1,0,1
167.4,3,1,73.74,0,0.8404,0.0,2,0,0.7979,0.353,0.0344,0,0,1
501.01,6,6,103.26,0,0.6553,0.0,1,0,0.7295,0.45,0.2295,0,0,1
420.23,3,1,65.99,1,1.2736,0.0,7,0,0.2752,0.4409,0.1802,0,1,0
210.93,4,4,64.89,1,1.4196,6.488,2,1,0.5985,0.518,0.0698,0,0,1
407.33,1,1,39.03,1,1.1867,0.0,2,0,0.5958,0.6416,0.2082,0,0,1
182.47,1,2,145.07,2,1.2945,0.0,4,0,0.2169,0.5603,0.3006,0,0,1
126.37,0,0,8.82,2,2.0487,0.0,4,1,0.109,0.5275,0.2452,4,1,1
144.11,0,0,34.36,0,1.1579,0.0,3,0,0.3728,0.7007,0.033,0,0,0
359.73,0,0,85.32,1,1.2818,0.0,1,0,0.3215,0.5351,0.2532,0,0,1
435.81,1,3,131.64,1,0.3558,1.778,4,0,0.6044,0.2207,0.3877,0,1,0
423.15,3,4,167.66,0,0.6168,0.0,5,0,0.5324,0.397,0.1486,2,0,1
192.33,1,0,21.43,1,1.8524,10.9241,5,0,0.3719,0.3967,0.1814,0,0,1
156.11,1,1,57.88,0,1.4159,9.3299,4,0,0.4565,0.754,0.0851,0,0,0
127.6,1,1,21.46,0,4.0,10.5723,1,0,0.6808,0.5604,0.1156,0,1,1
266.23,2,2,22.9,1,0.6288,0.0,3,1,0.4404,0.4413,0.0242,2,1,0
240.0,3,2,123.0,2,3.1849,0.0,9,0,0.4149,0.422,0.193,0,1,1
298.32,2,0,165.63,1,1.0033,0.0,2,0,0.7042,0.7792,0.0959,2,0,1
416.89,2,1,24.5,2,2.204,0.0,8,0,0.4346,0.3757,0.1375,1,1,1
455.67,1,3,63.92,2,1.2632,6.7682,4,0,0.3911,0.5119,0.2049,4,1,0
214.7,1,1,26.81,0,1.4801,0.0,4,0,0.419,0.2533,0.1081,2,1,0
446.32,1,1,124.84,3,2.6423,0.0,1,0,0.5706,0.5851,0.1541,2,0,1
289.46,2,3,96.96,4,1.3867,12.349,8,0,0.6176,0.5351,0.1451,0,0,1
258.7,3,2,17.34,1,1.1343,0.0,4,0,0.5088,0.2276,0.3274,0,1,1
406.92,4,5,69.18,0,0.96,4.932,4,1,0.1427,0.7088,0.267,2,1,0
241.34,1,1,102.11,0,1.6458,0.0,4,0,0.2765,0.3634,0.0367,1,0,1
454.79,3,1,90.94,0,0.9925,7.6833,4,0,0.4673,0.4373,0.1226,1,0,1
252.71,0,4,34.65,1,1.0959,0.0,2,1,0.7914,0.6049,0.3774,2,0,1
278.22,3,1,82.6,0,0.9879,4.9358,1,0,0.7359,0.3842,0.2058,1,1,0
190.11,2,1,86.52,3,1.8624,0.0,5,0,0.2891,0.5812,0.041,0,0,1
309.82,3,1,43.27,2,0.8176,0.0,2,0,0.1842,0.4538,0.0594,2,0,0
530.59,2,3,31.89,2,0.8064,9.6053,3,0,0.1664,0.205,0.0932,0,0,0
144.94,2,1,86.2,1,1.8457,0.0,5,0,0.7858,0.3098,0.1737,0,0,0
600.0,8,3,31.75,1,1.86,7.9064,2,1,0.6253,0.468,0.1917,1,0,1
74.64,1,1,53.58,0,0.4841,9.3786,3,0,0.6348,0.2372,0.1172,1,0,1
351.64,1,2,126.72,0,1.1004,4.5678,4,0,0.6135,0.5465,0.2511,3,0,1
211.48,1,2,146.9,2,1.6142,5.5334,3,1,0.3442,0.6,0.0643,2,1,1
205.72,2,1,27.8,1,2.0757,0.0,4,1,0.2268,0.5667,0.1191,0,1,1
94.09,1,2,43.49,0,1.6739,0.0,3,0,0.5594,0.5924,0.0205,0,1,1
132.12,1,0,27.41,0,1.0114,8.9466,2,0,0.3475,0.4001,0.0531,0,1,1
263.52,4,2,72.72,4,2.5222,0.0,9,0,0.4934,0.4681,0.1109,1,0,1
109.0,2,3,36.92,1,1.6301,12.5522,6,0,0.4747,0.7146,0.119,2,1,1
599.28,8,2,58.26,3,1.8956,10.9734,7,0,0.1214,0.6153,0.0311,1,0,1
537.58,6,5,80.3,3,0.6706,5.3748,6,0,0.4163,0.5198,0.376,5,0,1
600.0,4,2,215.64,1,1.0395,0.0,7,0,0.8236,0.479,0.1002,2,0,1
190.64,3,4,123.49,2,1.2959,0.0,8,0,0.9276,0.5037,0.2013,3,0,1
271.68,2,5,72.3,2,0.912,0.0,7,0,0.7067,0.4931,0.0807,4,1,1
188.45,2,0,20.47,0,1.4465,0.0,5,1,0.3027,0.4307,0.072,0,0,0
375.32,0,2,56.23,0,1.7354,0.0,3,0,0.17,0.5513,0.0309,0,0,1
377.63,4,1,64.23,0,0.7567,10.3535,8,0,0.1012,0.3604,0.0405,1,1,1
200.43,2,0,64.92,0,2.4202,12.5213,8,0,0.2656,0.4943,0.0436,2,0,1
75.17,1,0,4.85,2,1.0422,3.8898,6,1,0.7308,0.3355,0.0334,0,1,1
230.94,6,5,73.82,0,3.7461,0.0,3,1,0.6386,0.6894,0.3328,1,0,1
221.89,1,1,88.85,2,1.8646,0.0,4,0,0.2921,0.0765,0.1273,0,1,0
135.32,1,0,25.62,3,1.2791,2.7357,3,0,0.5749,0.499,0.0171,0,0,1
276.16,5,4,90.35,0,1.322,0.0,2,0,0.6965,0.3047,0.1637,2,1,1
372.78,3,3,91.38,2,1.317,0.0,4,0,0.6203,0.5783,0.1717,0,1,0
231.06,2,3,50.6,3,1.5145,0.0,9,1,0.1879,0.3736,0.1468,3,0,1
278.84,4,3,165.62,1,1.6538,12.6129,1,0,0.2928,0.2691,0.1767,0,0,1
202.02,3,5,53.83,0,2.1856,0.0,1,0,0.5571,0.2729,0.2644,4,1,1
201.09,3,4,29.76,0,1.024,0.0,3,1,0.1822,0.4514,0.183,1,0,0
243.99,2,2,131.62,3,0.4402,0.0,10,0,0.4989,0.4554,0.1992,1,0,1
312.36,2,2,63.96,1,0.9117,0.0,5,1,0.3368,0.2471,0.0997,1,1,0
177.34,2,3,182.99,1,0.8892,0.0,7,0,0.5339,0.4588,0.0784,1,0,1
83.94,2,1,51.49,1,1.1132,4.2032,5,0,0.537,0.253,0.0586,0,0,1
446.38,4,2,58.05,2,1.2896,0.0,6,0,0.3635,0.5627,0.1297,3,1,1
265.53,3,3,15.98,2,1.557,0.0,10,0,0.3576,0.6496,0.0636,1,1,1
286.46,5,4,156.12,1,0.9841,2.2127,2,0,0.6146,0.3554,0.1309,3,1,0
320.57,4,4,145.58,1,1.5317,0.0,8,0,0.7332,0.4199,0.11,0,0,1
115.52,2,3,45.55,1,1.5285,0.0,3,0,0.4012,0.6588,0.0599,0,1,1
85.36,0,0,163.42,1,1.0236,0.0,4,1,0.6716,0.3645,0.2254,0,0,1
488.41,5,4,48.23,1,1.0671,0.0,7,0,0.5162,0.6372,0.0406,3,1,1
327.91,4,4,89.62,0,1.0391,0.0,4,0,0.2787,0.5882,0.1039,1,1,0
372.97,4,3,217.66,1,0.929,0.0,5,1,0.7202,0.2922,0.3704,2,0,1
343.4,2,1,31.36,0,2.9439,0.0,2,1,0.2546,0.8208,0.1553,0,1,1
146.76,4,0,200.49,0,1.0271,6.1567,1,0,0.4488,0.4944,0.1313,2,0,0
338.22,2,1,125.34,1,0.8838,0.0,4,0,0.2256,0.5551,0.0843,1,0,1
369.6,3,3,93.45,0,1.5338,0.0,8,1,0.6918,0.5136,0.0797,1,0,1
222.27,4,3,41.77,0,2.3685,7.8329,3,0,0.4752,0.5764,0.0655,1,0,1
210.74,2,2,38.27,0,0.895,0.0,3,0,0.523,0.4192,0.3035,0,0,0
121.66,1,4,159.71,0,1.8533,0.0,3,0,0.6755,0.4421,0.1493,2,0,1
378.89,3,6,146.06,1,1.3209,0.0,2,1,0.8651,0.5088,0.0397,3,1,1
216.48,2,3,144.64,0,0.424,0.0,2,1,0.6025,0.1964,0.0319,4,0,0
214.63,4,0,141.35,1,2.5942,0.0,4,0,0.1786,0.4843,0.1288,1,1,1
271.03,4,2,38.99,0,2.099,0.0,5,1,0.8315,0.7372,0.077,1,1,0
266.68,1,1,25.84,1,1.6103,11.6554,2,0,0.4306,0.3295,0.0559,1,1,1
321.97,2,1,75.23,0,1.2236,9.0133,4,0,0.4697,0.438,0.0066,3,1,1
105.88,1,3,149.87,0,1.9795,0.0,5,0,0.4774,0.4693,0.0793,2,1,0
122.37,0,1,75.72,1,0.375,0.0,8,0,0.386,0.4063,0.1339,0,0,0
95.03,0,1,28.56,1,2.1901,9.3298,4,0,0.6598,0.6792,0.1753,0,1,1
191.27,2,4,139.32,1,0.8578,0.0,6,0,0.1684,0.1929,0.1322,0,0,1
471.85,5,5,147.22,3,1.6128,0.0,2,0,0.7533,0.2731,0.3465,3,1,1
317.33,4,2,38.43,2,0.8221,0.0,4,0,0.1266,0.5743,0.1547,1,0,1
169.28,1,0,120.46,0,2.4159,7.368,4,0,0.4614,0.5945,0.2266,0,0,1
390.77,5,3,52.62,0,1.1874,0.0,4,0,0.5588,0.7673,0.0592,1,1,1
297.93,4,5,65.35,0,2.1663,0.0,2,0,0.3476,0.5535,0.1895,2,1,1
275.48,2,2,71.21,2,0.6432,0.0,2,0,0.8183,0.4722,0.2059,0,0,0
328.09,4,3,198.55,1,1.1427,2.1561,3,0,0.2591,0.2356,0.3643,1,1,1
110.09,3,0,95.59,2,1.6092,0.0,4,1,0.6408,0.7763,0.1818,2,0,1
271.81,1,1,140.41,1,0.8236,7.5179,7,1,0.4428,0.6475,0.0791,0,0,1
195.89,1,2,53.36,0,0.6304,0.0,3,0,0.8504,0.5671,0.0196,0,0,1
198.28,1,5,116.03,2,1.2049,3.0061,6,0,0.7483,0.3975,0.0402,1,0,0
113.33,4,2,131.1,1,1.5592,0.0,3,0,0.4253,0.5129,0.0539,0,0,1
289.86,3,2,88.55,0,0.9587,0.0,6,0,0.8,0.632,0.2816,0,1,1
320.52,3,4,77.37,2,2.9432,0.0,5,0,0.3935,0.7002,0.0596,1,0,1
313.93,7,2,17.34,1,1.1334,6.2781,2,1,0.3597,0.3239,0.0497,5,0,1
174.41,4,4,151.78,1,0.8687,0.0,4,0,0.2061,0.4015,0.2144,3,1,0
441.08,7,2,37.44,1,2.8759,0.0,2,1,0.7063,0.3281,0.2383,3,0,1
260.42,5,3,144.52,3,1.3959,0.0,9,1,0.4436,0.4843,0.0471,1,1,1
275.58,4,4,80.65,1,0.77,0.0,2,0,0.5508,0.3469,0.0088,0,1,1
264.88,3,4,90.14,0,0.6422,0.0,3,1,0.6818,0.5703,0.0553,1,0,0
321.76,2,4,109.48,3,1.4789,0.0,6,0,0.7042,0.5501,0.0286,1,0,1
215.4,5,1,116.24,2,1.2347,4.2873,8,1,0.5088,0.615,0.2866,1,0,1
410.55,3,1,92.97,1,0.9645,0.0,2,0,0.6418,0.2974,0.0632,0,0,1
253.6,5,5,160.11,0,0.5129,6.7878,2,0,0.7186,0.5064,0.156,3,0,1
263.04,1,2,131.0,1,0.6768,9.9073,2,0,0.4774,0.3745,0.0519,1,1,0
492.58,5,4,36.32,0,1.5022,6.8798,5,1,0.4326,0.7099,0.2075,1,0,1
259.57,3,1,76.36,3,0.909,4.3501,5,0,0.3758,0.5734,0.3928,2,1,1
322.27,2,4,105.82,1,0.4153,0.0,2,0,0.7035,0.4429,0.1823,1,0,1
600.0,7,5,111.45,2,2.7255,5.6298,3,0,0.8234,0.5159,0.0339,3,0,1
257.25,5,3,126.34,1,2.234,4.9113,3,1,0.6159,0.6225,0.0752,2,1,1
362.65,2,4,96.47,1,0.7235,0.0,7,1,0.7363,0.4443,0.0284,2,1,1
196.52,2,3,139.87,2,1.815,0.0,7,1,0.3835,0.4987,0.1542,4,1,1
174.51,1,0,26.28,0,1.1977,0.0,7,0,0.2411,0.5384,0.1678,2,1,0
253.87,2,1,4.51,3,1.4051,12.2871,1,1,0.6635,0.6851,0.1963,3,1,1
600.0,5,6,88.01,0,1.9259,0.0,2,0,0.8539,0.4835,0.097,1,1,1
262.2,3,2,82.45,3,2.3768,0.0,5,0,0.3824,0.6366,0.066,1,1,1
224.18,3,3,32.54,3,3.0157,0.0,3,0,0.349,0.5778,0.2397,1,0,0
162.49,1,1,56.28,2,0.433,0.0,3,0,0.1927,0.4685,0.247,0,0,0
58.7,0,2,27.7,1,0.708,0.0,5,1,0.1421,0.5666,0.0639,2,1,0
600.0,2,4,144.57,0,1.3796,3.6436,3,0,0.5954,0.3621,0.1186,2,0,0
161.0,0,2,85.21,0,1.1122,0.0,1,0,0.3904,0.3623,0.0478,3,1,0
241.61,1,2,51.2,2,1.6686,0.0,5,0,0.5773,0.5869,0.0055,1,0,1
273.5,5,1,94.92,2,1.2768,0.0,6,1,0.727,0.4197,0.0657,1,1,0
450.25,4,4,36.77,2,1.2065,9.9533,5,0,0.8439,0.6756,0.3254,1,1,1
239.79,4,1,118.7,2,0.4432,3.1064,6,0,0.7399,0.1762,0.051,2,0,1
220.62,1,0,47.4,0,0.852,2.236,2,1,0.8292,0.5006,0.0071,1,0,0
362.83,1,3,124.09,2,1.2721,0.0,1,0,0.3781,0.4611,0.0666,2,0,0
372.39,2,1,51.28,2,2.3809,8.7793,3,1,0.3749,0.5173,0.1745,0,1,1
476.33,3,3,92.67,1,2.2782,9.939,6,0,0.8088,0.4671,0.033,1,0,1
342.68,4,5,78.44,0,1.1328,0.0,4,1,0.2981,0.2669,0.0844,0,0,1
32.29,0,2,137.99,1,1.1991,9.3617,8,0,0.5824,0.4973,0.1274,3,1,1
424.66,2,0,77.46,2,0.6148,12.8338,8,0,0.1593,0.6723,0.3101,0,0,1
240.3,3,0,34.32,2,2.6283,0.0,6,0,0.3744,0.4072,0.17,3,1,1
413.61,1,2,38.1,1,0.7453,0.0,4,0,0.4025,0.3972,0.2026,2,1,0
368.38,2,4,51.28,0,0.6037,9.4153,4,1,0.7789,0.7269,0.1348,2,0,1
454.3,4,0,68.88,0,1.2049,0.0,5,0,0.2867,0.3348,0.1836,2,1,0
201.08,3,3,103.98,2,2.8021,6.6074,8,1,0.4038,0.7595,0.207,3,1,1
227.42,3,0,117.03,0,1.9016,13.6035,3,1,0.3249,0.5379,0.2039,1,0,1
367.72,3,3,136.36,0,1.0392,2.1468,4,1,0.5069,0.4737,0.0219,0,0,0
328.97,3,4,104.7,1,3.4931,4.1203,3,1,0.6619,0.762,0.2676,0,1,1
313.02,3,3,72.1,0,0.9393,7.3418,5,0,0.7453,0.5303,0.1172,2,0,1
205.22,3,7,52.18,1,1.3877,7.6243,9,0,0.2929,0.6156,0.1987,1,1,1
182.95,3,4,56.1,3,1.6598,0.0,4,0,0.6941,0.728,0.2751,3,0,1
600.0,7,3,185.78,3,1.9691,7.0226,5,0,0.3453,0.7245,0.122,1,1,1
229.87,2,1,43.26,0,2.2,6.571,3,1,0.4603,0.2979,0.0972,1,1,1
493.74,4,1,95.72,0,0.9008,12.1574,9,1,0.6616,0.8185,0.1257,0,1,1
302.58,2,2,170.93,1,1.0817,0.0,2,0,0.2611,0.713,0.1386,0,0,1
128.98,1,2,162.68,3,1.6354,0.0,4,0,0.2428,0.4155,0.2052,0,1,0
220.95,2,0,124.38,1,0.9221,1.4093,1,0,0.49,0.395,0.0435,1,0,0
240.87,4,3,98.28,2,1.0826,0.0,10,1,0.2785,0.2224,0.0548,4,0,1
131.6,2,1,52.51,0,2.0943,9.1254,4,0,0.265,0.3715,0.0836,1,1,1
150.17,0,3,40.15,1,1.0332,0.0,4,0,0.5179,0.5481,0.1139,3,0,0
207.85,3,3,98.38,2,0.8104,10.3344,8,0,0.3419,0.5193,0.1769,1,1,0
201.06,4,1,111.28,1,1.3144,0.0,1,1,0.2764,0.4408,0.2311,0,0,1
581.58,6,2,51.3,1,0.9691,0.0,1,0,0.2055,0.3989,0.2377,1,0,1
79.84,1,3,132.4,1,1.9897,0.0,3,0,0.5573,0.6265,0.0425,2,0,1
284.61,1,0,87.83,2,1.2627,0.0,7,1,0.3844,0.4809,0.0543,2,0,0
114.21,2,3,104.47,1,1.6039,10.8401,5,0,0.4868,0.4186,0.1474,2,1,0
248.12,2,5,47.7,2,1.2149,0.0,6,1,0.3094,0.6165,0.1561,0,0,1
224.86,3,0,200.06,3,1.3349,9.4041,3,0,0.4052,0.7108,0.0308,1,0,1
273.43,3,3,38.68,2,0.5105,1.0698,7,1,0.2013,0.2647,0.0735,1,1,1
263.5,3,2,127.65,2,1.2638,3.5228,5,1,0.3812,0.4694,0.0621,2,0,1
473.59,1,4,146.8,1,1.529,0.0,6,0,0.9251,0.5465,0.0637,1,0,1
295.06,5,6,144.52,1,0.8277,0.0,8,0,0.6595,0.3246,0.192,3,1,1
467.82,7,4,61.74,0,0.8975,0.0,4,0,0.5112,0.2593,0.1724,5,0,1
185.15,2,3,238.44,1,0.8996,0.0,5,0,0.2406,0.2042,0.1916,1,0,0
315.48,1,1,124.98,3,1.0606,2.9312,2,0,0.5058,0.2589,0.2197,5,0,1
164.3,2,1,93.0,3,1.4722,0.0,4,0,0.4469,0.487,0.0329,1,0,1
311.3,3,2,157.62,0,2.7712,4.5245,2,1,0.5101,0.4348,0.1371,2,0,1
138.8,2,1,72.32,0,1.4753,8.4763,3,1,0.4417,0.5335,0.0317,0,0,0
445.89,2,2,128.09,3,0.8771,0.0,8,0,0.8094,0.7359,0.1256,1,0,1
145.13,0,2,186.05,1,0.4007,0.0,5,0,0.5688,0.3545,0.0918,0,0,1
229.36,5,3,83.88,0,0.3213,0.0,6,0,0.5775,0.26,0.0655,1,0,1
600.0,3,1,29.78,0,1.3114,4.5613,2,1,0.1861,0.5099,0.0666,1,0,1
101.59,2,1,120.56,1,1.7571,0.0,5,1,0.2801,0.4808,0.0218,1,1,0
133.15,1,1,107.44,0,0.7798,0.0,4,0,0.4647,0.1742,0.2353,2,0,1
104.04,2,5,145.4,2,0.9658,9.8991,9,0,0.8884,0.5249,0.1312,2,1,1
69.57,1,3,28.01,0,0.5952,0.0,4,1,0.3261,0.7694,0.0953,0,1,0
171.25,2,0,44.01,0,0.8965,0.0,3,0,0.7291,0.3844,0.3054,1,0,1
177.53,3,1,122.24,0,3.0253,0.0,1,0,0.4678,0.5802,0.052,2,1,1
305.9,4,2,94.7,0,1.1296,0.0,4,0,0.5891,0.2536,0.0926,0,0,1
312.42,6,2,77.23,0,0.8534,0.0,4,0,0.4507,0.6391,0.0357,1,0,1
76.79,1,1,54.96,0,0.9384,9.7576,2,0,0.2065,0.6881,0.1275,0,1,0
266.23,4,3,44.6,3,1.4366,0.0,8,0,0.3123,0.371,0.0608,1,1,1
282.65,7,2,96.08,1,2.4683,5.4647,1,0,0.3679,0.7652,0.1131,3,1,1
193.08,3,2,36.04,1,1.6276,0.0,4,0,0.5404,0.5235,0.0382,2,0,1
509.23,7,4,84.79,1,1.2277,0.0,6,0,0.5663,0.1892,0.2745,3,0,1
91.28,1,1,31.55,1,2.5926,0.0,1,0,0.5083,0.5485,0.0394,1,0,0
378.71,2,2,160.97,3,0.9614,3.9844,2,0,0.529,0.3564,0.1909,2,0,1
457.07,5,6,147.84,1,1.3538,11.8235,7,1,0.3331,0.6336,0.1021,2,0,1
461.31,3,1,149.32,1,1.1945,0.0,7,1,0.8774,0.6696,0.0587,1,0,1
137.09,1,2,156.15,2,1.3006,0.0,2,0,0.6397,0.6852,0.2057,1,1,1
77.09,1,1,81.5,0,3.7079,0.0,3,1,0.3031,0.2751,0.3432,1,0,1
116.88,2,1,199.18,1,2.1134,0.0,3,0,0.76,0.6991,0.0887,2,0,0
178.74,1,1,175.76,0,1.1938,9.0089,6,1,0.2395,0.4798,0.2828,0,1,0
338.22,4,3,117.58,1,0.7376,7.4648,2,0,0.4082,0.5018,0.1974,4,1,1
130.62,3,4,232.63,1,0.8677,0.0,6,0,0.6279,0.4465,0.0709,4,1,1
148.72,3,2,87.26,1,1.5898,0.0,5,0,0.3001,0.3116,0.1614,1,1,0
326.92,2,1,86.72,1,1.8201,7.0249,3,0,0.394,0.2418,0.1211,3,0,1
89.78,0,2,121.74,3,1.6763,7.1275,3,0,0.7227,0.463,0.2041,1,0,1
183.52,3,2,108.31,1,2.0376,0.0,3,0,0.24,0.6777,0.0389,2,0,0
324.25,1,2,147.54,2,1.9854,8.8376,4,1,0.658,0.606,0.0416,4,1,1
393.66,2,4,63.58,0,0.9619,0.0,4,0,0.69,0.5998,0.0106,1,1,0
269.58,2,2,97.33,1,1.2701,6.7873,8,1,0.6042,0.3124,0.2221,0,0,0
90.71,1,1,149.43,3,0.4784,2.7261,5,1,0.5527,0.3421,0.3377,1,0,1
298.16,5,1,96.3,2,0.6272,10.4487,6,0,0.8213,0.6523,0.1953,1,0,1
304.97,5,1,149.23,0,1.2911,8.0683,4,1,0.6031,0.3712,0.1076,1,1,0
107.85,2,2,171.27,1,0.7178,5.0908,4,1,0.3106,0.2184,0.0249,1,0,1
267.6,7,5,108.23,1,0.8796,0.0,8,1,0.5241,0.3987,0.1046,4,1,1
98.0,0,5,71.88,1,1.0907,0.0,7,1,0.521,0.5961,0.0785,1,0,1
412.62,4,4,105.52,2,0.885,0.0,7,0,0.4766,0.4197,0.2692,2,0,1
359.81,5,5,112.96,1,0.6968,10.1046,7,1,0.6552,0.4725,0.2375,1,0,1
405.05,10,4,176.0,3,1.349,1.2539,10,0,0.8132,0.5687,0.1979,0,0,1
51.56,1,3,110.48,1,1.0054,0.0,4,0,0.2843,0.4132,0.0112,1,0,0
30.8,0,0,21.34,1,0.8158,0.0,9,0,0.6449,0.5485,0.2084,0,0,1
239.56,4,1,83.35,0,1.4247,6.4424,2,0,0.2717,0.6286,0.0574,0,0,0
231.74,4,5,106.39,1,1.613,0.0,4,0,0.4239,0.5039,0.2404,0,0,1
405.06,3,1,113.36,1,0.7887,0.0,4,0,0.6987,0.2974,0.0372,0,1,0
105.78,1,2,134.26,0,0.917,0.0,5,0,0.1597,0.4649,0.1652,0,0,1
396.71,4,3,235.02,0,1.4183,10.7123,3,0,0.2982,0.7517,0.0968,2,0,1
322.85,0,2,49.26,0,0.8552,8.6421,1,1,0.3992,0.2367,0.1906,1,1,0
265.9,2,3,105.0,1,0.6454,0.0,4,0,0.3625,0.2746,0.076,1,0,0
77.57,1,2,42.92,0,1.8286,0.0,4,1,0.1743,0.4536,0.2189,2,1,0
314.41,5,6,55.25,3,1.4666,0.0,9,0,0.2765,0.4273,0.3496,4,1,1
273.14,2,1,80.02,1,2.3845,0.0,6,0,0.6088,0.5533,0.0927,1,0,1
600.0,4,2,202.66,1,1.215,4.1644,4,0,0.8962,0.4315,0.1613,0,1,1
246.52,2,2,6.58,3,0.8972,0.0,9,0,0.1311,0.3441,0.1222,0,0,0
352.37,3,2,84.99,1,4.0,0.0,3,1,0.2908,0.5658,0.1737,0,1,1
261.45,4,0,45.77,2,1.0776,0.0,4,0,0.4728,0.4822,0.0522,1,0,0
212.62,3,1,6.2,0,1.9347,0.0,2,0,0.1703,0.5177,0.0984,0,0,1
600.0,6,4,124.31,0,0.7439,0.0,2,0,0.7672,0.4801,0.0997,4,0,1
317.18,3,2,169.94,0,2.2366,10.2147,3,0,0.5944,0.5739,0.3959,2,1,1
226.57,2,0,55.27,1,1.5946,0.0,5,0,0.2972,0.388,0.0544,0,0,1
439.63,4,4,135.33,0,0.6607,0.0,3,0,0.7342,0.7024,0.0116,0,1,1
248.85,2,4,114.06,0,1.4851,6.1165,4,0,0.5678,0.7296,0.1254,1,0,1
183.92,0,2,86.2,1,0.6687,0.0,2,0,0.28,0.4494,0.0275,0,0,0
100.53,0,2,42.21,0,3.9001,7.3722,4,0,0.5056,0.8517,0.103,1,0,1
517.87,5,4,176.11,3,0.4026,7.6391,4,1,0.4929,0.2633,0.1518,2,0,1
326.84,5,0,64.83,0,1.8269,0.0,4,0,0.5835,0.689,0.2159,1,0,1
88.94,0,1,67.37,1,1.5563,0.0,10,0,0.2739,0.5817,0.0748,2,0,0
36.78,0,2,31.69,1,2.1008,0.0,8,1,0.3375,0.3637,0.0416,1,1,0
98.04,2,1,23.71,1,1.2692,0.0,2,1,0.5237,0.3916,0.0396,1,1,0
154.0,2,4,83.5,0,2.0603,3.3461,4,0,0.186,0.6268,0.1238,2,0,1
206.01,3,3,71.74,0,1.293,0.0,7,1,0.4091,0.4854,0.2128,2,1,0
261.14,4,3,75.28,1,1.2929,0.0,6,0,0.6622,0.2348,0.3044,3,0,0
600.0,5,2,156.63,0,0.7906,0.0,1,0,0.5202,0.6145,0.1437,3,0,0
246.28,3,3,119.26,3,0.9844,0.0,4,1,0.8565,0.6551,0.2645,0,1,0
253.03,2,2,8.82,0,1.189,2.8458,2,0,0.4442,0.3623,0.201,0,0,0
203.63,2,1,136.9,1,0.6531,0.0,3,0,0.2223,0.4866,0.183,1,1,1
155.74,2,0,31.48,1,2.0818,0.0,6,1,0.134,0.5088,0.1755,2,1,0
289.69,3,4,170.22,1,2.2241,7.7549,10,0,0.5562,0.7844,0.2397,0,0,1
211.42,3,3,56.28,0,0.6193,7.8,3,0,0.616,0.4494,0.1021,1,0,1
483.43,4,3,121.32,0,1.8667,0.0,5,1,0.6071,0.7542,0.0604,3,0,1
149.29,1,1,41.51,2,1.1319,5.5361,6,0,0.2916,0.6831,0.073,0,0,1
377.93,6,5,113.45,3,1.0988,0.0,8,0,0.211,0.5501,0.1763,1,1,1
366.67,5,2,103.65,0,0.7708,0.0,5,0,0.3993,0.1345,0.2319,5,0,1
112.33,0,2,162.76,1,1.9911,0.0,6,1,0.1477,0.7265,0.1505,0,1,0
353.23,2,2,32.41,0,1.8045,0.0,3,1,0.2052,0.5729,0.1066,1,0,1
600.0,5,3,166.36,1,2.1372,7.7171,5,1,0.7884,0.4956,0.2003,1,1,1
514.6,0,1,181.92,2,1.3305,0.0,6,1,0.4674,0.5193,0.2223,2,0,1
289.27,1,2,117.99,3,1.2576,0.0,3,0,0.8733,0.5996,0.156,0,0,0
243.06,1,3,47.55,3,1.5582,0.0,9,0,0.2325,0.5132,0.0988,1,0,0
160.43,3,2,124.07,2,1.8036,0.0,7,0,0.0657,0.7505,0.1076,1,0,1
346.26,1,3,62.65,3,0.8471,0.0,9,1,0.4743,0.4545,0.0696,2,0,0
268.1,3,4,98.8,2,0.9638,0.0,8,1,0.3495,0.686,0.2218,0,0,1
236.21,6,6,157.31,1,1.4786,0.0,4,0,0.7814,0.6544,0.0881,4,1,0
142.98,2,3,161.66,2,2.5642,1.2781,6,0,0.4668,0.6199,0.0724,0,1,1
244.73,5,0,82.08,0,1.2604,0.0,4,1,0.5173,0.2851,0.0565,0,0,0
177.16,3,0,139.69,2,0.7019,0.0,4,0,0.4656,0.4699,0.088,3,1,1
511.58,2,2,83.86,0,1.0625,8.8016,5,0,0.7488,0.2311,0.1319,2,0,0
61.78,0,2,14.47,0,1.0937,0.0,2,0,0.4414,0.4291,0.2071,2,0,1
126.38,3,3,159.5,1,1.486,5.4644,2,1,0.2253,0.5119,0.0676,1,0,0
362.93,4,1,100.12,0,0.6658,9.3958,4,0,0.5712,0.2313,0.1538,1,1,1
113.36,0,2,70.85,0,1.2513,0.0,7,0,0.5298,0.291,0.1043,1,0,0
201.77,3,4,70.71,3,0.9669,0.0,2,0,0.3801,0.4276,0.0381,0,1,0
139.55,4,2,30.11,1,0.7393,3.6434,1,0,0.1235,0.7498,0.1241,0,0,0
222.12,2,2,196.52,0,0.9228,0.0,1,0,0.1815,0.1393,0.0103,0,1,0
389.47,3,2,110.98,2,1.3985,0.0,8,1,0.4225,0.4075,0.0812,2,0,0
186.34,0,3,203.33,0,1.9506,9.7005,5,1,0.2436,0.8671,0.1381,0,1,1
336.0,2,5,166.58,0,2.1916,8.8315,7,1,0.6585,0.6717,0.1725,3,0,1
328.35,5,3,41.15,0,1.4125,0.0,5,0,0.6511,0.6651,0.3456,2,0,1
352.29,3,0,39.44,2,0.9308,2.5846,2,1,0.4907,0.153,0.2218,0,0,0
244.82,4,3,112.38,3,1.2837,0.0,4,1,0.9151,0.3122,0.0313,0,0,1
349.93,1,1,51.81,2,0.4675,4.0136,7,0,0.4712,0.3217,0.0182,0,1,0
304.28,3,1,70.69,0,1.1071,0.0,1,1,0.5201,0.6683,0.2197,1,1,0
472.71,4,3,187.07,0,1.3258,0.0,4,0,0.6461,0.6356,0.2348,3,1,1
284.22,2,5,172.79,0,1.0602,0.0,7,0,0.7034,0.4236,0.0633,4,1,0
122.62,1,1,39.91,2,0.8279,2.2742,6,0,0.4362,0.4652,0.1628,1,1,0
134.1,1,5,31.59,4,0.8013,0.0,6,0,0.6193,0.2848,0.1222,2,0,0
108.02,2,2,188.92,0,0.9477,0.0,3,0,0.7109,0.3252,0.0836,3,0,1
306.09,4,5,120.01,2,0.6474,0.0,4,1,0.5193,0.5905,0.1232,3,1,1
90.12,0,1,161.27,1,0.7756,8.2893,7,1,0.4962,0.2426,0.0185,0,0,1
208.21,1,2,97.19,3,1.3931,4.0242,8,0,0.2826,0.1028,0.0959,0,0,1
311.85,4,5,184.7,2,1.5191,9.7972,4,1,0.5812,0.8095,0.0648,2,1,0
333.15,1,1,165.51,3,2.1598,0.0,2,0,0.5835,0.7315,0.2176,0,1,1
282.33,2,1,58.28,2,1.5343,0.0,8,1,0.3853,0.5739,0.0918,4,0,1
134.3,1,3,9.34,1,1.4695,5.5706,5,0,0.7629,0.5228,0.0736,4,1,1
219.75,5,3,177.34,1,0.7918,0.0,5,0,0.7005,0.5229,0.0348,0,0,1
68.56,1,1,104.04,2,0.8344,0.0,9,0,0.5587,0.3255,0.1747,2,0,1
110.17,1,0,134.47,0,1.3445,0.0,1,0,0.385,0.1788,0.1277,0,1,0
172.03,1,0,152.24,0,0.5956,0.0,4,0,0.5828,0.563,0.0549,0,1,0
246.5,1,0,64.76,2,1.3159,0.0,8,1,0.5398,0.7444,0.1183,0,1,1
305.6,2,2,62.8,0,0.9869,3.4604,2,0,0.8009,0.3989,0.0706,1,1,0
194.85,1,1,104.12,0,2.1909,8.0774,8,0,0.4566,0.7135,0.0597,0,0,1
116.59,0,1,62.61,1,2.0709,0.0,3,0,0.413,0.4806,0.0991,1,1,0
430.17,4,3,65.95,2,3.2848,0.0,6,0,0.1372,0.5095,0.1926,2,0,1
388.52,4,2,111.25,2,0.9882,0.0,7,0,0.6394,0.2145,0.2086,2,1,1
124.01,0,2,195.48,1,1.8152,12.2977,3,0,0.8018,0.6387,0.0088,2,0,1
51.37,1,0,17.81,0,1.5822,0.0,4,0,0.3402,0.7682,0.0629,0,1,0
185.36,2,2,223.18,3,1.2969,0.0,5,0,0.5194,0.2439,0.0844,2,0,1
324.9,4,0,73.15,0,2.3672,0.0,6,0,0.1763,0.4557,0.1134,0,0,1
137.85,0,0,79.91,2,1.5339,0.0,5,0,0.3719,0.5078,0.1999,1,1,1
179.96,3,5,43.07,2,2.0499,0.0,9,1,0.2415,0.4502,0.06,3,1,0
273.9,4,3,127.09,0,1.557,0.0,2,0,0.2733,0.5363,0.2295,2,0,0
195.03,0,3,63.95,0,0.7524,5.6203,5,0,0.7244,0.3162,0.1234,1,1,0
535.6,3,2,123.02,2,1.0174,4.8211,5,0,0.296,0.6983,0.0597,1,0,1
162.62,2,0,153.23,1,0.813,8.4603,6,0,0.3801,0.1269,0.081,1,0,1
166.95,3,1,69.03,0,1.4194,12.4976,6,0,0.6821,0.7175,0.0273,1,0,1
135.35,2,0,66.26,2,1.6063,0.0,4,0,0.6223,0.7292,0.0938,1,0,1
268.59,6,3,133.46,2,0.7556,8.8191,7,1,0.6766,0.3746,0.2831,1,0,1
61.52,1,1,105.84,1,1.2658,0.0,10,0,0.5678,0.4447,0.0302,1,1,1
111.58,3,3,48.04,0,2.3071,0.0,8,1,0.2865,0.6611,0.1145,1,0,1
168.2,1,3,108.63,1,2.8727,0.0,6,0,0.3195,0.4351,0.0776,0,0,1
155.38,2,1,56.28,1,1.2417,3.7853,6,0,0.4185,0.2217,0.0607,1,1,0
113.56,1,2,61.4,0,1.1939,4.9918,2,0,0.3901,0.4365,0.0258,1,0,0
88.14,0,0,80.92,1,1.2298,4.9171,8,0,0.5924,0.3764,0.1092,1,1,0
360.99,0,1,15.29,3,1.3654,4.473,9,0,0.3598,0.5236,0.2041,0,0,1
280.04,2,2,50.67,1,1.1859,6.643,6,1,0.4419,0.5258,0.1477,0,0,1
191.27,2,1,72.08,0,0.9401,2.0436,4,0,0.4322,0.0778,0.1704,0,1,0
226.87,3,2,94.44,0,2.5344,0.0,5,1,0.4684,0.5329,0.0771,1,1,0
323.32,3,2,62.08,0,1.8251,5.9045,3,0,0.7213,0.6574,0.1662,1,0,1
323.86,2,2,124.19,1,1.5287,6.0941,6,0,0.3828,0.7128,0.0267,0,0,1
496.22,2,3,53.28,2,2.0395,10.1285,6,0,0.3075,0.7186,0.0029,3,0,1
239.88,4,1,49.55,1,1.3039,11.4585,3,0,0.4657,0.4829,0.1305,1,0,0
259.45,2,0,12.83,4,1.1301,0.0,3,1,0.4755,0.463,0.1184,0,1,1
182.3,3,2,108.03,1,1.4379,2.8492,3,0,0.0227,0.504,0.1362,1,0,1
258.42,3,1,99.53,1,1.165,0.0,4,1,0.8999,0.6267,0.1155,1,0,0
342.51,5,2,112.48,2,1.6939,0.0,6,1,0.4829,0.3524,0.1626,2,0,0
157.55,2,5,89.45,0,0.6373,3.9602,2,0,0.4342,0.701,0.1057,0,0,1
269.63,5,1,27.07,0,2.6425,0.0,8,1,0.4627,0.619,0.0612,2,1,0
68.92,0,1,235.3,2,0.84,0.0,4,0,0.5966,0.3748,0.1424,1,0,1
264.58,4,3,215.33,2,1.2583,4.3278,8,0,0.2893,0.3539,0.1042,2,0,1
297.11,2,1,43.17,2,0.6059,0.0,7,0,0.5403,0.4605,0.1998,0,0,1
486.98,6,3,83.87,0,1.5665,8.0433,3,0,0.8087,0.3465,0.0533,2,1,1
270.05,0,6,213.81,2,0.8294,0.0,3,0,0.6104,0.4221,0.1532,4,0,0
72.72,1,4,166.23,2,0.9821,3.5866,9,0,0.4066,0.4539,0.257,2,0,1
356.29,2,3,33.48,2,1.4714,0.0,2,1,0.5511,0.5103,0.1934,2,1,0
454.56,6,2,131.43,0,0.496,0.0,5,0,0.4864,0.3065,0.1605,1,1,0
358.33,1,5,165.49,0,1.197,0.0,3,0,0.3568,0.3852,0.207,2,0,0
245.29,1,2,92.4,0,0.9448,1.461,6,0,0.5151,0.5072,0.085,1,1,1
600.0,2,0,32.34,0,1.0916,13.3825,3,0,0.3726,0.6011,0.1373,1,0,0
373.33,3,4,97.48,2,1.7916,0.0,4,0,0.5939,0.3351,0.0442,4,1,0
183.03,1,2,81.14,0,1.2847,0.0,2,1,0.5173,0.4659,0.068,3,1,0
39.33,1,1,50.81,3,1.4967,0.0,8,0,0.3609,0.5423,0.1489,2,0,1
89.55,2,0,110.02,0,0.8422,8.3315,4,1,0.6145,0.8064,0.2138,0,1,0
316.33,2,3,149.09,2,1.228,6.7922,6,0,0.411,0.5597,0.2571,3,0,1
492.43,4,6,137.58,0,0.8839,0.0,7,0,0.6709,0.7459,0.11,0,0,1
327.8,1,3,81.75,2,1.1882,0.0,5,0,0.4647,0.265,0.0899,0,1,1
204.12,2,2,56.29,3,1.1559,0.0,7,1,0.6082,0.2757,0.0412,4,1,0
94.41,1,1,164.72,1,1.4379,0.0,3,1,0.5331,0.6703,0.1101,0,1,1
284.35,6,2,122.46,1,1.4581,0.0,4,1,0.4528,0.4886,0.2088,0,1,0
234.41,0,0,122.37,0,1.0998,0.0,3,1,0.2509,0.6826,0.06,1,0,0
405.83,5,3,43.91,2,1.8492,0.0,4,0,0.4632,0.357,0.1708,4,0,1
182.38,4,2,184.23,1,0.9564,9.3144,2,0,0.6723,0.7636,0.0133,0,0,1
135.53,4,1,118.09,1,1.4332,0.0,5,1,0.4086,0.4833,0.0348,0,1,0
423.1,2,1,122.04,1,1.0878,0.0,4,1,0.2846,0.6402,0.0774,0,1,0
572.78,3,1,61.55,0,0.7394,11.2683,4,1,0.2284,0.8405,0.0245,0,0,0
366.1,5,3,128.34,2,1.5303,0.0,1,0,0.5555,0.765,0.1455,3,0,1
236.9,0,3,135.96,2,1.4341,0.0,2,1,0.2612,0.364,0.1174,2,0,0
351.13,5,3,139.73,1,1.5317,0.0,5,0,0.4913,0.7202,0.1183,2,1,0
393.28,6,2,38.14,0,1.3327,0.0,4,0,0.6826,0.622,0.2451,1,0,0
600.0,6,2,131.89,2,1.533,0.0,6,1,0.8468,0.5994,0.0786,1,1,0
360.0,3,2,165.95,1,2.209,4.9889,1,1,0.4024,0.4597,0.0856,0,1,1
517.42,8,4,66.11,1,1.0833,7.4373,2,0,0.7709,0.3367,0.1428,3,0,1
306.92,2,0,28.44,2,1.719,8.4273,5,1,0.3384,0.6585,0.1579,1,1,1
346.7,3,4,79.84,1,1.4292,0.0,5,0,0.6247,0.4222,0.1042,2,1,0
124.83,1,3,39.35,1,1.4884,0.0,4,0,0.4443,0.7352,0.288,2,1,0
203.65,3,1,65.97,2,0.7459,11.4683,10,1,0.4054,0.5733,0.1579,2,1,0
158.88,2,0,4.82,0,1.4811,10.3966,2,1,0.7818,0.3386,0.0266,0,0,0
157.82,2,1,24.72,0,0.8953,0.0,4,1,0.393,0.3072,0.0749,2,0,0
219.14,3,0,137.39,1,1.9831,0.0,3,0,0.2929,0.4551,0.1647,0,0,1
440.99,3,4,96.05,0,2.1048,0.0,3,1,0.7587,0.516,0.1175,4,1,1
464.25,1,1,248.23,0,0.771,2.3504,5,0,0.428,0.3762,0.0859,2,1,0
504.7,2,3,51.16,1,0.7865,8.7895,1,1,0.4999,0.4379,0.0195,1,0,0
90.98,1,0,96.14,1,1.698,0.0,3,0,0.1526,0.4957,0.3607,1,0,0
117.45,1,1,106.94,2,1.9292,0.0,7,1,0.4655,0.3878,0.1171,1,1,1
254.12,2,4,185.79,2,2.0232,3.169,8,1,0.5504,0.6134,0.1746,0,1,1
390.95,3,4,65.29,0,1.1034,11.1449,1,1,0.3846,0.5657,0.0606,3,1,0
269.54,4,6,117.98,1,0.8129,0.0,4,0,0.8411,0.6192,0.1036,2,0,1
240.34,6,6,33.66,1,0.587,11.8243,3,0,0.7726,0.4818,0.1758,1,0,1
530.24,3,3,85.58,0,0.84,10.6469,4,0,0.3958,0.4378,0.1812,0,0,0
189.9,5,3,83.47,2,2.908,10.6848,8,0,0.504,0.7344,0.1019,4,1,1
222.26,2,2,96.8,3,1.2297,0.0,6,0,0.6221,0.6004,0.0678,2,1,1
228.8,2,5,54.6,1,1.4785,0.0,6,1,0.4922,0.4889,0.0381,2,0,1
242.45,1,2,71.19,0,4.0,0.0,3,0,0.7173,0.4367,0.1471,2,0,1
90.45,0,2,76.22,2,1.6443,0.0,8,0,0.497,0.4503,0.1205,0,0,1
135.91,1,0,26.1,2,0.9399,0.0,5,0,0.5507,0.6103,0.0773,0,0,0
215.87,1,2,8.67,1,1.0875,0.0,8,0,0.7322,0.3529,0.1058,1,1,0
437.77,3,4,150.22,2,1.5943,0.0,5,1,0.5188,0.4262,0.0911,5,1,0
171.05,3,1,62.68,0,1.5021,0.0,3,0,0.0895,0.5482,0.2986,1,1,0
156.04,3,1,99.96,0,1.5508,7.8299,5,0,0.3683,0.768,0.0754,0,1,1
428.37,3,2,125.94,3,1.6301,8.8615,3,0,0.3469,0.2882,0.0504,5,0,0
505.21,7,2,199.64,1,1.2107,11.5391,4,1,0.6131,0.3798,0.1997,4,1,1
299.34,4,2,26.98,1,0.3186,0.0,3,1,0.5014,0.0747,0.0261,0,0,0
450.13,6,3,134.93,1,0.7508,7.6638,8,0,0.4952,0.5399,0.0504,3,0,1
386.33,4,3,153.82,3,0.9328,0.0,7,0,0.6174,0.3718,0.0355,2,0,1
51.32,0,2,4.62,2,0.9684,8.3587,6,0,0.4095,0.3091,0.1712,0,1,0
202.76,1,3,156.12,0,0.8724,12.2157,3,0,0.5523,0.123,0.1746,0,0,1
310.31,1,2,65.97,1,1.2052,0.0,4,0,0.7396,0.462,0.1067,3,0,0
455.04,2,6,18.35,0,2.3889,4.0114,2,0,0.6251,0.4498,0.1766,1,0,1
178.1,1,1,60.59,0,0.917,0.0,4,1,0.4661,0.605,0.0814,1,1,0
260.02,4,3,52.56,2,1.9251,0.0,1,1,0.3416,0.5207,0.0465,1,1,1
328.54,5,4,88.38,0,1.0816,0.0,5,0,0.8069,0.7766,0.0517,1,0,0
109.68,3,3,119.58,2,1.5245,0.0,7,0,0.6868,0.4912,0.1482,1,1,0
447.46,2,0,6.04,1,0.904,7.2405,4,0,0.3957,0.3755,0.1757,0,1,0
94.19,3,0,14.78,3,4.0,0.0,6,1,0.3692,0.6978,0.1931,1,0,1
432.55,6,2,94.17,1,0.9961,8.5722,2,1,0.3922,0.4868,0.0968,4,0,1
513.7,3,4,102.66,0,1.0735,0.0,4,1,0.5489,0.2954,0.2567,1,1,0
360.36,5,5,60.19,1,0.8543,0.0,6,0,0.5505,0.4731,0.1372,2,1,0
313.19,2,1,81.22,0,0.8746,0.0,1,0,0.241,0.1637,0.1714,1,1,0
154.01,3,1,40.07,0,1.1798,9.5221,4,0,0.6186,0.4289,0.0703,2,0,1
222.39,2,3,129.99,1,1.6593,0.0,7,0,0.3445,0.2935,0.1288,5,0,1
383.92,0,0,26.91,2,0.3783,0.0,4,0,0.3289,0.5392,0.1426,2,0,1
392.45,2,1,172.58,0,0.7616,0.0,4,1,0.3236,0.296,0.1385,1,1,0
276.41,5,1,265.78,1,0.504,0.0,6,0,0.3582,0.4288,0.0899,4,0,0
238.3,2,2,185.55,0,2.1114,6.6126,5,1,0.8341,0.4497,0.065,1,0,1
193.19,2,1,40.25,2,1.8831,0.0,6,0,0.5435,0.7162,0.1613,0,1,1
242.98,1,5,182.55,0,1.5973,0.0,6,0,0.5582,0.5999,0.2056,0,1,0
71.36,1,1,105.37,0,0.9289,9.4303,2,1,0.2689,0.3842,0.1471,0,1,0
150.71,3,1,46.32,1,0.6715,1.24,7,0,0.3706,0.4953,0.115,0,0,0
240.96,5,4,94.4,0,0.9851,13.5738,3,0,0.1851,0.2907,0.1598,0,1,0
238.0,2,3,81.32,3,1.8699,8.6657,5,1,0.8237,0.5794,0.1789,0,0,1
533.49,4,5,122.45,0,1.0985,0.0,2,0,0.3191,0.1385,0.0098,1,0,1
159.78,3,4,140.47,1,1.2938,12.219,2,0,0.3745,0.491,0.2058,2,0,0
164.5,3,4,50.09,1,1.9097,0.0,6,0,0.4878,0.4661,0.1713,3,0,1
222.88,1,2,105.67,1,1.7494,9.9827,2,1,0.8073,0.5477,0.1709,1,0,0
203.28,2,2,163.04,2,2.6029,0.0,4,0,0.2449,0.8488,0.1141,3,0,1
253.15,4,1,44.36,0,0.8231,0.0,4,0,0.7609,0.6013,0.22,4,0,0
294.02,3,2,73.99,0,1.4253,1.3097,3,0,0.4426,0.2712,0.2383,4,1,0
411.96,2,1,60.94,3,0.5124,0.0,3,0,0.2454,0.1202,0.2769,0,0,1
320.11,3,4,106.82,1,1.8398,10.9567,2,0,0.3757,0.7399,0.1709,2,0,1
134.19,3,4,46.68,1,0.9278,2.0803,7,0,0.633,0.4382,0.1592,1,1,1
113.45,1,0,126.85,3,1.5239,0.0,8,1,0.5125,0.4817,0.1426,1,1,1
356.6,3,3,247.04,1,1.7801,10.4059,6,0,0.4371,0.8438,0.1078,1,0,1
119.79,2,0,141.74,1,1.5174,10.5112,7,0,0.2988,0.5727,0.0044,1,0,1
352.88,2,3,36.72,0,0.998,0.0,1,1,0.8185,0.5026,0.0495,2,1,0
228.97,2,3,81.79,2,0.9664,0.0,3,1,0.9469,0.3894,0.299,3,0,1
217.13,2,2,89.04,0,1.5009,0.0,4,0,0.2095,0.6376,0.0801,1,1,1
172.04,1,1,99.31,3,1.0881,0.0,7,0,0.4024,0.5421,0.176,3,0,1
430.21,1,7,186.64,2,1.4163,0.0,8,0,0.4101,0.3734,0.0411,0,0,1
277.98,1,3,110.41,0,2.7435,0.0,2,1,0.1635,0.5514,0.1167,1,1,1
338.89,3,2,73.16,1,1.4481,1.9411,1,0,0.5142,0.4145,0.0718,1,0,1
303.66,1,0,31.62,2,1.5071,0.0,8,0,0.0372,0.4791,0.0472,2,0,1
345.47,2,5,175.05,2,1.3605,0.0,4,0,0.4682,0.3297,0.2798,1,1,1
140.87,1,2,103.4,0,0.6648,1.9941,3,0,0.8156,0.2909,0.0746,0,0,0
373.96,1,2,20.85,3,0.356,0.0,8,1,0.0933,0.1228,0.1542,0,1,1
93.54,0,2,88.85,2,2.351,0.0,3,0,0.4155,0.6959,0.137,4,0,1
490.63,3,4,114.03,1,1.7802,0.0,8,0,0.5378,0.7321,0.189,0,1,1
282.7,1,3,35.07,0,0.9094,11.2558,3,0,0.5788,0.38,0.1558,1,1,0
234.55,0,2,13.02,0,2.0277,5.308,2,1,0.6438,0.5451,0.0567,3,1,1
130.26,1,2,151.2,0,3.461,0.0,1,1,0.583,0.5844,0.1955,0,0,1
58.72,1,1,37.53,2,0.8103,11.7596,3,0,0.5965,0.4124,0.1751,1,0,1
408.86,6,5,70.5,0,1.4954,3.296,8,1,0.4417,0.7236,0.097,1,1,1
187.01,0,1,121.38,1,1.636,0.0,6,0,0.3224,0.6216,0.148,0,0,1
375.63,3,2,53.96,0,0.633,9.3349,2,0,0.5057,0.4016,0.0121,2,1,0
183.46,4,7,137.73,1,1.0023,0.0,3,0,0.251,0.2851,0.0843,3,0,1
230.11,2,5,178.0,2,1.111,7.0969,7,1,0.3304,0.4666,0.127,0,1,1
153.52,1,0,16.01,0,0.5455,14.0447,5,0,0.769,0.4046,0.1626,0,0,1
298.63,3,1,113.74,0,0.9496,0.0,3,1,0.3185,0.6419,0.1594,1,1,0
408.73,6,5,125.5,1,0.701,5.6229,8,1,0.5029,0.8421,0.121,1,1,1
212.78,3,2,160.69,2,0.8412,6.2416,5,0,0.7203,0.132,0.1319,0,1,0
191.06,1,1,108.2,0,1.1232,4.1818,1,0,0.575,0.4323,0.1512,0,1,0
63.14,1,1,90.82,0,0.5006,3.8438,3,0,0.1567,0.218,0.2211,0,0,0
339.4,2,0,190.69,1,1.0157,8.758,5,0,0.4346,0.5847,0.1004,0,0,1
322.66,5,1,128.39,0,2.373,4.6523,4,0,0.6885,0.7093,0.0356,5,0,1
252.01,2,2,124.71,3,0.9902,0.0,8,0,0.35,0.5681,0.07,2,1,0
423.71,4,3,206.15,1,1.5421,0.0,4,0,0.2189,0.6896,0.2928,0,0,1
160.62,3,2,136.46,1,0.9211,5.6551,1,0,0.3847,0.4991,0.0737,1,1,0
247.75,4,0,140.93,2,1.4565,9.1431,1,0,0.4124,0.6697,0.1598,0,0,0
279.03,6,3,197.56,3,0.5979,4.7635,10,0,0.5083,0.5349,0.367,0,0,1
77.91,1,1,37.83,1,1.6853,0.0,3,0,0.3854,0.6557,0.1354,0,0,1
174.02,2,3,128.13,0,1.3283,0.0,2,1,0.4675,0.782,0.0581,1,1,1
78.7,1,1,47.99,0,1.5069,0.0,6,1,0.765,0.36,0.0189,1,0,0
233.01,6,2,82.68,0,1.0435,7.6903,3,1,0.5462,0.2772,0.1609,5,1,1
186.85,2,3,149.79,1,0.6205,7.5287,4,1,0.6028,0.5338,0.1019,2,1,0
320.38,4,5,175.74,1,1.0853,0.0,5,1,0.7204,0.2703,0.0812,2,0,1
168.34,2,1,26.83,0,1.3865,1.7968,6,0,0.4764,0.1199,0.0694,1,0,1
532.39,7,3,86.68,1,0.7268,12.9979,9,0,0.2943,0.6616,0.1186,5,1,1
315.09,3,1,134.42,2,1.1741,0.0,3,0,0.2342,0.4547,0.1157,2,0,0
218.67,3,2,105.5,0,0.7039,0.0,2,0,0.1745,0.4031,0.2683,0,1,0
560.12,4,5,93.72,1,0.9125,0.0,2,0,0.3745,0.264,0.0167,2,0,1
209.37,3,2,54.19,1,1.0869,9.647,8,0,0.3129,0.6522,0.0834,1,1,1
182.1,1,4,186.91,3,0.966,0.0,6,0,0.3775,0.4697,0.0821,1,0,0
348.32,2,2,175.05,1,0.5126,0.0,6,0,0.5712,0.5513,0.2618,0,0,1
197.14,2,1,53.91,1,0.8145,0.0,3,0,0.3502,0.5594,0.0605,1,1,0
79.59,1,3,75.52,0,1.5271,0.0,2,0,0.6198,0.4418,0.1781,0,1,1
337.35,3,4,132.28,0,1.3025,1.3393,2,0,0.7382,0.4667,0.1889,2,0,0
316.25,4,1,4.08,1,1.5312,12.2875,6,0,0.3066,0.711,0.1247,1,0,1
153.95,1,2,38.11,0,0.716,0.0,4,0,0.4938,0.8409,0.2265,2,0,0
479.94,4,5,141.95,3,1.551,0.0,7,0,0.4994,0.3388,0.0367,2,1,1
263.93,6,5,169.33,2,1.2745,0.0,7,0,0.2099,0.4977,0.0708,5,0,1
190.76,1,0,184.1,1,1.0927,0.0,3,0,0.5988,0.4367,0.1738,1,0,0
399.66,3,2,190.01,2,0.3792,7.1472,1,0,0.4567,0.2786,0.13,3,0,1
453.93,3,3,120.77,1,1.9625,0.0,4,1,0.2031,0.2959,0.0866,4,0,1
429.98,4,3,116.61,0,1.8133,6.2905,5,0,0.7035,0.6817,0.1074,3,0,1
295.98,4,5,154.12,0,0.8863,0.0,4,1,0.3813,0.401,0.1358,1,0,1
415.6,7,4,76.96,1,1.0405,0.0,4,0,0.4671,0.6063,0.0501,4,1,1
383.69,3,0,49.39,0,1.3893,7.7058,3,1,0.8162,0.6274,0.0145,1,0,1
172.62,1,5,196.84,4,0.9295,9.5658,7,1,0.576,0.3215,0.2314,3,0,1
99.38,1,1,9.44,1,1.0385,3.6286,1,0,0.6647,0.2793,0.0627,1,1,1
210.9,0,0,90.76,0,0.5908,0.0,2,0,0.2603,0.1648,0.0564,0,1,0
126.94,3,0,120.63,1,1.0259,0.0,6,0,0.5269,0.3182,0.0345,0,1,1
303.15,1,2,81.36,2,1.5041,5.4665,10,1,0.4694,0.4671,0.0743,2,1,1
111.6,2,0,46.72,0,1.7767,7.0168,6,1,0.1624,0.5675,0.0315,2,1,1
379.23,2,0,57.54,1,2.928,7.5739,6,0,0.2372,0.6522,0.2885,0,1,1
281.34,4,4,104.3,0,0.787,0.0,5,0,0.3703,0.7683,0.1405,3,0,1
545.06,7,1,89.18,0,1.661,6.3315,5,0,0.8528,0.4174,0.1412,2,0,1
281.5,6,3,104.78,2,0.6286,7.0349,6,0,0.6518,0.4334,0.2571,1,1,1
263.93,1,2,101.03,0,0.8994,5.6456,6,0,0.5117,0.8086,0.1101,1,0,1
222.3,4,4,152.1,1,1.0485,11.6267,4,0,0.4054,0.7438,0.3188,2,0,1
308.67,6,3,59.18,1,0.9502,0.0,4,0,0.6811,0.7133,0.1706,1,1,1
86.19,1,1,90.04,1,1.7413,8.463,8,1,0.7041,0.805,0.0388,3,1,0
180.91,4,3,76.25,2,2.1494,0.0,2,1,0.7895,0.868,0.1794,4,0,1
347.74,2,1,13.04,2,1.082,8.799,4,0,0.5433,0.2567,0.1147,0,1,0
231.05,2,1,74.42,1,0.5876,8.6998,4,0,0.4651,0.7486,0.21,1,0,1
161.3,1,1,70.03,0,1.8302,0.0,4,0,0.4275,0.3391,0.0819,1,1,0
304.08,2,2,91.79,1,0.7068,0.0,4,0,0.4573,0.2564,0.1592,1,1,0
525.12,2,2,140.43,1,0.9225,0.0,2,1,0.7135,0.7284,0.1136,5,0,1
231.34,2,2,47.34,2,1.8394,0.0,8,1,0.3168,0.7015,0.0069,0,0,1
151.84,3,4,97.76,1,1.263,0.0,4,0,0.0882,0.4628,0.109,2,0,0
600.0,2,3,124.29,0,1.7945,12.2247,4,0,0.3794,0.762,0.057,2,0,1
144.86,2,5,112.89,0,0.8176,10.3037,1,0,0.228,0.4761,0.0963,1,0,0
600.0,7,2,111.55,1,0.6301,0.0,3,0,0.6183,0.4292,0.0714,3,1,1
299.34,6,3,118.37,1,1.2299,0.0,1,0,0.4835,0.4971,0.1077,1,1,1
99.73,1,2,30.35,0,0.9987,9.0168,2,0,0.6827,0.5506,0.1391,1,1,0
384.51,3,5,102.64,1,1.6132,0.0,3,0,0.3755,0.4318,0.0642,0,1,0
359.97,3,2,194.31,1,1.1419,0.0,8,1,0.6528,0.285,0.0474,4,1,1
279.15,2,2,44.57,2,0.7659,0.0,9,1,0.2955,0.4331,0.0609,1,0,0
185.67,3,3,81.08,2,1.5934,4.6606,6,0,0.6139,0.4109,0.1579,0,0,0
63.25,1,1,15.86,1,1.4289,0.0,5,1,0.3896,0.7709,0.0823,1,0,1
600.0,7,3,35.3,2,0.8679,0.0,7,0,0.6262,0.4006,0.1311,2,0,1
396.54,5,3,44.15,2,0.9797,0.0,5,0,0.3811,0.6206,0.0707,2,0,1
600.0,4,3,45.11,3,0.5978,0.0,5,0,0.7881,0.481,0.1295,4,0,1
174.53,5,4,160.16,0,1.3816,10.0546,5,0,0.3034,0.9216,0.1608,1,0,0
430.45,4,4,176.03,1,1.0055,0.0,3,1,0.4987,0.2844,0.1015,3,0,1
277.72,2,3,106.62,1,1.5104,7.8108,3,0,0.4653,0.755,0.0761,3,0,1
230.87,3,1,98.67,3,1.0228,12.8845,8,0,0.6474,0.5685,0.0942,0,0,0
98.16,0,0,84.45,1,0.9895,0.0,2,0,0.8679,0.5892,0.0581,0,0,1
34.54,0,5,188.76,0,2.3107,0.0,5,0,0.3485,0.2621,0.1343,1,0,1
175.85,1,4,89.88,0,1.2393,5.8042,4,1,0.7056,0.5218,0.1569,4,0,0
309.5,5,3,61.29,2,1.4942,0.0,6,0,0.5607,0.711,0.1282,2,0,1
64.56,2,1,28.95,0,1.0107,9.5203,7,0,0.2094,0.5301,0.123,0,1,0
188.61,3,5,128.3,1,0.885,4.8753,7,0,0.6388,0.458,0.145,1,0,1
511.92,10,4,179.79,1,1.3063,13.954,4,0,0.3553,0.6387,0.0899,1,1,1
315.5,7,2,193.21,1,1.0973,2.8666,9,0,0.6637,0.7411,0.1002,1,0,1
252.27,2,5,108.63,0,1.3282,2.8463,4,0,0.7615,0.3465,0.2636,1,0,0
140.23,2,4,54.82,2,2.1131,7.9309,4,0,0.4584,0.6362,0.0766,1,0,1
188.96,3,3,91.59,1,1.4443,0.0,3,0,0.8131,0.6061,0.1485,2,0,0
554.56,5,4,46.18,1,1.0742,0.0,5,1,0.5107,0.5329,0.0517,0,1,1
82.35,2,0,103.78,1,1.4373,0.0,6,0,0.4498,0.8321,0.0359,1,0,1
239.11,2,2,44.44,0,1.3983,0.0,4,0,0.164,0.7863,0.3752,0,1,0
411.65,2,2,96.01,1,0.7585,8.5912,4,0,0.4884,0.3697,0.0132,0,0,1
92.42,1,2,116.67,0,1.4159,0.0,3,0,0.1602,0.5055,0.1776,2,0,1
129.02,1,1,48.07,0,1.1132,5.9319,6,1,0.5405,0.6375,0.1608,1,0,1
242.34,5,7,169.18,2,2.0994,0.0,1,1,0.7114,0.4176,0.116,4,1,1
456.07,2,4,112.69,2,1.2979,0.0,7,1,0.5199,0.6598,0.0752,5,0,1
206.1,3,6,157.49,1,1.6545,11.9537,5,0,0.5172,0.4803,0.3386,1,0,1
208.22,2,5,34.66,3,1.2626,1.341,8,0,0.569,0.2276,0.2388,2,0,1
144.34,2,4,72.01,0,1.566,0.0,2,0,0.2842,0.4185,0.1175,3,1,0
328.35,9,5,132.82,0,1.1105,0.0,4,1,0.4524,0.5327,0.1452,2,1,1
102.42,2,1,42.46,1,1.397,0.0,8,0,0.5622,0.501,0.1049,2,0,0
401.16,3,6,179.31,2,1.0271,0.0,6,1,0.6285,0.4823,0.1378,3,1,1
154.08,3,3,77.98,2,1.7493,0.0,8,1,0.6959,0.575,0.0118,1,0,1
289.25,4,6,68.51,1,0.425,8.878,7,0,0.2344,0.1499,0.0974,2,0,1
423.92,5,6,78.14,1,1.9222,0.0,4,0,0.5531,0.6351,0.0843,1,0,1
376.17,2,2,174.51,1,1.1571,0.0,8,0,0.7792,0.3555,0.0913,0,0,1
447.44,6,5,80.69,0,0.7125,7.7173,2,0,0.2335,0.3579,0.0977,0,0,1
118.4,2,0,104.75,1,1.5361,0.0,6,0,0.655,0.5625,0.1202,0,0,0
82.59,2,3,125.55,2,3.3388,7.7794,3,0,0.4309,0.7816,0.0253,2,1,1
203.71,5,3,56.27,1,1.0563,4.6757,6,0,0.5786,0.4938,0.1344,3,1,1
238.78,3,4,118.04,1,0.5566,3.0053,6,0,0.17,0.5973,0.203,1,0,1
534.87,3,1,161.23,2,1.2718,0.0,5,1,0.2941,0.479,0.0873,1,0,0
600.0,5,2,27.14,2,1.1648,7.4382,6,0,0.2193,0.4791,0.1178,1,0,0
330.67,1,4,29.39,0,1.1442,0.0,3,1,0.3984,0.6131,0.107,1,0,0
520.14,3,3,196.19,0,0.9093,0.0,4,0,0.7033,0.5568,0.0616,4,1,0
251.52,3,0,52.4,1,0.7346,3.8543,7,1,0.3545,0.4186,0.207,1,0,1
183.61,1,0,38.29,1,1.5136,2.8013,3,1,0.3744,0.4688,0.3018,1,0,0
81.2,2,2,141.85,2,0.903,0.0,3,0,0.6758,0.3482,0.0698,2,0,1
320.13,4,7,155.63,1,0.5789,4.8178,3,1,0.2415,0.3015,0.0615,3,1,1
181.86,1,3,33.77,2,0.7803,0.0,3,0,0.1776,0.6582,0.0671,1,1,0
371.57,6,6,52.19,2,1.4484,0.0,7,0,0.6964,0.5433,0.1135,3,1,1
246.31,2,2,35.79,3,1.21,0.0,5,1,0.1763,0.3979,0.0876,1,0,1
246.79,2,2,27.79,0,1.8314,8.1969,2,1,0.6358,0.5129,0.0857,2,1,1
444.03,2,1,159.54,1,1.2863,0.0,3,0,0.376,0.45,0.1744,1,1,0
144.22,2,2,91.94,0,0.6342,0.0,1,0,0.5734,0.6943,0.1597,1,1,0
282.6,3,3,56.79,0,1.4478,0.0,5,0,0.4,0.3777,0.0455,1,1,0
175.8,1,2,29.44,2,1.2319,0.0,5,0,0.6236,0.6285,0.166,0,0,1
498.51,5,4,12.29,2,1.2707,0.0,4,1,0.0946,0.5868,0.1142,2,0,1
207.28,2,1,154.64,0,0.8,0.0,6,0,0.7418,0.329,0.2236,1,0,1
144.19,0,3,53.43,1,0.813,0.0,3,0,0.3119,0.362,0.1176,0,1,0
284.62,1,1,32.86,1,1.518,8.799,4,0,0.5202,0.5656,0.0055,1,1,1
329.55,5,5,187.46,2,1.5061,0.0,3,1,0.509,0.5255,0.0594,2,1,0
180.77,3,7,118.71,0,1.1108,8.1816,3,1,0.8564,0.6751,0.0358,0,0,0
122.24,2,4,165.19,1,1.1424,0.0,1,0,0.7837,0.3689,0.0989,0,0,0
600.0,1,2,84.15,3,1.0355,0.0,9,0,0.3553,0.3531,0.2026,2,1,1
177.63,2,2,81.29,1,0.9932,12.5402,4,0,0.6261,0.3185,0.0535,2,0,1
301.09,5,3,123.79,1,1.9029,0.0,6,0,0.822,0.609,0.027,1,0,1
359.22,6,0,69.33,0,1.7417,0.0,6,1,0.3491,0.5336,0.0062,0,1,1
310.88,5,4,42.67,0,0.7678,1.2404,4,0,0.1772,0.3502,0.2126,1,1,0
480.36,2,2,77.68,3,0.7908,0.0,6,0,0.421,0.4193,0.2907,2,0,0
351.23,5,4,153.07,1,1.232,12.9139,5,0,0.3521,0.4768,0.1534,5,0,1
335.4,3,1,168.15,0,1.5762,0.0,1,0,0.2399,0.1463,0.1928,1,1,0
441.86,5,2,88.08,2,1.4954,7.4478,4,0,0.058,0.5758,0.0939,0,0,1
521.2,4,4,79.64,3,1.1687,0.0,1,0,0.4143,0.446,0.1602,0,1,0
147.29,1,3,122.36,2,1.6718,12.3174,4,0,0.8661,0.5673,0.0467,3,0,1
152.7,1,0,138.64,0,1.7584,0.0,3,1,0.4533,0.321,0.0199,1,1,0
117.38,3,1,8.41,1,0.4199,3.3432,4,0,0.5621,0.3524,0.1153,0,0,0
345.86,1,4,117.66,0,1.8361,0.0,3,0,0.4112,0.5766,0.1292,0,1,0
132.38,3,2,231.58,2,2.1231,0.0,7,1,0.3145,0.6816,0.2163,1,1,1
236.7,1,1,36.55,1,2.9482,0.0,2,0,0.2013,0.4807,0.0711,0,1,0
191.0,5,6,71.08,2,1.7821,0.0,1,0,0.3205,0.778,0.2517,0,0,1
102.35,1,2,79.7,0,0.8155,0.0,2,0,0.3616,0.5196,0.0956,1,1,0
144.74,1,0,66.06,2,2.0789,10.1846,8,0,0.3194,0.6419,0.0681,1,0,1
231.18,4,1,112.07,0,0.9898,0.0,2,0,0.6832,0.7736,0.0282,1,0,0
261.64,1,0,148.64,2,0.6789,0.0,4,0,0.3765,0.2705,0.0886,1,0,0
304.8,4,4,33.51,2,0.9575,9.7103,1,0,0.7442,0.7095,0.2826,2,1,1
255.78,3,3,144.46,1,1.9648,0.0,8,1,0.7851,0.674,0.1185,2,0,1
228.74,1,2,90.45,1,2.336,0.0,6,0,0.0751,0.6891,0.0866,2,1,1
93.0,0,0,30.07,2,1.8784,8.7516,5,0,0.505,0.4823,0.1272,3,1,0
12.77,0,1,23.4,1,0.7643,0.0,5,0,0.3596,0.4869,0.03,0,0,0
416.78,4,3,180.52,0,2.2328,5.0034,5,0,0.7528,0.6496,0.1162,1,1,1
192.92,2,2,154.35,1,0.7709,8.9069,5,0,0.2485,0.7215,0.1831,2,1,0
233.22,5,1,21.39,0,2.1037,2.5375,7,0,0.5654,0.6177,0.1129,0,0,1
368.38,4,3,48.08,0,1.3661,0.0849,2,0,0.5896,0.1907,0.1886,1,1,1
296.34,2,2,96.43,0,1.5052,8.1507,1,1,0.6793,0.7105,0.0678,1,1,0
293.34,3,3,45.94,2,1.3457,3.2178,7,0,0.5721,0.4382,0.0702,2,0,1
133.37,2,0,173.93,0,0.8021,0.0,4,1,0.1877,0.3575,0.0549,3,0,0
190.45,3,3,115.96,1,1.2196,0.0,4,0,0.4994,0.3326,0.0462,2,0,1
110.22,0,2,9.03,2,2.7858,0.0,5,0,0.5017,0.5359,0.05,1,0,1
180.06,3,2,41.4,1,1.9723,9.2862,4,0,0.7823,0.6101,0.0218,1,0,1
433.51,5,2,131.76,3,1.5454,0.0,6,0,0.3087,0.3086,0.1532,1,1,0
404.09,5,4,202.14,2,1.3439,0.0,5,0,0.4135,0.6137,0.2083,0,1,1
175.42,1,4,38.89,1,0.6057,4.0359,4,0,0.6397,0.2129,0.0642,1,0,1
158.1,2,1,129.16,0,1.0908,0.0,5,0,0.5852,0.5544,0.1431,1,0,1
102.82,1,0,9.37,2,0.5911,0.0,7,1,0.4721,0.4486,0.1777,0,0,1
217.37,3,2,95.41,0,1.3181,0.0,7,1,0.5327,0.5638,0.1948,2,1,1
277.53,5,6,97.42,0,0.999,0.0,1,0,0.233,0.1542,0.0186,2,0,0
116.07,1,1,101.4,0,0.9363,0.0,1,0,0.2551,0.4833,0.1187,3,0,1
176.9,4,4,100.57,0,1.0005,8.3677,8,0,0.6613,0.3318,0.176,1,0,1
342.57,1,2,112.82,1,1.0964,4.574,7,0,0.5729,0.3296,0.2616,1,0,1
153.01,1,4,106.09,1,1.7306,0.0,7,0,0.2218,0.4489,0.1421,2,1,1
346.47,3,2,58.99,0,1.0885,0.0,4,0,0.5825,0.5576,0.0942,2,0,1
198.73,3,0,15.69,1,1.3853,0.0,3,1,0.3796,0.6791,0.0205,1,0,0
91.77,1,0,137.71,1,0.6535,0.0,5,0,0.3242,0.304,0.0612,0,1,0
290.41,1,2,80.79,2,1.552,6.3611,2,0,0.5624,0.424,0.2926,4,0,0
323.16,2,4,20.15,1,1.5454,3.3115,4,0,0.4906,0.5337,0.0909,1,0,1
386.25,5,4,91.61,1,1.1962,9.9799,7,0,0.6398,0.4557,0.0542,1,0,1
422.76,3,3,147.64,1,0.9368,0.0,5,0,0.7592,0.2931,0.1616,2,0,1
283.89,1,0,110.89,2,1.5168,0.0,7,0,0.2259,0.482,0.0509,1,1,1
382.51,1,0,96.33,1,1.2054,0.0,5,0,0.1094,0.5467,0.0634,1,1,1
342.2,2,4,74.85,3,1.3278,5.6446,8,1,0.493,0.6443,0.2004,0,0,1
279.43,5,3,85.36,2,1.5683,0.0,1,0,0.2004,0.7709,0.213,2,0,1
362.23,5,2,134.63,0,0.9882,3.4125,4,0,0.5846,0.3832,0.188,3,0,1
138.0,1,0,41.74,1,0.807,13.0802,1,0,0.0617,0.5772,0.0707,1,1,0
253.23,3,2,59.61,3,0.9547,9.309,1,0,0.2401,0.6613,0.1116,1,1,0
463.07,4,3,161.76,1,0.5877,0.0,7,0,0.0673,0.4778,0.0596,0,1,0
335.52,3,2,60.09,1,1.4255,8.0725,3,0,0.1732,0.4953,0.2243,1,0,1
247.37,1,2,2.98,2,1.7361,0.0,10,1,0.8103,0.2758,0.2057,0,1,0
130.89,1,2,29.47,0,1.2546,0.0,2,1,0.2952,0.4381,0.0954,0,1,0
437.53,1,4,143.37,0,1.1617,2.8449,7,0,0.5245,0.2513,0.1144,2,0,1
260.31,4,1,22.18,2,1.4091,4.114,7,0,0.2331,0.6674,0.0602,0,1,0
141.74,2,1,57.37,1,1.562,0.0,4,0,0.327,0.4204,0.1361,0,1,0
146.18,1,1,161.77,2,0.6522,0.0,6,1,0.6823,0.1374,0.256,3,0,1
591.11,8,4,138.31,1,1.0214,0.0,4,0,0.925,0.4666,0.0883,1,0,1
138.41,4,5,28.15,2,1.8345,0.0,1,1,0.6714,0.5566,0.1465,2,0,1
600.0,2,4,221.7,0,0.6384,12.9602,8,1,0.8814,0.5302,0.0277,2,0,1
375.41,2,3,155.26,2,0.9632,7.307,6,1,0.7267,0.4275,0.0382,2,0,1
167.73,1,1,68.5,3,2.1787,0.0,4,1,0.3047,0.7963,0.0513,1,0,1
361.74,2,4,97.81,1,2.2382,0.0,1,1,0.7888,0.4573,0.0749,0,0,1
351.78,4,3,36.0,1,1.1804,0.0,5,0,0.3213,0.6196,0.1966,2,1,1
160.29,2,2,104.55,0,1.7923,0.0,2,0,0.1481,0.33,0.0789,0,1,0
175.07,3,4,45.31,0,2.2636,0.0,9,0,0.7705,0.7114,0.1513,1,0,1
208.58,1,0,6.12,1,0.7766,12.2587,4,1,0.5504,0.3242,0.1471,0,0,0
256.2,3,5,60.13,1,1.0144,0.0,7,0,0.5532,0.5743,0.0335,1,0,1
414.49,3,1,108.5,1,1.6188,0.0,5,0,0.3139,0.7524,0.1179,2,0,1
439.81,8,2,88.46,0,1.0057,0.0,2,1,0.348,0.6966,0.0814,2,0,0
427.27,4,5,51.38,1,1.0282,0.0,3,0,0.5547,0.7333,0.0399,2,0,1
244.62,1,1,42.4,2,1.8446,0.0,4,0,0.5313,0.3225,0.1556,1,0,0
433.27,2,2,108.39,3,0.454,0.0,4,1,0.7259,0.1377,0.1897,1,1,0
328.78,7,3,121.25,0,1.376,0.0,2,0,0.3813,0.5674,0.016,1,1,1
203.77,4,0,12.61,1,4.0,10.3738,6,0,0.5464,0.6544,0.0346,1,0,1
170.8,2,2,150.32,2,2.1805,0.0,2,1,0.6853,0.7472,0.0803,2,0,0
381.82,2,3,73.82,2,1.7803,0.0,5,1,0.682,0.3888,0.1063,2,0,1
443.97,5,4,111.72,1,1.0764,0.0,8,1,0.4606,0.5267,0.0422,3,1,1
296.21,3,4,30.39,0,1.4038,0.0,3,0,0.3982,0.5506,0.0566,5,0,0
318.64,4,1,73.35,1,0.6726,7.1933,3,0,0.6425,0.542,0.0494,1,0,0
307.03,5,3,81.51,0,1.5792,0.0,3,1,0.7044,0.6237,0.0321,5,1,0
340.73,2,5,102.49,1,0.823,7.4201,2,0,0.6356,0.2182,0.188,2,0,0
130.78,2,3,24.5,0,2.0808,11.4454,4,0,0.3525,0.3816,0.0437,3,0,1
449.2,6,5,247.98,0,1.0663,3.4341,5,1,0.5521,0.5896,0.1046,2,1,1
183.53,3,0,99.52,1,1.8127,0.0,3,1,0.5221,0.574,0.2963,1,0,0
153.69,2,3,128.26,2,0.9788,6.7225,9,0,0.3106,0.3068,0.0965,0,1,0
341.76,3,1,75.36,1,0.683,8.3323,9,0,0.6734,0.4657,0.0961,1,0,0
104.05,2,2,112.8,1,1.1522,0.0,2,0,0.8386,0.5037,0.0862,3,0,1
322.6,6,3,160.77,0,0.8619,0.0,3,0,0.6241,0.1608,0.0223,2,0,1
255.97,2,1,161.58,1,1.71,0.0,5,0,0.4714,0.5126,0.0485,0,0,1
106.36,1,1,157.62,0,1.6774,0.0,8,0,0.6921,0.5188,0.1866,4,0,1
487.78,4,4,88.37,1,0.8693,9.996,5,0,0.4528,0.5266,0.1605,1,0,1
223.02,4,1,110.24,2,1.1257,0.0,6,0,0.8073,0.4841,0.29,2,1,1
242.7,3,5,228.97,2,1.6246,10.1305,6,1,0.4063,0.7348,0.1502,1,0,1
185.07,5,4,105.22,1,1.3537,0.0,4,0,0.4055,0.4877,0.1001,3,1,1
172.83,3,0,98.34,0,1.5918,0.0,1,0,0.6767,0.7455,0.1558,2,0,1
327.55,3,5,142.98,0,3.3797,0.0,4,1,0.4154,0.6796,0.2102,1,0,1
374.38,5,2,80.9,2,0.7376,12.6072,8,1,0.7986,0.2986,0.1846,1,0,1
230.16,2,0,17.86,0,2.2784,6.1662,1,0,0.565,0.5265,0.1032,1,0,1
107.9,3,0,176.23,3,1.3855,10.2528,5,0,0.2496,0.6681,0.1388,2,0,1
452.3,1,3,158.8,4,1.3991,0.0,7,0,0.5662,0.3318,0.1876,3,0,1
408.29,6,4,155.46,1,0.4962,6.3924,7,0,0.3314,0.4201,0.2706,0,0,1
150.55,4,3,166.58,1,1.0558,0.0,3,0,0.8404,0.7714,0.0876,0,1,1
172.51,1,7,22.2,3,1.5358,0.0,10,0,0.597,0.5324,0.118,2,0,0
453.72,3,4,48.22,1,1.6442,0.0,5,1,0.4813,0.3827,0.1256,5,0,0
286.49,1,1,136.34,0,0.9421,0.0,3,0,0.7543,0.4887,0.0388,0,1,0
498.09,6,4,52.5,0,2.1754,0.0,1,1,0.363,0.7208,0.151,2,0,1
297.52,3,2,100.56,2,0.6147,0.0,6,0,0.6781,0.3616,0.1202,2,1,0
346.87,3,4,94.17,3,0.7295,12.4911,9,0,0.5843,0.2161,0.1895,2,1,1
440.72,3,1,63.63,0,1.7523,2.8547,5,1,0.6414,0.2187,0.0483,3,0,1
205.0,1,2,198.19,1,1.1427,8.526,6,0,0.4987,0.6484,0.0948,0,0,1
137.59,0,3,103.88,0,0.8956,0.0,1,0,0.7113,0.5154,0.2408,2,1,0
194.91,4,2,82.64,0,1.2051,0.0,2,1,0.5422,0.6451,0.0458,1,0,1
273.67,2,0,30.36,1,2.0115,0.0,7,0,0.7308,0.6831,0.2464,0,0,0
600.0,3,2,193.24,1,1.1595,0.0,3,1,0.064,0.615,0.028,1,1,0
319.04,2,2,33.48,2,1.4817,0.0,3,1,0.6425,0.3702,0.0412,1,1,0
96.87,0,0,11.38,1,0.8488,0.0,4,0,0.3722,0.7213,0.1349,0,1,1
151.0,2,0,60.53,0,0.686,0.0,5,1,0.4379,0.1415,0.0046,0,0,1
430.66,3,1,138.06,3,1.043,8.8297,6,0,0.6205,0.4066,0.1301,2,0,0
166.3,1,3,61.97,1,1.0248,0.0,7,0,0.3192,0.5432,0.0214,5,1,0
123.22,3,2,55.08,0,0.9064,0.0,2,0,0.6846,0.1295,0.2646,1,1,0
228.28,3,3,55.19,2,0.8653,0.0,4,0,0.4183,0.4255,0.0687,0,1,0
447.56,5,1,88.04,1,0.734,7.0508,2,1,0.1711,0.3981,0.0645,0,1,0
169.03,3,3,65.34,1,1.6123,0.0,8,1,0.4246,0.2614,0.234,3,0,0
189.38,1,3,136.03,1,0.7809,10.541,4,1,0.2935,0.379,0.1787,0,0,0
170.17,3,1,151.35,0,0.5392,0.0,3,0,0.2742,0.4539,0.2707,0,1,0
329.35,2,1,29.81,2,1.5684,0.0,10,0,0.1454,0.6386,0.1398,0,0,0
310.61,2,3,79.86,1,0.8598,7.5204,7,0,0.4546,0.4422,0.1065,1,0,1
188.49,4,3,128.17,3,0.8718,0.0,4,0,0.928,0.2828,0.2106,2,0,1
297.62,2,4,175.35,0,0.7469,8.9505,3,0,0.6851,0.3476,0.2627,1,1,0
145.3,2,1,22.25,0,1.6219,0.0,6,1,0.3517,0.3084,0.1703,0,1,0
326.37,5,5,121.41,0,1.6752,0.0,1,1,0.6559,0.4741,0.0316,3,1,1
457.22,1,2,97.23,0,1.0576,0.0,1,0,0.387,0.4296,0.2084,2,0,1
357.46,5,4,69.18,0,1.0108,0.0,6,0,0.435,0.5746,0.237,2,0,1
176.28,2,3,108.73,1,1.619,4.038,9,0,0.8465,0.5082,0.0614,4,0,1
246.91,3,0,86.65,0,1.1202,9.8986,5,0,0.5824,0.5262,0.1063,1,1,0
172.07,2,2,58.03,1,0.5665,2.998,7,1,0.7165,0.7124,0.0873,2,0,1
170.82,2,0,68.73,0,0.8848,0.0,3,0,0.3921,0.434,0.1454,0,1,0
392.93,2,1,167.87,3,0.887,0.0,8,0,0.133,0.3747,0.1057,2,1,0
392.09,5,2,111.86,1,1.2568,0.0,6,0,0.4329,0.7161,0.1088,1,0,1
325.16,3,4,181.82,2,0.7288,0.0,8,1,0.5694,0.3023,0.0207,1,1,0
307.82,1,3,102.5,0,0.9964,0.0,5,0,0.4948,0.5621,0.041,1,0,1
566.83,2,3,144.22,3,1.1833,0.0,1,0,0.5939,0.7136,0.1906,3,0,1
477.1,4,4,66.18,0,1.3344,6.7362,2,0,0.3129,0.7801,0.1814,4,0,1
372.69,0,3,50.45,3,1.1639,0.0,5,1,0.6338,0.3697,0.0468,2,1,0
594.23,6,2,157.22,1,0.8378,0.0,3,0,0.3834,0.2697,0.1438,1,0,1
148.96,3,4,98.1,1,1.3807,0.0,4,1,0.505,0.3161,0.1166,3,1,0
406.3,1,3,112.53,1,0.9288,7.9702,5,1,0.4483,0.7168,0.1689,2,0,0
162.47,1,2,64.68,0,1.4927,12.4035,4,0,0.3518,0.6114,0.2195,1,1,0
229.17,2,2,10.3,0,1.0952,7.1618,3,0,0.1825,0.5012,0.0185,0,0,1
281.66,3,2,87.49,1,1.6918,0.0,7,1,0.5575,0.2429,0.2223,0,1,1
414.8,6,2,103.47,0,1.159,5.9775,7,1,0.3943,0.3317,0.1153,1,0,1
107.83,1,0,51.78,0,1.9072,0.0,5,0,0.5705,0.7232,0.2055,0,1,1
145.12,2,2,165.88,1,0.9346,0.0,5,1,0.2454,0.6967,0.0736,1,0,1
122.61,3,3,67.6,1,1.0052,3.1735,2,0,0.5803,0.559,0.2027,1,0,1
199.34,3,3,109.95,0,3.8726,0.0,3,1,0.254,0.6188,0.2485,1,0,1
219.72,4,2,37.43,1,1.7903,0.0,5,1,0.7343,0.2654,0.1516,1,0,1
95.22,1,1,64.32,1,1.7089,2.9115,4,1,0.5839,0.4627,0.0707,0,0,1
350.0,7,2,85.74,0,1.713,6.7626,6,1,0.506,0.5746,0.0911,2,0,1
296.99,5,4,86.45,0,1.3641,0.0,1,0,0.7296,0.6198,0.0694,5,1,0
241.47,4,4,47.79,0,0.7099,0.0,1,0,0.1038,0.286,0.0831,3,1,0
535.78,5,2,56.5,1,0.7047,0.0,9,0,0.3046,0.3864,0.0053,1,0,1
71.53,1,0,22.26,1,1.3882,0.0,2,0,0.2124,0.2653,0.1482,0,1,0
199.25,0,3,50.2,2,0.798,7.858,5,1,0.3339,0.3387,0.1839,0,1,0
356.88,3,3,150.38,2,1.2939,0.0,8,0,0.2915,0.2732,0.0241,1,0,0
109.03,2,0,98.0,1,1.6507,0.0,3,0,0.2783,0.6469,0.1628,1,1,0
162.46,3,1,39.68,1,1.9946,0.0,3,0,0.4828,0.5042,0.0352,2,0,0
203.18,4,3,18.82,2,1.1911,1.2274,4,0,0.6968,0.4362,0.0522,1,0,0
120.05,1,1,187.33,1,1.7519,0.0,6,0,0.8062,0.5882,0.0083,1,1,1
244.42,1,3,112.96,0,0.8264,0.0,3,0,0.288,0.3439,0.0388,1,1,0
133.39,2,2,124.5,1,1.1116,4.6711,10,0,0.2954,0.8656,0.1377,0,0,1
210.14,0,2,53.19,2,1.6841,0.0,8,0,0.3739,0.2956,0.0792,0,0,0
600.0,4,4,139.8,1,1.517,0.0,7,0,0.8563,0.697,0.1472,0,1,1
91.2,0,0,47.18,3,1.0794,0.0,10,0,0.6028,0.6299,0.0674,2,1,0
324.18,0,2,111.97,1,0.7506,12.8679,1,0,0.1587,0.2703,0.0711,1,0,1
376.26,5,2,76.2,0,0.9276,0.0,7,0,0.2808,0.3319,0.1096,1,1,0
356.96,3,4,153.93,0,2.304,0.0,7,0,0.4806,0.6463,0.1757,2,1,1
140.39,2,3,33.47,0,0.758,0.0,4,0,0.3889,0.4016,0.2875,1,1,1
120.33,2,4,96.1,0,1.1999,0.0,6,0,0.4804,0.4052,0.1401,1,0,1
365.63,1,3,56.94,1,0.586,0.0,3,0,0.4068,0.3528,0.147,1,0,1
338.0,3,3,171.9,3,1.9235,7.0946,5,1,0.3666,0.6681,0.1867,2,0,1
360.98,3,1,170.84,2,2.4459,12.3255,3,1,0.6761,0.4613,0.0922,4,0,0
600.0,3,7,63.16,3,0.9099,0.0,8,0,0.5095,0.2996,0.1019,3,0,1
560.51,1,1,53.24,1,0.8756,0.0,3,1,0.3255,0.3223,0.1331,0,0,1
485.63,4,3,181.41,0,1.2111,5.3384,6,0,0.8251,0.6387,0.1588,0,0,1
156.87,1,1,42.78,0,1.2944,0.0,2,0,0.4295,0.6181,0.0804,0,1,0
454.26,4,4,91.46,2,1.2761,0.0,4,0,0.6869,0.4795,0.2147,2,1,0
356.94,0,2,76.69,2,0.5665,4.5159,5,0,0.6369,0.2529,0.1737,1,0,1
103.79,2,2,18.93,0,1.8112,0.0,4,1,0.4849,0.3157,0.0109,1,0,0
318.93,7,3,94.78,0,1.569,7.6797,5,0,0.348,0.9039,0.131,0,0,1
388.27,3,5,170.02,1,1.3623,8.3558,5,0,0.1792,0.3769,0.0479,0,0,1
243.7,6,7,151.27,1,1.0085,0.0,3,0,0.359,0.7724,0.2855,3,0,1
575.04,5,4,195.82,0,1.8223,3.4686,5,0,0.7031,0.6984,0.0844,1,0,1
400.22,4,3,179.45,0,1.5555,4.1594,1,0,0.3303,0.4751,0.1173,4,0,1
73.74,1,4,75.83,1,1.0122,0.0,2,0,0.522,0.442,0.0515,1,0,1
135.67,0,0,75.37,0,0.3852,5.4433,5,0,0.478,0.3173,0.052,1,0,0
84.3,1,1,79.03,0,0.926,7.298,3,0,0.0664,0.4948,0.072,0,1,0
277.72,3,2,25.46,1,0.9808,3.7143,6,1,0.4083,0.4986,0.2633,0,1,0
349.27,4,4,67.55,4,1.9263,2.6705,9,1,0.3074,0.3206,0.0192,2,0,1
594.46,3,6,93.64,0,1.2474,0.0,1,0,0.558,0.3546,0.2154,2,0,1
346.72,2,2,235.59,1,1.2908,0.0,5,0,0.2021,0.456,0.2794,1,0,1
292.64,3,0,16.61,1,1.459,0.0,1,0,0.895,0.6669,0.0599,0,0,0
301.3,3,2,77.01,2,1.3183,0.0,7,1,0.7913,0.5857,0.0673,1,0,0
363.74,3,3,97.27,0,1.2071,0.0,10,0,0.747,0.3547,0.2126,3,0,0
235.5,3,3,60.08,0,2.3539,0.0,1,0,0.4337,0.4036,0.0441,1,0,1
217.8,3,5,82.99,1,1.2294,0.0,2,0,0.6889,0.5318,0.0912,5,1,1
142.1,3,5,88.76,0,1.537,7.4324,2,0,0.6518,0.6413,0.1546,5,0,1
194.8,1,4,97.77,0,1.3878,5.1452,6,0,0.5978,0.6882,0.0653,1,0,0
456.18,4,3,163.76,2,1.1577,0.0,5,0,0.7049,0.4587,0.0582,1,1,0
459.93,5,7,143.7,4,0.4254,0.0,9,0,0.5561,0.3496,0.0411,4,0,1
325.58,2,1,54.91,5,1.8938,0.0,6,0,0.4492,0.8856,0.1054,0,0,0
90.19,1,2,13.9,0,0.6017,0.0,2,1,0.4087,0.5202,0.1842,0,0,0
259.46,1,2,55.24,1,1.1026,11.0253,6,0,0.5149,0.3812,0.1932,1,0,1
537.36,3,2,171.39,0,1.6054,0.0,4,0,0.3585,0.5958,0.2659,1,0,1
332.12,2,5,114.7,1,1.5992,0.0,4,0,0.7927,0.3275,0.0331,2,0,1
49.61,0,4,129.41,0,1.2613,7.6362,4,0,0.4726,0.5096,0.1581,0,0,1
234.38,1,2,10.67,0,1.4193,0.0,2,0,0.5512,0.3123,0.1396,0,1,1
37.4,1,0,16.61,1,1.4466,0.0,4,1,0.7731,0.5226,0.0172,0,0,1
517.88,6,2,159.99,2,0.7672,6.223,5,0,0.5616,0.6266,0.2564,0,0,1
250.44,1,2,43.64,0,0.929,0.0,3,0,0.1533,0.6091,0.2769,0,0,1
411.44,4,4,129.26,1,2.6814,0.0,6,0,0.3598,0.6248,0.1929,4,0,1
343.59,4,1,22.23,0,1.5948,0.0,9,1,0.4539,0.2846,0.0822,3,0,1
130.67,1,1,71.46,2,1.2469,0.0,4,0,0.7797,0.3783,0.0163,3,1,1
172.83,1,0,46.37,0,1.1047,0.0,3,1,0.4387,0.66,0.1059,0,0,0
166.2,4,3,128.02,0,1.3295,7.5525,4,0,0.6057,0.3107,0.1405,3,0,1
150.53,2,2,124.08,1,1.2954,0.0,3,0,0.2864,0.3958,0.166,3,0,0
265.98,7,4,147.58,1,1.1593,5.7206,2,1,0.4237,0.6691,0.1218,3,0,1
129.68,2,2,116.19,0,0.9392,2.099,3,0,0.2708,0.6318,0.1028,2,0,0
125.86,1,0,97.01,0,1.5368,0.0,1,0,0.3328,0.4176,0.1398,0,0,1
275.2,2,1,89.21,0,0.9299,0.0,5,0,0.3214,0.3088,0.0956,1,0,0
446.95,0,3,42.1,0,2.1554,5.1087,5,0,0.394,0.2761,0.0652,0,1,1
267.45,4,3,30.47,1,1.0285,0.0,3,0,0.5917,0.5379,0.2404,3,0,1
212.59,3,4,154.7,0,1.4152,0.0,1,0,0.2755,0.3188,0.0677,1,1,1
148.96,1,0,101.74,0,1.0565,0.0,2,1,0.1864,0.3865,0.2007,2,1,1
279.95,1,3,47.01,2,0.788,0.0,4,1,0.4201,0.2716,0.105,3,1,0
77.37,1,3,73.95,2,1.3491,0.0,3,0,0.6948,0.4352,0.1318,3,1,0
89.4,1,0,22.36,2,1.1296,0.0,9,0,0.6054,0.1206,0.2014,0,1,1
256.5,2,0,49.12,1,1.3608,11.1669,6,0,0.453,0.3965,0.0173,0,1,1
434.25,2,2,124.63,3,0.7453,0.0,8,1,0.3061,0.3616,0.1571,1,0,0
362.52,3,3,179.59,1,1.3149,8.8704,3,0,0.3238,0.6885,0.0225,1,0,1
145.55,1,5,22.57,1,1.8223,11.2659,3,0,0.7176,0.528,0.18,3,1,0
319.78,5,4,99.88,0,0.8807,0.0,3,0,0.7665,0.3996,0.1873,3,1,0
420.4,6,2,47.77,0,1.4652,0.0,3,0,0.2574,0.5742,0.1413,1,0,1
316.2,5,3,114.4,0,1.1679,0.0,5,0,0.4613,0.629,0.1371,1,1,1
322.45,3,0,41.34,2,0.8319,4.7564,5,1,0.6452,0.6737,0.0914,2,0,1
366.7,5,2,87.89,2,1.6638,0.0,7,1,0.7022,0.4838,0.1286,1,0,1
580.44,4,1,37.68,3,0.8795,0.0,6,0,0.2769,0.1758,0.0475,1,0,1
198.04,1,0,17.99,0,0.7514,8.3391,6,1,0.5523,0.3637,0.182,0,0,1
566.48,4,2,94.42,1,1.9848,0.0,9,0,0.461,0.6694,0.1328,0,1,1
275.65,4,3,185.31,1,1.2239,7.786,5,0,0.547,0.3591,0.141,2,0,1
138.93,2,5,111.05,0,0.7681,0.0,2,0,0.6357,0.3709,0.2658,5,0,1
278.82,3,4,56.58,1,1.6868,0.0,3,0,0.915,0.5078,0.1082,2,1,0
510.54,6,2,195.18,1,2.0782,0.0,2,0,0.7473,0.7406,0.0692,1,1,1
207.54,5,4,162.66,2,1.5894,0.0,3,1,0.7632,0.5826,0.1199,1,0,1
83.51,0,2,149.87,4,0.9472,6.0356,7,0,0.5476,0.502,0.127,1,1,0
196.37,3,2,79.6,1,4.0,0.0,9,0,0.6286,0.3235,0.0462,1,0,1
417.81,3,3,34.32,1,0.788,0.0,4,0,0.6162,0.2704,0.1276,3,1,1
219.77,2,3,108.31,0,1.2548,9.996,3,1,0.3906,0.347,0.07,1,1,0
139.38,3,3,38.9,2,1.6213,2.5226,7,0,0.5609,0.3954,0.0079,0,1,1
278.34,4,2,131.64,2,2.3306,0.0,6,1,0.4402,0.6413,0.0157,1,1,0
337.05,8,1,80.7,1,1.1246,9.6351,5,0,0.3793,0.8654,0.0794,1,1,1
323.12,5,2,23.51,0,0.9981,4.8315,4,0,0.1386,0.3613,0.041,2,0,0
600.0,3,3,164.64,1,2.3773,9.5382,6,0,0.7273,0.6514,0.1002,2,1,1
217.55,3,2,173.84,0,1.5186,7.5669,2,0,0.9058,0.5533,0.1477,2,0,1
347.25,8,4,88.62,0,2.392,11.4734,6,1,0.2543,0.8053,0.1558,1,1,1
180.57,1,2,7.7,2,2.1244,0.0,1,1,0.5009,0.5082,0.151,1,0,0
288.14,1,0,67.17,2,0.8919,8.2293,3,0,0.4142,0.2226,0.0496,1,0,0
119.39,0,1,139.06,0,2.7551,7.0068,3,1,0.2642,0.5118,0.1167,1,0,1
336.23,1,0,1.97,3,1.4372,0.0,5,1,0.4516,0.3413,0.1303,0,0,1
278.93,2,6,163.03,0,1.8874,4.0667,3,0,0.2041,0.2018,0.1097,0,0,1
274.45,4,1,50.42,1,1.4212,0.0,6,1,0.1789,0.567,0.095,0,0,1
239.94,1,1,169.33,0,0.8502,4.3274,3,0,0.713,0.3816,0.0463,1,1,0
321.25,3,2,116.77,1,0.8385,8.0146,4,0,0.5833,0.5022,0.09,1,0,1
268.87,4,3,65.82,5,2.1212,0.0,4,0,0.6316,0.7656,0.1872,3,0,1
273.77,5,3,45.9,1,1.2433,0.0,5,0,0.4705,0.489,0.0633,3,1,0
219.18,3,4,117.54,1,0.5319,8.0527,6,0,0.4564,0.4895,0.022,0,0,1
536.8,5,0,56.5,0,1.8002,0.0,8,0,0.2264,0.7975,0.0605,0,0,0
130.85,2,1,114.23,1,1.4836,6.4477,2,0,0.1229,0.5602,0.0423,2,1,1
104.62,1,0,26.63,0,1.188,3.3556,2,0,0.4087,0.5273,0.1011,1,0,0
240.3,2,4,127.78,1,2.0954,4.8629,3,0,0.5752,0.2532,0.2182,0,1,1
234.56,2,4,57.35,0,0.5559,5.025,2,0,0.7172,0.3447,0.1227,4,0,0
160.95,1,7,112.31,0,1.8275,12.442,1,1,0.6443,0.6412,0.1818,4,1,1
398.74,0,4,32.74,2,1.6912,0.0,4,1,0.3762,0.5259,0.1251,3,1,0
40.12,0,2,4.88,2,2.2242,3.7013,7,0,0.1656,0.6485,0.0127,2,0,1
187.78,2,1,19.74,2,1.8732,0.0,6,0,0.1074,0.511,0.0079,0,0,0
293.22,5,2,177.08,0,1.8625,0.0,3,0,0.433,0.5413,0.1806,1,0,0
150.5,2,2,64.14,3,0.6924,0.0,3,0,0.5757,0.5989,0.1517,3,1,0
165.34,0,2,201.4,1,1.623,0.0,5,0,0.369,0.442,0.0795,1,1,1
318.12,6,2,47.25,0,1.1795,7.5608,3,0,0.574,0.4704,0.072,2,0,0
328.82,4,3,74.62,1,1.1385,0.0,5,0,0.6339,0.4514,0.073,3,0,1
328.82,1,1,100.16,0,2.249,0.0,4,0,0.4037,0.5724,0.0793,2,1,1
208.56,6,3,23.56,1,0.8356,4.6376,10,0,0.3043,0.1898,0.177,2,1,0
255.13,1,5,137.78,1,1.6082,2.199,1,0,0.5357,0.4481,0.1751,1,1,0
378.93,3,1,111.43,1,2.1775,12.1825,5,0,0.2395,0.2488,0.097,0,0,1
225.09,3,3,123.32,4,1.5481,0.0,3,0,0.7887,0.3121,0.1151,0,0,0
265.71,4,4,185.39,0,1.0272,0.0,1,1,0.5053,0.3748,0.2494,4,0,1
380.68,3,1,55.45,0,1.459,13.1556,3,1,0.5875,0.6275,0.1015,0,0,1
600.0,2,5,90.2,0,0.9101,0.0,3,0,0.3096,0.2779,0.0568,1,1,0
115.84,3,4,116.27,2,1.6799,0.0,10,0,0.0886,0.5188,0.0415,1,0,0
366.71,5,5,92.39,2,3.3292,13.0494,7,0,0.5609,0.7493,0.0372,2,1,1
327.25,3,5,87.54,2,1.088,3.4565,3,0,0.4691,0.5717,0.0279,0,0,0
217.13,6,3,81.89,1,2.3255,0.0,4,0,0.5371,0.4719,0.2985,3,0,1
398.0,2,4,83.82,0,1.6867,9.357,6,0,0.7537,0.7101,0.1097,1,0,1
392.24,2,4,62.34,3,1.1585,0.0,5,1,0.2834,0.5393,0.1062,1,0,0
104.78,3,3,51.18,1,0.865,0.0,2,0,0.3609,0.5274,0.2952,1,0,0
456.49,3,4,32.07,3,1.354,7.8038,1,1,0.3117,0.7151,0.0754,1,0,1
571.43,4,1,114.93,1,2.3988,0.0,2,0,0.4792,0.3862,0.2655,0,0,1
287.95,4,4,102.24,0,2.8319,1.7622,4,0,0.6019,0.5484,0.1015,0,1,1
480.95,5,5,102.71,1,0.934,0.0,5,0,0.263,0.5764,0.1366,3,0,1
428.11,4,3,143.24,0,0.8234,0.0,3,0,0.4405,0.5051,0.0132,1,1,0
182.44,1,2,35.57,2,0.4201,0.0,6,0,0.4039,0.2929,0.1074,1,0,1
418.01,2,4,109.99,0,1.0819,7.3838,4,0,0.6789,0.5158,0.2006,1,0,1
262.75,3,2,88.86,2,1.0408,0.0,10,0,0.3231,0.5586,0.2822,1,1,1
444.07,3,1,18.78,0,0.8816,0.0,2,0,0.27,0.5218,0.0472,1,0,1
409.53,5,4,86.8,0,1.4791,5.8179,2,0,0.3956,0.2735,0.0247,0,0,1
422.33,1,1,43.04,3,1.0686,0.0,8,0,0.0771,0.5128,0.1221,0,0,0
112.02,0,0,121.68,1,0.8568,0.0,3,0,0.3305,0.5159,0.1785,1,1,0
136.82,3,2,35.97,2,2.3594,0.0,8,0,0.5377,0.6032,0.2752,0,0,1
600.0,2,1,88.25,1,1.5835,0.0,9,0,0.4865,0.579,0.1916,3,0,1
287.69,4,3,75.2,2,2.2686,0.0,2,1,0.2754,0.5729,0.1666,0,1,1
426.86,5,4,200.0,1,1.1557,0.0,2,0,0.582,0.3367,0.2099,1,0,1
194.48,2,2,15.82,0,1.3527,0.0,3,0,0.4988,0.3249,0.1365,2,0,1
198.61,3,5,58.73,2,1.1245,0.0,5,0,0.2168,0.5268,0.2689,3,1,0
195.6,1,3,64.58,0,1.2318,7.4411,4,0,0.4123,0.6087,0.0242,0,0,0
331.61,1,1,130.09,0,1.7084,13.174,2,0,0.3911,0.5584,0.1551,0,0,1
271.92,2,1,100.43,0,2.3405,0.0,5,1,0.3346,0.5078,0.0654,0,0,0
360.48,4,3,142.47,0,0.7422,7.6691,2,0,0.4361,0.3793,0.0386,1,1,0
600.0,5,3,110.1,1,1.9774,0.0,8,0,0.3989,0.2906,0.0441,1,1,1
264.25,1,3,63.28,0,1.7051,0.0,2,0,0.4552,0.3558,0.207,1,0,0
467.13,3,1,83.89,0,1.8407,0.0,5,0,0.2955,0.5184,0.1127,3,1,1
193.9,2,2,68.54,0,0.8272,0.0,5,0,0.4704,0.7214,0.0614,0,0,1
321.79,2,2,88.8,0,1.1619,0.0,7,0,0.7482,0.5319,0.2126,1,0,1
338.91,4,1,63.63,0,1.7268,0.0,1,0,0.5543,0.5802,0.0359,1,1,1
284.5,8,4,219.56,0,1.1554,0.0,4,0,0.4814,0.6637,0.0978,1,0,1
360.25,5,0,165.94,4,1.4343,0.0,4,0,0.5856,0.2241,0.155,0,0,1
210.25,1,3,149.04,1,1.4755,6.4642,6,0,0.4245,0.7203,0.025,1,1,0
314.07,2,4,163.45,2,1.6844,0.0,6,0,0.2991,0.4019,0.1474,3,0,1
442.44,2,2,119.02,0,1.1378,11.3212,3,0,0.2534,0.4209,0.322,2,0,0
175.72,3,3,145.81,0,0.7889,0.0,5,1,0.5832,0.4375,0.1664,0,0,0
261.74,1,2,138.24,3,0.8645,3.501,6,0,0.8038,0.4687,0.0456,1,0,1
75.62,1,2,142.32,1,1.2904,0.0,5,0,0.3018,0.5686,0.1636,0,0,1
227.4,5,2,69.59,0,1.3857,0.0,3,0,0.7037,0.527,0.1143,3,1,1
71.68,1,1,162.75,0,1.5051,0.0,1,0,0.6388,0.3286,0.0304,0,1,0
345.95,3,4,111.42,2,1.3536,4.6968,3,0,0.8479,0.5612,0.0511,0,0,1
319.3,2,1,114.38,1,1.7306,0.0,1,0,0.5726,0.188,0.1465,3,1,1
172.07,3,2,35.71,1,2.754,11.0668,5,0,0.6242,0.4426,0.1363,5,0,1
307.3,2,5,99.85,1,1.5549,0.0,4,0,0.6311,0.3659,0.2909,1,1,1
245.29,3,3,52.83,0,1.2511,4.9881,3,1,0.5024,0.6381,0.0474,1,1,1
396.63,3,5,151.06,1,2.5278,0.0,7,0,0.3606,0.2789,0.0489,1,1,1
600.0,5,4,116.31,0,1.995,9.8386,4,1,0.8137,0.587,0.1409,1,0,1
335.32,3,3,107.21,0,1.268,0.0,3,0,0.4956,0.5745,0.0546,3,1,1
167.08,3,4,132.86,0,0.7235,0.0,2,1,0.4852,0.7043,0.1861,2,1,0
309.67,4,1,100.47,2,0.8274,0.0,7,0,0.4804,0.1404,0.1894,0,1,1
137.85,3,1,146.05,0,1.5011,9.1356,2,1,0.2663,0.4563,0.1792,0,0,0
600.0,3,4,139.25,1,1.3264,0.0,6,0,0.599,0.3229,0.0971,5,1,1
405.07,3,1,150.4,2,1.32,0.0,4,1,0.551,0.2421,0.1694,1,0,1
225.8,6,3,34.99,2,0.994,0.0,2,0,0.5294,0.5983,0.1277,2,0,1
245.49,7,1,48.47,1,1.8956,0.0,9,0,0.7528,0.4184,0.1082,2,1,1
411.5,4,2,148.2,0,1.3114,0.0,1,0,0.7764,0.7003,0.1866,3,0,1
412.15,4,6,82.69,4,1.1039,0.0,5,0,0.3928,0.6197,0.1568,1,0,1
502.4,7,5,149.02,1,0.9984,0.0,7,0,0.5463,0.517,0.0835,1,0,1
112.5,1,2,48.08,1,0.5894,9.332,3,1,0.2466,0.5653,0.2581,0,0,1
399.23,5,1,155.36,5,2.0273,7.2337,9,0,0.7764,0.3688,0.1017,1,1,1
379.57,2,1,84.6,3,1.1247,3.172,7,0,0.7413,0.241,0.0972,1,0,1
302.07,5,1,212.11,0,1.1392,0.0,1,1,0.8121,0.4817,0.0777,4,0,0
111.67,1,1,115.64,2,0.9772,12.8962,1,0,0.2372,0.448,0.0884,2,0,0
283.51,2,3,36.9,1,2.5298,7.3007,5,0,0.6943,0.5837,0.1719,2,0,1
64.23,1,2,52.61,2,0.661,0.0,7,0,0.1642,0.5973,0.0906,2,1,1
103.64,0,2,49.08,0,1.0486,0.0,3,0,0.2082,0.2924,0.0574,2,0,0
286.21,4,5,5.78,0,1.8338,1.178,4,0,0.2815,0.5424,0.1639,1,0,1
419.23,5,2,132.38,0,1.5822,0.0,9,0,0.3724,0.2625,0.1448,3,0,1
349.28,1,2,73.92,2,0.6788,8.8484,4,0,0.6673,0.3639,0.0307,0,1,0
113.96,2,3,32.3,0,3.031,0.0,1,0,0.3145,0.7316,0.137,0,0,0
597.92,4,1,4.98,2,2.4861,0.0,5,1,0.6086,0.4574,0.1267,2,1,0
405.44,1,1,105.39,1,0.6976,3.6571,5,1,0.234,0.4127,0.1934,2,0,0
178.75,3,2,71.65,0,2.3007,0.0,4,0,0.5451,0.4664,0.2673,1,0,1
360.69,5,3,203.23,0,1.926,0.0,3,0,0.5033,0.6444,0.109,4,1,1
148.23,0,1,65.13,1,0.6424,4.4174,6,1,0.1565,0.3334,0.1155,1,1,1
526.87,0,4,86.5,1,1.3437,0.0,7,0,0.5842,0.3772,0.2456,1,1,1
171.44,3,2,95.46,2,0.9359,0.0,5,0,0.2565,0.5049,0.1051,0,1,0
151.45,0,0,67.38,0,0.6923,9.8306,3,0,0.152,0.2529,0.0196,0,1,0
255.22,5,3,51.26,1,1.3217,7.4419,2,0,0.5382,0.7316,0.0949,0,0,1
149.61,4,4,19.19,1,0.5465,0.0,3,0,0.5082,0.3902,0.0553,1,0,1
548.53,1,0,204.43,0,0.6798,7.7671,7,0,0.6515,0.1538,0.0775,0,1,0
404.48,5,2,51.55,0,1.7056,4.6923,4,0,0.7034,0.5114,0.0347,0,0,0
264.31,6,2,121.26,0,0.9324,3.9553,3,0,0.1875,0.304,0.2038,0,0,0
127.92,2,3,141.06,3,1.9085,13.8514,6,0,0.2848,0.5201,0.1032,1,0,1
247.33,0,1,128.77,1,0.5835,2.1537,4,0,0.2867,0.5852,0.1113,5,0,0
272.55,2,5,44.53,1,0.7243,5.1467,5,0,0.2756,0.351,0.0374,1,1,1
346.75,1,1,106.48,1,1.2282,0.0,4,1,0.3317,0.3136,0.16,1,0,1
169.12,0,0,114.97,0,1.1298,11.3839,3,0,0.517,0.5072,0.2854,0,0,0
129.41,1,5,149.77,0,1.0344,10.3694,1,0,0.3083,0.2327,0.0563,3,1,1
196.35,3,2,157.96,1,1.2545,0.0,3,1,0.3876,0.3166,0.088,1,1,1
385.94,7,5,10.43,0,1.7458,13.1974,4,0,0.7067,0.5342,0.1294,0,0,1
387.33,6,1,34.29,2,1.296,7.4482,7,1,0.7855,0.4947,0.1082,0,1,1
399.48,3,1,115.43,0,0.6472,0.0,3,0,0.2711,0.3371,0.0623,1,0,0
516.03,1,2,115.97,2,1.7154,7.7554,6,1,0.5388,0.6188,0.1726,1,0,1
107.29,1,4,100.31,1,1.5814,0.0,4,1,0.1897,0.4434,0.262,2,0,0
503.76,5,2,75.91,0,1.3704,0.0,3,0,0.2923,0.386,0.133,2,0,1
261.44,1,2,130.94,0,1.1342,0.0,2,0,0.6704,0.4083,0.0788,0,0,0
252.81,2,1,225.72,0,1.5229,0.0,3,1,0.1726,0.2756,0.0792,1,1,1
127.23,1,0,85.86,1,1.4485,0.0,5,0,0.4715,0.2605,0.082,1,1,0
172.29,0,0,107.88,1,0.594,11.5633,3,1,0.767,0.5228,0.0479,1,0,0
419.85,2,2,171.6,1,0.9024,9.5485,2,0,0.439,0.3845,0.0947,2,0,0
226.59,2,3,90.08,1,1.7537,9.4656,1,0,0.562,0.6098,0.1661,4,0,0
511.72,2,2,63.16,0,0.5611,7.3121,6,0,0.6701,0.3292,0.0601,1,0,1
125.27,2,1,45.21,1,2.5492,0.0,9,0,0.6314,0.5208,0.1739,1,0,1
265.8,5,0,124.03,1,2.3192,0.0,2,0,0.431,0.5083,0.1276,0,0,1
226.16,2,4,100.72,0,1.0353,0.0,1,0,0.5137,0.9077,0.3299,2,1,0
190.27,3,1,101.63,1,1.9358,3.4414,2,0,0.4536,0.4,0.1504,3,0,1
544.7,4,3,229.55,1,0.7035,3.2421,5,1,0.8148,0.3886,0.1455,2,0,1
275.75,5,0,103.21,2,1.1743,0.0,6,1,0.4819,0.3803,0.1399,2,0,1
152.58,1,2,44.77,2,1.0342,0.0,4,0,0.2708,0.2009,0.1499,1,0,1
133.59,1,2,167.55,1,1.3262,9.0162,5,1,0.2359,0.3178,0.0246,1,1,0
168.37,3,2,201.81,1,0.8853,5.3785,8,0,0.5591,0.3214,0.1285,0,1,1
359.55,4,2,57.23,0,0.9915,0.0,3,0,0.4937,0.4956,0.0112,2,0,1
556.72,3,6,108.89,0,1.6151,0.0,4,0,0.4539,0.3463,0.0805,0,0,0
109.28,2,2,37.71,0,2.452,0.0,4,1,0.4455,0.363,0.0287,0,0,1
142.7,4,2,250.87,0,1.0047,5.2902,3,0,0.6788,0.3134,0.1729,0,0,1
92.22,1,2,126.2,2,1.5375,0.0,4,0,0.4589,0.1604,0.1905,2,1,0
141.93,1,2,85.75,1,0.7486,7.7459,4,1,0.3802,0.1664,0.1013,2,0,1
75.61,1,0,63.73,0,0.8417,7.6092,4,0,0.185,0.5295,0.0317,1,1,0
180.7,5,3,160.89,1,1.7474,0.0,6,1,0.7256,0.7346,0.0452,5,1,1
600.0,4,6,159.02,1,0.5167,7.6177,3,0,0.3447,0.2343,0.2184,0,1,1
90.16,1,2,84.27,0,0.7251,4.4592,4,0,0.2636,0.3111,0.0843,2,1,0
323.05,3,2,58.71,1,1.8405,0.0,7,0,0.1933,0.4347,0.2133,2,1,1
518.84,10,2,133.48,1,0.8111,4.9076,3,1,0.7108,0.7856,0.2581,1,0,1
157.74,2,2,157.9,2,1.2292,2.8653,10,1,0.6134,0.4121,0.3152,0,1,0
138.2,1,1,91.82,0,1.7196,9.0379,3,1,0.3134,0.4855,0.063,0,1,1
523.69,4,3,146.24,4,1.3544,0.0,8,0,0.2732,0.4618,0.0864,0,0,1
348.14,9,3,123.02,1,1.478,8.4805,2,0,0.4469,0.3362,0.0676,2,0,1
197.99,3,1,84.89,2,1.3806,6.6356,6,1,0.4468,0.6907,0.2072,2,0,1
125.69,2,1,139.73,2,1.6476,0.0,6,0,0.7257,0.5825,0.1179,0,1,1
345.97,2,5,216.11,1,2.5107,13.2298,5,1,0.8323,0.1898,0.0837,5,0,1
123.82,2,2,37.2,0,0.579,0.0,2,0,0.4366,0.6455,0.2866,0,0,0
377.58,2,3,242.17,0,0.7832,0.0,1,1,0.4154,0.7012,0.147,2,0,1
86.81,1,4,214.31,2,1.0135,10.0088,1,0,0.5675,0.4669,0.0284,1,0,0
384.51,4,5,100.77,0,1.2064,0.0,6,0,0.2519,0.4667,0.1688,1,1,1
342.85,4,4,234.82,1,2.0507,0.0,4,0,0.532,0.9258,0.0661,4,0,1
186.29,1,1,89.93,3,0.4513,3.4663,9,1,0.6288,0.5626,0.2323,2,0,0
176.78,5,1,34.25,1,1.4593,0.0,1,0,0.3246,0.5369,0.1653,2,0,1
140.6,3,3,143.43,0,1.8635,0.0,7,1,0.6976,0.6252,0.0728,2,1,1
160.49,1,4,34.2,2,0.5582,6.5978,6,0,0.4701,0.5446,0.1454,3,0,0
600.0,4,4,90.42,2,1.1042,4.3341,4,1,0.5002,0.5262,0.0279,1,1,1
166.89,4,2,201.01,4,1.132,0.0,2,0,0.2043,0.5331,0.0194,0,0,0
121.42,0,1,38.29,1,0.7173,3.1116,3,1,0.2276,0.6898,0.074,1,0,1
373.9,5,2,102.41,4,1.6355,10.1915,5,0,0.2057,0.2601,0.2545,4,0,1
324.98,4,5,202.97,0,0.4764,0.0,5,0,0.6642,0.6425,0.0393,1,1,0
261.71,3,4,146.16,0,1.9696,0.0,3,1,0.6682,0.5454,0.2583,2,1,1
164.5,0,1,23.45,3,0.3514,7.3966,8,0,0.5451,0.2773,0.2244,0,0,1
396.59,4,1,91.8,0,1.254,0.0,4,0,0.2243,0.5937,0.2207,0,0,1
220.38,1,1,42.03,1,1.368,0.0,4,0,0.3998,0.7049,0.1294,1,0,1
226.97,2,2,40.55,0,1.4052,0.0,4,0,0.3763,0.5616,0.2519,1,0,1
67.5,0,2,95.24,1,0.5837,13.1499,3,0,0.8865,0.1856,0.0677,2,1,0
572.96,6,4,101.89,1,1.4097,0.0,6,0,0.6677,0.3061,0.353,1,1,1
167.67,0,1,99.95,1,0.5564,3.6191,1,0,0.3565,0.2598,0.0801,0,0,0
293.29,5,1,128.9,1,1.0005,0.0,2,1,0.6052,0.6303,0.1503,2,0,1
200.95,6,1,103.46,2,1.3548,0.0,2,0,0.5317,0.4835,0.2591,2,0,1
231.57,3,3,45.62,0,0.7027,0.0,3,1,0.3537,0.3143,0.1107,3,1,0
258.34,5,1,138.82,1,1.0082,0.0,2,0,0.6757,0.4554,0.1861,1,0,1
230.07,2,0,64.83,0,1.4119,0.0,5,1,0.473,0.5336,0.1063,1,1,0
438.53,1,2,44.58,3,0.7383,7.2963,8,1,0.5666,0.4095,0.0908,2,0,0
70.14,0,0,129.91,1,1.4594,0.0,6,0,0.518,0.7296,0.0096,2,1,0
333.89,0,1,209.04,0,0.8764,0.0,3,1,0.7434,0.6079,0.1627,0,1,0
600.0,1,4,75.56,0,0.8058,11.4367,4,0,0.6749,0.755,0.0805,3,1,0
542.12,3,4,127.77,2,1.4266,0.0,5,0,0.6028,0.5314,0.0239,1,0,1
157.38,1,0,11.32,0,0.5744,0.0,5,0,0.415,0.2674,0.0533,0,0,0
283.21,5,2,44.63,0,2.268,0.0,1,1,0.5808,0.5076,0.082,1,1,0
71.33,1,0,49.55,0,1.349,0.0,3,1,0.5339,0.597,0.053,1,1,0
220.95,5,3,198.9,1,2.2367,0.0,5,0,0.0997,0.4807,0.1658,2,1,1
389.74,4,2,120.53,3,4.0,0.0,6,0,0.7533,0.5998,0.201,0,1,1
103.19,2,4,32.92,0,0.705,8.5633,2,0,0.4629,0.1575,0.1873,0,1,0
189.26,2,3,160.81,4,0.338,6.2009,7,0,0.4541,0.5612,0.1942,2,0,1
126.31,1,0,145.68,1,1.8936,0.0,7,0,0.6484,0.4006,0.0554,1,0,0
206.64,3,2,77.59,1,0.626,0.0,1,1,0.4946,0.3524,0.1749,2,1,0
278.48,4,1,167.81,2,1.6154,11.9277,7,0,0.7111,0.728,0.137,1,1,1
462.04,1,3,102.84,1,1.1373,0.0,6,1,0.5714,0.4643,0.2336,1,0,1
162.61,3,0,104.38,1,1.2326,6.8054,4,1,0.8383,0.2611,0.1339,2,0,1
188.47,3,4,101.66,0,0.8336,7.2848,1,0,0.3913,0.1193,0.1434,1,0,1
149.77,2,4,62.5,1,1.1968,0.0,8,0,0.7,0.4552,0.0367,2,1,1
141.71,3,1,51.57,1,0.6571,6.0341,3,0,0.4016,0.3352,0.066,1,1,0
110.87,0,1,45.61,1,2.1353,0.0,7,0,0.1228,0.6328,0.1247,0,1,1
272.17,3,3,78.05,2,0.748,1.0263,6,1,0.0916,0.4439,0.0873,2,1,0
457.06,2,5,186.14,2,0.8397,0.0,4,1,0.3305,0.4642,0.1239,2,0,1
203.8,5,2,45.12,1,0.6497,0.0,5,0,0.1203,0.5378,0.2912,1,1,0
355.36,4,3,159.46,3,1.6443,0.0,7,1,0.4153,0.3518,0.1537,1,0,1
290.32,6,5,20.19,3,0.9769,0.0,8,0,0.0109,0.6329,0.1249,2,1,0
351.77,4,4,129.04,1,2.3675,0.0,7,0,0.8763,0.4436,0.0357,1,1,1
421.74,3,4,94.15,1,0.9382,0.0,3,0,0.2062,0.2862,0.3105,0,0,1
242.41,6,3,95.06,1,0.8291,0.0,10,1,0.4143,0.7622,0.0858,3,1,1
320.01,2,4,84.74,2,1.8385,0.0,3,0,0.2995,0.3612,0.0787,0,1,0
199.28,5,2,56.21,1,1.4938,0.0,4,0,0.6459,0.5427,0.0457,1,0,1
355.37,2,3,181.3,1,1.0314,0.0,5,0,0.6777,0.5469,0.0474,1,0,0
331.6,4,3,118.71,1,2.7675,0.0,6,1,0.4242,0.5943,0.1098,2,0,1
182.21,1,3,166.23,2,0.8446,8.1076,3,0,0.4205,0.4829,0.0947,1,1,1
140.7,3,3,103.11,0,2.8885,5.1925,4,0,0.6877,0.6807,0.2028,1,0,1
561.64,2,6,119.04,0,2.1836,10.7843,3,0,0.6096,0.5443,0.3029,0,0,0
304.36,8,3,15.55,1,2.0967,0.0,2,0,0.3366,0.5394,0.2086,3,1,1
495.12,4,6,76.56,0,0.6293,7.4008,3,0,0.4984,0.4969,0.1874,2,1,0
159.44,0,2,131.44,1,2.1576,0.0,2,1,0.449,0.3621,0.0626,1,0,0
281.71,1,0,5.94,2,1.1907,0.0,8,1,0.794,0.765,0.0855,0,0,0
126.35,2,0,91.48,3,1.4017,12.0369,3,0,0.4616,0.2372,0.1514,1,0,1
162.06,3,2,106.14,2,1.1785,0.0,4,1,0.4566,0.599,0.0701,1,1,1
355.47,5,4,84.57,0,1.2354,0.0,7,0,0.8036,0.3449,0.1019,0,0,1
304.42,2,3,106.62,2,0.8324,12.2969,9,0,0.333,0.6451,0.1622,2,0,1
322.25,4,3,60.41,0,1.7313,1.7436,4,1,0.7177,0.6001,0.0586,3,0,1
151.53,3,0,99.65,1,3.9367,0.0,2,0,0.3711,0.6878,0.081,1,0,1
238.26,1,1,90.61,1,0.6843,0.0,5,0,0.5723,0.5793,0.081,1,0,0
153.19,0,2,34.56,1,1.3687,0.0,7,0,0.6635,0.5269,0.2067,1,0,1
539.99,0,4,130.4,3,0.757,6.2278,7,0,0.5565,0.3601,0.0518,5,0,1
138.46,2,3,126.25,0,1.6724,8.9955,6,0,0.5774,0.5509,0.0894,1,0,1
350.79,3,4,73.24,1,0.6355,0.0,4,0,0.5347,0.4954,0.125,4,1,0
491.47,7,3,72.08,1,0.7523,5.9569,4,0,0.7956,0.284,0.1908,1,0,1
154.62,0,2,80.9,0,1.6002,0.0,1,0,0.1781,0.6607,0.1429,1,1,0
110.52,2,1,90.41,0,0.7488,0.0,2,0,0.5711,0.653,0.2088,2,0,0
315.07,3,4,48.37,1,2.4666,0.0,10,0,0.462,0.6254,0.0748,2,1,1
223.63,0,2,113.65,3,1.3747,0.0,7,0,0.3263,0.1825,0.0651,0,0,1
192.92,6,3,181.83,0,0.653,0.0,9,0,0.722,0.3935,0.0653,1,1,1
280.09,1,0,144.87,1,3.7672,0.0,2,0,0.3917,0.6026,0.1853,1,0,1
250.39,5,2,70.55,1,0.6503,0.0,6,0,0.4582,0.4421,0.0609,3,0,1
403.36,3,2,109.97,1,1.1515,0.0,3,0,0.52,0.5427,0.2673,2,0,0
294.19,4,3,69.97,1,0.7411,0.0,5,0,0.1827,0.5116,0.1338,3,1,0
124.42,1,0,117.99,4,0.793,0.0,4,0,0.3516,0.539,0.1506,5,0,0
262.25,2,4,78.21,0,1.1895,2.4383,3,0,0.2171,0.5693,0.1622,0,0,0
129.38,2,6,149.1,1,1.01,0.0,2,0,0.5504,0.3638,0.1638,2,0,0
122.04,2,4,89.98,2,0.6768,0.0,7,0,0.3062,0.7051,0.0721,2,0,1
251.84,3,4,144.77,1,1.5421,10.4672,6,1,0.5659,0.5438,0.1605,4,0,0
238.36,3,4,40.58,1,0.913,0.0,5,1,0.7601,0.6511,0.1812,4,0,1
600.0,4,1,119.05,0,1.201,3.3359,4,0,0.4408,0.5304,0.1638,0,0,1
473.89,5,3,34.92,1,2.1242,11.7313,1,0,0.3639,0.5362,0.213,3,1,0
300.37,7,3,38.23,1,1.6283,4.1671,3,0,0.1006,0.661,0.0474,1,0,1
420.4,1,2,19.14,3,1.0101,0.0,2,0,0.4627,0.257,0.079,0,1,0
171.36,3,2,68.56,1,1.6179,0.0,8,0,0.4594,0.5883,0.2159,3,1,0
249.11,5,3,39.14,1,0.7926,0.0,2,0,0.4544,0.5272,0.2002,5,1,0
283.35,3,0,51.39,0,2.1318,0.0,2,0,0.3316,0.2945,0.0454,1,0,0
218.41,3,1,236.25,0,1.5013,14.436,2,0,0.5991,0.2687,0.0995,1,0,1
241.0,1,2,147.18,2,1.4795,13.7283,10,1,0.8023,0.142,0.3337,3,1,1
278.77,2,1,117.13,0,3.0353,3.8421,8,1,0.4993,0.5431,0.0564,3,0,1
403.96,3,2,53.96,1,1.5492,0.0,4,1,0.8267,0.5499,0.1839,0,0,0
409.69,1,2,89.37,2,0.9657,1.9552,7,0,0.8926,0.5176,0.1227,1,0,1
225.99,2,4,93.93,2,2.2538,0.0,5,1,0.7088,0.5745,0.2097,1,0,1
410.72,5,2,14.96,1,1.9725,13.2976,4,0,0.68,0.5245,0.0415,0,0,1
244.37,3,2,73.55,1,1.8559,5.3015,4,1,0.3879,0.5486,0.0444,1,1,1
172.87,3,2,67.79,3,0.6942,7.3978,9,0,0.3133,0.3445,0.1826,3,1,0
208.82,2,3,27.6,1,1.9201,0.0,7,0,0.517,0.2988,0.0664,2,0,0
444.47,5,5,89.85,1,1.7811,4.1811,5,1,0.3362,0.4056,0.1417,3,0,1
148.39,1,1,79.14,0,1.0972,0.0,2,1,0.5943,0.5753,0.1704,1,0,0
255.76,1,0,55.91,1,0.6762,0.0,4,0,0.4871,0.4801,0.0568,0,0,0
165.38,2,1,92.12,0,1.2851,4.3052,1,1,0.2331,0.4271,0.2413,1,1,0
164.91,1,5,72.6,0,1.0291,0.0,1,0,0.3372,0.4609,0.1657,0,0,1
218.18,3,3,61.41,1,2.1266,0.0,5,0,0.5849,0.0665,0.1252,1,0,0
421.14,4,3,250.3,2,1.8081,0.0,5,1,0.6699,0.6794,0.0281,3,1,1
293.72,1,2,20.9,3,1.4198,12.1366,9,1,0.4569,0.6497,0.1113,2,1,1
355.36,3,0,32.94,0,0.7801,12.0464,3,0,0.1584,0.6299,0.028,0,1,0
129.99,1,5,127.86,2,1.1358,6.568,2,1,0.3701,0.7494,0.1262,0,0,0
371.53,3,4,87.64,1,1.6405,0.0,3,0,0.2329,0.6587,0.017,1,1,1
99.0,0,1,76.76,1,1.2736,12.0867,7,0,0.6311,0.2991,0.1819,1,0,1
344.48,3,1,111.95,1,1.7344,0.0,5,0,0.7143,0.1689,0.1958,1,1,0
180.66,3,3,203.86,1,1.8609,3.1212,10,1,0.3512,0.5556,0.0693,2,0,1
187.36,1,3,83.06,0,2.1183,5.1235,4,0,0.3122,0.4566,0.2903,1,0,1
127.53,3,3,46.58,4,0.856,5.3483,2,0,0.352,0.7569,0.2366,1,0,0
258.58,3,3,119.34,4,0.96,0.0,6,0,0.7365,0.7507,0.2355,4,0,1
152.23,5,1,69.41,0,1.5014,0.0,4,0,0.3235,0.4552,0.1285,0,0,1
274.99,8,6,150.41,0,2.3495,0.0,5,1,0.7716,0.5142,0.0197,2,0,1
429.7,4,2,90.13,0,0.8153,13.2121,3,0,0.6608,0.4097,0.226,1,0,1
148.9,2,2,23.95,3,1.316,0.0,9,1,0.4097,0.4258,0.1295,1,0,1
434.74,2,0,30.24,1,1.7344,6.1319,5,0,0.123,0.4834,0.0685,2,0,1
247.38,0,1,81.56,1,1.0069,0.0,2,1,0.5049,0.2704,0.0036,1,1,0
457.79,4,3,185.63,1,1.0098,0.0,5,0,0.4318,0.3207,0.1572,2,0,1
328.59,3,5,162.01,1,1.1492,0.0,5,1,0.2607,0.6626,0.147,1,1,0
215.9,1,2,41.28,1,2.3847,0.0,6,0,0.3168,0.2872,0.0602,3,1,1
320.14,3,3,74.06,2,0.6693,0.0,10,0,0.2891,0.4543,0.0606,1,0,1
355.36,2,4,142.03,0,0.9118,0.0,3,0,0.488,0.2568,0.1947,0,1,0
409.54,3,6,42.9,1,1.2758,7.6483,8,0,0.4212,0.6233,0.1196,0,0,1
209.51,1,1,145.21,3,1.2309,7.7918,6,0,0.4545,0.4743,0.1107,2,0,1
371.44,2,1,138.08,1,0.9956,0.0,4,0,0.5841,0.329,0.1776,1,0,1
351.02,1,3,126.57,1,1.2564,0.0,5,0,0.4221,0.2794,0.0347,0,0,1
600.0,6,5,105.85,0,0.5487,8.6176,3,0,0.3392,0.2857,0.1932,3,0,1
252.71,1,4,115.17,1,0.6993,0.0,5,0,0.5486,0.6276,0.1445,4,1,0
240.9,1,2,158.24,2,2.0364,4.4037,2,0,0.5591,0.5781,0.0253,1,0,1
354.61,3,4,156.97,0,1.6017,0.0,3,0,0.7976,0.7117,0.0648,0,0,1
214.16,3,1,21.75,2,1.8295,0.0,10,1,0.6366,0.7298,0.2951,0,0,0
136.3,2,3,109.76,1,2.7278,0.0,7,1,0.5736,0.7234,0.3164,2,0,1
291.1,5,0,20.39,1,1.1982,3.1453,3,0,0.7391,0.4332,0.0708,0,1,0
232.94,0,1,65.88,0,1.6744,0.0,5,0,0.4085,0.6496,0.0899,1,1,1
125.1,1,4,33.85,1,1.7897,6.7745,4,0,0.4168,0.3162,0.0256,2,0,1
123.73,2,2,185.15,0,0.8441,0.0,1,0,0.179,0.4461,0.1512,1,0,1
600.0,7,5,116.18,0,1.7115,0.0,4,1,0.7103,0.6134,0.2291,3,0,1
135.95,0,1,95.99,0,1.0767,0.0,5,0,0.4404,0.426,0.0927,1,0,1
97.07,3,4,233.27,1,1.4714,0.0,1,0,0.1907,0.4568,0.2344,0,0,1
195.04,1,1,171.1,0,1.7854,0.0,2,0,0.201,0.5142,0.0396,0,0,1
288.06,2,1,152.96,2,1.7394,0.0,7,0,0.925,0.8694,0.0565,1,0,0
178.47,4,2,127.42,0,1.2737,0.0,8,1,0.5057,0.5364,0.0624,2,0,1
326.38,5,3,124.62,0,0.5793,0.0,2,0,0.5749,0.3485,0.0595,4,1,1
292.7,2,2,151.51,2,1.0589,0.0,5,0,0.2394,0.2867,0.1356,1,1,1
433.28,4,2,97.2,0,0.7735,10.4098,4,1,0.5377,0.6064,0.1356,0,1,1
176.22,4,4,194.69,0,0.8072,5.2164,1,0,0.5109,0.3285,0.2009,3,0,1
505.01,6,2,27.06,0,2.404,11.3477,4,0,0.6775,0.6574,0.073,0,0,1
100.31,0,3,100.13,2,1.2799,3.3361,5,0,0.4536,0.4345,0.0233,1,0,1
103.81,2,3,26.26,1,0.6171,0.0,6,1,0.248,0.5044,0.0392,1,1,0
597.32,3,4,80.96,0,1.1032,0.0,2,0,0.3984,0.3426,0.1598,3,0,0
327.66,0,2,239.07,0,0.64,2.1384,2,0,0.562,0.4621,0.0831,1,0,1
341.0,4,4,180.5,1,1.9305,11.0245,4,0,0.3452,0.4904,0.1357,2,0,1
144.17,1,4,96.8,0,0.918,0.0,5,0,0.3384,0.4809,0.0341,1,0,1
212.71,2,2,147.32,2,1.5865,0.0,6,0,0.7191,0.1923,0.1275,2,0,1
275.77,3,4,175.87,1,1.4243,0.0,3,1,0.8088,0.5592,0.2462,1,1,1
203.77,4,1,58.45,1,0.5017,10.5398,3,0,0.4824,0.5011,0.3054,2,0,1
256.92,1,4,70.46,0,1.8488,0.0,2,0,0.5349,0.5094,0.164,0,0,0
273.07,3,1,70.49,2,0.9492,5.935,4,1,0.5217,0.5633,0.0562,2,0,0
153.19,5,1,57.02,2,1.2725,0.0,6,0,0.5403,0.3458,0.2492,0,0,1
417.93,4,5,80.05,0,0.6231,6.1319,5,0,0.5551,0.2517,0.0739,2,0,1
335.01,5,4,84.26,0,0.9275,5.4899,8,0,0.5772,0.4772,0.1661,1,1,1
276.62,2,1,95.39,1,1.9206,0.0,1,0,0.2442,0.561,0.1772,1,1,0
336.81,4,1,108.57,0,1.2695,11.6633,3,0,0.6841,0.6696,0.0184,2,1,1
296.65,4,5,103.87,0,0.7366,10.3465,4,0,0.7591,0.2468,0.205,3,1,0
195.48,3,2,101.26,2,0.7189,0.0,6,0,0.2657,0.4123,0.1143,0,1,0
584.15,1,6,71.63,2,2.4551,0.0,3,0,0.7017,0.5063,0.0577,2,0,1
214.07,1,2,87.13,0,0.8426,0.0,4,0,0.7835,0.445,0.2586,1,0,1
299.25,1,4,98.28,0,0.851,0.0,3,0,0.6822,0.2344,0.2833,0,0,1
287.51,1,0,94.46,3,0.9045,10.9772,2,0,0.2199,0.521,0.2353,0,0,1
149.87,3,5,150.71,2,0.7283,5.7456,8,0,0.7907,0.453,0.2214,1,0,1
270.22,3,1,86.99,3,0.4985,0.0,2,0,0.7906,0.528,0.1354,4,0,1
391.13,4,4,79.44,2,1.175,0.0,10,0,0.786,0.4974,0.1883,3,0,1
175.8,2,6,174.06,1,0.8843,12.9603,7,1,0.8003,0.3481,0.0497,2,1,1
64.52,0,3,93.41,2,1.1735,0.0,8,0,0.1805,0.5104,0.0891,1,1,1
82.14,1,0,117.26,1,2.1066,0.0,3,0,0.3386,0.3666,0.2386,1,0,1
443.29,9,4,209.32,1,0.963,8.9092,3,1,0.712,0.5673,0.1509,3,0,1
161.23,2,2,135.08,1,2.2471,0.0,1,0,0.5751,0.6581,0.0831,0,1,0
455.76,4,2,86.83,0,4.0,0.0,2,0,0.2411,0.6851,0.1688,2,1,1
302.2,3,3,242.44,1,0.8632,9.1589,3,0,0.1969,0.6058,0.2034,1,1,1
185.28,2,3,90.55,2,1.1044,0.0,7,0,0.2358,0.3941,0.1049,0,0,1
154.69,4,4,195.83,1,1.2444,0.0,6,0,0.2792,0.4561,0.0076,2,0,1
214.63,2,1,105.26,1,0.3827,0.0,6,1,0.7655,0.4408,0.1294,3,0,1
123.4,2,4,127.98,0,3.2767,0.0,4,0,0.3579,0.5564,0.0894,2,0,1
353.47,3,3,70.94,2,0.9558,0.0,4,1,0.3581,0.3515,0.2383,1,0,1
479.85,5,5,71.94,4,1.0854,0.0,5,0,0.2463,0.3987,0.132,3,0,1
214.02,3,2,91.16,0,1.3941,10.9889,4,1,0.1924,0.7753,0.1488,2,1,1
292.63,8,5,165.19,1,1.8486,0.0,3,0,0.7092,0.4239,0.2184,1,0,1
207.48,4,2,103.16,3,1.7787,0.0,4,0,0.1836,0.6884,0.0255,2,1,0
154.54,3,1,79.33,1,2.6538,0.0,5,1,0.6366,0.9183,0.002,2,1,0
589.12,4,5,103.95,1,3.239,6.429,3,0,0.4571,0.7374,0.1307,0,0,1
170.0,4,1,0.45,1,1.1217,5.6737,5,0,0.6046,0.3494,0.0535,0,0,1
313.09,3,1,93.35,0,0.9569,0.0,3,0,0.4469,0.5484,0.2566,1,0,0
387.51,3,4,96.69,0,2.1326,6.4669,5,0,0.449,0.4649,0.0737,3,1,1
89.22,1,0,110.85,3,1.0219,0.0,1,0,0.475,0.7661,0.271,2,0,0
311.38,4,1,86.0,1,2.4321,0.0,3,0,0.3946,0.5132,0.2291,2,0,1
312.21,4,2,161.94,1,0.8372,0.0,3,0,0.6004,0.4516,0.0345,4,0,1
225.3,0,1,93.56,3,1.3123,8.3164,4,1,0.7014,0.5087,0.0768,0,0,1
37.11,0,1,14.73,0,1.4119,8.2319,5,0,0.2457,0.5663,0.2293,1,1,0
104.26,2,2,103.93,2,1.6859,0.0,4,0,0.7085,0.5603,0.0346,0,1,0
149.35,2,1,87.05,1,1.5031,0.0,5,0,0.6308,0.2508,0.1071,0,0,0
221.85,4,3,84.13,2,2.2934,0.0,6,0,0.5777,0.657,0.0983,5,1,1
212.7,0,0,17.53,1,1.1497,0.0,3,0,0.2679,0.6459,0.0809,1,0,0
151.11,3,0,91.78,1,2.529,0.0,2,0,0.8556,0.5883,0.1128,2,0,1
71.42,1,1,11.39,0,0.6436,6.278,1,0,0.5522,0.4993,0.2456,0,0,1
457.55,3,4,102.46,1,2.3374,6.9251,5,0,0.7416,0.6067,0.142,1,0,1
167.6,2,0,0.7,1,1.2454,0.0,2,0,0.2609,0.4515,0.1878,1,1,1
600.0,7,5,107.72,1,1.0485,0.0,3,1,0.3406,0.5185,0.0799,5,1,0
210.48,1,1,36.01,0,2.2415,7.3025,5,0,0.684,0.0476,0.0851,0,1,1
279.5,0,2,262.31,1,2.2372,0.0,1,1,0.5792,0.5764,0.147,2,1,0
303.82,5,2,150.07,2,1.9226,0.0,1,0,0.3721,0.5139,0.0368,1,1,1
42.95,1,3,102.59,3,1.7228,0.0,8,0,0.5108,0.4811,0.1769,2,0,1
314.84,4,5,127.57,0,1.5616,6.3548,4,1,0.3702,0.67,0.2033,1,0,1
188.39,2,0,60.58,1,0.7399,0.0,4,0,0.289,0.5813,0.2895,2,1,0
234.59,0,3,42.48,1,0.9293,0.0,3,0,0.0916,0.2562,0.2506,1,0,1
172.2,0,1,53.99,2,1.0353,1.614,7,0,0.2254,0.503,0.0163,2,1,1
252.82,1,0,123.52,1,1.604,3.499,5,0,0.4978,0.2415,0.0582,1,0,0
128.09,3,2,170.95,2,1.1148,10.8951,3,1,0.6174,0.4532,0.0994,2,1,1
359.9,1,2,70.69,3,0.698,0.0,4,1,0.3253,0.5877,0.0458,1,1,1
114.17,2,1,227.78,1,0.5375,0.0,4,0,0.1887,0.1921,0.1308,0,0,1
355.34,5,3,142.08,0,1.233,0.0,4,0,0.6952,0.3674,0.1275,0,0,1
302.01,2,1,143.45,1,1.5494,0.0,3,0,0.3996,0.306,0.1101,2,0,1
271.83,3,0,10.85,4,2.8824,0.0,7,1,0.0771,0.7242,0.2994,0,0,1
310.79,5,4,76.27,0,2.2249,8.9955,5,0,0.6622,0.6123,0.0192,1,1,1
423.63,7,5,97.59,2,1.599,0.0,8,1,0.2863,0.505,0.1696,3,1,1
223.42,0,2,188.54,1,1.5299,9.0264,3,1,0.2176,0.3467,0.1824,2,0,0
278.53,3,2,144.72,1,0.8352,5.6501,4,0,0.2666,0.3083,0.1617,1,0,1
105.39,1,1,118.03,1,1.2817,0.0,5,1,0.2103,0.6833,0.1957,1,0,1
295.33,1,2,117.05,2,1.8448,0.0,7,0,0.3004,0.431,0.0517,1,0,1
346.63,3,2,104.09,0,1.5832,0.0,1,0,0.36,0.7105,0.0619,1,0,1
400.35,3,4,53.93,0,1.5035,10.4941,5,0,0.4813,0.5484,0.0713,1,0,1
255.05,4,5,145.62,1,1.9669,0.0,9,1,0.44,0.4689,0.2233,0,1,1
74.95,1,0,87.03,1,0.8109,0.0,1,0,0.3483,0.0968,0.0288,2,1,0
175.37,3,3,40.81,2,0.6914,0.0,4,0,0.3345,0.5436,0.1504,1,1,0
41.66,0,1,43.34,0,1.2469,0.0,2,1,0.8052,0.3918,0.0779,1,0,0
91.58,1,2,139.53,0,0.78,0.0,4,0,0.8218,0.2603,0.2057,1,0,1
138.9,1,0,9.64,2,1.3158,5.1276,9,0,0.7815,0.4649,0.1025,1,0,1
600.0,7,2,65.51,1,2.3454,0.0,3,1,0.665,0.7086,0.062,2,1,1
108.04,0,2,150.23,3,0.7207,3.8036,6,0,0.5828,0.2411,0.065,0,0,1
336.31,5,5,71.49,0,1.5191,4.0733,2,0,0.0985,0.6067,0.1314,3,1,1
266.17,3,5,119.83,1,0.6483,0.0,1,1,0.339,0.4867,0.06,3,1,0
285.76,3,1,150.21,0,0.7367,6.2748,2,0,0.6839,0.2827,0.2007,1,0,1
190.54,2,0,10.64,0,0.5186,6.0607,7,0,0.3218,0.4529,0.2117,0,0,1
436.01,7,5,85.26,0,0.6767,0.0,2,0,0.7556,0.4896,0.151,1,0,1
206.54,1,2,45.88,1,1.1526,0.0,3,0,0.3587,0.6887,0.0448,2,0,1
550.82,4,3,70.16,5,0.9337,4.4727,9,0,0.753,0.5096,0.0818,1,0,0
262.07,1,2,204.33,2,1.1132,0.0,4,1,0.467,0.4926,0.0332,0,1,0
342.04,2,2,127.3,1,2.1159,9.005,2,0,0.4435,0.381,0.0912,2,1,1
293.88,2,1,122.52,1,1.0769,8.5149,9,0,0.3001,0.4179,0.0135,3,0,1
363.33,3,1,75.69,2,1.1821,0.0,3,1,0.3332,0.385,0.0677,1,0,1
224.71,6,1,157.99,1,1.1282,10.8692,3,1,0.3505,0.5745,0.0814,2,1,0
341.74,4,1,133.94,2,0.9015,0.0,2,0,0.2496,0.5801,0.0607,1,1,1
551.04,5,2,80.55,2,1.26,0.0,7,0,0.5371,0.3027,0.1967,3,0,1
228.76,1,2,145.1,2,0.849,0.0,5,0,0.706,0.3523,0.0608,5,0,1
132.99,1,1,48.12,0,1.6614,0.0,9,0,0.592,0.4111,0.1994,2,1,1
553.56,2,3,206.97,3,1.2566,12.107,9,0,0.477,0.3604,0.2026,0,0,1
197.43,0,3,132.73,1,1.4667,0.0,3,1,0.576,0.7042,0.2053,4,0,1
191.65,1,2,40.13,3,1.4214,12.5421,2,1,0.7995,0.535,0.1942,0,0,0
229.08,3,1,27.17,1,1.2199,0.0,3,1,0.0574,0.4374,0.2572,0,0,0
231.12,4,4,90.8,0,0.8308,0.0,2,1,0.5975,0.4204,0.0534,0,0,0
287.73,1,2,96.86,1,1.7621,0.0,5,0,0.1251,0.3809,0.1495,0,1,0
177.08,2,1,203.54,2,1.4464,6.578,5,0,0.485,0.5849,0.1307,1,0,1
600.0,10,3,154.45,1,1.6634,0.0,8,0,0.6711,0.1998,0.0422,2,1,1
96.0,0,2,113.2,1,1.1677,0.0,10,0,0.6966,0.1392,0.1498,0,1,1
